SNP	gene	beta	t-stat	p-value	FDR	source_cohort	source_matrix	trait_scope	workflow	software
chrIII:201026_C/T	YCR040W	2.65826130224811	106.23529083622	2.2250738585072e-308	6.07445163372466e-306	Albert2018_BYxRM_1012_segregants	SI_Data_01_expressionValues_plus_SI_Data_03_genotypes	deterministic_100_gene_subset	MatrixEQTL_cis_trans_v1	MatrixEQTL_2.3
chrIII:190765_C/T	YCR040W	2.43877197420586	58.7311383996878	2.2250738585072e-308	6.07445163372466e-306	Albert2018_BYxRM_1012_segregants	SI_Data_01_expressionValues_plus_SI_Data_03_genotypes	deterministic_100_gene_subset	MatrixEQTL_cis_trans_v1	MatrixEQTL_2.3
chrXII:501512_G/A	YLR172C	0.235550203748462	35.3472684276379	1.27589571766535e-178	1.80397899829409e-176	Albert2018_BYxRM_1012_segregants	SI_Data_01_expressionValues_plus_SI_Data_03_genotypes	deterministic_100_gene_subset	MatrixEQTL_cis_trans_v1	MatrixEQTL_2.3
chrXII:502625_G/A	YLR172C	0.23549516461219	35.345039318311	1.32159633574659e-178	1.80397899829409e-176	Albert2018_BYxRM_1012_segregants	SI_Data_01_expressionValues_plus_SI_Data_03_genotypes	deterministic_100_gene_subset	MatrixEQTL_cis_trans_v1	MatrixEQTL_2.3
chrXII:504211_C/T	YLR172C	0.234255760357359	34.9726835683643	4.73749254062516e-176	5.17334185436268e-174	Albert2018_BYxRM_1012_segregants	SI_Data_01_expressionValues_plus_SI_Data_03_genotypes	deterministic_100_gene_subset	MatrixEQTL_cis_trans_v1	MatrixEQTL_2.3
chrXII:505760_C/T	YLR172C	0.23217080800334	34.3178626800193	1.49320327801472e-171	1.35881498299339e-169	Albert2018_BYxRM_1012_segregants	SI_Data_01_expressionValues_plus_SI_Data_03_genotypes	deterministic_100_gene_subset	MatrixEQTL_cis_trans_v1	MatrixEQTL_2.3
chrXII:508028_C/T	YLR172C	0.230700061422363	33.8843551280977	1.43266460972105e-168	1.11747839558242e-166	Albert2018_BYxRM_1012_segregants	SI_Data_01_expressionValues_plus_SI_Data_03_genotypes	deterministic_100_gene_subset	MatrixEQTL_cis_trans_v1	MatrixEQTL_2.3
chrXII:509279_G/A	YLR172C	0.228232657996219	33.0915625486891	4.12987070525554e-163	2.81863675633691e-161	Albert2018_BYxRM_1012_segregants	SI_Data_01_expressionValues_plus_SI_Data_03_genotypes	deterministic_100_gene_subset	MatrixEQTL_cis_trans_v1	MatrixEQTL_2.3
chrXII:510469_T/C	YLR172C	0.227382238184931	32.8432099597564	2.12618434081683e-161	1.28988516676221e-159	Albert2018_BYxRM_1012_segregants	SI_Data_01_expressionValues_plus_SI_Data_03_genotypes	deterministic_100_gene_subset	MatrixEQTL_cis_trans_v1	MatrixEQTL_2.3
chrXII:498746_C/T	YLR172C	0.223311202214212	31.6298920760268	4.95239663485741e-153	2.70400856263215e-151	Albert2018_BYxRM_1012_segregants	SI_Data_01_expressionValues_plus_SI_Data_03_genotypes	deterministic_100_gene_subset	MatrixEQTL_cis_trans_v1	MatrixEQTL_2.3
chrXII:495314_T/TC	YLR172C	0.222846103949886	31.5475503554857	1.83136648660606e-152	9.09023728806281e-151	Albert2018_BYxRM_1012_segregants	SI_Data_01_expressionValues_plus_SI_Data_03_genotypes	deterministic_100_gene_subset	MatrixEQTL_cis_trans_v1	MatrixEQTL_2.3
chrXII:492575_T/C	YLR172C	0.213718261386468	29.0777131799974	1.89505137356448e-135	8.62248374971837e-134	Albert2018_BYxRM_1012_segregants	SI_Data_01_expressionValues_plus_SI_Data_03_genotypes	deterministic_100_gene_subset	MatrixEQTL_cis_trans_v1	MatrixEQTL_2.3
chrXII:491269_A/G	YLR172C	0.212025015427349	28.6519559508369	1.59136205747285e-132	6.68372064138596e-131	Albert2018_BYxRM_1012_segregants	SI_Data_01_expressionValues_plus_SI_Data_03_genotypes	deterministic_100_gene_subset	MatrixEQTL_cis_trans_v1	MatrixEQTL_2.3
chrXIII:514146_C/T	YMR124W	-0.250984678859425	-26.8324069512211	4.37648494676119e-120	1.70682912923686e-118	Albert2018_BYxRM_1012_segregants	SI_Data_01_expressionValues_plus_SI_Data_03_genotypes	deterministic_100_gene_subset	MatrixEQTL_cis_trans_v1	MatrixEQTL_2.3
chrXIV:554609_T/C	YNL040W	-0.323353434169045	-26.8163914218582	5.62464809439068e-120	2.04737190635821e-118	Albert2018_BYxRM_1012_segregants	SI_Data_01_expressionValues_plus_SI_Data_03_genotypes	deterministic_100_gene_subset	MatrixEQTL_cis_trans_v1	MatrixEQTL_2.3
chrXIII:513285_G/A	YMR124W	-0.249845101120623	-26.615380484485	1.30874536671831e-118	4.46609356392624e-117	Albert2018_BYxRM_1012_segregants	SI_Data_01_expressionValues_plus_SI_Data_03_genotypes	deterministic_100_gene_subset	MatrixEQTL_cis_trans_v1	MatrixEQTL_2.3
chrXIV:556914_A/T	YNL040W	-0.31652695988166	-25.9016621442827	9.0127410042441e-114	2.89468034606899e-112	Albert2018_BYxRM_1012_segregants	SI_Data_01_expressionValues_plus_SI_Data_03_genotypes	deterministic_100_gene_subset	MatrixEQTL_cis_trans_v1	MatrixEQTL_2.3
chrXIII:512540_G/A	YMR124W	-0.245087234136854	-25.8098177625	3.76366548800322e-113	1.14164519802764e-111	Albert2018_BYxRM_1012_segregants	SI_Data_01_expressionValues_plus_SI_Data_03_genotypes	deterministic_100_gene_subset	MatrixEQTL_cis_trans_v1	MatrixEQTL_2.3
chrXIV:552682_G/A	YNL040W	-0.314162954240745	-25.5937073489133	1.08264258643617e-111	3.11117290628498e-110	Albert2018_BYxRM_1012_segregants	SI_Data_01_expressionValues_plus_SI_Data_03_genotypes	deterministic_100_gene_subset	MatrixEQTL_cis_trans_v1	MatrixEQTL_2.3
chrXIII:511953_G/A	YMR124W	-0.24194904325044	-25.2472360808983	2.33325504326055e-109	6.36978626810129e-108	Albert2018_BYxRM_1012_segregants	SI_Data_01_expressionValues_plus_SI_Data_03_genotypes	deterministic_100_gene_subset	MatrixEQTL_cis_trans_v1	MatrixEQTL_2.3
chrXIII:510091_G/A	YMR124W	-0.23356198752736	-23.8865042305219	2.87834132313736e-100	7.48368744015714e-99	Albert2018_BYxRM_1012_segregants	SI_Data_01_expressionValues_plus_SI_Data_03_genotypes	deterministic_100_gene_subset	MatrixEQTL_cis_trans_v1	MatrixEQTL_2.3
chrXIV:549415_T/C	YNL040W	-0.299774431917001	-23.7551250436289	2.1378237750736e-99	5.30568991450085e-98	Albert2018_BYxRM_1012_segregants	SI_Data_01_expressionValues_plus_SI_Data_03_genotypes	deterministic_100_gene_subset	MatrixEQTL_cis_trans_v1	MatrixEQTL_2.3
chrXIV:547464_T/C	YNL040W	-0.298704080385074	-23.6338653840392	1.35686914679558e-98	3.22108936587124e-97	Albert2018_BYxRM_1012_segregants	SI_Data_01_expressionValues_plus_SI_Data_03_genotypes	deterministic_100_gene_subset	MatrixEQTL_cis_trans_v1	MatrixEQTL_2.3
chrXIV:545184_A/G	YNL040W	-0.293026083057976	-22.9451111123625	4.65930521097786e-94	1.05999193549746e-92	Albert2018_BYxRM_1012_segregants	SI_Data_01_expressionValues_plus_SI_Data_03_genotypes	deterministic_100_gene_subset	MatrixEQTL_cis_trans_v1	MatrixEQTL_2.3
chrXIII:506403_T/C	YMR124W	-0.221013784532478	-21.9413448555938	1.5928992662954e-87	3.47889199758916e-86	Albert2018_BYxRM_1012_segregants	SI_Data_01_expressionValues_plus_SI_Data_03_genotypes	deterministic_100_gene_subset	MatrixEQTL_cis_trans_v1	MatrixEQTL_2.3
chrXIII:504829_G/A	YMR124W	-0.219007112371745	-21.6524312685403	1.15953034359308e-85	2.43501372154546e-84	Albert2018_BYxRM_1012_segregants	SI_Data_01_expressionValues_plus_SI_Data_03_genotypes	deterministic_100_gene_subset	MatrixEQTL_cis_trans_v1	MatrixEQTL_2.3
chrI:36574_A/G	YAL060W	0.406665725669115	19.7061794051208	2.27456696895452e-73	4.59967987055246e-72	Albert2018_BYxRM_1012_segregants	SI_Data_01_expressionValues_plus_SI_Data_03_genotypes	deterministic_100_gene_subset	MatrixEQTL_cis_trans_v1	MatrixEQTL_2.3
chrI:35668_G/A	YAL060W	0.406300519280046	19.6572727885474	4.56640932182329e-73	8.90449817755542e-72	Albert2018_BYxRM_1012_segregants	SI_Data_01_expressionValues_plus_SI_Data_03_genotypes	deterministic_100_gene_subset	MatrixEQTL_cis_trans_v1	MatrixEQTL_2.3
chrI:39105_A/G	YAL060W	0.39434395570872	18.9062304805856	1.84023511235447e-68	3.46471852188118e-67	Albert2018_BYxRM_1012_segregants	SI_Data_01_expressionValues_plus_SI_Data_03_genotypes	deterministic_100_gene_subset	MatrixEQTL_cis_trans_v1	MatrixEQTL_2.3
chrI:37976_C/A	YAL060W	0.393671689203825	18.8584595272694	3.58913257610075e-68	6.53222128850337e-67	Albert2018_BYxRM_1012_segregants	SI_Data_01_expressionValues_plus_SI_Data_03_genotypes	deterministic_100_gene_subset	MatrixEQTL_cis_trans_v1	MatrixEQTL_2.3
chrI:33892_C/G	YAL060W	0.388529882145446	18.5207862665229	3.94182351402732e-66	6.94269560857716e-65	Albert2018_BYxRM_1012_segregants	SI_Data_01_expressionValues_plus_SI_Data_03_genotypes	deterministic_100_gene_subset	MatrixEQTL_cis_trans_v1	MatrixEQTL_2.3
chrIV:694335_G/A	YDR122W	0.211253109284044	18.3791556241193	2.79454829204071e-65	4.76819802329447e-64	Albert2018_BYxRM_1012_segregants	SI_Data_01_expressionValues_plus_SI_Data_03_genotypes	deterministic_100_gene_subset	MatrixEQTL_cis_trans_v1	MatrixEQTL_2.3
chrI:33040_A/G	YAL060W	0.38153626914928	18.0818878926873	1.6639388678732e-63	2.75306249048111e-62	Albert2018_BYxRM_1012_segregants	SI_Data_01_expressionValues_plus_SI_Data_03_genotypes	deterministic_100_gene_subset	MatrixEQTL_cis_trans_v1	MatrixEQTL_2.3
chrI:40914_C/G	YAL060W	0.378374589203846	17.8847596092363	2.45493643844955e-62	3.94233910409839e-61	Albert2018_BYxRM_1012_segregants	SI_Data_01_expressionValues_plus_SI_Data_03_genotypes	deterministic_100_gene_subset	MatrixEQTL_cis_trans_v1	MatrixEQTL_2.3
chrI:42484_G/A	YAL060W	0.375307726216315	17.6967001009001	3.15531383456673e-61	4.9222895819241e-60	Albert2018_BYxRM_1012_segregants	SI_Data_01_expressionValues_plus_SI_Data_03_genotypes	deterministic_100_gene_subset	MatrixEQTL_cis_trans_v1	MatrixEQTL_2.3
chrI:44384_A/G	YAL060W	0.368786749673604	17.2956098584378	6.97851914732966e-59	1.058408737345e-57	Albert2018_BYxRM_1012_segregants	SI_Data_01_expressionValues_plus_SI_Data_03_genotypes	deterministic_100_gene_subset	MatrixEQTL_cis_trans_v1	MatrixEQTL_2.3
chrXIII:111909_T/C	YML078W	0.143948317037839	16.6846002607043	2.28892885767115e-55	3.37771663861743e-54	Albert2018_BYxRM_1012_segregants	SI_Data_01_expressionValues_plus_SI_Data_03_genotypes	deterministic_100_gene_subset	MatrixEQTL_cis_trans_v1	MatrixEQTL_2.3
chrXIII:109242_T/C	YML078W	0.1439303385487	16.6788625468688	2.46783797748237e-55	3.54589351501415e-54	Albert2018_BYxRM_1012_segregants	SI_Data_01_expressionValues_plus_SI_Data_03_genotypes	deterministic_100_gene_subset	MatrixEQTL_cis_trans_v1	MatrixEQTL_2.3
chrXIII:115465_C/T	YML078W	0.143146487934242	16.5659175222526	1.08245802445798e-54	1.51544123424118e-53	Albert2018_BYxRM_1012_segregants	SI_Data_01_expressionValues_plus_SI_Data_03_genotypes	deterministic_100_gene_subset	MatrixEQTL_cis_trans_v1	MatrixEQTL_2.3
chrXIII:105707_G/A	YML078W	0.142937086565331	16.5287260680543	1.75916505521672e-54	2.40126030037083e-53	Albert2018_BYxRM_1012_segregants	SI_Data_01_expressionValues_plus_SI_Data_03_genotypes	deterministic_100_gene_subset	MatrixEQTL_cis_trans_v1	MatrixEQTL_2.3
chrXIII:241545_G/C	YML016C	-0.17591016159517	-16.3097431658074	3.03097397492626e-53	4.03637022026765e-52	Albert2018_BYxRM_1012_segregants	SI_Data_01_expressionValues_plus_SI_Data_03_genotypes	deterministic_100_gene_subset	MatrixEQTL_cis_trans_v1	MatrixEQTL_2.3
chrXIII:237965_A/G	YML016C	-0.174890754099584	-16.1605713837933	2.08116732512756e-52	2.70551752266583e-51	Albert2018_BYxRM_1012_segregants	SI_Data_01_expressionValues_plus_SI_Data_03_genotypes	deterministic_100_gene_subset	MatrixEQTL_cis_trans_v1	MatrixEQTL_2.3
chrXIII:119306_A/G	YML078W	0.138446031838995	15.8752090315573	8.06173369368094e-51	1.02365269691856e-49	Albert2018_BYxRM_1012_segregants	SI_Data_01_expressionValues_plus_SI_Data_03_genotypes	deterministic_100_gene_subset	MatrixEQTL_cis_trans_v1	MatrixEQTL_2.3
chrXIII:234544_T/A	YML016C	-0.171433601364213	-15.7783161783734	2.76607548843546e-50	3.43244821974037e-49	Albert2018_BYxRM_1012_segregants	SI_Data_01_expressionValues_plus_SI_Data_03_genotypes	deterministic_100_gene_subset	MatrixEQTL_cis_trans_v1	MatrixEQTL_2.3
chrXIII:235787_C/T	YML016C	-0.171548342645281	-15.7756275920243	2.86215741612063e-50	3.47275099822636e-49	Albert2018_BYxRM_1012_segregants	SI_Data_01_expressionValues_plus_SI_Data_03_genotypes	deterministic_100_gene_subset	MatrixEQTL_cis_trans_v1	MatrixEQTL_2.3
chrXIII:232662_C/T	YML016C	-0.170031980617081	-15.6066696158665	2.42986659118689e-49	2.8841459973653e-48	Albert2018_BYxRM_1012_segregants	SI_Data_01_expressionValues_plus_SI_Data_03_genotypes	deterministic_100_gene_subset	MatrixEQTL_cis_trans_v1	MatrixEQTL_2.3
chrXIII:244001_G/C	YML016C	-0.168646831500882	-15.4662209987794	1.4227931001784e-48	1.6528617716966e-47	Albert2018_BYxRM_1012_segregants	SI_Data_01_expressionValues_plus_SI_Data_03_genotypes	deterministic_100_gene_subset	MatrixEQTL_cis_trans_v1	MatrixEQTL_2.3
chrXIII:245624_C/T	YML016C	-0.16788307859068	-15.3910033927986	3.65153826091823e-48	4.15362477179449e-47	Albert2018_BYxRM_1012_segregants	SI_Data_01_expressionValues_plus_SI_Data_03_genotypes	deterministic_100_gene_subset	MatrixEQTL_cis_trans_v1	MatrixEQTL_2.3
chrXIII:229786_C/T	YML016C	-0.16763820745894	-15.3424458168894	6.70005720067948e-48	7.46577802361428e-47	Albert2018_BYxRM_1012_segregants	SI_Data_01_expressionValues_plus_SI_Data_03_genotypes	deterministic_100_gene_subset	MatrixEQTL_cis_trans_v1	MatrixEQTL_2.3
chrXIII:102269_A/G	YML078W	0.134258231312548	15.3050203506673	1.06880950712816e-47	1.16713998178395e-46	Albert2018_BYxRM_1012_segregants	SI_Data_01_expressionValues_plus_SI_Data_03_genotypes	deterministic_100_gene_subset	MatrixEQTL_cis_trans_v1	MatrixEQTL_2.3
chrXIII:248171_C/T	YML016C	-0.162938226832329	-14.8390834091105	3.37418082965498e-45	3.61235829998356e-44	Albert2018_BYxRM_1012_segregants	SI_Data_01_expressionValues_plus_SI_Data_03_genotypes	deterministic_100_gene_subset	MatrixEQTL_cis_trans_v1	MatrixEQTL_2.3
chrXIII:273179_A/G	YMR005W	-0.109345689008361	-14.4337899533875	4.59468719590267e-43	4.8244215556978e-42	Albert2018_BYxRM_1012_segregants	SI_Data_01_expressionValues_plus_SI_Data_03_genotypes	deterministic_100_gene_subset	MatrixEQTL_cis_trans_v1	MatrixEQTL_2.3
chrXIII:277367_C/T	YMR005W	-0.109007174387098	-14.3795848332112	8.80615991809984e-43	9.07200625525002e-42	Albert2018_BYxRM_1012_segregants	SI_Data_01_expressionValues_plus_SI_Data_03_genotypes	deterministic_100_gene_subset	MatrixEQTL_cis_trans_v1	MatrixEQTL_2.3
chrXIII:270930_T/C	YMR005W	-0.108883515455655	-14.3643205958118	1.05736024482688e-42	1.06910869199162e-41	Albert2018_BYxRM_1012_segregants	SI_Data_01_expressionValues_plus_SI_Data_03_genotypes	deterministic_100_gene_subset	MatrixEQTL_cis_trans_v1	MatrixEQTL_2.3
chrXIII:275145_C/A	YMR005W	-0.108870953044028	-14.3541974815863	1.19364249577204e-42	1.16380143337774e-41	Albert2018_BYxRM_1012_segregants	SI_Data_01_expressionValues_plus_SI_Data_03_genotypes	deterministic_100_gene_subset	MatrixEQTL_cis_trans_v1	MatrixEQTL_2.3
chrXIII:275910_C/G	YMR005W	-0.108870953044028	-14.3541974815863	1.19364249577204e-42	1.16380143337774e-41	Albert2018_BYxRM_1012_segregants	SI_Data_01_expressionValues_plus_SI_Data_03_genotypes	deterministic_100_gene_subset	MatrixEQTL_cis_trans_v1	MatrixEQTL_2.3
chrXIII:280725_GGAAGCAGAGGCAGAGGCA/G	YMR005W	-0.108553897505808	-14.3162793795516	1.87877632024629e-42	1.7996699488675e-41	Albert2018_BYxRM_1012_segregants	SI_Data_01_expressionValues_plus_SI_Data_03_genotypes	deterministic_100_gene_subset	MatrixEQTL_cis_trans_v1	MatrixEQTL_2.3
chrXIII:268043_C/T	YMR005W	-0.108626535884176	-14.3147965211181	1.9123714934633e-42	1.80026695763959e-41	Albert2018_BYxRM_1012_segregants	SI_Data_01_expressionValues_plus_SI_Data_03_genotypes	deterministic_100_gene_subset	MatrixEQTL_cis_trans_v1	MatrixEQTL_2.3
chrXIII:283900_T/C	YMR005W	-0.106686986480056	-14.0393041993788	5.04078748159907e-41	4.66486434737812e-40	Albert2018_BYxRM_1012_segregants	SI_Data_01_expressionValues_plus_SI_Data_03_genotypes	deterministic_100_gene_subset	MatrixEQTL_cis_trans_v1	MatrixEQTL_2.3
chrXIII:862215_C/T	YMR297W	-0.156134794875782	-12.9252880405397	1.80663568845939e-35	1.64403847649804e-34	Albert2018_BYxRM_1012_segregants	SI_Data_01_expressionValues_plus_SI_Data_03_genotypes	deterministic_100_gene_subset	MatrixEQTL_cis_trans_v1	MatrixEQTL_2.3
chrIV:117362_T/C	YDL189W	-0.111138343312618	-12.3541008500054	9.53974733590661e-33	8.53885581213936e-32	Albert2018_BYxRM_1012_segregants	SI_Data_01_expressionValues_plus_SI_Data_03_genotypes	deterministic_100_gene_subset	MatrixEQTL_cis_trans_v1	MatrixEQTL_2.3
chrIV:118053_G/A	YDL189W	-0.110135883321187	-12.2181404764825	4.11661020720942e-32	3.62527285989733e-31	Albert2018_BYxRM_1012_segregants	SI_Data_01_expressionValues_plus_SI_Data_03_genotypes	deterministic_100_gene_subset	MatrixEQTL_cis_trans_v1	MatrixEQTL_2.3
chrIV:115328_T/C	YDL189W	-0.109120808657052	-12.0918642776166	1.5838694182506e-31	1.37268682915052e-30	Albert2018_BYxRM_1012_segregants	SI_Data_01_expressionValues_plus_SI_Data_03_genotypes	deterministic_100_gene_subset	MatrixEQTL_cis_trans_v1	MatrixEQTL_2.3
chrIV:121624_T/C	YDL189W	-0.108213615006104	-11.9719246706594	5.64159262497419e-31	4.81298370818111e-30	Albert2018_BYxRM_1012_segregants	SI_Data_01_expressionValues_plus_SI_Data_03_genotypes	deterministic_100_gene_subset	MatrixEQTL_cis_trans_v1	MatrixEQTL_2.3
chrIV:123113_C/A	YDL189W	-0.108128093823424	-11.9468791061179	7.34668892990247e-31	6.17121870111807e-30	Albert2018_BYxRM_1012_segregants	SI_Data_01_expressionValues_plus_SI_Data_03_genotypes	deterministic_100_gene_subset	MatrixEQTL_cis_trans_v1	MatrixEQTL_2.3
chrIV:113998_A/T	YDL189W	-0.10784361659927	-11.9246464055986	9.28436456141405e-31	7.68070159171526e-30	Albert2018_BYxRM_1012_segregants	SI_Data_01_expressionValues_plus_SI_Data_03_genotypes	deterministic_100_gene_subset	MatrixEQTL_cis_trans_v1	MatrixEQTL_2.3
chrXIII:859500_C/T	YMR297W	-0.143804033343419	-11.770368127729	4.67017362858864e-30	3.8058429868797e-29	Albert2018_BYxRM_1012_segregants	SI_Data_01_expressionValues_plus_SI_Data_03_genotypes	deterministic_100_gene_subset	MatrixEQTL_cis_trans_v1	MatrixEQTL_2.3
chrIV:112308_C/T	YDL189W	-0.10634338900879	-11.7296689952776	7.13312813982319e-30	5.65488648523619e-29	Albert2018_BYxRM_1012_segregants	SI_Data_01_expressionValues_plus_SI_Data_03_genotypes	deterministic_100_gene_subset	MatrixEQTL_cis_trans_v1	MatrixEQTL_2.3
chrXIII:871099_T/C	YMR297W	-0.143374482192593	-11.729491692303	7.14628511870507e-30	5.65488648523619e-29	Albert2018_BYxRM_1012_segregants	SI_Data_01_expressionValues_plus_SI_Data_03_genotypes	deterministic_100_gene_subset	MatrixEQTL_cis_trans_v1	MatrixEQTL_2.3
chrXIII:869543_C/T	YMR297W	-0.142854967937827	-11.6831928893235	1.15546230720457e-29	9.01260599619566e-29	Albert2018_BYxRM_1012_segregants	SI_Data_01_expressionValues_plus_SI_Data_03_genotypes	deterministic_100_gene_subset	MatrixEQTL_cis_trans_v1	MatrixEQTL_2.3
chrXIII:872926_A/C	YMR297W	-0.137344690981483	-11.176688833569	2.01808547460776e-27	1.55193615371245e-26	Albert2018_BYxRM_1012_segregants	SI_Data_01_expressionValues_plus_SI_Data_03_genotypes	deterministic_100_gene_subset	MatrixEQTL_cis_trans_v1	MatrixEQTL_2.3
chrIV:129666_G/T	YDL189W	-0.0978448114769778	-10.6081790536673	5.377672764311e-25	4.07806851293584e-24	Albert2018_BYxRM_1012_segregants	SI_Data_01_expressionValues_plus_SI_Data_03_genotypes	deterministic_100_gene_subset	MatrixEQTL_cis_trans_v1	MatrixEQTL_2.3
chrIX:269349_C/T	YIL047C-A	-0.114337977264359	-10.1522324621799	4.01957633160213e-23	3.0055995787057e-22	Albert2018_BYxRM_1012_segregants	SI_Data_01_expressionValues_plus_SI_Data_03_genotypes	deterministic_100_gene_subset	MatrixEQTL_cis_trans_v1	MatrixEQTL_2.3
chrII:772129_T/C	YBR283C	0.0672291465367669	10.1507984174213	4.07352323853887e-23	3.0055995787057e-22	Albert2018_BYxRM_1012_segregants	SI_Data_01_expressionValues_plus_SI_Data_03_genotypes	deterministic_100_gene_subset	MatrixEQTL_cis_trans_v1	MatrixEQTL_2.3
chrIX:273469_G/C	YIL047C-A	-0.113737897146601	-10.0839455545033	7.57117791105633e-23	5.51181751924901e-22	Albert2018_BYxRM_1012_segregants	SI_Data_01_expressionValues_plus_SI_Data_03_genotypes	deterministic_100_gene_subset	MatrixEQTL_cis_trans_v1	MatrixEQTL_2.3
chrIX:270968_T/A	YIL047C-A	-0.11333714173401	-10.0495626511611	1.04006096791257e-22	7.47201695368766e-22	Albert2018_BYxRM_1012_segregants	SI_Data_01_expressionValues_plus_SI_Data_03_genotypes	deterministic_100_gene_subset	MatrixEQTL_cis_trans_v1	MatrixEQTL_2.3
chrIX:275192_G/A	YIL047C-A	-0.111047967230429	-9.82211599978882	8.31260633589084e-22	5.89439358363169e-21	Albert2018_BYxRM_1012_segregants	SI_Data_01_expressionValues_plus_SI_Data_03_genotypes	deterministic_100_gene_subset	MatrixEQTL_cis_trans_v1	MatrixEQTL_2.3
chrII:762267_C/T	YBR283C	0.0651806190205427	9.80592164909726	9.62442636424803e-22	6.73709845497362e-21	Albert2018_BYxRM_1012_segregants	SI_Data_01_expressionValues_plus_SI_Data_03_genotypes	deterministic_100_gene_subset	MatrixEQTL_cis_trans_v1	MatrixEQTL_2.3
chrII:768196_G/A	YBR283C	0.0649110072047858	9.77366713031955	1.28786575835632e-21	8.90094562104498e-21	Albert2018_BYxRM_1012_segregants	SI_Data_01_expressionValues_plus_SI_Data_03_genotypes	deterministic_100_gene_subset	MatrixEQTL_cis_trans_v1	MatrixEQTL_2.3
chrII:777303_A/G	YBR283C	0.0644752167272963	9.70215146814764	2.44985328243717e-21	1.67202486526337e-20	Albert2018_BYxRM_1012_segregants	SI_Data_01_expressionValues_plus_SI_Data_03_genotypes	deterministic_100_gene_subset	MatrixEQTL_cis_trans_v1	MatrixEQTL_2.3
chrIX:267287_A/G	YIL047C-A	-0.10686408762086	-9.42846894070392	2.77002924765383e-20	1.86720490027036e-19	Albert2018_BYxRM_1012_segregants	SI_Data_01_expressionValues_plus_SI_Data_03_genotypes	deterministic_100_gene_subset	MatrixEQTL_cis_trans_v1	MatrixEQTL_2.3
chrXIII:852310_GA/G	YMR297W	-0.117431127806429	-9.39764923564586	3.62713426940715e-20	2.41514062328818e-19	Albert2018_BYxRM_1012_segregants	SI_Data_01_expressionValues_plus_SI_Data_03_genotypes	deterministic_100_gene_subset	MatrixEQTL_cis_trans_v1	MatrixEQTL_2.3
chrXII:22083_T/C	YLL059C	-0.209367288410572	-9.25441161395307	1.25770853875247e-19	8.27360074890182e-19	Albert2018_BYxRM_1012_segregants	SI_Data_01_expressionValues_plus_SI_Data_03_genotypes	deterministic_100_gene_subset	MatrixEQTL_cis_trans_v1	MatrixEQTL_2.3
chrXII:23030_A/G	YLL059C	-0.205946723705748	-9.085468989207	5.34239704093382e-19	3.47255807660699e-18	Albert2018_BYxRM_1012_segregants	SI_Data_01_expressionValues_plus_SI_Data_03_genotypes	deterministic_100_gene_subset	MatrixEQTL_cis_trans_v1	MatrixEQTL_2.3
chrV:141061_G/A	YEL009C	-0.0557170267318935	-9.07863713564924	5.66157573108589e-19	3.63672982255635e-18	Albert2018_BYxRM_1012_segregants	SI_Data_01_expressionValues_plus_SI_Data_03_genotypes	deterministic_100_gene_subset	MatrixEQTL_cis_trans_v1	MatrixEQTL_2.3
chrXII:21053_T/A	YLL059C	-0.205667857510588	-9.07486198136393	5.84596612046144e-19	3.71150872299064e-18	Albert2018_BYxRM_1012_segregants	SI_Data_01_expressionValues_plus_SI_Data_03_genotypes	deterministic_100_gene_subset	MatrixEQTL_cis_trans_v1	MatrixEQTL_2.3
chrXII:19080_C/T	YLL059C	-0.203092683399882	-8.95162045969122	1.65430623752659e-18	1.03821977665462e-17	Albert2018_BYxRM_1012_segregants	SI_Data_01_expressionValues_plus_SI_Data_03_genotypes	deterministic_100_gene_subset	MatrixEQTL_cis_trans_v1	MatrixEQTL_2.3
chrIX:263590_T/A	YIL047C-A	-0.101531926961761	-8.91111446866922	2.32262156291829e-18	1.4410811060834e-17	Albert2018_BYxRM_1012_segregants	SI_Data_01_expressionValues_plus_SI_Data_03_genotypes	deterministic_100_gene_subset	MatrixEQTL_cis_trans_v1	MatrixEQTL_2.3
chrXII:20019_C/T	YLL059C	-0.201579615629995	-8.87599565711652	3.11381677148365e-18	1.91027410924727e-17	Albert2018_BYxRM_1012_segregants	SI_Data_01_expressionValues_plus_SI_Data_03_genotypes	deterministic_100_gene_subset	MatrixEQTL_cis_trans_v1	MatrixEQTL_2.3
chrXII:20301_G/A	YLL059C	-0.201100184922684	-8.85522824281476	3.70154986042732e-18	2.24560691532591e-17	Albert2018_BYxRM_1012_segregants	SI_Data_01_expressionValues_plus_SI_Data_03_genotypes	deterministic_100_gene_subset	MatrixEQTL_cis_trans_v1	MatrixEQTL_2.3
chrIX:257591_A/G	YIL047C-A	-0.0999925142718299	-8.76372166725103	7.89782349911425e-18	4.73869409946855e-17	Albert2018_BYxRM_1012_segregants	SI_Data_01_expressionValues_plus_SI_Data_03_genotypes	deterministic_100_gene_subset	MatrixEQTL_cis_trans_v1	MatrixEQTL_2.3
chrIX:260414_T/A	YIL047C-A	-0.0999221909139826	-8.7588289715446	8.22289711360995e-18	4.8801106782946e-17	Albert2018_BYxRM_1012_segregants	SI_Data_01_expressionValues_plus_SI_Data_03_genotypes	deterministic_100_gene_subset	MatrixEQTL_cis_trans_v1	MatrixEQTL_2.3
chrIX:256885_C/G	YIL047C-A	-0.0993931482688809	-8.71065657866382	1.22197322509911e-17	7.17416538606574e-17	Albert2018_BYxRM_1012_segregants	SI_Data_01_expressionValues_plus_SI_Data_03_genotypes	deterministic_100_gene_subset	MatrixEQTL_cis_trans_v1	MatrixEQTL_2.3
chrIX:259794_T/C	YIL047C-A	-0.0993474338531139	-8.70274880552793	1.30384756710657e-17	7.5734124642573e-17	Albert2018_BYxRM_1012_segregants	SI_Data_01_expressionValues_plus_SI_Data_03_genotypes	deterministic_100_gene_subset	MatrixEQTL_cis_trans_v1	MatrixEQTL_2.3
chrXII:24179_G/A	YLL059C	-0.192313471273478	-8.43820251309395	1.10941900476349e-16	6.3762397536933e-16	Albert2018_BYxRM_1012_segregants	SI_Data_01_expressionValues_plus_SI_Data_03_genotypes	deterministic_100_gene_subset	MatrixEQTL_cis_trans_v1	MatrixEQTL_2.3
chrXII:25333_C/T	YLL059C	-0.191290578774372	-8.38588187905912	1.68322171753013e-16	9.57332351845262e-16	Albert2018_BYxRM_1012_segregants	SI_Data_01_expressionValues_plus_SI_Data_03_genotypes	deterministic_100_gene_subset	MatrixEQTL_cis_trans_v1	MatrixEQTL_2.3
chrXII:26194_C/G	YLL059C	-0.189915492275948	-8.31157459934036	3.03134333617187e-16	1.70630253768025e-15	Albert2018_BYxRM_1012_segregants	SI_Data_01_expressionValues_plus_SI_Data_03_genotypes	deterministic_100_gene_subset	MatrixEQTL_cis_trans_v1	MatrixEQTL_2.3
chrXII:608685_T/C	YLR231C	0.148649789851126	8.25318674540599	4.79782506449795e-16	2.673073964506e-15	Albert2018_BYxRM_1012_segregants	SI_Data_01_expressionValues_plus_SI_Data_03_genotypes	deterministic_100_gene_subset	MatrixEQTL_cis_trans_v1	MatrixEQTL_2.3
chrXII:28676_G/C	YLL059C	-0.188217735330474	-8.24493627694679	5.11830280059377e-16	2.8228215445699e-15	Albert2018_BYxRM_1012_segregants	SI_Data_01_expressionValues_plus_SI_Data_03_genotypes	deterministic_100_gene_subset	MatrixEQTL_cis_trans_v1	MatrixEQTL_2.3
chrXII:612238_C/T	YLR231C	0.149447043806755	8.22131840725556	6.15716955184947e-16	3.36181457530981e-15	Albert2018_BYxRM_1012_segregants	SI_Data_01_expressionValues_plus_SI_Data_03_genotypes	deterministic_100_gene_subset	MatrixEQTL_cis_trans_v1	MatrixEQTL_2.3
chrXII:29948_T/A	YLL059C	-0.187543370881239	-8.21187211913287	6.62865897256403e-16	3.583413662396e-15	Albert2018_BYxRM_1012_segregants	SI_Data_01_expressionValues_plus_SI_Data_03_genotypes	deterministic_100_gene_subset	MatrixEQTL_cis_trans_v1	MatrixEQTL_2.3
chrXII:609627_T/C	YLR231C	0.147616889084022	8.17410091854758	8.89702201303889e-16	4.76252354815611e-15	Albert2018_BYxRM_1012_segregants	SI_Data_01_expressionValues_plus_SI_Data_03_genotypes	deterministic_100_gene_subset	MatrixEQTL_cis_trans_v1	MatrixEQTL_2.3
chrXII:614411_A/T	YLR231C	0.149863411332723	8.10371174354625	1.53500576368898e-15	8.13702084440953e-15	Albert2018_BYxRM_1012_segregants	SI_Data_01_expressionValues_plus_SI_Data_03_genotypes	deterministic_100_gene_subset	MatrixEQTL_cis_trans_v1	MatrixEQTL_2.3
chrIX:365942_C/G	YIR004W	-0.0674406910093111	-7.98284460466576	3.87948229066681e-15	2.03672820260007e-14	Albert2018_BYxRM_1012_segregants	SI_Data_01_expressionValues_plus_SI_Data_03_genotypes	deterministic_100_gene_subset	MatrixEQTL_cis_trans_v1	MatrixEQTL_2.3
chrXII:607090_T/C	YLR231C	0.142969580137397	7.93832863204047	5.44224448897812e-15	2.82996713426862e-14	Albert2018_BYxRM_1012_segregants	SI_Data_01_expressionValues_plus_SI_Data_03_genotypes	deterministic_100_gene_subset	MatrixEQTL_cis_trans_v1	MatrixEQTL_2.3
chrXII:607779_T/C	YLR231C	0.143098077623752	7.92066736246725	6.22166023325799e-15	3.20474196920648e-14	Albert2018_BYxRM_1012_segregants	SI_Data_01_expressionValues_plus_SI_Data_03_genotypes	deterministic_100_gene_subset	MatrixEQTL_cis_trans_v1	MatrixEQTL_2.3
chrXII:613527_C/T	YLR231C	0.145919231999592	7.91493991698591	6.49730446098237e-15	3.31544694924895e-14	Albert2018_BYxRM_1012_segregants	SI_Data_01_expressionValues_plus_SI_Data_03_genotypes	deterministic_100_gene_subset	MatrixEQTL_cis_trans_v1	MatrixEQTL_2.3
chrXII:959018_A/G	YLR420W	0.0715642220638223	7.85001947296887	1.06004144617958e-14	5.30993238178027e-14	Albert2018_BYxRM_1012_segregants	SI_Data_01_expressionValues_plus_SI_Data_03_genotypes	deterministic_100_gene_subset	MatrixEQTL_cis_trans_v1	MatrixEQTL_2.3
chrXII:960228_A/C	YLR420W	0.0715642220638223	7.85001947296887	1.06004144617958e-14	5.30993238178027e-14	Albert2018_BYxRM_1012_segregants	SI_Data_01_expressionValues_plus_SI_Data_03_genotypes	deterministic_100_gene_subset	MatrixEQTL_cis_trans_v1	MatrixEQTL_2.3
chrXII:964054_A/G	YLR420W	0.0713279031997671	7.83376026000895	1.19765370653078e-14	5.94471748878005e-14	Albert2018_BYxRM_1012_segregants	SI_Data_01_expressionValues_plus_SI_Data_03_genotypes	deterministic_100_gene_subset	MatrixEQTL_cis_trans_v1	MatrixEQTL_2.3
chrXII:961974_C/T	YLR420W	0.070939262552971	7.77663275668178	1.83583307212255e-14	9.03031403044066e-14	Albert2018_BYxRM_1012_segregants	SI_Data_01_expressionValues_plus_SI_Data_03_genotypes	deterministic_100_gene_subset	MatrixEQTL_cis_trans_v1	MatrixEQTL_2.3
chrXII:965348_T/C	YLR420W	0.0699632453784098	7.68749318154282	3.55597881082796e-14	1.73353967027863e-13	Albert2018_BYxRM_1012_segregants	SI_Data_01_expressionValues_plus_SI_Data_03_genotypes	deterministic_100_gene_subset	MatrixEQTL_cis_trans_v1	MatrixEQTL_2.3
chrVII:891371_T/C	YGR197C	0.084534348152461	7.67262860602023	3.96792080376216e-14	1.91724314942844e-13	Albert2018_BYxRM_1012_segregants	SI_Data_01_expressionValues_plus_SI_Data_03_genotypes	deterministic_100_gene_subset	MatrixEQTL_cis_trans_v1	MatrixEQTL_2.3
chrXII:971373_C/G	YLR420W	0.0694818020131155	7.64743266753438	4.77608868349341e-14	2.28749510630474e-13	Albert2018_BYxRM_1012_segregants	SI_Data_01_expressionValues_plus_SI_Data_03_genotypes	deterministic_100_gene_subset	MatrixEQTL_cis_trans_v1	MatrixEQTL_2.3
chrVII:893535_A/T	YGR197C	0.0829232568182845	7.5221329076639	1.19141772607385e-13	5.62850438205466e-13	Albert2018_BYxRM_1012_segregants	SI_Data_01_expressionValues_plus_SI_Data_03_genotypes	deterministic_100_gene_subset	MatrixEQTL_cis_trans_v1	MatrixEQTL_2.3
chrVII:885746_G/A	YGR197C	0.0829811606270937	7.52162609300468	1.19579946578451e-13	5.62850438205466e-13	Albert2018_BYxRM_1012_segregants	SI_Data_01_expressionValues_plus_SI_Data_03_genotypes	deterministic_100_gene_subset	MatrixEQTL_cis_trans_v1	MatrixEQTL_2.3
chrVII:882535_G/A	YGR197C	0.0823596961831281	7.46510788352523	1.79832484479343e-13	8.32106241743402e-13	Albert2018_BYxRM_1012_segregants	SI_Data_01_expressionValues_plus_SI_Data_03_genotypes	deterministic_100_gene_subset	MatrixEQTL_cis_trans_v1	MatrixEQTL_2.3
chrVII:882692_A/T	YGR197C	0.0823596961831281	7.46510788352523	1.79832484479343e-13	8.32106241743402e-13	Albert2018_BYxRM_1012_segregants	SI_Data_01_expressionValues_plus_SI_Data_03_genotypes	deterministic_100_gene_subset	MatrixEQTL_cis_trans_v1	MatrixEQTL_2.3
chrVII:888345_A/T	YGR197C	0.0820166674486233	7.43306678897785	2.26370248824005e-13	1.03777125128424e-12	Albert2018_BYxRM_1012_segregants	SI_Data_01_expressionValues_plus_SI_Data_03_genotypes	deterministic_100_gene_subset	MatrixEQTL_cis_trans_v1	MatrixEQTL_2.3
chrVII:895227_A/G	YGR197C	0.0819740556375882	7.43201623522594	2.28081593688845e-13	1.03777125128424e-12	Albert2018_BYxRM_1012_segregants	SI_Data_01_expressionValues_plus_SI_Data_03_genotypes	deterministic_100_gene_subset	MatrixEQTL_cis_trans_v1	MatrixEQTL_2.3
chrVII:883964_G/A	YGR197C	0.0815562620141927	7.38896072677881	3.10312927223633e-13	1.40025502697606e-12	Albert2018_BYxRM_1012_segregants	SI_Data_01_expressionValues_plus_SI_Data_03_genotypes	deterministic_100_gene_subset	MatrixEQTL_cis_trans_v1	MatrixEQTL_2.3
chrVII:898683_T/C	YGR197C	0.0813647870000236	7.37546085717306	3.41653441731744e-13	1.5290391736519e-12	Albert2018_BYxRM_1012_segregants	SI_Data_01_expressionValues_plus_SI_Data_03_genotypes	deterministic_100_gene_subset	MatrixEQTL_cis_trans_v1	MatrixEQTL_2.3
chrVII:902358_C/T	YGR197C	0.0796422974170731	7.20749056942743	1.11678611281086e-12	4.95744079345308e-12	Albert2018_BYxRM_1012_segregants	SI_Data_01_expressionValues_plus_SI_Data_03_genotypes	deterministic_100_gene_subset	MatrixEQTL_cis_trans_v1	MatrixEQTL_2.3
chrXVI:610143_G/T	YPR022C	-0.0992184444700961	-7.11626252644131	2.10395407668248e-12	9.26418488603736e-12	Albert2018_BYxRM_1012_segregants	SI_Data_01_expressionValues_plus_SI_Data_03_genotypes	deterministic_100_gene_subset	MatrixEQTL_cis_trans_v1	MatrixEQTL_2.3
chrXII:956545_A/G	YLR420W	0.0651021633400054	7.09652277148267	2.41076161963124e-12	1.05302067545492e-11	Albert2018_BYxRM_1012_segregants	SI_Data_01_expressionValues_plus_SI_Data_03_genotypes	deterministic_100_gene_subset	MatrixEQTL_cis_trans_v1	MatrixEQTL_2.3
chrXII:954228_T/C	YLR420W	0.0643486202029726	6.98699735014291	5.10004819416726e-12	2.21002088413915e-11	Albert2018_BYxRM_1012_segregants	SI_Data_01_expressionValues_plus_SI_Data_03_genotypes	deterministic_100_gene_subset	MatrixEQTL_cis_trans_v1	MatrixEQTL_2.3
chrXVI:605672_T/C	YPR022C	-0.097467985315738	-6.97228429811127	5.63577800723553e-12	2.42294078106346e-11	Albert2018_BYxRM_1012_segregants	SI_Data_01_expressionValues_plus_SI_Data_03_genotypes	deterministic_100_gene_subset	MatrixEQTL_cis_trans_v1	MatrixEQTL_2.3
chrXII:599143_A/G	YLR231C	0.119239093235643	6.7962635541622	1.835453871762e-11	7.8293579217348e-11	Albert2018_BYxRM_1012_segregants	SI_Data_01_expressionValues_plus_SI_Data_03_genotypes	deterministic_100_gene_subset	MatrixEQTL_cis_trans_v1	MatrixEQTL_2.3
chrIV:236082_A/T	YDL127W	-0.0864326549485684	-6.57028516416622	8.03992757340094e-11	3.40294608920691e-10	Albert2018_BYxRM_1012_segregants	SI_Data_01_expressionValues_plus_SI_Data_03_genotypes	deterministic_100_gene_subset	MatrixEQTL_cis_trans_v1	MatrixEQTL_2.3
chrIV:234231_C/A	YDL127W	-0.0854338308069669	-6.48734801453212	1.36749173773625e-10	5.74346529849225e-10	Albert2018_BYxRM_1012_segregants	SI_Data_01_expressionValues_plus_SI_Data_03_genotypes	deterministic_100_gene_subset	MatrixEQTL_cis_trans_v1	MatrixEQTL_2.3
chrIX:372590_T/A	YIR004W	-0.0548132731574577	-6.41773090053837	2.12600778855673e-10	8.86107063016773e-10	Albert2018_BYxRM_1012_segregants	SI_Data_01_expressionValues_plus_SI_Data_03_genotypes	deterministic_100_gene_subset	MatrixEQTL_cis_trans_v1	MatrixEQTL_2.3
chrIV:231400_A/T	YDL127W	-0.0843664915226044	-6.39929116769087	2.38792749083297e-10	9.87733643935455e-10	Albert2018_BYxRM_1012_segregants	SI_Data_01_expressionValues_plus_SI_Data_03_genotypes	deterministic_100_gene_subset	MatrixEQTL_cis_trans_v1	MatrixEQTL_2.3
chrIV:232783_G/A	YDL127W	-0.0841392705425898	-6.38444038813317	2.62158737482381e-10	1.07623060650662e-09	Albert2018_BYxRM_1012_segregants	SI_Data_01_expressionValues_plus_SI_Data_03_genotypes	deterministic_100_gene_subset	MatrixEQTL_cis_trans_v1	MatrixEQTL_2.3
chrIV:237897_G/A	YDL127W	-0.0836410674179467	-6.35033071075122	3.24617341585667e-10	1.32269454108787e-09	Albert2018_BYxRM_1012_segregants	SI_Data_01_expressionValues_plus_SI_Data_03_genotypes	deterministic_100_gene_subset	MatrixEQTL_cis_trans_v1	MatrixEQTL_2.3
chrIV:227299_A/G	YDL127W	-0.0834331115729031	-6.3166035838965	4.00597801896941e-10	1.61170357440317e-09	Albert2018_BYxRM_1012_segregants	SI_Data_01_expressionValues_plus_SI_Data_03_genotypes	deterministic_100_gene_subset	MatrixEQTL_cis_trans_v1	MatrixEQTL_2.3
chrIV:229533_A/ATAGTACTTC	YDL127W	-0.0833755585525956	-6.31626199545626	4.01449974576613e-10	1.61170357440317e-09	Albert2018_BYxRM_1012_segregants	SI_Data_01_expressionValues_plus_SI_Data_03_genotypes	deterministic_100_gene_subset	MatrixEQTL_cis_trans_v1	MatrixEQTL_2.3
chrIV:226059_T/C	YDL127W	-0.0822257813960143	-6.21165665208555	7.65911566566564e-10	3.05246507551346e-09	Albert2018_BYxRM_1012_segregants	SI_Data_01_expressionValues_plus_SI_Data_03_genotypes	deterministic_100_gene_subset	MatrixEQTL_cis_trans_v1	MatrixEQTL_2.3
chrIV:240480_T/C	YDL127W	-0.0816145588992368	-6.19226508753658	8.62447957242032e-10	3.41229409169673e-09	Albert2018_BYxRM_1012_segregants	SI_Data_01_expressionValues_plus_SI_Data_03_genotypes	deterministic_100_gene_subset	MatrixEQTL_cis_trans_v1	MatrixEQTL_2.3
chrVII:88718_T/C	YGL221C	-0.0454708716801311	-5.93052856497022	4.14633869430744e-09	1.62870570294379e-08	Albert2018_BYxRM_1012_segregants	SI_Data_01_expressionValues_plus_SI_Data_03_genotypes	deterministic_100_gene_subset	MatrixEQTL_cis_trans_v1	MatrixEQTL_2.3
chrVII:86533_C/T	YGL221C	-0.0439218357651934	-5.72054127577302	1.39940400918035e-08	5.45767563580336e-08	Albert2018_BYxRM_1012_segregants	SI_Data_01_expressionValues_plus_SI_Data_03_genotypes	deterministic_100_gene_subset	MatrixEQTL_cis_trans_v1	MatrixEQTL_2.3
chrVII:79586_C/A	YGL221C	-0.0438648909532129	-5.71019525645808	1.48434930468396e-08	5.74790581813788e-08	Albert2018_BYxRM_1012_segregants	SI_Data_01_expressionValues_plus_SI_Data_03_genotypes	deterministic_100_gene_subset	MatrixEQTL_cis_trans_v1	MatrixEQTL_2.3
chrVII:77580_G/A	YGL221C	-0.0431678709090127	-5.60734274154076	2.65298145849789e-08	1.02009005376046e-07	Albert2018_BYxRM_1012_segregants	SI_Data_01_expressionValues_plus_SI_Data_03_genotypes	deterministic_100_gene_subset	MatrixEQTL_cis_trans_v1	MatrixEQTL_2.3
chrVII:76042_G/GC	YGL221C	-0.0427419683208574	-5.54875540687049	3.67772578304877e-08	1.40422257170953e-07	Albert2018_BYxRM_1012_segregants	SI_Data_01_expressionValues_plus_SI_Data_03_genotypes	deterministic_100_gene_subset	MatrixEQTL_cis_trans_v1	MatrixEQTL_2.3
chrVII:84285_GT/G	YGL221C	-0.0423737835857822	-5.51412989186313	4.45441907527093e-08	1.68896723270689e-07	Albert2018_BYxRM_1012_segregants	SI_Data_01_expressionValues_plus_SI_Data_03_genotypes	deterministic_100_gene_subset	MatrixEQTL_cis_trans_v1	MatrixEQTL_2.3
chrIX:150052_G/C	YIL114C	-0.0576181243008838	-5.35679963070419	1.04972490044741e-07	3.9527572113399e-07	Albert2018_BYxRM_1012_segregants	SI_Data_01_expressionValues_plus_SI_Data_03_genotypes	deterministic_100_gene_subset	MatrixEQTL_cis_trans_v1	MatrixEQTL_2.3
chrIX:154430_A/G	YIL114C	-0.0570716934847883	-5.304615656259	1.38819023859349e-07	5.19145116624689e-07	Albert2018_BYxRM_1012_segregants	SI_Data_01_expressionValues_plus_SI_Data_03_genotypes	deterministic_100_gene_subset	MatrixEQTL_cis_trans_v1	MatrixEQTL_2.3
chrIX:144955_A/G	YIL114C	-0.0553465817404656	-5.14246866829109	3.25736064754904e-07	1.20987681194679e-06	Albert2018_BYxRM_1012_segregants	SI_Data_01_expressionValues_plus_SI_Data_03_genotypes	deterministic_100_gene_subset	MatrixEQTL_cis_trans_v1	MatrixEQTL_2.3
chrXV:604007_C/T	YOR144C	-0.0958877512846256	-5.1269659650347	3.52978175757121e-07	1.30220327002289e-06	Albert2018_BYxRM_1012_segregants	SI_Data_01_expressionValues_plus_SI_Data_03_genotypes	deterministic_100_gene_subset	MatrixEQTL_cis_trans_v1	MatrixEQTL_2.3
chrVII:72874_C/T	YGL221C	-0.0395169899211542	-5.12304429709442	3.60211087375272e-07	1.31116835804599e-06	Albert2018_BYxRM_1012_segregants	SI_Data_01_expressionValues_plus_SI_Data_03_genotypes	deterministic_100_gene_subset	MatrixEQTL_cis_trans_v1	MatrixEQTL_2.3
chrVII:74365_C/T	YGL221C	-0.0395169899211542	-5.12304429709442	3.60211087375272e-07	1.31116835804599e-06	Albert2018_BYxRM_1012_segregants	SI_Data_01_expressionValues_plus_SI_Data_03_genotypes	deterministic_100_gene_subset	MatrixEQTL_cis_trans_v1	MatrixEQTL_2.3
chrV:243791_A/T	YER044C-A	-0.112022448653117	-5.11536540972298	3.74790739287467e-07	1.35520360033747e-06	Albert2018_BYxRM_1012_segregants	SI_Data_01_expressionValues_plus_SI_Data_03_genotypes	deterministic_100_gene_subset	MatrixEQTL_cis_trans_v1	MatrixEQTL_2.3
chrV:241800_C/G	YER044C-A	-0.111416094380677	-5.08779115640555	4.31994520400805e-07	1.54162750417542e-06	Albert2018_BYxRM_1012_segregants	SI_Data_01_expressionValues_plus_SI_Data_03_genotypes	deterministic_100_gene_subset	MatrixEQTL_cis_trans_v1	MatrixEQTL_2.3
chrV:242461_T/A	YER044C-A	-0.111416094380677	-5.08779115640555	4.31994520400805e-07	1.54162750417542e-06	Albert2018_BYxRM_1012_segregants	SI_Data_01_expressionValues_plus_SI_Data_03_genotypes	deterministic_100_gene_subset	MatrixEQTL_cis_trans_v1	MatrixEQTL_2.3
chrV:241047_A/G	YER044C-A	-0.111200066199483	-5.07629300098117	4.58263088494965e-07	1.62475095011851e-06	Albert2018_BYxRM_1012_segregants	SI_Data_01_expressionValues_plus_SI_Data_03_genotypes	deterministic_100_gene_subset	MatrixEQTL_cis_trans_v1	MatrixEQTL_2.3
chrVIII:184872_A/G	YHR038W	0.0690840533925703	5.03345104550237	5.70406933028305e-07	2.00930442215132e-06	Albert2018_BYxRM_1012_segregants	SI_Data_01_expressionValues_plus_SI_Data_03_genotypes	deterministic_100_gene_subset	MatrixEQTL_cis_trans_v1	MatrixEQTL_2.3
chrV:245593_G/C	YER044C-A	-0.110023576202003	-5.02135670931802	6.06588462936461e-07	2.12305962027761e-06	Albert2018_BYxRM_1012_segregants	SI_Data_01_expressionValues_plus_SI_Data_03_genotypes	deterministic_100_gene_subset	MatrixEQTL_cis_trans_v1	MatrixEQTL_2.3
chrV:249613_C/T	YER044C-A	-0.108947828254324	-4.98154976480232	7.41998696632356e-07	2.58045406599533e-06	Albert2018_BYxRM_1012_segregants	SI_Data_01_expressionValues_plus_SI_Data_03_genotypes	deterministic_100_gene_subset	MatrixEQTL_cis_trans_v1	MatrixEQTL_2.3
chrXV:602578_A/G	YOR144C	-0.0938807489406301	-4.97913362254649	7.51094888225751e-07	2.59555575298266e-06	Albert2018_BYxRM_1012_segregants	SI_Data_01_expressionValues_plus_SI_Data_03_genotypes	deterministic_100_gene_subset	MatrixEQTL_cis_trans_v1	MatrixEQTL_2.3
chrXV:594684_A/G	YOR144C	-0.0937058894104241	-4.9647870993018	8.07362910314538e-07	2.75512593144836e-06	Albert2018_BYxRM_1012_segregants	SI_Data_01_expressionValues_plus_SI_Data_03_genotypes	deterministic_100_gene_subset	MatrixEQTL_cis_trans_v1	MatrixEQTL_2.3
chrXV:601255_C/T	YOR144C	-0.0937058894104241	-4.9647870993018	8.07362910314538e-07	2.75512593144836e-06	Albert2018_BYxRM_1012_segregants	SI_Data_01_expressionValues_plus_SI_Data_03_genotypes	deterministic_100_gene_subset	MatrixEQTL_cis_trans_v1	MatrixEQTL_2.3
chrXV:594020_C/T	YOR144C	-0.0939586306369106	-4.96087108286581	8.23414878200305e-07	2.79245045650538e-06	Albert2018_BYxRM_1012_segregants	SI_Data_01_expressionValues_plus_SI_Data_03_genotypes	deterministic_100_gene_subset	MatrixEQTL_cis_trans_v1	MatrixEQTL_2.3
chrV:238313_G/A	YER044C-A	-0.107995302072354	-4.92311290695174	9.94834474022768e-07	3.35296063466933e-06	Albert2018_BYxRM_1012_segregants	SI_Data_01_expressionValues_plus_SI_Data_03_genotypes	deterministic_100_gene_subset	MatrixEQTL_cis_trans_v1	MatrixEQTL_2.3
chrV:247282_T/C	YER044C-A	-0.10727501686396	-4.89560752823359	1.14085809266881e-06	3.8208288633443e-06	Albert2018_BYxRM_1012_segregants	SI_Data_01_expressionValues_plus_SI_Data_03_genotypes	deterministic_100_gene_subset	MatrixEQTL_cis_trans_v1	MatrixEQTL_2.3
chrVIII:181049_G/A	YHR038W	0.0672000276561742	4.89441269788238	1.1476482300155e-06	3.8208288633443e-06	Albert2018_BYxRM_1012_segregants	SI_Data_01_expressionValues_plus_SI_Data_03_genotypes	deterministic_100_gene_subset	MatrixEQTL_cis_trans_v1	MatrixEQTL_2.3
chrV:232364_G/C	YER044C-A	-0.1073064649432	-4.88908840188225	1.17838216303097e-06	3.87829052300863e-06	Albert2018_BYxRM_1012_segregants	SI_Data_01_expressionValues_plus_SI_Data_03_genotypes	deterministic_100_gene_subset	MatrixEQTL_cis_trans_v1	MatrixEQTL_2.3
chrVIII:187527_T/A	YHR038W	0.0670892688795035	4.88896326288607	1.17911396853376e-06	3.87829052300863e-06	Albert2018_BYxRM_1012_segregants	SI_Data_01_expressionValues_plus_SI_Data_03_genotypes	deterministic_100_gene_subset	MatrixEQTL_cis_trans_v1	MatrixEQTL_2.3
chrXV:606329_G/T	YOR144C	-0.0904700233591752	-4.8600318469003	1.36059121096965e-06	4.44840000712234e-06	Albert2018_BYxRM_1012_segregants	SI_Data_01_expressionValues_plus_SI_Data_03_genotypes	deterministic_100_gene_subset	MatrixEQTL_cis_trans_v1	MatrixEQTL_2.3
chrVIII:178909_C/T	YHR038W	0.0646055843998886	4.70015118989141	2.96085263588542e-06	9.62277106662762e-06	Albert2018_BYxRM_1012_segregants	SI_Data_01_expressionValues_plus_SI_Data_03_genotypes	deterministic_100_gene_subset	MatrixEQTL_cis_trans_v1	MatrixEQTL_2.3
chrVIII:178121_G/A	YHR038W	0.0643989579778924	4.6856222796181	3.17401707212696e-06	1.02451258860562e-05	Albert2018_BYxRM_1012_segregants	SI_Data_01_expressionValues_plus_SI_Data_03_genotypes	deterministic_100_gene_subset	MatrixEQTL_cis_trans_v1	MatrixEQTL_2.3
chrXI:397560_G/A	YKL023W	0.0499823803230253	4.68457926125606	3.18987436012739e-06	1.02451258860562e-05	Albert2018_BYxRM_1012_segregants	SI_Data_01_expressionValues_plus_SI_Data_03_genotypes	deterministic_100_gene_subset	MatrixEQTL_cis_trans_v1	MatrixEQTL_2.3
chrVIII:183845_T/C	YHR038W	0.0639891733540398	4.65189734691915	3.72713369238405e-06	1.19006724914719e-05	Albert2018_BYxRM_1012_segregants	SI_Data_01_expressionValues_plus_SI_Data_03_genotypes	deterministic_100_gene_subset	MatrixEQTL_cis_trans_v1	MatrixEQTL_2.3
chrVIII:175734_A/C	YHR038W	0.0634338253271943	4.61492836080005	4.43956857690855e-06	1.40930490871632e-05	Albert2018_BYxRM_1012_segregants	SI_Data_01_expressionValues_plus_SI_Data_03_genotypes	deterministic_100_gene_subset	MatrixEQTL_cis_trans_v1	MatrixEQTL_2.3
chrXI:399815_A/G	YKL023W	0.0489196463365593	4.58149673838139	5.19490469500762e-06	1.63954795576541e-05	Albert2018_BYxRM_1012_segregants	SI_Data_01_expressionValues_plus_SI_Data_03_genotypes	deterministic_100_gene_subset	MatrixEQTL_cis_trans_v1	MatrixEQTL_2.3
chrXI:401736_C/T	YKL023W	0.047934182519484	4.48957946002492	7.96038446519652e-06	2.49791374597546e-05	Albert2018_BYxRM_1012_segregants	SI_Data_01_expressionValues_plus_SI_Data_03_genotypes	deterministic_100_gene_subset	MatrixEQTL_cis_trans_v1	MatrixEQTL_2.3
chrXV:100171_G/A	YOL114C	-0.0857703936105809	-4.41622051719142	1.11299184292547e-05	3.45280423998468e-05	Albert2018_BYxRM_1012_segregants	SI_Data_01_expressionValues_plus_SI_Data_03_genotypes	deterministic_100_gene_subset	MatrixEQTL_cis_trans_v1	MatrixEQTL_2.3
chrXV:102107_C/T	YOL114C	-0.0857703936105809	-4.41622051719142	1.11299184292547e-05	3.45280423998468e-05	Albert2018_BYxRM_1012_segregants	SI_Data_01_expressionValues_plus_SI_Data_03_genotypes	deterministic_100_gene_subset	MatrixEQTL_cis_trans_v1	MatrixEQTL_2.3
chrXI:393616_T/C	YKL023W	0.0471242296063397	4.41162638957015	1.13641617733307e-05	3.50555498770541e-05	Albert2018_BYxRM_1012_segregants	SI_Data_01_expressionValues_plus_SI_Data_03_genotypes	deterministic_100_gene_subset	MatrixEQTL_cis_trans_v1	MatrixEQTL_2.3
chrXI:395065_A/G	YKL023W	0.0468741790999847	4.38763311725165	1.26661181161493e-05	3.88522499517839e-05	Albert2018_BYxRM_1012_segregants	SI_Data_01_expressionValues_plus_SI_Data_03_genotypes	deterministic_100_gene_subset	MatrixEQTL_cis_trans_v1	MatrixEQTL_2.3
chrXI:392410_A/T	YKL023W	0.0465507214750272	4.35627086764997	1.45840036096421e-05	4.44852847534334e-05	Albert2018_BYxRM_1012_segregants	SI_Data_01_expressionValues_plus_SI_Data_03_genotypes	deterministic_100_gene_subset	MatrixEQTL_cis_trans_v1	MatrixEQTL_2.3
chrVIII:391599_C/T	YHR151C	-0.0389055157434918	-4.32842255504597	1.65167939326653e-05	5.01009415957513e-05	Albert2018_BYxRM_1012_segregants	SI_Data_01_expressionValues_plus_SI_Data_03_genotypes	deterministic_100_gene_subset	MatrixEQTL_cis_trans_v1	MatrixEQTL_2.3
chrXV:104628_A/G	YOL114C	-0.0837071506122725	-4.31094268891797	1.78523677393437e-05	5.38529988159207e-05	Albert2018_BYxRM_1012_segregants	SI_Data_01_expressionValues_plus_SI_Data_03_genotypes	deterministic_100_gene_subset	MatrixEQTL_cis_trans_v1	MatrixEQTL_2.3
chrVIII:389953_C/T	YHR151C	-0.0386210013239014	-4.29621284849143	1.90572353946556e-05	5.71717061839668e-05	Albert2018_BYxRM_1012_segregants	SI_Data_01_expressionValues_plus_SI_Data_03_genotypes	deterministic_100_gene_subset	MatrixEQTL_cis_trans_v1	MatrixEQTL_2.3
chrVIII:404640_C/A	YHR151C	-0.0384855663908951	-4.28185276899774	2.03062607701384e-05	6.05858927895933e-05	Albert2018_BYxRM_1012_segregants	SI_Data_01_expressionValues_plus_SI_Data_03_genotypes	deterministic_100_gene_subset	MatrixEQTL_cis_trans_v1	MatrixEQTL_2.3
chrVIII:406524_C/A	YHR151C	-0.038317792438816	-4.2622417301528	2.21386228899629e-05	6.56939570539116e-05	Albert2018_BYxRM_1012_segregants	SI_Data_01_expressionValues_plus_SI_Data_03_genotypes	deterministic_100_gene_subset	MatrixEQTL_cis_trans_v1	MatrixEQTL_2.3
chrVIII:410129_T/C	YHR151C	-0.0383028616923108	-4.26065452941845	2.22936251303816e-05	6.57963206550723e-05	Albert2018_BYxRM_1012_segregants	SI_Data_01_expressionValues_plus_SI_Data_03_genotypes	deterministic_100_gene_subset	MatrixEQTL_cis_trans_v1	MatrixEQTL_2.3
chrIV:131989_T/C	YDL189W	-0.0409907920183378	-4.23635053342319	2.48002111692473e-05	7.28006198839194e-05	Albert2018_BYxRM_1012_segregants	SI_Data_01_expressionValues_plus_SI_Data_03_genotypes	deterministic_100_gene_subset	MatrixEQTL_cis_trans_v1	MatrixEQTL_2.3
chrVIII:401408_C/T	YHR151C	-0.0380618724569343	-4.23151331295592	2.53301487060175e-05	7.39586160079442e-05	Albert2018_BYxRM_1012_segregants	SI_Data_01_expressionValues_plus_SI_Data_03_genotypes	deterministic_100_gene_subset	MatrixEQTL_cis_trans_v1	MatrixEQTL_2.3
chrVIII:398045_C/T	YHR151C	-0.0378875550567368	-4.2121572839071	2.75606066822031e-05	8.004303855576e-05	Albert2018_BYxRM_1012_segregants	SI_Data_01_expressionValues_plus_SI_Data_03_genotypes	deterministic_100_gene_subset	MatrixEQTL_cis_trans_v1	MatrixEQTL_2.3
chrXV:96613_C/T	YOL114C	-0.0813097987295957	-4.19106414004347	3.02037919849028e-05	8.72553990674968e-05	Albert2018_BYxRM_1012_segregants	SI_Data_01_expressionValues_plus_SI_Data_03_genotypes	deterministic_100_gene_subset	MatrixEQTL_cis_trans_v1	MatrixEQTL_2.3
chrXV:106151_C/G	YOL114C	-0.081306269125408	-4.18283335585751	3.12992413288739e-05	8.99441356082377e-05	Albert2018_BYxRM_1012_segregants	SI_Data_01_expressionValues_plus_SI_Data_03_genotypes	deterministic_100_gene_subset	MatrixEQTL_cis_trans_v1	MatrixEQTL_2.3
chrVIII:395585_T/C	YHR151C	-0.0376061874136518	-4.18111210623416	3.15330568277889e-05	9.01416179475013e-05	Albert2018_BYxRM_1012_segregants	SI_Data_01_expressionValues_plus_SI_Data_03_genotypes	deterministic_100_gene_subset	MatrixEQTL_cis_trans_v1	MatrixEQTL_2.3
chrVIII:399235_GA/G	YHR151C	-0.0371922209714997	-4.13451723657739	3.85320609238586e-05	0.000109575548252223	Albert2018_BYxRM_1012_segregants	SI_Data_01_expressionValues_plus_SI_Data_03_genotypes	deterministic_100_gene_subset	MatrixEQTL_cis_trans_v1	MatrixEQTL_2.3
chrXV:98162_T/G	YOL114C	-0.0796722728768798	-4.10352358567927	4.39801801838001e-05	0.000124420613369714	Albert2018_BYxRM_1012_segregants	SI_Data_01_expressionValues_plus_SI_Data_03_genotypes	deterministic_100_gene_subset	MatrixEQTL_cis_trans_v1	MatrixEQTL_2.3
chrXV:94646_T/A	YOL114C	-0.0792885615749937	-4.09312811460138	4.59659681986359e-05	0.000129368137301316	Albert2018_BYxRM_1012_segregants	SI_Data_01_expressionValues_plus_SI_Data_03_genotypes	deterministic_100_gene_subset	MatrixEQTL_cis_trans_v1	MatrixEQTL_2.3
chrXV:608673_A/G	YOR144C	-0.0757357213364979	-4.08056199605755	4.84801422103104e-05	0.000135744398188869	Albert2018_BYxRM_1012_segregants	SI_Data_01_expressionValues_plus_SI_Data_03_genotypes	deterministic_100_gene_subset	MatrixEQTL_cis_trans_v1	MatrixEQTL_2.3
chrXI:390693_C/G	YKL023W	0.0434921055523914	4.06718410897514	5.12999737132109e-05	0.000142907069629659	Albert2018_BYxRM_1012_segregants	SI_Data_01_expressionValues_plus_SI_Data_03_genotypes	deterministic_100_gene_subset	MatrixEQTL_cis_trans_v1	MatrixEQTL_2.3
chrVIII:393530_A/G	YHR151C	-0.036445025209467	-4.05035193055922	5.50693915320688e-05	0.000152628871961977	Albert2018_BYxRM_1012_segregants	SI_Data_01_expressionValues_plus_SI_Data_03_genotypes	deterministic_100_gene_subset	MatrixEQTL_cis_trans_v1	MatrixEQTL_2.3
chrVII:344309_T/G	YGL094C	-0.0511350792825654	-4.02143378267516	6.21660879094297e-05	0.000171427696962367	Albert2018_BYxRM_1012_segregants	SI_Data_01_expressionValues_plus_SI_Data_03_genotypes	deterministic_100_gene_subset	MatrixEQTL_cis_trans_v1	MatrixEQTL_2.3
chrXV:613096_G/A	YOR144C	-0.0740257635152834	-4.01567987020669	6.36779176442737e-05	0.000174714286601876	Albert2018_BYxRM_1012_segregants	SI_Data_01_expressionValues_plus_SI_Data_03_genotypes	deterministic_100_gene_subset	MatrixEQTL_cis_trans_v1	MatrixEQTL_2.3
chrII:460203_T/C	YBR106W	-0.0399992085764944	-4.00704158886625	6.60132041961661e-05	0.000180216047455533	Albert2018_BYxRM_1012_segregants	SI_Data_01_expressionValues_plus_SI_Data_03_genotypes	deterministic_100_gene_subset	MatrixEQTL_cis_trans_v1	MatrixEQTL_2.3
chrVIII:189768_GA/G	YHR038W	0.0551441495912537	4.00319621069984	6.70786748571935e-05	0.000182213713791182	Albert2018_BYxRM_1012_segregants	SI_Data_01_expressionValues_plus_SI_Data_03_genotypes	deterministic_100_gene_subset	MatrixEQTL_cis_trans_v1	MatrixEQTL_2.3
chrII:460876_G/C	YBR106W	-0.0398644142339579	-3.98320225252509	7.28863352068041e-05	0.000197009599123342	Albert2018_BYxRM_1012_segregants	SI_Data_01_expressionValues_plus_SI_Data_03_genotypes	deterministic_100_gene_subset	MatrixEQTL_cis_trans_v1	MatrixEQTL_2.3
chrXI:389148_A/G	YKL023W	0.04242673824063	3.96693560998891	7.7959496252174e-05	0.000209684162333434	Albert2018_BYxRM_1012_segregants	SI_Data_01_expressionValues_plus_SI_Data_03_genotypes	deterministic_100_gene_subset	MatrixEQTL_cis_trans_v1	MatrixEQTL_2.3
chrXI:387380_A/AAGCGG	YKL023W	0.0420869986514273	3.93492458569442	8.89349639157882e-05	0.000238031815186374	Albert2018_BYxRM_1012_segregants	SI_Data_01_expressionValues_plus_SI_Data_03_genotypes	deterministic_100_gene_subset	MatrixEQTL_cis_trans_v1	MatrixEQTL_2.3
chrXI:385892_A/G	YKL023W	0.0418563869053539	3.91169979254603	9.77963540211494e-05	0.000260472240466086	Albert2018_BYxRM_1012_segregants	SI_Data_01_expressionValues_plus_SI_Data_03_genotypes	deterministic_100_gene_subset	MatrixEQTL_cis_trans_v1	MatrixEQTL_2.3
chrXI:384867_G/T	YKL023W	0.0416864631115354	3.89569484944237	0.000104382063248551	0.000276663138513149	Albert2018_BYxRM_1012_segregants	SI_Data_01_expressionValues_plus_SI_Data_03_genotypes	deterministic_100_gene_subset	MatrixEQTL_cis_trans_v1	MatrixEQTL_2.3
chrVII:329449_G/A	YGL094C	-0.0495248568668142	-3.89104799068493	0.000106371311999706	0.000280573605564442	Albert2018_BYxRM_1012_segregants	SI_Data_01_expressionValues_plus_SI_Data_03_genotypes	deterministic_100_gene_subset	MatrixEQTL_cis_trans_v1	MatrixEQTL_2.3
chrII:462587_G/A	YBR106W	-0.0389609380927807	-3.87616472089028	0.000112986473973404	0.000296589494180186	Albert2018_BYxRM_1012_segregants	SI_Data_01_expressionValues_plus_SI_Data_03_genotypes	deterministic_100_gene_subset	MatrixEQTL_cis_trans_v1	MatrixEQTL_2.3
chrVIII:192973_G/A	YHR038W	0.0524110242258968	3.79970785660144	0.000153551428129761	0.000401143922291146	Albert2018_BYxRM_1012_segregants	SI_Data_01_expressionValues_plus_SI_Data_03_genotypes	deterministic_100_gene_subset	MatrixEQTL_cis_trans_v1	MatrixEQTL_2.3
chrXV:108945_C/T	YOL114C	-0.0733676729926433	-3.77100542808718	0.000172057720909122	0.000447350074363718	Albert2018_BYxRM_1012_segregants	SI_Data_01_expressionValues_plus_SI_Data_03_genotypes	deterministic_100_gene_subset	MatrixEQTL_cis_trans_v1	MatrixEQTL_2.3
chrIV:590898_T/C	YDR065W	0.0506720291007807	3.75775124883296	0.000181295050386585	0.0004691331635596	Albert2018_BYxRM_1012_segregants	SI_Data_01_expressionValues_plus_SI_Data_03_genotypes	deterministic_100_gene_subset	MatrixEQTL_cis_trans_v1	MatrixEQTL_2.3
chrXV:611572_A/G	YOR144C	-0.0689210016212716	-3.73415300391743	0.000198907727216441	0.000512281221981966	Albert2018_BYxRM_1012_segregants	SI_Data_01_expressionValues_plus_SI_Data_03_genotypes	deterministic_100_gene_subset	MatrixEQTL_cis_trans_v1	MatrixEQTL_2.3
chrXV:111293_C/T	YOL114C	-0.0720674359372685	-3.70242964098811	0.000225131228567832	0.000577096952103457	Albert2018_BYxRM_1012_segregants	SI_Data_01_expressionValues_plus_SI_Data_03_genotypes	deterministic_100_gene_subset	MatrixEQTL_cis_trans_v1	MatrixEQTL_2.3
chrXV:110932_G/A	YOL114C	-0.0719910375052045	-3.69941899705184	0.000227782013293466	0.000581163454477721	Albert2018_BYxRM_1012_segregants	SI_Data_01_expressionValues_plus_SI_Data_03_genotypes	deterministic_100_gene_subset	MatrixEQTL_cis_trans_v1	MatrixEQTL_2.3
chrII:458104_G/A	YBR106W	-0.0369273519938181	-3.6943297510995	0.000232329770924379	0.000590009557789353	Albert2018_BYxRM_1012_segregants	SI_Data_01_expressionValues_plus_SI_Data_03_genotypes	deterministic_100_gene_subset	MatrixEQTL_cis_trans_v1	MatrixEQTL_2.3
chrII:456662_G/A	YBR106W	-0.0367811105875911	-3.6816203712604	0.000244062328228227	0.000616935329688017	Albert2018_BYxRM_1012_segregants	SI_Data_01_expressionValues_plus_SI_Data_03_genotypes	deterministic_100_gene_subset	MatrixEQTL_cis_trans_v1	MatrixEQTL_2.3
chrXIII:748562_C/T	YMR237W	-0.0310729850557645	-3.67430468710661	0.000251065857776242	0.000631714093759576	Albert2018_BYxRM_1012_segregants	SI_Data_01_expressionValues_plus_SI_Data_03_genotypes	deterministic_100_gene_subset	MatrixEQTL_cis_trans_v1	MatrixEQTL_2.3
chrIV:588465_A/G	YDR065W	0.0495381174183658	3.67178775556836	0.000253518727238069	0.000634959748036632	Albert2018_BYxRM_1012_segregants	SI_Data_01_expressionValues_plus_SI_Data_03_genotypes	deterministic_100_gene_subset	MatrixEQTL_cis_trans_v1	MatrixEQTL_2.3
chrII:455407_A/T	YBR106W	-0.0359224904329879	-3.63015273735463	0.000297505348033008	0.000741725662219279	Albert2018_BYxRM_1012_segregants	SI_Data_01_expressionValues_plus_SI_Data_03_genotypes	deterministic_100_gene_subset	MatrixEQTL_cis_trans_v1	MatrixEQTL_2.3
chrXV:610420_C/A	YOR144C	-0.0672242219376571	-3.626949148072	0.000301170875324512	0.000747451354214471	Albert2018_BYxRM_1012_segregants	SI_Data_01_expressionValues_plus_SI_Data_03_genotypes	deterministic_100_gene_subset	MatrixEQTL_cis_trans_v1	MatrixEQTL_2.3
chrVII:206716_T/C	YGL157W	0.0571246970347628	3.54648362280204	0.00040838172473638	0.00100439829597326	Albert2018_BYxRM_1012_segregants	SI_Data_01_expressionValues_plus_SI_Data_03_genotypes	deterministic_100_gene_subset	MatrixEQTL_cis_trans_v1	MatrixEQTL_2.3
chrVII:208001_C/A	YGL157W	0.0571246970347628	3.54648362280204	0.00040838172473638	0.00100439829597326	Albert2018_BYxRM_1012_segregants	SI_Data_01_expressionValues_plus_SI_Data_03_genotypes	deterministic_100_gene_subset	MatrixEQTL_cis_trans_v1	MatrixEQTL_2.3
chrVII:217457_A/G	YGL157W	0.0570012493760008	3.53404720579178	0.000427838035555097	0.00104753169243535	Albert2018_BYxRM_1012_segregants	SI_Data_01_expressionValues_plus_SI_Data_03_genotypes	deterministic_100_gene_subset	MatrixEQTL_cis_trans_v1	MatrixEQTL_2.3
chrVII:216137_T/A	YGL157W	0.0562475196904017	3.48809795756514	0.000507496854436228	0.0012370235826883	Albert2018_BYxRM_1012_segregants	SI_Data_01_expressionValues_plus_SI_Data_03_genotypes	deterministic_100_gene_subset	MatrixEQTL_cis_trans_v1	MatrixEQTL_2.3
chrIV:580820_T/A	YDR065W	0.0468951272922209	3.47204033786177	0.000538457660157145	0.0013024066250053	Albert2018_BYxRM_1012_segregants	SI_Data_01_expressionValues_plus_SI_Data_03_genotypes	deterministic_100_gene_subset	MatrixEQTL_cis_trans_v1	MatrixEQTL_2.3
chrV:491806_T/C	YER155C	-0.044409888844415	-3.47172074678346	0.000539091386906954	0.0013024066250053	Albert2018_BYxRM_1012_segregants	SI_Data_01_expressionValues_plus_SI_Data_03_genotypes	deterministic_100_gene_subset	MatrixEQTL_cis_trans_v1	MatrixEQTL_2.3
chrIV:584012_T/C	YDR065W	0.0468481214000686	3.46839935732027	0.000545718796825722	0.00131260996945746	Albert2018_BYxRM_1012_segregants	SI_Data_01_expressionValues_plus_SI_Data_03_genotypes	deterministic_100_gene_subset	MatrixEQTL_cis_trans_v1	MatrixEQTL_2.3
chrIV:579699_C/T	YDR065W	0.0467345162001116	3.45955713056996	0.000563734746216048	0.00134999636593843	Albert2018_BYxRM_1012_segregants	SI_Data_01_expressionValues_plus_SI_Data_03_genotypes	deterministic_100_gene_subset	MatrixEQTL_cis_trans_v1	MatrixEQTL_2.3
chrII:454135_T/C	YBR106W	-0.0341130636321631	-3.45659610366209	0.000569890758919091	0.0013587788400429	Albert2018_BYxRM_1012_segregants	SI_Data_01_expressionValues_plus_SI_Data_03_genotypes	deterministic_100_gene_subset	MatrixEQTL_cis_trans_v1	MatrixEQTL_2.3
chrVII:218961_T/G	YGL157W	0.0552292583804811	3.42344108537846	0.000643236647113293	0.00152698786662547	Albert2018_BYxRM_1012_segregants	SI_Data_01_expressionValues_plus_SI_Data_03_genotypes	deterministic_100_gene_subset	MatrixEQTL_cis_trans_v1	MatrixEQTL_2.3
chrII:453044_C/T	YBR106W	-0.0338036312672217	-3.41120451120121	0.000672460803503814	0.00158945280828174	Albert2018_BYxRM_1012_segregants	SI_Data_01_expressionValues_plus_SI_Data_03_genotypes	deterministic_100_gene_subset	MatrixEQTL_cis_trans_v1	MatrixEQTL_2.3
chrIV:582466_T/G	YDR065W	0.0460435717598291	3.40845624697924	0.000679192197616627	0.00159844370645982	Albert2018_BYxRM_1012_segregants	SI_Data_01_expressionValues_plus_SI_Data_03_genotypes	deterministic_100_gene_subset	MatrixEQTL_cis_trans_v1	MatrixEQTL_2.3
chrVII:209011_T/C	YGL157W	0.054725378554344	3.39545036763432	0.000711907185357851	0.00166824602234072	Albert2018_BYxRM_1012_segregants	SI_Data_01_expressionValues_plus_SI_Data_03_genotypes	deterministic_100_gene_subset	MatrixEQTL_cis_trans_v1	MatrixEQTL_2.3
chrXIII:408241_G/A	YMR065W	0.0487934237704429	3.37014635154851	0.00077979831852012	0.00181952940988028	Albert2018_BYxRM_1012_segregants	SI_Data_01_expressionValues_plus_SI_Data_03_genotypes	deterministic_100_gene_subset	MatrixEQTL_cis_trans_v1	MatrixEQTL_2.3
chrII:451343_G/A	YBR106W	-0.0333772190496907	-3.35881604521247	0.000812108096270524	0.00188685540665407	Albert2018_BYxRM_1012_segregants	SI_Data_01_expressionValues_plus_SI_Data_03_genotypes	deterministic_100_gene_subset	MatrixEQTL_cis_trans_v1	MatrixEQTL_2.3
chrV:488534_A/G	YER155C	-0.0426451239790055	-3.33622055001236	0.000880288142846858	0.00203659883895926	Albert2018_BYxRM_1012_segregants	SI_Data_01_expressionValues_plus_SI_Data_03_genotypes	deterministic_100_gene_subset	MatrixEQTL_cis_trans_v1	MatrixEQTL_2.3
chrVII:211876_A/G	YGL157W	0.0534065654435264	3.31063976485858	0.000963871546788488	0.00222056482931019	Albert2018_BYxRM_1012_segregants	SI_Data_01_expressionValues_plus_SI_Data_03_genotypes	deterministic_100_gene_subset	MatrixEQTL_cis_trans_v1	MatrixEQTL_2.3
chrVII:213787_CA/C	YGL157W	0.0533090280813462	3.30316677038519	0.000989643965280422	0.00227035968505509	Albert2018_BYxRM_1012_segregants	SI_Data_01_expressionValues_plus_SI_Data_03_genotypes	deterministic_100_gene_subset	MatrixEQTL_cis_trans_v1	MatrixEQTL_2.3
chrVII:203122_G/C	YGL157W	0.0531846141362022	3.29816524140304	0.00100724831519601	0.00229148991707091	Albert2018_BYxRM_1012_segregants	SI_Data_01_expressionValues_plus_SI_Data_03_genotypes	deterministic_100_gene_subset	MatrixEQTL_cis_trans_v1	MatrixEQTL_2.3
chrVII:205031_C/T	YGL157W	0.0531846141362022	3.29816524140304	0.00100724831519601	0.00229148991707091	Albert2018_BYxRM_1012_segregants	SI_Data_01_expressionValues_plus_SI_Data_03_genotypes	deterministic_100_gene_subset	MatrixEQTL_cis_trans_v1	MatrixEQTL_2.3
chrIX:139458_T/C	YIL114C	-0.0355154878298668	-3.27724550374217	0.00108407426453639	0.0024560354706924	Albert2018_BYxRM_1012_segregants	SI_Data_01_expressionValues_plus_SI_Data_03_genotypes	deterministic_100_gene_subset	MatrixEQTL_cis_trans_v1	MatrixEQTL_2.3
chrX:386167_A/G	YJL029C	0.0316390480967165	3.23602737538089	0.00125156246531646	0.00282377316554871	Albert2018_BYxRM_1012_segregants	SI_Data_01_expressionValues_plus_SI_Data_03_genotypes	deterministic_100_gene_subset	MatrixEQTL_cis_trans_v1	MatrixEQTL_2.3
chrVII:199882_A/G	YGL157W	0.0519543359193278	3.22164788823875	0.0013154133597866	0.00295562014174273	Albert2018_BYxRM_1012_segregants	SI_Data_01_expressionValues_plus_SI_Data_03_genotypes	deterministic_100_gene_subset	MatrixEQTL_cis_trans_v1	MatrixEQTL_2.3
chrVII:534966_G/A	YGR025W	0.0730950901166848	3.18152723166417	0.00150982539597492	0.00337854371394387	Albert2018_BYxRM_1012_segregants	SI_Data_01_expressionValues_plus_SI_Data_03_genotypes	deterministic_100_gene_subset	MatrixEQTL_cis_trans_v1	MatrixEQTL_2.3
chrVII:1009496_G/A	YGR261C	0.0331856253778047	3.1481682613647	0.00169130026958186	0.0037691834579253	Albert2018_BYxRM_1012_segregants	SI_Data_01_expressionValues_plus_SI_Data_03_genotypes	deterministic_100_gene_subset	MatrixEQTL_cis_trans_v1	MatrixEQTL_2.3
chrIV:575468_A/C	YDR065W	0.0424065146691925	3.13577012902167	0.00176372095810515	0.00391460017530655	Albert2018_BYxRM_1012_segregants	SI_Data_01_expressionValues_plus_SI_Data_03_genotypes	deterministic_100_gene_subset	MatrixEQTL_cis_trans_v1	MatrixEQTL_2.3
chrX:382599_T/C	YJL029C	0.0301053903548055	3.07546288624913	0.00215845467361369	0.00477132085746184	Albert2018_BYxRM_1012_segregants	SI_Data_01_expressionValues_plus_SI_Data_03_genotypes	deterministic_100_gene_subset	MatrixEQTL_cis_trans_v1	MatrixEQTL_2.3
chrXII:855542_T/C	YLR360W	0.0428824735468177	3.0608310980824	0.00226573380654979	0.00498826878377493	Albert2018_BYxRM_1012_segregants	SI_Data_01_expressionValues_plus_SI_Data_03_genotypes	deterministic_100_gene_subset	MatrixEQTL_cis_trans_v1	MatrixEQTL_2.3
chrV:485312_T/C	YER155C	-0.0389644754631117	-3.04360508598669	0.00239829307043526	0.00525890769661708	Albert2018_BYxRM_1012_segregants	SI_Data_01_expressionValues_plus_SI_Data_03_genotypes	deterministic_100_gene_subset	MatrixEQTL_cis_trans_v1	MatrixEQTL_2.3
chrXII:846079_G/A	YLR360W	0.0432955979480873	3.0407845890187	0.00242066300153909	0.00528672799536138	Albert2018_BYxRM_1012_segregants	SI_Data_01_expressionValues_plus_SI_Data_03_genotypes	deterministic_100_gene_subset	MatrixEQTL_cis_trans_v1	MatrixEQTL_2.3
chrXII:852843_A/C	YLR360W	0.0430438892807741	3.03307307702864	0.00248280442595417	0.00540084150028277	Albert2018_BYxRM_1012_segregants	SI_Data_01_expressionValues_plus_SI_Data_03_genotypes	deterministic_100_gene_subset	MatrixEQTL_cis_trans_v1	MatrixEQTL_2.3
chrXII:848908_C/G	YLR360W	0.0433336963136313	3.0310287817674	0.00249952124581812	0.00541562936593925	Albert2018_BYxRM_1012_segregants	SI_Data_01_expressionValues_plus_SI_Data_03_genotypes	deterministic_100_gene_subset	MatrixEQTL_cis_trans_v1	MatrixEQTL_2.3
chrXII:850558_G/A	YLR360W	0.0426885563721759	3.00024119588519	0.00276407085162632	0.00596514895252162	Albert2018_BYxRM_1012_segregants	SI_Data_01_expressionValues_plus_SI_Data_03_genotypes	deterministic_100_gene_subset	MatrixEQTL_cis_trans_v1	MatrixEQTL_2.3
chrV:38956_G/A	YEL064C	0.0330804664540726	2.98828933162783	0.0028734963270908	0.00617688580547864	Albert2018_BYxRM_1012_segregants	SI_Data_01_expressionValues_plus_SI_Data_03_genotypes	deterministic_100_gene_subset	MatrixEQTL_cis_trans_v1	MatrixEQTL_2.3
chrVII:1008418_T/G	YGR261C	0.0314739377726704	2.98577739701346	0.00289699218061088	0.00620297149260211	Albert2018_BYxRM_1012_segregants	SI_Data_01_expressionValues_plus_SI_Data_03_genotypes	deterministic_100_gene_subset	MatrixEQTL_cis_trans_v1	MatrixEQTL_2.3
chrV:41138_C/T	YEL064C	0.0330174928744132	2.98133565763795	0.00293896908996991	0.00626827001220146	Albert2018_BYxRM_1012_segregants	SI_Data_01_expressionValues_plus_SI_Data_03_genotypes	deterministic_100_gene_subset	MatrixEQTL_cis_trans_v1	MatrixEQTL_2.3
chrII:447876_G/A	YBR106W	-0.029239194723489	-2.97783603315162	0.00297243320923613	0.00631105727895357	Albert2018_BYxRM_1012_segregants	SI_Data_01_expressionValues_plus_SI_Data_03_genotypes	deterministic_100_gene_subset	MatrixEQTL_cis_trans_v1	MatrixEQTL_2.3
chrXIII:400173_C/T	YMR065W	0.043119238562626	2.97682682427565	0.00298214794500004	0.00631105727895357	Albert2018_BYxRM_1012_segregants	SI_Data_01_expressionValues_plus_SI_Data_03_genotypes	deterministic_100_gene_subset	MatrixEQTL_cis_trans_v1	MatrixEQTL_2.3
chrXIII:402574_A/T	YMR065W	0.0430408445110098	2.97062260359975	0.00304251043877835	0.0063896526144112	Albert2018_BYxRM_1012_segregants	SI_Data_01_expressionValues_plus_SI_Data_03_genotypes	deterministic_100_gene_subset	MatrixEQTL_cis_trans_v1	MatrixEQTL_2.3
chrV:36245_T/A	YEL064C	0.0328950084204962	2.97060414087138	0.00304269172114819	0.0063896526144112	Albert2018_BYxRM_1012_segregants	SI_Data_01_expressionValues_plus_SI_Data_03_genotypes	deterministic_100_gene_subset	MatrixEQTL_cis_trans_v1	MatrixEQTL_2.3
chrX:388820_A/C	YJL029C	0.0286983302705374	2.93505516727975	0.00341061752940418	0.0071348550615122	Albert2018_BYxRM_1012_segregants	SI_Data_01_expressionValues_plus_SI_Data_03_genotypes	deterministic_100_gene_subset	MatrixEQTL_cis_trans_v1	MatrixEQTL_2.3
chrII:333382_T/A	YBR048W	0.0265684060307663	2.92521676046913	0.00351937750478231	0.0073342752580578	Albert2018_BYxRM_1012_segregants	SI_Data_01_expressionValues_plus_SI_Data_03_genotypes	deterministic_100_gene_subset	MatrixEQTL_cis_trans_v1	MatrixEQTL_2.3
chrVII:531192_T/A	YGR025W	0.0669848978002392	2.91272333737213	0.00366204011457217	0.00760256236713462	Albert2018_BYxRM_1012_segregants	SI_Data_01_expressionValues_plus_SI_Data_03_genotypes	deterministic_100_gene_subset	MatrixEQTL_cis_trans_v1	MatrixEQTL_2.3
chrVII:529383_A/G	YGR025W	0.0667974045574982	2.90521909918955	0.0037502428923894	0.00775618416380535	Albert2018_BYxRM_1012_segregants	SI_Data_01_expressionValues_plus_SI_Data_03_genotypes	deterministic_100_gene_subset	MatrixEQTL_cis_trans_v1	MatrixEQTL_2.3
chrV:483728_C/T	YER155C	-0.037145836376937	-2.90117185408786	0.0037986117602251	0.00782657366446378	Albert2018_BYxRM_1012_segregants	SI_Data_01_expressionValues_plus_SI_Data_03_genotypes	deterministic_100_gene_subset	MatrixEQTL_cis_trans_v1	MatrixEQTL_2.3
chrXI:528000_C/T	YKR043C	0.0266664767427936	2.88030903842199	0.00405707000448091	0.00832767000919766	Albert2018_BYxRM_1012_segregants	SI_Data_01_expressionValues_plus_SI_Data_03_genotypes	deterministic_100_gene_subset	MatrixEQTL_cis_trans_v1	MatrixEQTL_2.3
chrX:380280_T/C	YJL029C	0.0281458785785676	2.87379031322994	0.0041410454001604	0.008468205200328	Albert2018_BYxRM_1012_segregants	SI_Data_01_expressionValues_plus_SI_Data_03_genotypes	deterministic_100_gene_subset	MatrixEQTL_cis_trans_v1	MatrixEQTL_2.3
chrXI:530304_C/T	YKR043C	0.0267005489190736	2.87208033784157	0.0041633335741146	0.00848201541592004	Albert2018_BYxRM_1012_segregants	SI_Data_01_expressionValues_plus_SI_Data_03_genotypes	deterministic_100_gene_subset	MatrixEQTL_cis_trans_v1	MatrixEQTL_2.3
chrV:33002_A/C	YEL064C	0.0317155944347179	2.86555073545136	0.00424944810243402	0.00862527384360214	Albert2018_BYxRM_1012_segregants	SI_Data_01_expressionValues_plus_SI_Data_03_genotypes	deterministic_100_gene_subset	MatrixEQTL_cis_trans_v1	MatrixEQTL_2.3
chrV:481570_A/G	YER155C	-0.0365612057852157	-2.85174255600339	0.00443690542172572	0.008972408741712	Albert2018_BYxRM_1012_segregants	SI_Data_01_expressionValues_plus_SI_Data_03_genotypes	deterministic_100_gene_subset	MatrixEQTL_cis_trans_v1	MatrixEQTL_2.3
chrXIV:341764_G/C	YNL157W	-0.0296620555324443	-2.84624240969923	0.0045136417091197	0.00909390543608619	Albert2018_BYxRM_1012_segregants	SI_Data_01_expressionValues_plus_SI_Data_03_genotypes	deterministic_100_gene_subset	MatrixEQTL_cis_trans_v1	MatrixEQTL_2.3
chrII:332940_C/G	YBR048W	0.0255549860453064	2.81544326648673	0.00496602801633022	0.00996857094454522	Albert2018_BYxRM_1012_segregants	SI_Data_01_expressionValues_plus_SI_Data_03_genotypes	deterministic_100_gene_subset	MatrixEQTL_cis_trans_v1	MatrixEQTL_2.3
chrX:391631_GA/G	YJL029C	0.0267369275650711	2.74183011924926	0.00621807098563729	0.0124361419712746	Albert2018_BYxRM_1012_segregants	SI_Data_01_expressionValues_plus_SI_Data_03_genotypes	deterministic_100_gene_subset	MatrixEQTL_cis_trans_v1	MatrixEQTL_2.3
chrIII:49400_C/T	YCL049C	-0.0414159828003345	-2.72022124827657	0.00663618171504566	0.0132239241474998	Albert2018_BYxRM_1012_segregants	SI_Data_01_expressionValues_plus_SI_Data_03_genotypes	deterministic_100_gene_subset	MatrixEQTL_cis_trans_v1	MatrixEQTL_2.3
chrXIV:333748_A/G	YNL157W	-0.0282602310976211	-2.71084454976799	0.00682536064636654	0.013551443319695	Albert2018_BYxRM_1012_segregants	SI_Data_01_expressionValues_plus_SI_Data_03_genotypes	deterministic_100_gene_subset	MatrixEQTL_cis_trans_v1	MatrixEQTL_2.3
chrXIII:398430_A/G	YMR065W	0.0389668813140016	2.68740055943122	0.00731976313311008	0.0144804009807178	Albert2018_BYxRM_1012_segregants	SI_Data_01_expressionValues_plus_SI_Data_03_genotypes	deterministic_100_gene_subset	MatrixEQTL_cis_trans_v1	MatrixEQTL_2.3
chrXII:857000_T/A	YLR360W	0.0370490594436796	2.6649866289914	0.00782229080626105	0.0154186670766012	Albert2018_BYxRM_1012_segregants	SI_Data_01_expressionValues_plus_SI_Data_03_genotypes	deterministic_100_gene_subset	MatrixEQTL_cis_trans_v1	MatrixEQTL_2.3
chrXV:935504_C/T	YOR329C	-0.0316300684038343	-2.6589817325774	0.00796207809132359	0.0156377504959089	Albert2018_BYxRM_1012_segregants	SI_Data_01_expressionValues_plus_SI_Data_03_genotypes	deterministic_100_gene_subset	MatrixEQTL_cis_trans_v1	MatrixEQTL_2.3
chrVII:1006351_A/G	YGR261C	0.0278407346376239	2.6405882763422	0.00840430483787682	0.0164471341988557	Albert2018_BYxRM_1012_segregants	SI_Data_01_expressionValues_plus_SI_Data_03_genotypes	deterministic_100_gene_subset	MatrixEQTL_cis_trans_v1	MatrixEQTL_2.3
chrIV:452803_T/C	YDR004W	-0.022068318447546	-2.63206422552416	0.00861660806133866	0.0168023857196104	Albert2018_BYxRM_1012_segregants	SI_Data_01_expressionValues_plus_SI_Data_03_genotypes	deterministic_100_gene_subset	MatrixEQTL_cis_trans_v1	MatrixEQTL_2.3
chrX:394341_T/C	YJL029C	0.0256598043657675	2.62319692639356	0.00884254331808641	0.0171815966251786	Albert2018_BYxRM_1012_segregants	SI_Data_01_expressionValues_plus_SI_Data_03_genotypes	deterministic_100_gene_subset	MatrixEQTL_cis_trans_v1	MatrixEQTL_2.3
chrV:475736_C/T	YER155C	-0.0335559739640834	-2.61653423168076	0.00901577830727348	0.0174560814034444	Albert2018_BYxRM_1012_segregants	SI_Data_01_expressionValues_plus_SI_Data_03_genotypes	deterministic_100_gene_subset	MatrixEQTL_cis_trans_v1	MatrixEQTL_2.3
chrII:323106_C/T	YBR048W	0.0235661629398779	2.61387434680728	0.00908578070239149	0.0175294567615044	Albert2018_BYxRM_1012_segregants	SI_Data_01_expressionValues_plus_SI_Data_03_genotypes	deterministic_100_gene_subset	MatrixEQTL_cis_trans_v1	MatrixEQTL_2.3
chrXVI:429879_C/T	YPL063W	0.0177222338246808	2.60977684758705	0.00919456916264872	0.0176768829676275	Albert2018_BYxRM_1012_segregants	SI_Data_01_expressionValues_plus_SI_Data_03_genotypes	deterministic_100_gene_subset	MatrixEQTL_cis_trans_v1	MatrixEQTL_2.3
chrXII:378260_T/C	YLR112W	0.0629767743506936	2.57654686943688	0.0101207163893337	0.0193891619248288	Albert2018_BYxRM_1012_segregants	SI_Data_01_expressionValues_plus_SI_Data_03_genotypes	deterministic_100_gene_subset	MatrixEQTL_cis_trans_v1	MatrixEQTL_2.3
chrIV:446954_G/A	YDR004W	-0.0215757951021962	-2.57244296024968	0.0102406845091773	0.0194822778467275	Albert2018_BYxRM_1012_segregants	SI_Data_01_expressionValues_plus_SI_Data_03_genotypes	deterministic_100_gene_subset	MatrixEQTL_cis_trans_v1	MatrixEQTL_2.3
chrIV:449650_G/T	YDR004W	-0.0215757951021962	-2.57244296024968	0.0102406845091773	0.0194822778467275	Albert2018_BYxRM_1012_segregants	SI_Data_01_expressionValues_plus_SI_Data_03_genotypes	deterministic_100_gene_subset	MatrixEQTL_cis_trans_v1	MatrixEQTL_2.3
chrXVI:428880_A/G	YPL063W	0.0174593832526359	2.57019834757398	0.0103068353825727	0.0195400420794607	Albert2018_BYxRM_1012_segregants	SI_Data_01_expressionValues_plus_SI_Data_03_genotypes	deterministic_100_gene_subset	MatrixEQTL_cis_trans_v1	MatrixEQTL_2.3
chrIV:455618_T/C	YDR004W	-0.0215270268740367	-2.5674957737788	0.0103869879889709	0.019623859660824	Albert2018_BYxRM_1012_segregants	SI_Data_01_expressionValues_plus_SI_Data_03_genotypes	deterministic_100_gene_subset	MatrixEQTL_cis_trans_v1	MatrixEQTL_2.3
chrXIV:331411_T/C	YNL157W	-0.0267217088004159	-2.56085569054706	0.01058628250455	0.0199314146464975	Albert2018_BYxRM_1012_segregants	SI_Data_01_expressionValues_plus_SI_Data_03_genotypes	deterministic_100_gene_subset	MatrixEQTL_cis_trans_v1	MatrixEQTL_2.3
chrIII:39540_C/A	YCL049C	-0.0388644625900543	-2.54983684371452	0.0109245244439316	0.0204975613277893	Albert2018_BYxRM_1012_segregants	SI_Data_01_expressionValues_plus_SI_Data_03_genotypes	deterministic_100_gene_subset	MatrixEQTL_cis_trans_v1	MatrixEQTL_2.3
chrV:28988_C/T	YEL064C	0.0280983505553364	2.53794815529403	0.0113002241394153	0.0211197486849076	Albert2018_BYxRM_1012_segregants	SI_Data_01_expressionValues_plus_SI_Data_03_genotypes	deterministic_100_gene_subset	MatrixEQTL_cis_trans_v1	MatrixEQTL_2.3
chrXVI:434269_A/T	YPL063W	0.0172070125710021	2.53628386650926	0.0113537247129311	0.0211197486849076	Albert2018_BYxRM_1012_segregants	SI_Data_01_expressionValues_plus_SI_Data_03_genotypes	deterministic_100_gene_subset	MatrixEQTL_cis_trans_v1	MatrixEQTL_2.3
chrII:325550_A/G	YBR048W	0.0229105130237388	2.53571161574561	0.0113721723687964	0.0211197486849076	Albert2018_BYxRM_1012_segregants	SI_Data_01_expressionValues_plus_SI_Data_03_genotypes	deterministic_100_gene_subset	MatrixEQTL_cis_trans_v1	MatrixEQTL_2.3
chrII:328908_A/G	YBR048W	0.0228921916637001	2.52302393462312	0.0117880888640411	0.0218179543042929	Albert2018_BYxRM_1012_segregants	SI_Data_01_expressionValues_plus_SI_Data_03_genotypes	deterministic_100_gene_subset	MatrixEQTL_cis_trans_v1	MatrixEQTL_2.3
chrXVI:427120_G/A	YPL063W	0.0170855054935364	2.51493246735712	0.0120603407561123	0.0221741124391331	Albert2018_BYxRM_1012_segregants	SI_Data_01_expressionValues_plus_SI_Data_03_genotypes	deterministic_100_gene_subset	MatrixEQTL_cis_trans_v1	MatrixEQTL_2.3
chrII:337567_A/G	YBR048W	0.0229496391431041	2.51489122876705	0.0120617424806273	0.0221741124391331	Albert2018_BYxRM_1012_segregants	SI_Data_01_expressionValues_plus_SI_Data_03_genotypes	deterministic_100_gene_subset	MatrixEQTL_cis_trans_v1	MatrixEQTL_2.3
chrXII:842401_G/A	YLR360W	0.0360051561445756	2.4956562686102	0.0127315297302241	0.0233268967540348	Albert2018_BYxRM_1012_segregants	SI_Data_01_expressionValues_plus_SI_Data_03_genotypes	deterministic_100_gene_subset	MatrixEQTL_cis_trans_v1	MatrixEQTL_2.3
chrIV:830274_A/T	YDR180W	-0.0406060030089518	-2.49287990788357	0.0128308810059629	0.0234303044456714	Albert2018_BYxRM_1012_segregants	SI_Data_01_expressionValues_plus_SI_Data_03_genotypes	deterministic_100_gene_subset	MatrixEQTL_cis_trans_v1	MatrixEQTL_2.3
chrIV:464012_C/T	YDR004W	-0.0208542739371534	-2.48732745978828	0.0130316369199151	0.0237175791942454	Albert2018_BYxRM_1012_segregants	SI_Data_01_expressionValues_plus_SI_Data_03_genotypes	deterministic_100_gene_subset	MatrixEQTL_cis_trans_v1	MatrixEQTL_2.3
chrII:331557_G/A	YBR048W	0.0223492768836151	2.46182553383976	0.0139898625125709	0.025376959906524	Albert2018_BYxRM_1012_segregants	SI_Data_01_expressionValues_plus_SI_Data_03_genotypes	deterministic_100_gene_subset	MatrixEQTL_cis_trans_v1	MatrixEQTL_2.3
chrXIII:396680_C/G	YMR065W	0.0355349467617824	2.44910871937766	0.0144905686143641	0.0261981803425258	Albert2018_BYxRM_1012_segregants	SI_Data_01_expressionValues_plus_SI_Data_03_genotypes	deterministic_100_gene_subset	MatrixEQTL_cis_trans_v1	MatrixEQTL_2.3
chrXVI:436384_A/AT	YPL063W	0.016580649511248	2.44434381510434	0.0146822168368586	0.0264570640030521	Albert2018_BYxRM_1012_segregants	SI_Data_01_expressionValues_plus_SI_Data_03_genotypes	deterministic_100_gene_subset	MatrixEQTL_cis_trans_v1	MatrixEQTL_2.3
chrV:24870_G/A	YEL064C	0.0270161163652316	2.43583401313903	0.0150300597821516	0.0269947784245222	Albert2018_BYxRM_1012_segregants	SI_Data_01_expressionValues_plus_SI_Data_03_genotypes	deterministic_100_gene_subset	MatrixEQTL_cis_trans_v1	MatrixEQTL_2.3
chrXII:840073_T/C	YLR360W	0.0352443650318769	2.4332152307375	0.0151385569631979	0.027100498694774	Albert2018_BYxRM_1012_segregants	SI_Data_01_expressionValues_plus_SI_Data_03_genotypes	deterministic_100_gene_subset	MatrixEQTL_cis_trans_v1	MatrixEQTL_2.3
chrIV:465690_G/A	YDR004W	-0.020189226242788	-2.40781446162076	0.0162272868345805	0.0289545706264083	Albert2018_BYxRM_1012_segregants	SI_Data_01_expressionValues_plus_SI_Data_03_genotypes	deterministic_100_gene_subset	MatrixEQTL_cis_trans_v1	MatrixEQTL_2.3
chrII:326754_A/G	YBR048W	0.0217097359596745	2.40435754416358	0.0163806629185534	0.0291330356792513	Albert2018_BYxRM_1012_segregants	SI_Data_01_expressionValues_plus_SI_Data_03_genotypes	deterministic_100_gene_subset	MatrixEQTL_cis_trans_v1	MatrixEQTL_2.3
chrII:327403_C/T	YBR048W	0.0216122623542885	2.3949149088128	0.0168061313843119	0.0297926874540075	Albert2018_BYxRM_1012_segregants	SI_Data_01_expressionValues_plus_SI_Data_03_genotypes	deterministic_100_gene_subset	MatrixEQTL_cis_trans_v1	MatrixEQTL_2.3
chrX:658094_G/A	YJR123W	-0.0181860396018547	-2.34321859305608	0.0193119866986774	0.0340821030128636	Albert2018_BYxRM_1012_segregants	SI_Data_01_expressionValues_plus_SI_Data_03_genotypes	deterministic_100_gene_subset	MatrixEQTL_cis_trans_v1	MatrixEQTL_2.3
chrXI:525645_T/C	YKR043C	0.0216664287071705	2.34246826322432	0.0193506445677431	0.0340821030128636	Albert2018_BYxRM_1012_segregants	SI_Data_01_expressionValues_plus_SI_Data_03_genotypes	deterministic_100_gene_subset	MatrixEQTL_cis_trans_v1	MatrixEQTL_2.3
chrVIII:517419_G/A	YHR209W	0.0512285095517498	2.30858982017832	0.0211681464352586	0.0371633696258881	Albert2018_BYxRM_1012_segregants	SI_Data_01_expressionValues_plus_SI_Data_03_genotypes	deterministic_100_gene_subset	MatrixEQTL_cis_trans_v1	MatrixEQTL_2.3
chrIV:813091_TTG/T	YDR180W	-0.0373939730108722	-2.29491789992908	0.0219427707346256	0.0383998487855947	Albert2018_BYxRM_1012_segregants	SI_Data_01_expressionValues_plus_SI_Data_03_genotypes	deterministic_100_gene_subset	MatrixEQTL_cis_trans_v1	MatrixEQTL_2.3
chrV:27119_A/G	YEL064C	0.0253657515902532	2.28822772537917	0.0223307424044666	0.0389539468141813	Albert2018_BYxRM_1012_segregants	SI_Data_01_expressionValues_plus_SI_Data_03_genotypes	deterministic_100_gene_subset	MatrixEQTL_cis_trans_v1	MatrixEQTL_2.3
chrV:24354_A/G	YEL064C	0.0251862750574545	2.26879244980324	0.0234918900321498	0.0408489552788337	Albert2018_BYxRM_1012_segregants	SI_Data_01_expressionValues_plus_SI_Data_03_genotypes	deterministic_100_gene_subset	MatrixEQTL_cis_trans_v1	MatrixEQTL_2.3
chrXII:369533_A/AT	YLR112W	0.0546298077674825	2.23451363901085	0.0256680547900516	0.0444912949694227	Albert2018_BYxRM_1012_segregants	SI_Data_01_expressionValues_plus_SI_Data_03_genotypes	deterministic_100_gene_subset	MatrixEQTL_cis_trans_v1	MatrixEQTL_2.3
chrX:399363_C/T	YJL029C	0.021851142026863	2.22677120796401	0.0261830822941018	0.0452403890271506	Albert2018_BYxRM_1012_segregants	SI_Data_01_expressionValues_plus_SI_Data_03_genotypes	deterministic_100_gene_subset	MatrixEQTL_cis_trans_v1	MatrixEQTL_2.3
chrXI:184014_T/C	YKL141W	0.0663660248770548	2.20481227550854	0.0276927342704162	0.0476978956203383	Albert2018_BYxRM_1012_segregants	SI_Data_01_expressionValues_plus_SI_Data_03_genotypes	deterministic_100_gene_subset	MatrixEQTL_cis_trans_v1	MatrixEQTL_2.3
chrXII:837460_A/G	YLR360W	0.0327679437656817	2.18137605245011	0.0293863084879874	0.0504557372152237	Albert2018_BYxRM_1012_segregants	SI_Data_01_expressionValues_plus_SI_Data_03_genotypes	deterministic_100_gene_subset	MatrixEQTL_cis_trans_v1	MatrixEQTL_2.3
chrXVI:195879_C/T	YPL183W-A	0.022290597686871	2.17904719160991	0.029559374218037	0.050593787846546	Albert2018_BYxRM_1012_segregants	SI_Data_01_expressionValues_plus_SI_Data_03_genotypes	deterministic_100_gene_subset	MatrixEQTL_cis_trans_v1	MatrixEQTL_2.3
chrV:25485_C/CT	YEL064C	0.0240697127160493	2.16923773048441	0.03029801991522	0.0516959964803441	Albert2018_BYxRM_1012_segregants	SI_Data_01_expressionValues_plus_SI_Data_03_genotypes	deterministic_100_gene_subset	MatrixEQTL_cis_trans_v1	MatrixEQTL_2.3
chrXII:361865_A/G	YLR112W	0.052443953506175	2.14702473194605	0.0320295565392794	0.054480180281765	Albert2018_BYxRM_1012_segregants	SI_Data_01_expressionValues_plus_SI_Data_03_genotypes	deterministic_100_gene_subset	MatrixEQTL_cis_trans_v1	MatrixEQTL_2.3
chrXVI:422802_T/G	YPL063W	0.0145027231063853	2.13472526271519	0.0330243650481957	0.0559978363860709	Albert2018_BYxRM_1012_segregants	SI_Data_01_expressionValues_plus_SI_Data_03_genotypes	deterministic_100_gene_subset	MatrixEQTL_cis_trans_v1	MatrixEQTL_2.3
chrX:649219_A/G	YJR123W	-0.0164799795234127	-2.12225999867469	0.0340594924801931	0.0574889823380942	Albert2018_BYxRM_1012_segregants	SI_Data_01_expressionValues_plus_SI_Data_03_genotypes	deterministic_100_gene_subset	MatrixEQTL_cis_trans_v1	MatrixEQTL_2.3
chrXIII:394901_G/C	YMR065W	0.0308133273767633	2.12160859282097	0.0341143411676603	0.0574889823380942	Albert2018_BYxRM_1012_segregants	SI_Data_01_expressionValues_plus_SI_Data_03_genotypes	deterministic_100_gene_subset	MatrixEQTL_cis_trans_v1	MatrixEQTL_2.3
chrII:562617_T/C	YBR162C	-0.0347763569228193	-2.11737565489883	0.0344726017922053	0.0578371241265032	Albert2018_BYxRM_1012_segregants	SI_Data_01_expressionValues_plus_SI_Data_03_genotypes	deterministic_100_gene_subset	MatrixEQTL_cis_trans_v1	MatrixEQTL_2.3
chrX:662193_C/A	YJR123W	-0.0164357445363944	-2.11666823191629	0.0345327883978755	0.0578371241265032	Albert2018_BYxRM_1012_segregants	SI_Data_01_expressionValues_plus_SI_Data_03_genotypes	deterministic_100_gene_subset	MatrixEQTL_cis_trans_v1	MatrixEQTL_2.3
chrIV:819584_G/A	YDR180W	-0.0341395581755989	-2.0935857393436	0.0365465341178051	0.0605745563632853	Albert2018_BYxRM_1012_segregants	SI_Data_01_expressionValues_plus_SI_Data_03_genotypes	deterministic_100_gene_subset	MatrixEQTL_cis_trans_v1	MatrixEQTL_2.3
chrIV:821234_G/A	YDR180W	-0.0341395581755989	-2.0935857393436	0.0365465341178051	0.0605745563632853	Albert2018_BYxRM_1012_segregants	SI_Data_01_expressionValues_plus_SI_Data_03_genotypes	deterministic_100_gene_subset	MatrixEQTL_cis_trans_v1	MatrixEQTL_2.3
chrIV:822572_T/A	YDR180W	-0.0341395581755989	-2.0935857393436	0.0365465341178051	0.0605745563632853	Albert2018_BYxRM_1012_segregants	SI_Data_01_expressionValues_plus_SI_Data_03_genotypes	deterministic_100_gene_subset	MatrixEQTL_cis_trans_v1	MatrixEQTL_2.3
chrXI:179688_T/C	YKL141W	0.0630153528439127	2.09286496791169	0.0366109956041834	0.0605745563632853	Albert2018_BYxRM_1012_segregants	SI_Data_01_expressionValues_plus_SI_Data_03_genotypes	deterministic_100_gene_subset	MatrixEQTL_cis_trans_v1	MatrixEQTL_2.3
chrXII:247374_T/C	YLR053C	0.0726299237881551	2.09107541123454	0.0367714624284615	0.0606562492022357	Albert2018_BYxRM_1012_segregants	SI_Data_01_expressionValues_plus_SI_Data_03_genotypes	deterministic_100_gene_subset	MatrixEQTL_cis_trans_v1	MatrixEQTL_2.3
chrXII:250359_C/T	YLR053C	0.0721024109092965	2.07632850119869	0.0381167834328493	0.0626860354046256	Albert2018_BYxRM_1012_segregants	SI_Data_01_expressionValues_plus_SI_Data_03_genotypes	deterministic_100_gene_subset	MatrixEQTL_cis_trans_v1	MatrixEQTL_2.3
chrII:559650_C/T	YBR162C	-0.0339939397676884	-2.07247505963319	0.0384751530661869	0.0630853861085227	Albert2018_BYxRM_1012_segregants	SI_Data_01_expressionValues_plus_SI_Data_03_genotypes	deterministic_100_gene_subset	MatrixEQTL_cis_trans_v1	MatrixEQTL_2.3
chrII:556887_T/C	YBR162C	-0.0341128656368992	-2.06901076417884	0.0387997764616093	0.0634271794851458	Albert2018_BYxRM_1012_segregants	SI_Data_01_expressionValues_plus_SI_Data_03_genotypes	deterministic_100_gene_subset	MatrixEQTL_cis_trans_v1	MatrixEQTL_2.3
chrXI:187243_C/T	YKL141W	0.0614141615425156	2.04095571767811	0.0415155549045567	0.0676641581429491	Albert2018_BYxRM_1012_segregants	SI_Data_01_expressionValues_plus_SI_Data_03_genotypes	deterministic_100_gene_subset	MatrixEQTL_cis_trans_v1	MatrixEQTL_2.3
chrII:567697_A/G	YBR162C	-0.0329093586503466	-2.03964540742049	0.0416462404871719	0.0676751407916544	Albert2018_BYxRM_1012_segregants	SI_Data_01_expressionValues_plus_SI_Data_03_genotypes	deterministic_100_gene_subset	MatrixEQTL_cis_trans_v1	MatrixEQTL_2.3
chrXII:248615_A/G	YLR053C	0.0708180656599492	2.03821028632573	0.041789774308451	0.0677068746955912	Albert2018_BYxRM_1012_segregants	SI_Data_01_expressionValues_plus_SI_Data_03_genotypes	deterministic_100_gene_subset	MatrixEQTL_cis_trans_v1	MatrixEQTL_2.3
chrX:645026_G/A	YJR123W	-0.015751216908791	-2.02836887773684	0.0427854056391864	0.0691148860325319	Albert2018_BYxRM_1012_segregants	SI_Data_01_expressionValues_plus_SI_Data_03_genotypes	deterministic_100_gene_subset	MatrixEQTL_cis_trans_v1	MatrixEQTL_2.3
chrXI:285242_A/G	YKL079W	-0.0242057096358363	-2.02601091240747	0.0430269156694776	0.0692999880694241	Albert2018_BYxRM_1012_segregants	SI_Data_01_expressionValues_plus_SI_Data_03_genotypes	deterministic_100_gene_subset	MatrixEQTL_cis_trans_v1	MatrixEQTL_2.3
chrII:555375_A/C	YBR162C	-0.0332774108695762	-2.02073420210985	0.0435715557003798	0.0699707923894335	Albert2018_BYxRM_1012_segregants	SI_Data_01_expressionValues_plus_SI_Data_03_genotypes	deterministic_100_gene_subset	MatrixEQTL_cis_trans_v1	MatrixEQTL_2.3
chrXII:239220_G/GA	YLR053C	0.069817649959592	2.01024141219848	0.0446719184914543	0.0714229146208898	Albert2018_BYxRM_1012_segregants	SI_Data_01_expressionValues_plus_SI_Data_03_genotypes	deterministic_100_gene_subset	MatrixEQTL_cis_trans_v1	MatrixEQTL_2.3
chrXI:180774_G/A	YKL141W	0.060528435733967	2.0096236267021	0.0447374300372607	0.0714229146208898	Albert2018_BYxRM_1012_segregants	SI_Data_01_expressionValues_plus_SI_Data_03_genotypes	deterministic_100_gene_subset	MatrixEQTL_cis_trans_v1	MatrixEQTL_2.3
chrXII:242101_C/G	YLR053C	0.0695268347740084	2.00140848425224	0.0456163275875328	0.0726137459556645	Albert2018_BYxRM_1012_segregants	SI_Data_01_expressionValues_plus_SI_Data_03_genotypes	deterministic_100_gene_subset	MatrixEQTL_cis_trans_v1	MatrixEQTL_2.3
chrII:553227_G/A	YBR162C	-0.0328853933833653	-1.99570382378528	0.046235176283272	0.0733849018914724	Albert2018_BYxRM_1012_segregants	SI_Data_01_expressionValues_plus_SI_Data_03_genotypes	deterministic_100_gene_subset	MatrixEQTL_cis_trans_v1	MatrixEQTL_2.3
chrII:563695_G/A	YBR162C	-0.0325482774990582	-1.9839572715682	0.047531774454614	0.0752241995716499	Albert2018_BYxRM_1012_segregants	SI_Data_01_expressionValues_plus_SI_Data_03_genotypes	deterministic_100_gene_subset	MatrixEQTL_cis_trans_v1	MatrixEQTL_2.3
chrXI:176967_A/G	YKL141W	0.059697626198316	1.98062450634833	0.0479051769532753	0.0755960306834922	Albert2018_BYxRM_1012_segregants	SI_Data_01_expressionValues_plus_SI_Data_03_genotypes	deterministic_100_gene_subset	MatrixEQTL_cis_trans_v1	MatrixEQTL_2.3
chrXI:178383_G/A	YKL141W	0.0596483027653701	1.97815892493107	0.0481830065029228	0.0758153358806797	Albert2018_BYxRM_1012_segregants	SI_Data_01_expressionValues_plus_SI_Data_03_genotypes	deterministic_100_gene_subset	MatrixEQTL_cis_trans_v1	MatrixEQTL_2.3
chrXII:246211_T/A	YLR053C	0.0679603859592828	1.95589439304793	0.0507537806330729	0.0795758469548053	Albert2018_BYxRM_1012_segregants	SI_Data_01_expressionValues_plus_SI_Data_03_genotypes	deterministic_100_gene_subset	MatrixEQTL_cis_trans_v1	MatrixEQTL_2.3
chrXII:238148_A/G	YLR053C	0.0679003375011591	1.95495766772294	0.0508644149949213	0.0795758469548053	Albert2018_BYxRM_1012_segregants	SI_Data_01_expressionValues_plus_SI_Data_03_genotypes	deterministic_100_gene_subset	MatrixEQTL_cis_trans_v1	MatrixEQTL_2.3
chrV:468076_G/A	YER155C	-0.0249532686206561	-1.94655178944185	0.0518662948420359	0.0807400692811945	Albert2018_BYxRM_1012_segregants	SI_Data_01_expressionValues_plus_SI_Data_03_genotypes	deterministic_100_gene_subset	MatrixEQTL_cis_trans_v1	MatrixEQTL_2.3
chrXV:834594_G/A	YOR270C	-0.0184254271655987	-1.94623535868371	0.0519043302521965	0.0807400692811945	Albert2018_BYxRM_1012_segregants	SI_Data_01_expressionValues_plus_SI_Data_03_genotypes	deterministic_100_gene_subset	MatrixEQTL_cis_trans_v1	MatrixEQTL_2.3
chrII:566217_G/C	YBR162C	-0.0314517943127476	-1.94137001502289	0.0524920993209371	0.0814224040603172	Albert2018_BYxRM_1012_segregants	SI_Data_01_expressionValues_plus_SI_Data_03_genotypes	deterministic_100_gene_subset	MatrixEQTL_cis_trans_v1	MatrixEQTL_2.3
chrXII:244156_T/C	YLR053C	0.0669499361496246	1.92663912104625	0.0543057760344662	0.083997036019316	Albert2018_BYxRM_1012_segregants	SI_Data_01_expressionValues_plus_SI_Data_03_genotypes	deterministic_100_gene_subset	MatrixEQTL_cis_trans_v1	MatrixEQTL_2.3
chrXV:213834_T/C	YOL056W	-0.019080272282455	-1.92417894517567	0.0546137192728078	0.0842347195563645	Albert2018_BYxRM_1012_segregants	SI_Data_01_expressionValues_plus_SI_Data_03_genotypes	deterministic_100_gene_subset	MatrixEQTL_cis_trans_v1	MatrixEQTL_2.3
chrXI:517860_T/G	YKR043C	0.0176495317667681	1.90902852615321	0.0565424272758026	0.0869638458946146	Albert2018_BYxRM_1012_segregants	SI_Data_01_expressionValues_plus_SI_Data_03_genotypes	deterministic_100_gene_subset	MatrixEQTL_cis_trans_v1	MatrixEQTL_2.3
chrXVI:202791_C/T	YPL183W-A	0.0192792302832959	1.88103281366616	0.0602557965295866	0.0924147890594222	Albert2018_BYxRM_1012_segregants	SI_Data_01_expressionValues_plus_SI_Data_03_genotypes	deterministic_100_gene_subset	MatrixEQTL_cis_trans_v1	MatrixEQTL_2.3
chrVII:524215_C/T	YGR025W	0.0419693985926557	1.82349678011889	0.0685245073842338	0.104802187764122	Albert2018_BYxRM_1012_segregants	SI_Data_01_expressionValues_plus_SI_Data_03_genotypes	deterministic_100_gene_subset	MatrixEQTL_cis_trans_v1	MatrixEQTL_2.3
chrXIII:391763_G/A	YMR065W	0.0260560525981156	1.79524651373518	0.072914194747047	0.111204330535999	Albert2018_BYxRM_1012_segregants	SI_Data_01_expressionValues_plus_SI_Data_03_genotypes	deterministic_100_gene_subset	MatrixEQTL_cis_trans_v1	MatrixEQTL_2.3
chrX:660786_G/A	YJR123W	-0.013900021470475	-1.78927101968634	0.0738716258556026	0.112319256718657	Albert2018_BYxRM_1012_segregants	SI_Data_01_expressionValues_plus_SI_Data_03_genotypes	deterministic_100_gene_subset	MatrixEQTL_cis_trans_v1	MatrixEQTL_2.3
chrXII:252815_T/C	YLR053C	0.0621748235938143	1.78812355520731	0.0740566527815318	0.112319256718657	Albert2018_BYxRM_1012_segregants	SI_Data_01_expressionValues_plus_SI_Data_03_genotypes	deterministic_100_gene_subset	MatrixEQTL_cis_trans_v1	MatrixEQTL_2.3
chrXV:837685_A/G	YOR270C	-0.0167930399840285	-1.77509479210991	0.0761842473497789	0.115226036157837	Albert2018_BYxRM_1012_segregants	SI_Data_01_expressionValues_plus_SI_Data_03_genotypes	deterministic_100_gene_subset	MatrixEQTL_cis_trans_v1	MatrixEQTL_2.3
chrXI:519805_TTCCTCTTCC/T	YKR043C	0.016300982749117	1.76286414921328	0.078226694491573	0.11798832926077	Albert2018_BYxRM_1012_segregants	SI_Data_01_expressionValues_plus_SI_Data_03_genotypes	deterministic_100_gene_subset	MatrixEQTL_cis_trans_v1	MatrixEQTL_2.3
chrII:341567_A/C	YBR048W	0.0159242238351862	1.73771562916953	0.0825666443780918	0.124188442048439	Albert2018_BYxRM_1012_segregants	SI_Data_01_expressionValues_plus_SI_Data_03_genotypes	deterministic_100_gene_subset	MatrixEQTL_cis_trans_v1	MatrixEQTL_2.3
chrIV:327540_G/A	YDL069C	0.0163719726668764	1.73643771586205	0.0827922946989595	0.124188442048439	Albert2018_BYxRM_1012_segregants	SI_Data_01_expressionValues_plus_SI_Data_03_genotypes	deterministic_100_gene_subset	MatrixEQTL_cis_trans_v1	MatrixEQTL_2.3
chrXV:945647_C/T	YOR329C	-0.0204942303803562	-1.72446697110256	0.0849304478672833	0.127046642563114	Albert2018_BYxRM_1012_segregants	SI_Data_01_expressionValues_plus_SI_Data_03_genotypes	deterministic_100_gene_subset	MatrixEQTL_cis_trans_v1	MatrixEQTL_2.3
chrXI:511075_A/G	YKR043C	0.0157957152332153	1.71369197015983	0.0868930676055689	0.129627363149291	Albert2018_BYxRM_1012_segregants	SI_Data_01_expressionValues_plus_SI_Data_03_genotypes	deterministic_100_gene_subset	MatrixEQTL_cis_trans_v1	MatrixEQTL_2.3
chrXI:171772_G/A	YKL141W	0.051231062882026	1.69764007652968	0.0898846850172899	0.133724899235532	Albert2018_BYxRM_1012_segregants	SI_Data_01_expressionValues_plus_SI_Data_03_genotypes	deterministic_100_gene_subset	MatrixEQTL_cis_trans_v1	MatrixEQTL_2.3
chrXV:233724_G/A	YOL056W	-0.0168155616596027	-1.68474661501567	0.092347327692851	0.137015328587763	Albert2018_BYxRM_1012_segregants	SI_Data_01_expressionValues_plus_SI_Data_03_genotypes	deterministic_100_gene_subset	MatrixEQTL_cis_trans_v1	MatrixEQTL_2.3
chrXI:515611_A/G	YKR043C	0.0150188991362746	1.62577764528197	0.104309852638136	0.154344660001145	Albert2018_BYxRM_1012_segregants	SI_Data_01_expressionValues_plus_SI_Data_03_genotypes	deterministic_100_gene_subset	MatrixEQTL_cis_trans_v1	MatrixEQTL_2.3
chrXV:216376_A/G	YOL056W	-0.01602505324173	-1.61267061458723	0.107129412803252	0.158088268623177	Albert2018_BYxRM_1012_segregants	SI_Data_01_expressionValues_plus_SI_Data_03_genotypes	deterministic_100_gene_subset	MatrixEQTL_cis_trans_v1	MatrixEQTL_2.3
chrXV:832311_A/AT	YOR270C	-0.0150568102066802	-1.58887121080395	0.112403368443029	0.165423825255779	Albert2018_BYxRM_1012_segregants	SI_Data_01_expressionValues_plus_SI_Data_03_genotypes	deterministic_100_gene_subset	MatrixEQTL_cis_trans_v1	MatrixEQTL_2.3
chrX:116400_C/CAA	YJL157C	0.0321450054640948	1.55530194249657	0.120188382726638	0.176405529485872	Albert2018_BYxRM_1012_segregants	SI_Data_01_expressionValues_plus_SI_Data_03_genotypes	deterministic_100_gene_subset	MatrixEQTL_cis_trans_v1	MatrixEQTL_2.3
chrXI:522995_G/A	YKR043C	0.01434361662003	1.55298686734503	0.12074047981163	0.176740755970911	Albert2018_BYxRM_1012_segregants	SI_Data_01_expressionValues_plus_SI_Data_03_genotypes	deterministic_100_gene_subset	MatrixEQTL_cis_trans_v1	MatrixEQTL_2.3
chrXI:513425_C/G	YKR043C	0.014298117958745	1.55138463236392	0.121123741866	0.176827708713465	Albert2018_BYxRM_1012_segregants	SI_Data_01_expressionValues_plus_SI_Data_03_genotypes	deterministic_100_gene_subset	MatrixEQTL_cis_trans_v1	MatrixEQTL_2.3
chrX:117075_G/A	YJL157C	0.0319605506519587	1.54613693444891	0.122385691745329	0.178193567181199	Albert2018_BYxRM_1012_segregants	SI_Data_01_expressionValues_plus_SI_Data_03_genotypes	deterministic_100_gene_subset	MatrixEQTL_cis_trans_v1	MatrixEQTL_2.3
chrXV:840176_T/C	YOR270C	-0.0146114475460232	-1.54279180312957	0.123195473325171	0.178551039201539	Albert2018_BYxRM_1012_segregants	SI_Data_01_expressionValues_plus_SI_Data_03_genotypes	deterministic_100_gene_subset	MatrixEQTL_cis_trans_v1	MatrixEQTL_2.3
chrII:339903_A/G	YBR048W	0.0141172807266478	1.54242203982585	0.123285241353444	0.178551039201539	Albert2018_BYxRM_1012_segregants	SI_Data_01_expressionValues_plus_SI_Data_03_genotypes	deterministic_100_gene_subset	MatrixEQTL_cis_trans_v1	MatrixEQTL_2.3
chrXV:221859_T/C	YOL056W	-0.0153657326737351	-1.54063481854721	0.123719849210006	0.178706448858897	Albert2018_BYxRM_1012_segregants	SI_Data_01_expressionValues_plus_SI_Data_03_genotypes	deterministic_100_gene_subset	MatrixEQTL_cis_trans_v1	MatrixEQTL_2.3
chrX:118419_A/G	YJL157C	0.0315170231420096	1.52534455721092	0.127487171261105	0.183662257278532	Albert2018_BYxRM_1012_segregants	SI_Data_01_expressionValues_plus_SI_Data_03_genotypes	deterministic_100_gene_subset	MatrixEQTL_cis_trans_v1	MatrixEQTL_2.3
chrII:570256_G/A	YBR162C	-0.0240917448571797	-1.50398755233408	0.132898123124646	0.190953619015939	Albert2018_BYxRM_1012_segregants	SI_Data_01_expressionValues_plus_SI_Data_03_genotypes	deterministic_100_gene_subset	MatrixEQTL_cis_trans_v1	MatrixEQTL_2.3
chrX:119585_T/C	YJL157C	0.0309540993122618	1.49830699716505	0.13436690092888	0.192197932284017	Albert2018_BYxRM_1012_segregants	SI_Data_01_expressionValues_plus_SI_Data_03_genotypes	deterministic_100_gene_subset	MatrixEQTL_cis_trans_v1	MatrixEQTL_2.3
chrX:114831_T/G	YJL157C	0.0309514783812366	1.4979171862702	0.134468150425814	0.192197932284017	Albert2018_BYxRM_1012_segregants	SI_Data_01_expressionValues_plus_SI_Data_03_genotypes	deterministic_100_gene_subset	MatrixEQTL_cis_trans_v1	MatrixEQTL_2.3
chrI:142779_T/TGAC	YAL001C	-0.018780570593893	-1.43956151677549	0.150302271338499	0.214269034336346	Albert2018_BYxRM_1012_segregants	SI_Data_01_expressionValues_plus_SI_Data_03_genotypes	deterministic_100_gene_subset	MatrixEQTL_cis_trans_v1	MatrixEQTL_2.3
chrX:121384_T/C	YJL157C	0.02947440544657	1.42637802204327	0.15406919750559	0.219067140203261	Albert2018_BYxRM_1012_segregants	SI_Data_01_expressionValues_plus_SI_Data_03_genotypes	deterministic_100_gene_subset	MatrixEQTL_cis_trans_v1	MatrixEQTL_2.3
chrIV:1060010_T/C	YDR301W	0.0171931249904113	1.36141573909852	0.173686875985768	0.246319569579816	Albert2018_BYxRM_1012_segregants	SI_Data_01_expressionValues_plus_SI_Data_03_genotypes	deterministic_100_gene_subset	MatrixEQTL_cis_trans_v1	MatrixEQTL_2.3
chrI:156174_T/G	YAL001C	-0.0177275220658905	-1.358120066546	0.174729788331619	0.247156643598612	Albert2018_BYxRM_1012_segregants	SI_Data_01_expressionValues_plus_SI_Data_03_genotypes	deterministic_100_gene_subset	MatrixEQTL_cis_trans_v1	MatrixEQTL_2.3
chrI:147785_C/G	YAL001C	-0.0173084664186533	-1.32569532163962	0.185241289512557	0.26000448348035	Albert2018_BYxRM_1012_segregants	SI_Data_01_expressionValues_plus_SI_Data_03_genotypes	deterministic_100_gene_subset	MatrixEQTL_cis_trans_v1	MatrixEQTL_2.3
chrI:151501_A/T	YAL001C	-0.0173084664186533	-1.32569532163962	0.185241289512557	0.26000448348035	Albert2018_BYxRM_1012_segregants	SI_Data_01_expressionValues_plus_SI_Data_03_genotypes	deterministic_100_gene_subset	MatrixEQTL_cis_trans_v1	MatrixEQTL_2.3
chrI:152291_C/T	YAL001C	-0.0173084664186533	-1.32569532163962	0.185241289512557	0.26000448348035	Albert2018_BYxRM_1012_segregants	SI_Data_01_expressionValues_plus_SI_Data_03_genotypes	deterministic_100_gene_subset	MatrixEQTL_cis_trans_v1	MatrixEQTL_2.3
chrI:139132_A/T	YAL001C	-0.0170914988296111	-1.31039882565215	0.190359750910852	0.266503651275192	Albert2018_BYxRM_1012_segregants	SI_Data_01_expressionValues_plus_SI_Data_03_genotypes	deterministic_100_gene_subset	MatrixEQTL_cis_trans_v1	MatrixEQTL_2.3
chrXVI:717249_C/T	YPR088C	0.0131870928635454	1.28443274224385	0.199285984489827	0.278286822331062	Albert2018_BYxRM_1012_segregants	SI_Data_01_expressionValues_plus_SI_Data_03_genotypes	deterministic_100_gene_subset	MatrixEQTL_cis_trans_v1	MatrixEQTL_2.3
chrX:123546_C/T	YJL157C	0.0262252049407632	1.26838969431705	0.204951964837581	0.284746603536046	Albert2018_BYxRM_1012_segregants	SI_Data_01_expressionValues_plus_SI_Data_03_genotypes	deterministic_100_gene_subset	MatrixEQTL_cis_trans_v1	MatrixEQTL_2.3
chrX:131240_C/T	YJL157C	0.0262179911744516	1.26838126357694	0.204954972874846	0.284746603536046	Albert2018_BYxRM_1012_segregants	SI_Data_01_expressionValues_plus_SI_Data_03_genotypes	deterministic_100_gene_subset	MatrixEQTL_cis_trans_v1	MatrixEQTL_2.3
chrI:138669_T/TGGGC	YAL001C	-0.0163646486509671	-1.25464178783806	0.209899943630167	0.290876571629622	Albert2018_BYxRM_1012_segregants	SI_Data_01_expressionValues_plus_SI_Data_03_genotypes	deterministic_100_gene_subset	MatrixEQTL_cis_trans_v1	MatrixEQTL_2.3
chrX:122693_TGGCTTG/T	YJL157C	0.0250716365880286	1.21386391749863	0.225084304378899	0.311129190356656	Albert2018_BYxRM_1012_segregants	SI_Data_01_expressionValues_plus_SI_Data_03_genotypes	deterministic_100_gene_subset	MatrixEQTL_cis_trans_v1	MatrixEQTL_2.3
chrXIV:110738_T/C	YNL280C	-0.0106362584770554	-1.20908552227695	0.226913792375348	0.312865986456919	Albert2018_BYxRM_1012_segregants	SI_Data_01_expressionValues_plus_SI_Data_03_genotypes	deterministic_100_gene_subset	MatrixEQTL_cis_trans_v1	MatrixEQTL_2.3
chrXV:824520_A/G	YOR270C	-0.0113661514561894	-1.19530138567878	0.232250712672766	0.319417856723754	Albert2018_BYxRM_1012_segregants	SI_Data_01_expressionValues_plus_SI_Data_03_genotypes	deterministic_100_gene_subset	MatrixEQTL_cis_trans_v1	MatrixEQTL_2.3
chrX:125297_T/C	YJL157C	0.024567559517439	1.18838657604857	0.23496132967425	0.321892262160158	Albert2018_BYxRM_1012_segregants	SI_Data_01_expressionValues_plus_SI_Data_03_genotypes	deterministic_100_gene_subset	MatrixEQTL_cis_trans_v1	MatrixEQTL_2.3
chrIV:1411608_T/C	YDR483W	-0.00658366167859916	-1.18770692260904	0.235228960809346	0.321892262160158	Albert2018_BYxRM_1012_segregants	SI_Data_01_expressionValues_plus_SI_Data_03_genotypes	deterministic_100_gene_subset	MatrixEQTL_cis_trans_v1	MatrixEQTL_2.3
chrII:163497_A/G	YBL034C	0.0182759252761741	1.175073300831	0.240243161514314	0.327931915467038	Albert2018_BYxRM_1012_segregants	SI_Data_01_expressionValues_plus_SI_Data_03_genotypes	deterministic_100_gene_subset	MatrixEQTL_cis_trans_v1	MatrixEQTL_2.3
chrX:128560_C/T	YJL157C	0.0239675180032204	1.15967594618955	0.246455655366727	0.335573036983125	Albert2018_BYxRM_1012_segregants	SI_Data_01_expressionValues_plus_SI_Data_03_genotypes	deterministic_100_gene_subset	MatrixEQTL_cis_trans_v1	MatrixEQTL_2.3
chrXIV:442493_CTCTT/C	YNL097C-B	-0.0529250533432941	-1.15575437555332	0.248055779467693	0.33691158106806	Albert2018_BYxRM_1012_segregants	SI_Data_01_expressionValues_plus_SI_Data_03_genotypes	deterministic_100_gene_subset	MatrixEQTL_cis_trans_v1	MatrixEQTL_2.3
chrI:158089_A/G	YAL001C	-0.0150528504309341	-1.15301925260746	0.249176096456019	0.337593421004929	Albert2018_BYxRM_1012_segregants	SI_Data_01_expressionValues_plus_SI_Data_03_genotypes	deterministic_100_gene_subset	MatrixEQTL_cis_trans_v1	MatrixEQTL_2.3
chrII:167264_AT/A	YBL034C	0.0178303414843439	1.14568718050669	0.252196801422665	0.340725859975721	Albert2018_BYxRM_1012_segregants	SI_Data_01_expressionValues_plus_SI_Data_03_genotypes	deterministic_100_gene_subset	MatrixEQTL_cis_trans_v1	MatrixEQTL_2.3
chrII:50915_C/T	YBL093C	-0.0150925307058493	-1.14438434351955	0.252736214817156	0.340725859975721	Albert2018_BYxRM_1012_segregants	SI_Data_01_expressionValues_plus_SI_Data_03_genotypes	deterministic_100_gene_subset	MatrixEQTL_cis_trans_v1	MatrixEQTL_2.3
chrI:156615_C/T	YAL001C	-0.0148391793014069	-1.13628339191758	0.256108316769318	0.344421529448394	Albert2018_BYxRM_1012_segregants	SI_Data_01_expressionValues_plus_SI_Data_03_genotypes	deterministic_100_gene_subset	MatrixEQTL_cis_trans_v1	MatrixEQTL_2.3
chrX:124652_C/T	YJL157C	0.0234121287715014	1.13237641511724	0.257745773861365	0.345771971814019	Albert2018_BYxRM_1012_segregants	SI_Data_01_expressionValues_plus_SI_Data_03_genotypes	deterministic_100_gene_subset	MatrixEQTL_cis_trans_v1	MatrixEQTL_2.3
chrII:165259_G/A	YBL034C	0.0175556933681577	1.12790413751329	0.259629064868605	0.347444777985927	Albert2018_BYxRM_1012_segregants	SI_Data_01_expressionValues_plus_SI_Data_03_genotypes	deterministic_100_gene_subset	MatrixEQTL_cis_trans_v1	MatrixEQTL_2.3
chrIV:1429971_C/G	YDR483W	-0.00618354248204271	-1.11192793309293	0.266434525911959	0.355680320655084	Albert2018_BYxRM_1012_segregants	SI_Data_01_expressionValues_plus_SI_Data_03_genotypes	deterministic_100_gene_subset	MatrixEQTL_cis_trans_v1	MatrixEQTL_2.3
chrXIV:636754_C/T	YNR008W	0.0096296599987892	1.04177783050179	0.297764737232678	0.396535479339127	Albert2018_BYxRM_1012_segregants	SI_Data_01_expressionValues_plus_SI_Data_03_genotypes	deterministic_100_gene_subset	MatrixEQTL_cis_trans_v1	MatrixEQTL_2.3
chrXII:257334_A/G	YLR053C	0.0359125747998197	1.03237206458418	0.302145726587784	0.401390673277203	Albert2018_BYxRM_1012_segregants	SI_Data_01_expressionValues_plus_SI_Data_03_genotypes	deterministic_100_gene_subset	MatrixEQTL_cis_trans_v1	MatrixEQTL_2.3
chrIV:1057986_A/G	YDR301W	0.0129668083331217	1.02703360496475	0.304651271817008	0.403736879640987	Albert2018_BYxRM_1012_segregants	SI_Data_01_expressionValues_plus_SI_Data_03_genotypes	deterministic_100_gene_subset	MatrixEQTL_cis_trans_v1	MatrixEQTL_2.3
chrXVI:326955_T/G	YPL123C	0.0254498911539159	1.02466506439347	0.305767330495706	0.404234775909577	Albert2018_BYxRM_1012_segregants	SI_Data_01_expressionValues_plus_SI_Data_03_genotypes	deterministic_100_gene_subset	MatrixEQTL_cis_trans_v1	MatrixEQTL_2.3
chrIV:1412922_C/T	YDR483W	-0.00561615113711569	-1.0128250727112	0.31138701184423	0.410669827214854	Albert2018_BYxRM_1012_segregants	SI_Data_01_expressionValues_plus_SI_Data_03_genotypes	deterministic_100_gene_subset	MatrixEQTL_cis_trans_v1	MatrixEQTL_2.3
chrXII:256217_T/G	YLR053C	0.0341660166104354	0.982328883693565	0.326173797356026	0.429134682786483	Albert2018_BYxRM_1012_segregants	SI_Data_01_expressionValues_plus_SI_Data_03_genotypes	deterministic_100_gene_subset	MatrixEQTL_cis_trans_v1	MatrixEQTL_2.3
chrXV:826784_A/G	YOR270C	-0.00926268978948688	-0.97345274453623	0.33056210654801	0.433862764844263	Albert2018_BYxRM_1012_segregants	SI_Data_01_expressionValues_plus_SI_Data_03_genotypes	deterministic_100_gene_subset	MatrixEQTL_cis_trans_v1	MatrixEQTL_2.3
chrIV:1416716_T/C	YDR483W	-0.0052813645748164	-0.951971528319305	0.341339855461496	0.446934199237355	Albert2018_BYxRM_1012_segregants	SI_Data_01_expressionValues_plus_SI_Data_03_genotypes	deterministic_100_gene_subset	MatrixEQTL_cis_trans_v1	MatrixEQTL_2.3
chrXIV:448975_C/G	YNL097C-B	-0.0424246635685923	-0.92620265136991	0.354562589329291	0.463136779363141	Albert2018_BYxRM_1012_segregants	SI_Data_01_expressionValues_plus_SI_Data_03_genotypes	deterministic_100_gene_subset	MatrixEQTL_cis_trans_v1	MatrixEQTL_2.3
chrII:571411_A/G	YBR162C	-0.0143904110670694	-0.903260093421401	0.366603886164212	0.477722486505154	Albert2018_BYxRM_1012_segregants	SI_Data_01_expressionValues_plus_SI_Data_03_genotypes	deterministic_100_gene_subset	MatrixEQTL_cis_trans_v1	MatrixEQTL_2.3
chrII:161065_G/A	YBL034C	0.0139056659704932	0.893502403677672	0.371801667714792	0.482108264967415	Albert2018_BYxRM_1012_segregants	SI_Data_01_expressionValues_plus_SI_Data_03_genotypes	deterministic_100_gene_subset	MatrixEQTL_cis_trans_v1	MatrixEQTL_2.3
chrII:158114_A/G	YBL034C	0.013883120586572	0.89223711128222	0.372479007270833	0.482108264967415	Albert2018_BYxRM_1012_segregants	SI_Data_01_expressionValues_plus_SI_Data_03_genotypes	deterministic_100_gene_subset	MatrixEQTL_cis_trans_v1	MatrixEQTL_2.3
chrVI:213465_C/T	YFR029W	-0.0103097990815009	-0.891976756769204	0.372618475853936	0.482108264967415	Albert2018_BYxRM_1012_segregants	SI_Data_01_expressionValues_plus_SI_Data_03_genotypes	deterministic_100_gene_subset	MatrixEQTL_cis_trans_v1	MatrixEQTL_2.3
chrXV:477610_A/G	YOR083W	-0.0217799506815208	-0.884003311558761	0.37690542902429	0.486502043137736	Albert2018_BYxRM_1012_segregants	SI_Data_01_expressionValues_plus_SI_Data_03_genotypes	deterministic_100_gene_subset	MatrixEQTL_cis_trans_v1	MatrixEQTL_2.3
chrII:662601_GA/G	YBR223C	-0.0127071652614913	-0.877257660932187	0.380555940187308	0.490055526750638	Albert2018_BYxRM_1012_segregants	SI_Data_01_expressionValues_plus_SI_Data_03_genotypes	deterministic_100_gene_subset	MatrixEQTL_cis_trans_v1	MatrixEQTL_2.3
chrXV:829210_G/A	YOR270C	-0.00817855570818108	-0.860765751983197	0.389571965079079	0.500485395136887	Albert2018_BYxRM_1012_segregants	SI_Data_01_expressionValues_plus_SI_Data_03_genotypes	deterministic_100_gene_subset	MatrixEQTL_cis_trans_v1	MatrixEQTL_2.3
chrVII:444466_T/C	YGL030W	-0.0103364301933549	-0.829827150052227	0.406833190988008	0.521434089857869	Albert2018_BYxRM_1012_segregants	SI_Data_01_expressionValues_plus_SI_Data_03_genotypes	deterministic_100_gene_subset	MatrixEQTL_cis_trans_v1	MatrixEQTL_2.3
chrVI:72886_C/T	YFL028C	-0.00591861135344425	-0.791645272724788	0.42875396985425	0.548242781125106	Albert2018_BYxRM_1012_segregants	SI_Data_01_expressionValues_plus_SI_Data_03_genotypes	deterministic_100_gene_subset	MatrixEQTL_cis_trans_v1	MatrixEQTL_2.3
chrII:149400_T/C	YBL034C	0.0122199306916523	0.784108391122784	0.433160909790646	0.551424727027111	Albert2018_BYxRM_1012_segregants	SI_Data_01_expressionValues_plus_SI_Data_03_genotypes	deterministic_100_gene_subset	MatrixEQTL_cis_trans_v1	MatrixEQTL_2.3
chrII:678984_A/G	YBR223C	-0.0107945017324034	-0.783935540130729	0.433262285521302	0.551424727027111	Albert2018_BYxRM_1012_segregants	SI_Data_01_expressionValues_plus_SI_Data_03_genotypes	deterministic_100_gene_subset	MatrixEQTL_cis_trans_v1	MatrixEQTL_2.3
chrIV:1057517_G/A	YDR301W	0.00950092066418399	0.752060810828857	0.452190233233316	0.574176435686954	Albert2018_BYxRM_1012_segregants	SI_Data_01_expressionValues_plus_SI_Data_03_genotypes	deterministic_100_gene_subset	MatrixEQTL_cis_trans_v1	MatrixEQTL_2.3
chrII:146444_C/T	YBL034C	0.0116794403894481	0.748131999088975	0.454555223944556	0.575840260495887	Albert2018_BYxRM_1012_segregants	SI_Data_01_expressionValues_plus_SI_Data_03_genotypes	deterministic_100_gene_subset	MatrixEQTL_cis_trans_v1	MatrixEQTL_2.3
chrII:36830_A/G	YBL093C	-0.00954583556194893	-0.723329113674268	0.469645686778075	0.593407252949053	Albert2018_BYxRM_1012_segregants	SI_Data_01_expressionValues_plus_SI_Data_03_genotypes	deterministic_100_gene_subset	MatrixEQTL_cis_trans_v1	MatrixEQTL_2.3
chrII:144937_T/C	YBL034C	0.0112440341275489	0.721782348970764	0.470595861770952	0.593407252949053	Albert2018_BYxRM_1012_segregants	SI_Data_01_expressionValues_plus_SI_Data_03_genotypes	deterministic_100_gene_subset	MatrixEQTL_cis_trans_v1	MatrixEQTL_2.3
chrII:35660_T/C	YBL093C	-0.00942613879530367	-0.714528739797883	0.475065890310751	0.596870139042236	Albert2018_BYxRM_1012_segregants	SI_Data_01_expressionValues_plus_SI_Data_03_genotypes	deterministic_100_gene_subset	MatrixEQTL_cis_trans_v1	MatrixEQTL_2.3
chrXV:479709_G/A	YOR083W	-0.0176783193635323	-0.713780352758484	0.475528407478704	0.596870139042236	Albert2018_BYxRM_1012_segregants	SI_Data_01_expressionValues_plus_SI_Data_03_genotypes	deterministic_100_gene_subset	MatrixEQTL_cis_trans_v1	MatrixEQTL_2.3
chrXV:475727_G/A	YOR083W	-0.01753048984277	-0.694455125192047	0.487557016829782	0.610564521075828	Albert2018_BYxRM_1012_segregants	SI_Data_01_expressionValues_plus_SI_Data_03_genotypes	deterministic_100_gene_subset	MatrixEQTL_cis_trans_v1	MatrixEQTL_2.3
chrVII:436337_G/A	YGL030W	-0.00859623637212794	-0.691369448342791	0.489492750413771	0.611585907839631	Albert2018_BYxRM_1012_segregants	SI_Data_01_expressionValues_plus_SI_Data_03_genotypes	deterministic_100_gene_subset	MatrixEQTL_cis_trans_v1	MatrixEQTL_2.3
chrII:675612_T/C	YBR223C	-0.00931687401618208	-0.670131866328609	0.502927373553307	0.626936862922615	Albert2018_BYxRM_1012_segregants	SI_Data_01_expressionValues_plus_SI_Data_03_genotypes	deterministic_100_gene_subset	MatrixEQTL_cis_trans_v1	MatrixEQTL_2.3
chrXV:721240_A/T	YOR204W	-0.0121670689675658	-0.650709187627804	0.515382670451707	0.640999858921713	Albert2018_BYxRM_1012_segregants	SI_Data_01_expressionValues_plus_SI_Data_03_genotypes	deterministic_100_gene_subset	MatrixEQTL_cis_trans_v1	MatrixEQTL_2.3
chrVII:644412_A/G	YGR082W	-0.0042089350095499	-0.639132137302386	0.522882325138286	0.648849430739782	Albert2018_BYxRM_1012_segregants	SI_Data_01_expressionValues_plus_SI_Data_03_genotypes	deterministic_100_gene_subset	MatrixEQTL_cis_trans_v1	MatrixEQTL_2.3
chrXI:47531_G/A	YKL204W	0.00596605426380445	0.636195338521237	0.524793679290665	0.649744555312252	Albert2018_BYxRM_1012_segregants	SI_Data_01_expressionValues_plus_SI_Data_03_genotypes	deterministic_100_gene_subset	MatrixEQTL_cis_trans_v1	MatrixEQTL_2.3
chrXII:719618_A/G	YLR294C	0.0154876013155653	0.625853769854301	0.531552679350723	0.656623898021481	Albert2018_BYxRM_1012_segregants	SI_Data_01_expressionValues_plus_SI_Data_03_genotypes	deterministic_100_gene_subset	MatrixEQTL_cis_trans_v1	MatrixEQTL_2.3
chrII:672318_G/A	YBR223C	-0.00834704660281271	-0.59864334991164	0.549545372551779	0.677317772941921	Albert2018_BYxRM_1012_segregants	SI_Data_01_expressionValues_plus_SI_Data_03_genotypes	deterministic_100_gene_subset	MatrixEQTL_cis_trans_v1	MatrixEQTL_2.3
chrVI:71011_A/G	YFL028C	-0.00442950512277934	-0.593023212599911	0.55329877227868	0.680407949694052	Albert2018_BYxRM_1012_segregants	SI_Data_01_expressionValues_plus_SI_Data_03_genotypes	deterministic_100_gene_subset	MatrixEQTL_cis_trans_v1	MatrixEQTL_2.3
chrII:153815_TA/T	YBL034C	0.00912148733780629	0.58527646291561	0.558492963551509	0.685252040672188	Albert2018_BYxRM_1012_segregants	SI_Data_01_expressionValues_plus_SI_Data_03_genotypes	deterministic_100_gene_subset	MatrixEQTL_cis_trans_v1	MatrixEQTL_2.3
chrXII:714062_A/G	YLR294C	0.0139859970334262	0.578791515755841	0.562859287367208	0.689060921306044	Albert2018_BYxRM_1012_segregants	SI_Data_01_expressionValues_plus_SI_Data_03_genotypes	deterministic_100_gene_subset	MatrixEQTL_cis_trans_v1	MatrixEQTL_2.3
chrVIII:51892_G/A	YHL030W	0.00647327691613422	0.573942548600649	0.566134846072852	0.69152041600845	Albert2018_BYxRM_1012_segregants	SI_Data_01_expressionValues_plus_SI_Data_03_genotypes	deterministic_100_gene_subset	MatrixEQTL_cis_trans_v1	MatrixEQTL_2.3
chrXI:51472_T/C	YKL204W	0.00529232286985092	0.564445995137371	0.57257634290428	0.697827417914591	Albert2018_BYxRM_1012_segregants	SI_Data_01_expressionValues_plus_SI_Data_03_genotypes	deterministic_100_gene_subset	MatrixEQTL_cis_trans_v1	MatrixEQTL_2.3
chrXII:722447_T/C	YLR294C	0.0139628808056147	0.560528392369883	0.575243762948748	0.69825123362535	Albert2018_BYxRM_1012_segregants	SI_Data_01_expressionValues_plus_SI_Data_03_genotypes	deterministic_100_gene_subset	MatrixEQTL_cis_trans_v1	MatrixEQTL_2.3
chrXI:629511_C/G	YKR099W	0.012120073582637	0.558343173315217	0.576734187582108	0.69825123362535	Albert2018_BYxRM_1012_segregants	SI_Data_01_expressionValues_plus_SI_Data_03_genotypes	deterministic_100_gene_subset	MatrixEQTL_cis_trans_v1	MatrixEQTL_2.3
chrII:666885_G/A	YBR223C	-0.00784352987094458	-0.558304421886545	0.576760634368192	0.69825123362535	Albert2018_BYxRM_1012_segregants	SI_Data_01_expressionValues_plus_SI_Data_03_genotypes	deterministic_100_gene_subset	MatrixEQTL_cis_trans_v1	MatrixEQTL_2.3
chrXV:472668_C/T	YOR083W	-0.0138884775260194	-0.555152577854965	0.578913596111906	0.699307131586505	Albert2018_BYxRM_1012_segregants	SI_Data_01_expressionValues_plus_SI_Data_03_genotypes	deterministic_100_gene_subset	MatrixEQTL_cis_trans_v1	MatrixEQTL_2.3
chrII:573792_A/T	YBR162C	-0.00875670317705046	-0.551279427477225	0.581564433319635	0.700903289421227	Albert2018_BYxRM_1012_segregants	SI_Data_01_expressionValues_plus_SI_Data_03_genotypes	deterministic_100_gene_subset	MatrixEQTL_cis_trans_v1	MatrixEQTL_2.3
chrXI:46631_T/G	YKL204W	0.0051453593327307	0.548249603699963	0.583642040198433	0.700903289421227	Albert2018_BYxRM_1012_segregants	SI_Data_01_expressionValues_plus_SI_Data_03_genotypes	deterministic_100_gene_subset	MatrixEQTL_cis_trans_v1	MatrixEQTL_2.3
chrVII:634339_G/A	YGR082W	-0.0036094071873209	-0.547602711482432	0.584086074517689	0.700903289421227	Albert2018_BYxRM_1012_segregants	SI_Data_01_expressionValues_plus_SI_Data_03_genotypes	deterministic_100_gene_subset	MatrixEQTL_cis_trans_v1	MatrixEQTL_2.3
chrVIII:291357_CT/C	YHR089C	-0.00675578484975222	-0.534345348592087	0.593220568682058	0.71030357565878	Albert2018_BYxRM_1012_segregants	SI_Data_01_expressionValues_plus_SI_Data_03_genotypes	deterministic_100_gene_subset	MatrixEQTL_cis_trans_v1	MatrixEQTL_2.3
chrXV:819414_G/C	YOR270C	-0.00505423120438695	-0.531208806230617	0.595391235693699	0.711342701725951	Albert2018_BYxRM_1012_segregants	SI_Data_01_expressionValues_plus_SI_Data_03_genotypes	deterministic_100_gene_subset	MatrixEQTL_cis_trans_v1	MatrixEQTL_2.3
chrVII:433639_T/C	YGL030W	-0.00657296003175423	-0.529028375572583	0.596902353847235	0.711591015721812	Albert2018_BYxRM_1012_segregants	SI_Data_01_expressionValues_plus_SI_Data_03_genotypes	deterministic_100_gene_subset	MatrixEQTL_cis_trans_v1	MatrixEQTL_2.3
chrVI:69778_T/C	YFL028C	-0.00386298238062536	-0.517101589727717	0.605198798984195	0.718259133679896	Albert2018_BYxRM_1012_segregants	SI_Data_01_expressionValues_plus_SI_Data_03_genotypes	deterministic_100_gene_subset	MatrixEQTL_cis_trans_v1	MatrixEQTL_2.3
chrXII:713115_AT/A	YLR294C	0.0124678150294333	0.517096222941672	0.605202543824492	0.718259133679896	Albert2018_BYxRM_1012_segregants	SI_Data_01_expressionValues_plus_SI_Data_03_genotypes	deterministic_100_gene_subset	MatrixEQTL_cis_trans_v1	MatrixEQTL_2.3
chrXII:723330_A/G	YLR294C	0.0127741894096291	0.513042951036021	0.608033803526199	0.718259133679896	Albert2018_BYxRM_1012_segregants	SI_Data_01_expressionValues_plus_SI_Data_03_genotypes	deterministic_100_gene_subset	MatrixEQTL_cis_trans_v1	MatrixEQTL_2.3
chrVI:207856_A/G	YFR029W	-0.00591368051502961	-0.512320601714385	0.608538993513983	0.718259133679896	Albert2018_BYxRM_1012_segregants	SI_Data_01_expressionValues_plus_SI_Data_03_genotypes	deterministic_100_gene_subset	MatrixEQTL_cis_trans_v1	MatrixEQTL_2.3
chrXV:821660_T/C	YOR270C	-0.0048661297365465	-0.511557023239074	0.609073221417201	0.718259133679896	Albert2018_BYxRM_1012_segregants	SI_Data_01_expressionValues_plus_SI_Data_03_genotypes	deterministic_100_gene_subset	MatrixEQTL_cis_trans_v1	MatrixEQTL_2.3
chrII:660237_A/G	YBR223C	-0.00745534858748951	-0.507952935196825	0.611597591195504	0.719681648260227	Albert2018_BYxRM_1012_segregants	SI_Data_01_expressionValues_plus_SI_Data_03_genotypes	deterministic_100_gene_subset	MatrixEQTL_cis_trans_v1	MatrixEQTL_2.3
chrXV:489885_T/C	YOR083W	0.0130426779366739	0.503665724994954	0.614606458587677	0.721666938470691	Albert2018_BYxRM_1012_segregants	SI_Data_01_expressionValues_plus_SI_Data_03_genotypes	deterministic_100_gene_subset	MatrixEQTL_cis_trans_v1	MatrixEQTL_2.3
chrII:676577_G/A	YBR223C	-0.00698144184408028	-0.501463080094366	0.616154861550549	0.721932520185836	Albert2018_BYxRM_1012_segregants	SI_Data_01_expressionValues_plus_SI_Data_03_genotypes	deterministic_100_gene_subset	MatrixEQTL_cis_trans_v1	MatrixEQTL_2.3
chrXI:639099_G/A	YKR099W	0.0107419231784886	0.497337780508117	0.619059444228813	0.722927961300876	Albert2018_BYxRM_1012_segregants	SI_Data_01_expressionValues_plus_SI_Data_03_genotypes	deterministic_100_gene_subset	MatrixEQTL_cis_trans_v1	MatrixEQTL_2.3
chrXV:368065_G/GTT	YOR018W	-0.00948925192396883	-0.496496467852049	0.619652538257894	0.722927961300876	Albert2018_BYxRM_1012_segregants	SI_Data_01_expressionValues_plus_SI_Data_03_genotypes	deterministic_100_gene_subset	MatrixEQTL_cis_trans_v1	MatrixEQTL_2.3
chrXV:469548_G/A	YOR083W	-0.0123507926389306	-0.492993778936403	0.622124465031526	0.724078608621192	Albert2018_BYxRM_1012_segregants	SI_Data_01_expressionValues_plus_SI_Data_03_genotypes	deterministic_100_gene_subset	MatrixEQTL_cis_trans_v1	MatrixEQTL_2.3
chrXV:370888_C/CG	YOR018W	-0.00944008538366915	-0.491342760608069	0.623291109985275	0.724078608621192	Albert2018_BYxRM_1012_segregants	SI_Data_01_expressionValues_plus_SI_Data_03_genotypes	deterministic_100_gene_subset	MatrixEQTL_cis_trans_v1	MatrixEQTL_2.3
chrII:670150_C/T	YBR223C	-0.00666851939291514	-0.478249576861836	0.632576387261303	0.731796852398762	Albert2018_BYxRM_1012_segregants	SI_Data_01_expressionValues_plus_SI_Data_03_genotypes	deterministic_100_gene_subset	MatrixEQTL_cis_trans_v1	MatrixEQTL_2.3
chrV:349710_G/A	YER095W	0.00440935274214851	0.475696160382301	0.634394030566025	0.731796852398762	Albert2018_BYxRM_1012_segregants	SI_Data_01_expressionValues_plus_SI_Data_03_genotypes	deterministic_100_gene_subset	MatrixEQTL_cis_trans_v1	MatrixEQTL_2.3
chrIV:1187132_C/A	YDR362C	0.00531212963634278	0.475689449365816	0.634398810703746	0.731796852398762	Albert2018_BYxRM_1012_segregants	SI_Data_01_expressionValues_plus_SI_Data_03_genotypes	deterministic_100_gene_subset	MatrixEQTL_cis_trans_v1	MatrixEQTL_2.3
chrX:248378_G/C	YJL095W	0.00699080526901831	0.474429993979018	0.635296168565958	0.731796852398762	Albert2018_BYxRM_1012_segregants	SI_Data_01_expressionValues_plus_SI_Data_03_genotypes	deterministic_100_gene_subset	MatrixEQTL_cis_trans_v1	MatrixEQTL_2.3
chrXIV:244308_C/A	YNL218W	0.00610815314217666	0.461281568900307	0.644696222709906	0.741061342314965	Albert2018_BYxRM_1012_segregants	SI_Data_01_expressionValues_plus_SI_Data_03_genotypes	deterministic_100_gene_subset	MatrixEQTL_cis_trans_v1	MatrixEQTL_2.3
chrVI:86452_G/A	YFL028C	0.00343449568628726	0.457265628613184	0.647578761907265	0.74281093277598	Albert2018_BYxRM_1012_segregants	SI_Data_01_expressionValues_plus_SI_Data_03_genotypes	deterministic_100_gene_subset	MatrixEQTL_cis_trans_v1	MatrixEQTL_2.3
chrVIII:287687_G/A	YHR089C	-0.00561893506048326	-0.444404115363425	0.656845927583717	0.751861376227903	Albert2018_BYxRM_1012_segregants	SI_Data_01_expressionValues_plus_SI_Data_03_genotypes	deterministic_100_gene_subset	MatrixEQTL_cis_trans_v1	MatrixEQTL_2.3
chrXV:366780_C/T	YOR018W	-0.00828632206176646	-0.434900397363607	0.663727909602669	0.756363154101491	Albert2018_BYxRM_1012_segregants	SI_Data_01_expressionValues_plus_SI_Data_03_genotypes	deterministic_100_gene_subset	MatrixEQTL_cis_trans_v1	MatrixEQTL_2.3
chrXI:634424_A/G	YKR099W	0.0093804127584188	0.433118998402978	0.665021074142857	0.756363154101491	Albert2018_BYxRM_1012_segregants	SI_Data_01_expressionValues_plus_SI_Data_03_genotypes	deterministic_100_gene_subset	MatrixEQTL_cis_trans_v1	MatrixEQTL_2.3
chrXIV:104993_C/T	YNL280C	-0.00380796230302632	-0.432302160504577	0.665614372584698	0.756363154101491	Albert2018_BYxRM_1012_segregants	SI_Data_01_expressionValues_plus_SI_Data_03_genotypes	deterministic_100_gene_subset	MatrixEQTL_cis_trans_v1	MatrixEQTL_2.3
chrXV:487362_T/A	YOR083W	-0.0110375110151759	-0.431331154680768	0.666319921470361	0.756363154101491	Albert2018_BYxRM_1012_segregants	SI_Data_01_expressionValues_plus_SI_Data_03_genotypes	deterministic_100_gene_subset	MatrixEQTL_cis_trans_v1	MatrixEQTL_2.3
chrXIV:104189_A/G	YNL280C	-0.00376386425703203	-0.427119709122508	0.669383444147059	0.757598487686425	Albert2018_BYxRM_1012_segregants	SI_Data_01_expressionValues_plus_SI_Data_03_genotypes	deterministic_100_gene_subset	MatrixEQTL_cis_trans_v1	MatrixEQTL_2.3
chrII:151976_G/A	YBL034C	0.00663668350369045	0.426021422658291	0.670183277568761	0.757598487686425	Albert2018_BYxRM_1012_segregants	SI_Data_01_expressionValues_plus_SI_Data_03_genotypes	deterministic_100_gene_subset	MatrixEQTL_cis_trans_v1	MatrixEQTL_2.3
chrX:547082_C/G	YJR064W	-0.00445025906210838	-0.422665256771224	0.672629742828587	0.758793056992579	Albert2018_BYxRM_1012_segregants	SI_Data_01_expressionValues_plus_SI_Data_03_genotypes	deterministic_100_gene_subset	MatrixEQTL_cis_trans_v1	MatrixEQTL_2.3
chrXVI:93959_C/T	YPL244C	0.00458489655604259	0.416767388437431	0.676937379957862	0.762077957643283	Albert2018_BYxRM_1012_segregants	SI_Data_01_expressionValues_plus_SI_Data_03_genotypes	deterministic_100_gene_subset	MatrixEQTL_cis_trans_v1	MatrixEQTL_2.3
chrXI:632234_C/T	YKR099W	0.0089246678036507	0.4115615250676	0.680748415902111	0.764791430211013	Albert2018_BYxRM_1012_segregants	SI_Data_01_expressionValues_plus_SI_Data_03_genotypes	deterministic_100_gene_subset	MatrixEQTL_cis_trans_v1	MatrixEQTL_2.3
chrXV:376289_G/A	YOR018W	0.00784705396980178	0.39663069883532	0.691723847394868	0.775526120487881	Albert2018_BYxRM_1012_segregants	SI_Data_01_expressionValues_plus_SI_Data_03_genotypes	deterministic_100_gene_subset	MatrixEQTL_cis_trans_v1	MatrixEQTL_2.3
chrXVI:819256_A/G	YPR145C-A	0.0125995064169317	0.394005243618462	0.693660584716178	0.776103850932445	Albert2018_BYxRM_1012_segregants	SI_Data_01_expressionValues_plus_SI_Data_03_genotypes	deterministic_100_gene_subset	MatrixEQTL_cis_trans_v1	MatrixEQTL_2.3
chrVI:207041_C/T	YFR029W	-0.00451821311539196	-0.391549495268424	0.695473949283306	0.776541464843936	Albert2018_BYxRM_1012_segregants	SI_Data_01_expressionValues_plus_SI_Data_03_genotypes	deterministic_100_gene_subset	MatrixEQTL_cis_trans_v1	MatrixEQTL_2.3
chrXVI:91564_G/A	YPL244C	0.00420729313734341	0.382621626902706	0.702081075446754	0.782318912640668	Albert2018_BYxRM_1012_segregants	SI_Data_01_expressionValues_plus_SI_Data_03_genotypes	deterministic_100_gene_subset	MatrixEQTL_cis_trans_v1	MatrixEQTL_2.3
chrXII:716777_G/A	YLR294C	0.00886911882563379	0.364173709191711	0.715804749480317	0.795986544228621	Albert2018_BYxRM_1012_segregants	SI_Data_01_expressionValues_plus_SI_Data_03_genotypes	deterministic_100_gene_subset	MatrixEQTL_cis_trans_v1	MatrixEQTL_2.3
chrVI:88711_A/T	YFL028C	0.00268572954892792	0.358062205461248	0.720371803079296	0.799437000978243	Albert2018_BYxRM_1012_segregants	SI_Data_01_expressionValues_plus_SI_Data_03_genotypes	deterministic_100_gene_subset	MatrixEQTL_cis_trans_v1	MatrixEQTL_2.3
chrXIV:752615_T/C	YNR068C	-0.0061111620497897	-0.34415098935667	0.730804589489308	0.809369788765035	Albert2018_BYxRM_1012_segregants	SI_Data_01_expressionValues_plus_SI_Data_03_genotypes	deterministic_100_gene_subset	MatrixEQTL_cis_trans_v1	MatrixEQTL_2.3
chrXI:45217_G/T	YKL204W	0.00312813467348003	0.332970543650636	0.73922582674513	0.81703907166567	Albert2018_BYxRM_1012_segregants	SI_Data_01_expressionValues_plus_SI_Data_03_genotypes	deterministic_100_gene_subset	MatrixEQTL_cis_trans_v1	MatrixEQTL_2.3
chrXII:715068_G/A	YLR294C	0.007955020210655	0.327175535844968	0.743603120677546	0.819722233437702	Albert2018_BYxRM_1012_segregants	SI_Data_01_expressionValues_plus_SI_Data_03_genotypes	deterministic_100_gene_subset	MatrixEQTL_cis_trans_v1	MatrixEQTL_2.3
chrXIII:612355_A/T	YMR180C	0.00315075391609917	0.325783172053698	0.744656094844506	0.819722233437702	Albert2018_BYxRM_1012_segregants	SI_Data_01_expressionValues_plus_SI_Data_03_genotypes	deterministic_100_gene_subset	MatrixEQTL_cis_trans_v1	MatrixEQTL_2.3
chrXII:728027_A/G	YLR294C	0.00771664108552475	0.320452473460736	0.748691835841427	0.822506523882131	Albert2018_BYxRM_1012_segregants	SI_Data_01_expressionValues_plus_SI_Data_03_genotypes	deterministic_100_gene_subset	MatrixEQTL_cis_trans_v1	MatrixEQTL_2.3
chrVI:82990_T/G	YFL028C	0.00238326306561014	0.316854405207186	0.751419755102804	0.823845755594641	Albert2018_BYxRM_1012_segregants	SI_Data_01_expressionValues_plus_SI_Data_03_genotypes	deterministic_100_gene_subset	MatrixEQTL_cis_trans_v1	MatrixEQTL_2.3
chrVI:78930_A/G	YFL028C	0.00220635841383872	0.293528260940647	0.769178883332571	0.840079347450047	Albert2018_BYxRM_1012_segregants	SI_Data_01_expressionValues_plus_SI_Data_03_genotypes	deterministic_100_gene_subset	MatrixEQTL_cis_trans_v1	MatrixEQTL_2.3
chrIV:938510_T/C	YDR240C	0.0026099783552082	0.291959265627601	0.770377904578825	0.840079347450047	Albert2018_BYxRM_1012_segregants	SI_Data_01_expressionValues_plus_SI_Data_03_genotypes	deterministic_100_gene_subset	MatrixEQTL_cis_trans_v1	MatrixEQTL_2.3
chrXIII:628821_C/T	YMR180C	0.00281825885940942	0.291352110135163	0.770842038594274	0.840079347450047	Albert2018_BYxRM_1012_segregants	SI_Data_01_expressionValues_plus_SI_Data_03_genotypes	deterministic_100_gene_subset	MatrixEQTL_cis_trans_v1	MatrixEQTL_2.3
chrXV:716400_C/T	YOR204W	-0.00532639052802671	-0.282476278050614	0.777636381842602	0.845795745988169	Albert2018_BYxRM_1012_segregants	SI_Data_01_expressionValues_plus_SI_Data_03_genotypes	deterministic_100_gene_subset	MatrixEQTL_cis_trans_v1	MatrixEQTL_2.3
chrIV:1056052_A/G	YDR301W	0.00342855714925211	0.271390405023836	0.786146404421432	0.853162652843653	Albert2018_BYxRM_1012_segregants	SI_Data_01_expressionValues_plus_SI_Data_03_genotypes	deterministic_100_gene_subset	MatrixEQTL_cis_trans_v1	MatrixEQTL_2.3
chrVI:76992_T/C	YFL028C	0.00202649138460164	0.269585019767682	0.787534756471065	0.853162652843653	Albert2018_BYxRM_1012_segregants	SI_Data_01_expressionValues_plus_SI_Data_03_genotypes	deterministic_100_gene_subset	MatrixEQTL_cis_trans_v1	MatrixEQTL_2.3
chrXII:718266_A/G	YLR294C	0.00626306884055529	0.255961448243538	0.798032881653662	0.862823670065148	Albert2018_BYxRM_1012_segregants	SI_Data_01_expressionValues_plus_SI_Data_03_genotypes	deterministic_100_gene_subset	MatrixEQTL_cis_trans_v1	MatrixEQTL_2.3
chrVI:84193_C/T	YFL028C	0.00185750504853791	0.246998284567194	0.804959896981311	0.868593090418568	Albert2018_BYxRM_1012_segregants	SI_Data_01_expressionValues_plus_SI_Data_03_genotypes	deterministic_100_gene_subset	MatrixEQTL_cis_trans_v1	MatrixEQTL_2.3
chrXIV:234916_T/C	YNL218W	0.0030708322529127	0.231813669813843	0.816729836666204	0.879555208717451	Albert2018_BYxRM_1012_segregants	SI_Data_01_expressionValues_plus_SI_Data_03_genotypes	deterministic_100_gene_subset	MatrixEQTL_cis_trans_v1	MatrixEQTL_2.3
chrIII:302979_G/A	YCR106W	-0.00758881981605253	-0.226099117112756	0.821170213569806	0.882596331907705	Albert2018_BYxRM_1012_segregants	SI_Data_01_expressionValues_plus_SI_Data_03_genotypes	deterministic_100_gene_subset	MatrixEQTL_cis_trans_v1	MatrixEQTL_2.3
chrXI:55185_T/A	YKL204W	0.002084333640261	0.221979216023408	0.824375071616778	0.88430017505454	Albert2018_BYxRM_1012_segregants	SI_Data_01_expressionValues_plus_SI_Data_03_genotypes	deterministic_100_gene_subset	MatrixEQTL_cis_trans_v1	MatrixEQTL_2.3
chrXV:485252_A/G	YOR083W	-0.00564415018742605	-0.21527956459919	0.829592953401229	0.888152455994257	Albert2018_BYxRM_1012_segregants	SI_Data_01_expressionValues_plus_SI_Data_03_genotypes	deterministic_100_gene_subset	MatrixEQTL_cis_trans_v1	MatrixEQTL_2.3
chrXV:372375_G/T	YOR018W	-0.00402820426524486	-0.208372125365433	0.834980556502528	0.890450556658316	Albert2018_BYxRM_1012_segregants	SI_Data_01_expressionValues_plus_SI_Data_03_genotypes	deterministic_100_gene_subset	MatrixEQTL_cis_trans_v1	MatrixEQTL_2.3
chrVI:206167_G/T	YFR029W	-0.00238268992907231	-0.206426260933871	0.836499687470417	0.890450556658316	Albert2018_BYxRM_1012_segregants	SI_Data_01_expressionValues_plus_SI_Data_03_genotypes	deterministic_100_gene_subset	MatrixEQTL_cis_trans_v1	MatrixEQTL_2.3
chrXV:363824_G/A	YOR018W	-0.00385995382832915	-0.206256669030365	0.836632116420725	0.890450556658316	Albert2018_BYxRM_1012_segregants	SI_Data_01_expressionValues_plus_SI_Data_03_genotypes	deterministic_100_gene_subset	MatrixEQTL_cis_trans_v1	MatrixEQTL_2.3
chrIV:1054225_A/G	YDR301W	0.00237713211967158	0.188022150050545	0.8508971681154	0.903086527843612	Albert2018_BYxRM_1012_segregants	SI_Data_01_expressionValues_plus_SI_Data_03_genotypes	deterministic_100_gene_subset	MatrixEQTL_cis_trans_v1	MatrixEQTL_2.3
chrX:555138_T/C	YJR064W	-0.00196653022651736	-0.186854458909524	0.851812384321355	0.903086527843612	Albert2018_BYxRM_1012_segregants	SI_Data_01_expressionValues_plus_SI_Data_03_genotypes	deterministic_100_gene_subset	MatrixEQTL_cis_trans_v1	MatrixEQTL_2.3
chrXI:628100_T/C	YKR099W	0.0039699827247999	0.182923289506322	0.85489502955913	0.904598228952103	Albert2018_BYxRM_1012_segregants	SI_Data_01_expressionValues_plus_SI_Data_03_genotypes	deterministic_100_gene_subset	MatrixEQTL_cis_trans_v1	MatrixEQTL_2.3
chrIV:935955_A/T	YDR240C	0.00156668851534349	0.175270633753674	0.860902220457	0.907441641079712	Albert2018_BYxRM_1012_segregants	SI_Data_01_expressionValues_plus_SI_Data_03_genotypes	deterministic_100_gene_subset	MatrixEQTL_cis_trans_v1	MatrixEQTL_2.3
chrXI:59874_T/C	YKL204W	0.00164550449589992	0.175265602859383	0.860906172306394	0.907441641079712	Albert2018_BYxRM_1012_segregants	SI_Data_01_expressionValues_plus_SI_Data_03_genotypes	deterministic_100_gene_subset	MatrixEQTL_cis_trans_v1	MatrixEQTL_2.3
chrVI:76018_G/A	YFL028C	0.00129576423272022	0.172004871601138	0.863468259140613	0.908388573199951	Albert2018_BYxRM_1012_segregants	SI_Data_01_expressionValues_plus_SI_Data_03_genotypes	deterministic_100_gene_subset	MatrixEQTL_cis_trans_v1	MatrixEQTL_2.3
chrXV:733519_C/T	YOR204W	0.00281137188008582	0.152064250253965	0.879166720399212	0.921265490577589	Albert2018_BYxRM_1012_segregants	SI_Data_01_expressionValues_plus_SI_Data_03_genotypes	deterministic_100_gene_subset	MatrixEQTL_cis_trans_v1	MatrixEQTL_2.3
chrXV:374613_C/T	YOR018W	0.00297777740422681	0.151285209665863	0.879781036492046	0.921265490577589	Albert2018_BYxRM_1012_segregants	SI_Data_01_expressionValues_plus_SI_Data_03_genotypes	deterministic_100_gene_subset	MatrixEQTL_cis_trans_v1	MatrixEQTL_2.3
chrXV:357107_T/C	YOR018W	0.00264781771680132	0.145431772993671	0.884399084065653	0.921265490577589	Albert2018_BYxRM_1012_segregants	SI_Data_01_expressionValues_plus_SI_Data_03_genotypes	deterministic_100_gene_subset	MatrixEQTL_cis_trans_v1	MatrixEQTL_2.3
chrVIII:40899_T/C	YHL030W	0.00162295125840936	0.143616299360328	0.885832202478451	0.921265490577589	Albert2018_BYxRM_1012_segregants	SI_Data_01_expressionValues_plus_SI_Data_03_genotypes	deterministic_100_gene_subset	MatrixEQTL_cis_trans_v1	MatrixEQTL_2.3
chrVIII:42946_T/C	YHL030W	0.00162295125840936	0.143616299360328	0.885832202478451	0.921265490577589	Albert2018_BYxRM_1012_segregants	SI_Data_01_expressionValues_plus_SI_Data_03_genotypes	deterministic_100_gene_subset	MatrixEQTL_cis_trans_v1	MatrixEQTL_2.3
chrVIII:46055_A/G	YHL030W	0.00162295125840936	0.143616299360328	0.885832202478451	0.921265490577589	Albert2018_BYxRM_1012_segregants	SI_Data_01_expressionValues_plus_SI_Data_03_genotypes	deterministic_100_gene_subset	MatrixEQTL_cis_trans_v1	MatrixEQTL_2.3
chrIV:948413_A/G	YDR240C	0.00119225621617854	0.13338882550912	0.893912533238859	0.927901602943758	Albert2018_BYxRM_1012_segregants	SI_Data_01_expressionValues_plus_SI_Data_03_genotypes	deterministic_100_gene_subset	MatrixEQTL_cis_trans_v1	MatrixEQTL_2.3
chrVII:449637_C/T	YGL030W	-0.00144992229665963	-0.116362764645665	0.907388245612322	0.940020240463956	Albert2018_BYxRM_1012_segregants	SI_Data_01_expressionValues_plus_SI_Data_03_genotypes	deterministic_100_gene_subset	MatrixEQTL_cis_trans_v1	MatrixEQTL_2.3
chrXV:481860_T/A	YOR083W	-0.00287251123936263	-0.114290163830832	0.909030562206902	0.940020240463956	Albert2018_BYxRM_1012_segregants	SI_Data_01_expressionValues_plus_SI_Data_03_genotypes	deterministic_100_gene_subset	MatrixEQTL_cis_trans_v1	MatrixEQTL_2.3
chrVIII:33167_G/A	YHL030W	-0.00104299244470407	-0.0924659347423632	0.926346246949599	0.95611540800469	Albert2018_BYxRM_1012_segregants	SI_Data_01_expressionValues_plus_SI_Data_03_genotypes	deterministic_100_gene_subset	MatrixEQTL_cis_trans_v1	MatrixEQTL_2.3
chrIV:1316659_T/C	YDR420W	-0.00167587290682906	-0.0885308758063265	0.929472348050233	0.957531890632881	Albert2018_BYxRM_1012_segregants	SI_Data_01_expressionValues_plus_SI_Data_03_genotypes	deterministic_100_gene_subset	MatrixEQTL_cis_trans_v1	MatrixEQTL_2.3
chrVI:80830_A/T	YFL028C	0.000585131809329013	0.0778083965971527	0.937995924338074	0.962384568999339	Albert2018_BYxRM_1012_segregants	SI_Data_01_expressionValues_plus_SI_Data_03_genotypes	deterministic_100_gene_subset	MatrixEQTL_cis_trans_v1	MatrixEQTL_2.3
chrX:448925_C/A	YJR004C	0.00413941010308323	0.0759541647764451	0.939470650689831	0.962384568999339	Albert2018_BYxRM_1012_segregants	SI_Data_01_expressionValues_plus_SI_Data_03_genotypes	deterministic_100_gene_subset	MatrixEQTL_cis_trans_v1	MatrixEQTL_2.3
chrX:451436_T/C	YJR004C	0.00413941010308323	0.0759541647764451	0.939470650689831	0.962384568999339	Albert2018_BYxRM_1012_segregants	SI_Data_01_expressionValues_plus_SI_Data_03_genotypes	deterministic_100_gene_subset	MatrixEQTL_cis_trans_v1	MatrixEQTL_2.3
chrXVI:83595_C/T	YPL244C	0.000753654208533011	0.0685890560134796	0.945330346967569	0.96657372555111	Albert2018_BYxRM_1012_segregants	SI_Data_01_expressionValues_plus_SI_Data_03_genotypes	deterministic_100_gene_subset	MatrixEQTL_cis_trans_v1	MatrixEQTL_2.3
chrXV:359602_C/T	YOR018W	0.00115188623403133	0.0623641924035112	0.950285185546433	0.969823759454865	Albert2018_BYxRM_1012_segregants	SI_Data_01_expressionValues_plus_SI_Data_03_genotypes	deterministic_100_gene_subset	MatrixEQTL_cis_trans_v1	MatrixEQTL_2.3
chrXV:354963_G/A	YOR018W	-0.00103456891468725	-0.0567759494846374	0.954734935675624	0.972547154624796	Albert2018_BYxRM_1012_segregants	SI_Data_01_expressionValues_plus_SI_Data_03_genotypes	deterministic_100_gene_subset	MatrixEQTL_cis_trans_v1	MatrixEQTL_2.3
chrXI:63630_A/C	YKL204W	0.000403237376732166	0.0429938778879114	0.965714937302946	0.977057847003345	Albert2018_BYxRM_1012_segregants	SI_Data_01_expressionValues_plus_SI_Data_03_genotypes	deterministic_100_gene_subset	MatrixEQTL_cis_trans_v1	MatrixEQTL_2.3
chrXIV:758326_G/A	YNR068C	-0.000686454106660104	-0.0386242277238164	0.969197641382858	0.977057847003345	Albert2018_BYxRM_1012_segregants	SI_Data_01_expressionValues_plus_SI_Data_03_genotypes	deterministic_100_gene_subset	MatrixEQTL_cis_trans_v1	MatrixEQTL_2.3
chrX:433686_A/G	YJR004C	0.00209418741635021	0.0384390001764677	0.969345285144966	0.977057847003345	Albert2018_BYxRM_1012_segregants	SI_Data_01_expressionValues_plus_SI_Data_03_genotypes	deterministic_100_gene_subset	MatrixEQTL_cis_trans_v1	MatrixEQTL_2.3
chrX:436461_T/TA	YJR004C	0.00209418741635021	0.0384390001764677	0.969345285144966	0.977057847003345	Albert2018_BYxRM_1012_segregants	SI_Data_01_expressionValues_plus_SI_Data_03_genotypes	deterministic_100_gene_subset	MatrixEQTL_cis_trans_v1	MatrixEQTL_2.3
chrX:440601_G/T	YJR004C	0.00209418741635021	0.0384390001764677	0.969345285144966	0.977057847003345	Albert2018_BYxRM_1012_segregants	SI_Data_01_expressionValues_plus_SI_Data_03_genotypes	deterministic_100_gene_subset	MatrixEQTL_cis_trans_v1	MatrixEQTL_2.3
chrVI:74862_A/G	YFL028C	0.000283552188304408	0.0377431982118981	0.969899914058266	0.977057847003345	Albert2018_BYxRM_1012_segregants	SI_Data_01_expressionValues_plus_SI_Data_03_genotypes	deterministic_100_gene_subset	MatrixEQTL_cis_trans_v1	MatrixEQTL_2.3
chrX:550837_T/C	YJR064W	-0.000282204254955854	-0.0268143205221237	0.978613143950696	0.984019846403462	Albert2018_BYxRM_1012_segregants	SI_Data_01_expressionValues_plus_SI_Data_03_genotypes	deterministic_100_gene_subset	MatrixEQTL_cis_trans_v1	MatrixEQTL_2.3
chrV:356363_C/T	YER095W	0.000219478930722096	0.0236765458548394	0.981115305145969	0.984722346709006	Albert2018_BYxRM_1012_segregants	SI_Data_01_expressionValues_plus_SI_Data_03_genotypes	deterministic_100_gene_subset	MatrixEQTL_cis_trans_v1	MatrixEQTL_2.3
chrXII:725584_G/C	YLR294C	-0.00031429133638299	-0.0129299974834122	0.989686203222398	0.991502141209962	Albert2018_BYxRM_1012_segregants	SI_Data_01_expressionValues_plus_SI_Data_03_genotypes	deterministic_100_gene_subset	MatrixEQTL_cis_trans_v1	MatrixEQTL_2.3
chrXV:488381_C/T	YOR083W	8.49617882762625e-05	0.00331603261240347	0.997354850401154	0.997354850401154	Albert2018_BYxRM_1012_segregants	SI_Data_01_expressionValues_plus_SI_Data_03_genotypes	deterministic_100_gene_subset	MatrixEQTL_cis_trans_v1	MatrixEQTL_2.3
