sample_id	Factor1	Factor2	Factor3	Factor4	Factor5	source_dataset	upstream_baseline	analysis_method
AAA	-1.5900077845593055	2.2324295228876903	0.5018789460137792	-1.0816356935454159	3.2036153504411335	PXD044523_Zenodo_author_processed_RNA_protein	micro_pilot_processing_20260730:v1.0.0	MOFA2_unsupervised_gaussian_two_view
AAD	-1.403101529883181	-1.03503328239743	0.4138690007961378	0.8931246969425024	0.09369901474182124	PXD044523_Zenodo_author_processed_RNA_protein	micro_pilot_processing_20260730:v1.0.0	MOFA2_unsupervised_gaussian_two_view
AAG	0.29023732578946	-3.1693810579772737	2.6461954468924995	2.0272957747554767	-3.4641863826832693	PXD044523_Zenodo_author_processed_RNA_protein	micro_pilot_processing_20260730:v1.0.0	MOFA2_unsupervised_gaussian_two_view
AAH	0.3722298341136132	-3.504730894052175	-2.3981302856156113	1.329426722789124	-3.060392902708929	PXD044523_Zenodo_author_processed_RNA_protein	micro_pilot_processing_20260730:v1.0.0	MOFA2_unsupervised_gaussian_two_view
AAI	-1.2263190966562503	1.1977229360611357	-1.1768738862284869	-3.450845653947128	1.0927137171964887	PXD044523_Zenodo_author_processed_RNA_protein	micro_pilot_processing_20260730:v1.0.0	MOFA2_unsupervised_gaussian_two_view
AAK	2.089406638694902	-3.250521855501293	0.004975878304163548	-1.0023318906601368	-1.728891407600153	PXD044523_Zenodo_author_processed_RNA_protein	micro_pilot_processing_20260730:v1.0.0	MOFA2_unsupervised_gaussian_two_view
AAL	1.0800191294393844	-0.3350471534180692	-1.8459699431246934	3.178266082028852	0.5717685147007675	PXD044523_Zenodo_author_processed_RNA_protein	micro_pilot_processing_20260730:v1.0.0	MOFA2_unsupervised_gaussian_two_view
AAM	1.487477073797136	-0.738363162624499	-5.096250880711568	2.9658864770617885	1.538263758733714	PXD044523_Zenodo_author_processed_RNA_protein	micro_pilot_processing_20260730:v1.0.0	MOFA2_unsupervised_gaussian_two_view
AAP	0.4289173661614568	-0.9616489792128706	-3.9967540792650254	3.7797110715363917	-1.3328331540522431	PXD044523_Zenodo_author_processed_RNA_protein	micro_pilot_processing_20260730:v1.0.0	MOFA2_unsupervised_gaussian_two_view
AAQ	0.9189613395898656	-2.1216301620304843	-1.4011100753987256	0.4654555914783065	-2.6173039194823002	PXD044523_Zenodo_author_processed_RNA_protein	micro_pilot_processing_20260730:v1.0.0	MOFA2_unsupervised_gaussian_two_view
AAR	1.7964355781391546	-3.614424193959032	-2.564902540064204	1.3791738126625679	1.5907707984960444	PXD044523_Zenodo_author_processed_RNA_protein	micro_pilot_processing_20260730:v1.0.0	MOFA2_unsupervised_gaussian_two_view
AAS	0.9623239480346465	-0.0011616273226132817	-0.9135983165557336	0.33213341698379756	-2.403674069946655	PXD044523_Zenodo_author_processed_RNA_protein	micro_pilot_processing_20260730:v1.0.0	MOFA2_unsupervised_gaussian_two_view
AAT	0.677198834066823	-2.9405883333107936	1.6483321805724642	0.5456749118261348	-2.5876738531593633	PXD044523_Zenodo_author_processed_RNA_protein	micro_pilot_processing_20260730:v1.0.0	MOFA2_unsupervised_gaussian_two_view
AAV	1.1406082385495413	0.7254804799664413	0.31329230762708776	0.10230094799710995	-2.256251168719084	PXD044523_Zenodo_author_processed_RNA_protein	micro_pilot_processing_20260730:v1.0.0	MOFA2_unsupervised_gaussian_two_view
ABA	0.8174850408258634	-0.48827446711874417	-1.8952228430003089	0.32170459385619016	-2.3699137944954356	PXD044523_Zenodo_author_processed_RNA_protein	micro_pilot_processing_20260730:v1.0.0	MOFA2_unsupervised_gaussian_two_view
ABB	-3.938357070442393	0.8267997890213343	0.9864635926463691	0.6034851206681258	-0.733875651658017	PXD044523_Zenodo_author_processed_RNA_protein	micro_pilot_processing_20260730:v1.0.0	MOFA2_unsupervised_gaussian_two_view
ABC	-0.396048178188143	-3.218163619989505	1.1210653341195427	3.5253161799622	-2.0727885338310443	PXD044523_Zenodo_author_processed_RNA_protein	micro_pilot_processing_20260730:v1.0.0	MOFA2_unsupervised_gaussian_two_view
ABD	0.4603762815048988	-2.3222209576492987	1.8238722811748045	1.0115176628751765	-2.605925538803537	PXD044523_Zenodo_author_processed_RNA_protein	micro_pilot_processing_20260730:v1.0.0	MOFA2_unsupervised_gaussian_two_view
ABF	0.05994694462509364	-2.3019802652603754	0.21044302145382943	3.1326325760654377	0.00583978220007267	PXD044523_Zenodo_author_processed_RNA_protein	micro_pilot_processing_20260730:v1.0.0	MOFA2_unsupervised_gaussian_two_view
ABG	1.1421170058517105	2.0227753831841664	-0.8749599617726803	0.4766576588841134	-2.5082264875623883	PXD044523_Zenodo_author_processed_RNA_protein	micro_pilot_processing_20260730:v1.0.0	MOFA2_unsupervised_gaussian_two_view
ABH	0.6369142329752817	0.884214104176471	2.439830324762412	0.47503391667547024	-2.4664022290661274	PXD044523_Zenodo_author_processed_RNA_protein	micro_pilot_processing_20260730:v1.0.0	MOFA2_unsupervised_gaussian_two_view
ABI	-0.1155609422376616	-2.4758410398118906	3.6778304731116274	2.1946384055888	-3.6702395521714095	PXD044523_Zenodo_author_processed_RNA_protein	micro_pilot_processing_20260730:v1.0.0	MOFA2_unsupervised_gaussian_two_view
ABK	-2.676422661343255	1.7205250851926426	1.1547239720908118	-0.09023778996410826	-0.9082566752769885	PXD044523_Zenodo_author_processed_RNA_protein	micro_pilot_processing_20260730:v1.0.0	MOFA2_unsupervised_gaussian_two_view
ABL	-2.850428218764987	-3.211792662820507	-1.2071029239482296	-0.8924570140527122	-0.4037921172349326	PXD044523_Zenodo_author_processed_RNA_protein	micro_pilot_processing_20260730:v1.0.0	MOFA2_unsupervised_gaussian_two_view
ABM	1.817843485698949	-3.4721402474760112	-1.2028652078062188	1.5984536003915952	1.3605997025102088	PXD044523_Zenodo_author_processed_RNA_protein	micro_pilot_processing_20260730:v1.0.0	MOFA2_unsupervised_gaussian_two_view
ABP	1.9148279583142036	-1.1025485269349296	0.8791342025950766	-0.8656390071557286	-1.858510294567928	PXD044523_Zenodo_author_processed_RNA_protein	micro_pilot_processing_20260730:v1.0.0	MOFA2_unsupervised_gaussian_two_view
ABQ	1.8859691217429329	0.004605431351105915	-0.243696035044096	-1.9392100951584441	-0.9505858672741584	PXD044523_Zenodo_author_processed_RNA_protein	micro_pilot_processing_20260730:v1.0.0	MOFA2_unsupervised_gaussian_two_view
ABR	2.067416287788418	0.055551210549051454	-1.2406012703365499	-1.9007078782244493	-1.0818262112304573	PXD044523_Zenodo_author_processed_RNA_protein	micro_pilot_processing_20260730:v1.0.0	MOFA2_unsupervised_gaussian_two_view
ABS	2.13156356275759	2.238409625144466	-1.5110730401676298	-1.8519350966704768	-1.0760786757387673	PXD044523_Zenodo_author_processed_RNA_protein	micro_pilot_processing_20260730:v1.0.0	MOFA2_unsupervised_gaussian_two_view
ABT	1.7162819700388834	-0.7075596763372977	0.7688694679451981	0.6177563476595271	1.3806532919442926	PXD044523_Zenodo_author_processed_RNA_protein	micro_pilot_processing_20260730:v1.0.0	MOFA2_unsupervised_gaussian_two_view
ABV	0.33843375168336337	2.560210640817264	-2.406501282100457	2.7802550449384107	-0.11476117594700774	PXD044523_Zenodo_author_processed_RNA_protein	micro_pilot_processing_20260730:v1.0.0	MOFA2_unsupervised_gaussian_two_view
ACA	1.1908509363691668	-1.1308336656612525	0.3435953523855196	0.22863294979194634	-0.685475166045959	PXD044523_Zenodo_author_processed_RNA_protein	micro_pilot_processing_20260730:v1.0.0	MOFA2_unsupervised_gaussian_two_view
ACB	1.4474960265423855	-2.3646088043918705	-0.3079118605837597	-1.0118206260067386	-1.5614910520565488	PXD044523_Zenodo_author_processed_RNA_protein	micro_pilot_processing_20260730:v1.0.0	MOFA2_unsupervised_gaussian_two_view
ACC	-1.2865167417831653	-0.825146417696184	2.4719119202299766	0.11069904232401753	-0.3031999740655566	PXD044523_Zenodo_author_processed_RNA_protein	micro_pilot_processing_20260730:v1.0.0	MOFA2_unsupervised_gaussian_two_view
ACD	-2.879674360714272	-1.0018613249125552	2.627062518491643	-1.0625373130043017	-0.40936378005981	PXD044523_Zenodo_author_processed_RNA_protein	micro_pilot_processing_20260730:v1.0.0	MOFA2_unsupervised_gaussian_two_view
ACF	1.9917341707824112	-2.8066709411681976	1.1778134192601823	-1.3253296291100052	-1.5923691551499193	PXD044523_Zenodo_author_processed_RNA_protein	micro_pilot_processing_20260730:v1.0.0	MOFA2_unsupervised_gaussian_two_view
ACG	0.292245496337008	1.5985766042540692	2.6210732497359945	2.5200761737914052	-3.9595522060352257	PXD044523_Zenodo_author_processed_RNA_protein	micro_pilot_processing_20260730:v1.0.0	MOFA2_unsupervised_gaussian_two_view
ACH	0.2041789976998093	-0.4959531793925438	2.6575083714177437	2.2235171051848046	-3.7832684136499872	PXD044523_Zenodo_author_processed_RNA_protein	micro_pilot_processing_20260730:v1.0.0	MOFA2_unsupervised_gaussian_two_view
ACI	0.7004699788513574	-2.983584588645133	1.5321054723838372	1.9281385832105655	-3.713359293926134	PXD044523_Zenodo_author_processed_RNA_protein	micro_pilot_processing_20260730:v1.0.0	MOFA2_unsupervised_gaussian_two_view
ACK	-3.651554051694581	0.14071859388033917	0.6575997360784949	0.03881870359399667	-0.8738994882831852	PXD044523_Zenodo_author_processed_RNA_protein	micro_pilot_processing_20260730:v1.0.0	MOFA2_unsupervised_gaussian_two_view
ACL	-1.9412520446339525	-3.882395816543205	-3.397320555069365	-1.2615655715133158	-0.44780642894079487	PXD044523_Zenodo_author_processed_RNA_protein	micro_pilot_processing_20260730:v1.0.0	MOFA2_unsupervised_gaussian_two_view
ACM	-3.495804360676188	2.6841370312625656	-1.2853000520278763	0.1672695972785129	-0.8694471492391239	PXD044523_Zenodo_author_processed_RNA_protein	micro_pilot_processing_20260730:v1.0.0	MOFA2_unsupervised_gaussian_two_view
ACN	1.7586266035373375	-2.3943944513820754	-0.5907249481374551	-0.9417229089314697	-1.6647951672966559	PXD044523_Zenodo_author_processed_RNA_protein	micro_pilot_processing_20260730:v1.0.0	MOFA2_unsupervised_gaussian_two_view
ACP	2.1432396456484657	0.36136894276944576	-2.0943906918674156	-1.5331747688564488	-0.9562094533751452	PXD044523_Zenodo_author_processed_RNA_protein	micro_pilot_processing_20260730:v1.0.0	MOFA2_unsupervised_gaussian_two_view
ACQ	-1.4821459141821856	-1.3546931724569053	0.9161763813611606	-0.5268982657625252	-1.0462618695034085	PXD044523_Zenodo_author_processed_RNA_protein	micro_pilot_processing_20260730:v1.0.0	MOFA2_unsupervised_gaussian_two_view
ACS	1.6328228257094852	1.562782678365135	0.6978270475194722	-0.17217430093135624	-2.2921018315112978	PXD044523_Zenodo_author_processed_RNA_protein	micro_pilot_processing_20260730:v1.0.0	MOFA2_unsupervised_gaussian_two_view
ACT	1.6726892847917818	-2.236064350272459	1.1728538854772732	0.5676894422666227	2.4568526974150506	PXD044523_Zenodo_author_processed_RNA_protein	micro_pilot_processing_20260730:v1.0.0	MOFA2_unsupervised_gaussian_two_view
ACV	1.553384414585265	1.0949845338600115	0.56407887736409	1.2022075291989087	2.1461106303874122	PXD044523_Zenodo_author_processed_RNA_protein	micro_pilot_processing_20260730:v1.0.0	MOFA2_unsupervised_gaussian_two_view
ADB	1.2617458147572345	1.504883213075562	1.151104489676334	-0.4437807192613131	-1.1155874989434438	PXD044523_Zenodo_author_processed_RNA_protein	micro_pilot_processing_20260730:v1.0.0	MOFA2_unsupervised_gaussian_two_view
ADC	1.9893468320398757	-4.21677814786875	0.4154713996632061	0.15939205171279686	1.1193094930765959	PXD044523_Zenodo_author_processed_RNA_protein	micro_pilot_processing_20260730:v1.0.0	MOFA2_unsupervised_gaussian_two_view
ADD	1.97969917077855	1.3235428633476887	0.7787660588782396	-1.4869191140479887	-1.4012402447448715	PXD044523_Zenodo_author_processed_RNA_protein	micro_pilot_processing_20260730:v1.0.0	MOFA2_unsupervised_gaussian_two_view
ADE	-2.8296248030276026	1.0893954624560571	1.9839150382360802	-1.09003048166071	-0.3003114211548141	PXD044523_Zenodo_author_processed_RNA_protein	micro_pilot_processing_20260730:v1.0.0	MOFA2_unsupervised_gaussian_two_view
ADG	-2.7341534845451902	-0.7088027955373345	1.127520967406584	-1.4457498690369732	-0.13011071944883507	PXD044523_Zenodo_author_processed_RNA_protein	micro_pilot_processing_20260730:v1.0.0	MOFA2_unsupervised_gaussian_two_view
ADI	2.0445864800928937	0.9633270755474818	-0.961410236124889	-1.6952431835188946	-1.1177985185879913	PXD044523_Zenodo_author_processed_RNA_protein	micro_pilot_processing_20260730:v1.0.0	MOFA2_unsupervised_gaussian_two_view
ADK	1.1221378387193695	1.706113490012939	1.3977359219997116	1.6684917532507118	1.1404306842481786	PXD044523_Zenodo_author_processed_RNA_protein	micro_pilot_processing_20260730:v1.0.0	MOFA2_unsupervised_gaussian_two_view
ADL	-0.06996693659329542	-0.7357880256847158	-1.4046141264735927	2.652173837872368	-0.9202370703774377	PXD044523_Zenodo_author_processed_RNA_protein	micro_pilot_processing_20260730:v1.0.0	MOFA2_unsupervised_gaussian_two_view
ADM	0.5951559674456154	1.417534664238806	-3.578280634676754	2.4091963127856264	-0.8942151708189067	PXD044523_Zenodo_author_processed_RNA_protein	micro_pilot_processing_20260730:v1.0.0	MOFA2_unsupervised_gaussian_two_view
ADN	-3.238843576785354	-2.4216888460836805	-2.2425825712632292	-0.5750596437473704	-0.5624947104582197	PXD044523_Zenodo_author_processed_RNA_protein	micro_pilot_processing_20260730:v1.0.0	MOFA2_unsupervised_gaussian_two_view
ADR	1.8739534637161155	-1.7977129009199249	0.6860153564677116	0.6142384358768761	1.2476930668918162	PXD044523_Zenodo_author_processed_RNA_protein	micro_pilot_processing_20260730:v1.0.0	MOFA2_unsupervised_gaussian_two_view
ADS	2.177139112074588	1.2051226861615403	-0.03599540810532586	-1.6976165209438614	-1.2306623810592519	PXD044523_Zenodo_author_processed_RNA_protein	micro_pilot_processing_20260730:v1.0.0	MOFA2_unsupervised_gaussian_two_view
ADT	2.0088896251399864	-0.779071726189688	-1.0175162110447575	-0.7494508930003099	-1.396743420671634	PXD044523_Zenodo_author_processed_RNA_protein	micro_pilot_processing_20260730:v1.0.0	MOFA2_unsupervised_gaussian_two_view
ADV	-2.881553788531982	-1.5306710981629617	1.3224879461272536	0.03090317942434025	-1.203562326071824	PXD044523_Zenodo_author_processed_RNA_protein	micro_pilot_processing_20260730:v1.0.0	MOFA2_unsupervised_gaussian_two_view
AEB	0.7643517373896727	-0.7089738077713095	-2.382391728590541	0.18544299188928634	-2.2072052298715565	PXD044523_Zenodo_author_processed_RNA_protein	micro_pilot_processing_20260730:v1.0.0	MOFA2_unsupervised_gaussian_two_view
AEC	0.5532521677679264	-0.6141979978948362	-1.3133094816056958	0.7840092264478452	-2.5939544457143335	PXD044523_Zenodo_author_processed_RNA_protein	micro_pilot_processing_20260730:v1.0.0	MOFA2_unsupervised_gaussian_two_view
AEE	0.5932776007300261	1.4608475625475257	-2.5082475021554718	0.552520098979871	-2.460454556917456	PXD044523_Zenodo_author_processed_RNA_protein	micro_pilot_processing_20260730:v1.0.0	MOFA2_unsupervised_gaussian_two_view
AEF	-1.322469303607512	-3.3703985011781445	-3.2756212282752086	-0.014493611409437465	-1.2436648419681713	PXD044523_Zenodo_author_processed_RNA_protein	micro_pilot_processing_20260730:v1.0.0	MOFA2_unsupervised_gaussian_two_view
AEG	0.5270980615958284	-2.217054288491454	1.4359166597729522	1.3746191571164657	-3.2436149162484114	PXD044523_Zenodo_author_processed_RNA_protein	micro_pilot_processing_20260730:v1.0.0	MOFA2_unsupervised_gaussian_two_view
AEI	0.028644423472404607	-1.1648020999253794	1.2847571766478343	1.2347673785522217	-2.908654609292357	PXD044523_Zenodo_author_processed_RNA_protein	micro_pilot_processing_20260730:v1.0.0	MOFA2_unsupervised_gaussian_two_view
AEL	0.429045401186249	-3.018494547267405	-3.2916239677644956	2.761186285776321	0.28801472155445945	PXD044523_Zenodo_author_processed_RNA_protein	micro_pilot_processing_20260730:v1.0.0	MOFA2_unsupervised_gaussian_two_view
AEM	0.33944610737885705	-1.4531199182211134	-2.8474033049351934	1.7736595860175333	-3.191957401072725	PXD044523_Zenodo_author_processed_RNA_protein	micro_pilot_processing_20260730:v1.0.0	MOFA2_unsupervised_gaussian_two_view
AEN	-2.137186018894113	-1.730812889963503	-2.8025946157138963	-2.14169230600851	0.47197383302342355	PXD044523_Zenodo_author_processed_RNA_protein	micro_pilot_processing_20260730:v1.0.0	MOFA2_unsupervised_gaussian_two_view
AEP	-3.5595712806273174	-2.4986433020937606	1.0875653501657254	0.4427382887932318	-1.2266351347589974	PXD044523_Zenodo_author_processed_RNA_protein	micro_pilot_processing_20260730:v1.0.0	MOFA2_unsupervised_gaussian_two_view
AEQ	1.478621140240944	-4.124977057759695	-3.0331023781066593	1.0021005270652652	1.4633663640830057	PXD044523_Zenodo_author_processed_RNA_protein	micro_pilot_processing_20260730:v1.0.0	MOFA2_unsupervised_gaussian_two_view
AER	0.7165716294453285	-3.014745474944854	-3.2504046951036467	2.0998952062520218	-1.205192200136684	PXD044523_Zenodo_author_processed_RNA_protein	micro_pilot_processing_20260730:v1.0.0	MOFA2_unsupervised_gaussian_two_view
AET	-1.395401184392684	-4.142151996620628	-2.346013347161137	-2.4491568089177753	0.8972640319852685	PXD044523_Zenodo_author_processed_RNA_protein	micro_pilot_processing_20260730:v1.0.0	MOFA2_unsupervised_gaussian_two_view
AFB	0.5016409096401123	0.18388123631238473	1.0849946076310202	2.599393625226539	0.6450563341828848	PXD044523_Zenodo_author_processed_RNA_protein	micro_pilot_processing_20260730:v1.0.0	MOFA2_unsupervised_gaussian_two_view
AFC	0.7326064461193724	-0.2768437790742086	-2.260049035148156	2.735748559539745	0.29062985204521413	PXD044523_Zenodo_author_processed_RNA_protein	micro_pilot_processing_20260730:v1.0.0	MOFA2_unsupervised_gaussian_two_view
AFD	0.6978074142464863	-1.9911918575981407	2.921678434227055	2.066033701536054	0.6635028864396224	PXD044523_Zenodo_author_processed_RNA_protein	micro_pilot_processing_20260730:v1.0.0	MOFA2_unsupervised_gaussian_two_view
AFE	1.289287238091736	-2.424516710660514	-4.760989966847305	1.4728904413250814	-0.3371484840729941	PXD044523_Zenodo_author_processed_RNA_protein	micro_pilot_processing_20260730:v1.0.0	MOFA2_unsupervised_gaussian_two_view
AFH	-2.5765690887587995	-2.715633777099671	-2.3053241018967627	-1.5327953886226564	0.01599113902428989	PXD044523_Zenodo_author_processed_RNA_protein	micro_pilot_processing_20260730:v1.0.0	MOFA2_unsupervised_gaussian_two_view
AFI	1.3289002205540252	-3.906243878845584	1.2088862037216954	-0.24933167172834841	-2.1502919506699447	PXD044523_Zenodo_author_processed_RNA_protein	micro_pilot_processing_20260730:v1.0.0	MOFA2_unsupervised_gaussian_two_view
AFK	-2.2540943398517324	0.6321980069296352	-4.194684987450188	-1.6415805151503073	0.08981237429512104	PXD044523_Zenodo_author_processed_RNA_protein	micro_pilot_processing_20260730:v1.0.0	MOFA2_unsupervised_gaussian_two_view
AFM	-2.8511346256083323	-2.6832152859651583	-4.206689786788317	-0.7010362082439436	-0.4695858461824546	PXD044523_Zenodo_author_processed_RNA_protein	micro_pilot_processing_20260730:v1.0.0	MOFA2_unsupervised_gaussian_two_view
AFN	-2.0605153733742596	-2.972215360573553	-1.3923251908659178	-0.8825466250772038	-0.3972267568939357	PXD044523_Zenodo_author_processed_RNA_protein	micro_pilot_processing_20260730:v1.0.0	MOFA2_unsupervised_gaussian_two_view
AFP	0.2801268715402108	-2.6339213007018514	2.6886934495311987	3.6293376639434167	0.8695193984959422	PXD044523_Zenodo_author_processed_RNA_protein	micro_pilot_processing_20260730:v1.0.0	MOFA2_unsupervised_gaussian_two_view
AFQ	0.8881263871983798	-0.35572219486842016	2.9791859389295428	0.2548449051756986	-2.4860042865082757	PXD044523_Zenodo_author_processed_RNA_protein	micro_pilot_processing_20260730:v1.0.0	MOFA2_unsupervised_gaussian_two_view
AFR	1.3728498823447775	-0.9315802474759499	-0.2541266509876476	1.1273566779249427	0.6472741131315031	PXD044523_Zenodo_author_processed_RNA_protein	micro_pilot_processing_20260730:v1.0.0	MOFA2_unsupervised_gaussian_two_view
AFS	-2.0099897224436183	-1.6685357662377953	-3.4499798187405366	-1.451274699811895	-0.16059735905895567	PXD044523_Zenodo_author_processed_RNA_protein	micro_pilot_processing_20260730:v1.0.0	MOFA2_unsupervised_gaussian_two_view
AFT	0.22681073976381996	0.9647312595140514	-4.207746949523954	0.7885128331231424	-2.442292046764665	PXD044523_Zenodo_author_processed_RNA_protein	micro_pilot_processing_20260730:v1.0.0	MOFA2_unsupervised_gaussian_two_view
AFV	1.9117849288832378	-2.989423369450277	-1.0254962349506322	-1.028816808201506	-1.622740913167751	PXD044523_Zenodo_author_processed_RNA_protein	micro_pilot_processing_20260730:v1.0.0	MOFA2_unsupervised_gaussian_two_view
AGA	2.3292890936516306	-0.24962983457485774	-0.5075449554825616	-2.3324132679278904	-0.7950518832475937	PXD044523_Zenodo_author_processed_RNA_protein	micro_pilot_processing_20260730:v1.0.0	MOFA2_unsupervised_gaussian_two_view
AGE	0.7613443710605243	-0.5275841389281917	-4.865053881683966	1.8972080368136346	-0.5751911182720945	PXD044523_Zenodo_author_processed_RNA_protein	micro_pilot_processing_20260730:v1.0.0	MOFA2_unsupervised_gaussian_two_view
AGG	-3.0580665538940566	0.43565426854265404	1.927019293070013	-0.21524241542894723	-0.8969105409017407	PXD044523_Zenodo_author_processed_RNA_protein	micro_pilot_processing_20260730:v1.0.0	MOFA2_unsupervised_gaussian_two_view
AGH	1.4279180082066205	-1.8846830223386986	2.649673681703926	1.1415677431339	2.364591061877295	PXD044523_Zenodo_author_processed_RNA_protein	micro_pilot_processing_20260730:v1.0.0	MOFA2_unsupervised_gaussian_two_view
AGI	2.0277556368159635	2.1784891403434155	1.0489302461141803	-1.118269731753778	-1.6745943521846145	PXD044523_Zenodo_author_processed_RNA_protein	micro_pilot_processing_20260730:v1.0.0	MOFA2_unsupervised_gaussian_two_view
AGK	0.6241552414554937	-2.015497480628425	-4.71445565984337	2.7760148137484784	0.2535340831276278	PXD044523_Zenodo_author_processed_RNA_protein	micro_pilot_processing_20260730:v1.0.0	MOFA2_unsupervised_gaussian_two_view
AGL	1.5283010849790097	-3.49093164745435	-0.580035089668406	-0.9166115219679652	-1.0584592529803576	PXD044523_Zenodo_author_processed_RNA_protein	micro_pilot_processing_20260730:v1.0.0	MOFA2_unsupervised_gaussian_two_view
AGM	0.9356805142464192	-2.1035174196853146	0.18829822963313048	3.0339339392207667	0.03847643227322846	PXD044523_Zenodo_author_processed_RNA_protein	micro_pilot_processing_20260730:v1.0.0	MOFA2_unsupervised_gaussian_two_view
AGN	-1.7335081488001747	-1.4367545553061758	-0.9252684420304412	-2.5099935514622396	0.5002613316781471	PXD044523_Zenodo_author_processed_RNA_protein	micro_pilot_processing_20260730:v1.0.0	MOFA2_unsupervised_gaussian_two_view
AGP	-2.519813933177007	-2.3392655133410982	1.6054311367680234	0.6701136180682461	2.64729792395977	PXD044523_Zenodo_author_processed_RNA_protein	micro_pilot_processing_20260730:v1.0.0	MOFA2_unsupervised_gaussian_two_view
AGR	-0.3246525226627899	-1.2533627054798673	1.9424325839059118	2.788978140980879	-4.013564756090431	PXD044523_Zenodo_author_processed_RNA_protein	micro_pilot_processing_20260730:v1.0.0	MOFA2_unsupervised_gaussian_two_view
AGS	2.2759314158619763	-1.532692339071557	1.646440755303031	-2.2117255081695064	-0.9529942462382748	PXD044523_Zenodo_author_processed_RNA_protein	micro_pilot_processing_20260730:v1.0.0	MOFA2_unsupervised_gaussian_two_view
AGT	0.6644089660715656	3.9031773839618005	0.5682850993519272	3.3680394206933237	0.719397809200735	PXD044523_Zenodo_author_processed_RNA_protein	micro_pilot_processing_20260730:v1.0.0	MOFA2_unsupervised_gaussian_two_view
AGV	2.1233949321340324	1.0981137667287957	1.1356886428206119	-1.4008808478275712	-1.4132998908705896	PXD044523_Zenodo_author_processed_RNA_protein	micro_pilot_processing_20260730:v1.0.0	MOFA2_unsupervised_gaussian_two_view
AHA	0.5003794560575014	-1.4965679468332014	-0.10419504507990082	4.158152273289301	0.3245291044218868	PXD044523_Zenodo_author_processed_RNA_protein	micro_pilot_processing_20260730:v1.0.0	MOFA2_unsupervised_gaussian_two_view
AHB	1.5897543220909687	-0.34954352381837556	1.8147562797381245	1.2049898135632071	0.17977376992645117	PXD044523_Zenodo_author_processed_RNA_protein	micro_pilot_processing_20260730:v1.0.0	MOFA2_unsupervised_gaussian_two_view
AHC	1.2783729887705715	-1.193200864567603	1.325359448297693	1.6837244850390432	0.8931201505867861	PXD044523_Zenodo_author_processed_RNA_protein	micro_pilot_processing_20260730:v1.0.0	MOFA2_unsupervised_gaussian_two_view
AHD	2.025481007249508	-1.581998981850594	0.15587505565210322	-2.0447368820206906	-0.6145125475744745	PXD044523_Zenodo_author_processed_RNA_protein	micro_pilot_processing_20260730:v1.0.0	MOFA2_unsupervised_gaussian_two_view
AHE	-2.0697021307520918	-1.783961614589932	2.4607803556449963	-2.264743599508754	0.36543988675312933	PXD044523_Zenodo_author_processed_RNA_protein	micro_pilot_processing_20260730:v1.0.0	MOFA2_unsupervised_gaussian_two_view
AHG	3.118837001347668	-3.17478006596278	-1.656348177967291	0.69156894489258	2.5339262006733767	PXD044523_Zenodo_author_processed_RNA_protein	micro_pilot_processing_20260730:v1.0.0	MOFA2_unsupervised_gaussian_two_view
AHH	-2.670218902101405	0.9627459943293967	-3.2761999500272827	-1.2242276404678494	-0.18046572737090003	PXD044523_Zenodo_author_processed_RNA_protein	micro_pilot_processing_20260730:v1.0.0	MOFA2_unsupervised_gaussian_two_view
AHI	0.6300459776810311	-1.0418074166630835	-0.4134420813954753	-0.5491168621131295	2.71567124964242	PXD044523_Zenodo_author_processed_RNA_protein	micro_pilot_processing_20260730:v1.0.0	MOFA2_unsupervised_gaussian_two_view
AHK	1.4997870237130297	-3.827144618580252	-0.7614591829391981	-0.9158040938368525	-1.6658094945600976	PXD044523_Zenodo_author_processed_RNA_protein	micro_pilot_processing_20260730:v1.0.0	MOFA2_unsupervised_gaussian_two_view
AHL	-1.6446714511416127	-0.8777281504459984	-0.7394085938744863	-1.7436171408454555	0.13360690241740028	PXD044523_Zenodo_author_processed_RNA_protein	micro_pilot_processing_20260730:v1.0.0	MOFA2_unsupervised_gaussian_two_view
AHM	1.8614609644927382	-3.6898632503577065	-0.2971428897884614	1.671161437238397	2.0213227786301253	PXD044523_Zenodo_author_processed_RNA_protein	micro_pilot_processing_20260730:v1.0.0	MOFA2_unsupervised_gaussian_two_view
AHN	2.6278211902890414	-0.6005894341486718	-1.6770401469105218	-1.8793880093920343	-1.2640144578682333	PXD044523_Zenodo_author_processed_RNA_protein	micro_pilot_processing_20260730:v1.0.0	MOFA2_unsupervised_gaussian_two_view
AHQ	-0.461898991270377	-3.000661573621621	-2.768225394591044	0.03776032488987206	1.5251541661895716	PXD044523_Zenodo_author_processed_RNA_protein	micro_pilot_processing_20260730:v1.0.0	MOFA2_unsupervised_gaussian_two_view
AHR	2.2257029859125135	0.9404699668720972	-0.7222276284683387	-1.949345078922125	-1.1053491292531181	PXD044523_Zenodo_author_processed_RNA_protein	micro_pilot_processing_20260730:v1.0.0	MOFA2_unsupervised_gaussian_two_view
AHS	-2.6099721086029457	0.00877906388579273	-2.012477089770471	-1.3848733368559505	-0.06235899433922218	PXD044523_Zenodo_author_processed_RNA_protein	micro_pilot_processing_20260730:v1.0.0	MOFA2_unsupervised_gaussian_two_view
AHT	0.7091443930982797	-1.2765646525757672	4.652744975359189	0.020966172376703847	-2.3171171309873606	PXD044523_Zenodo_author_processed_RNA_protein	micro_pilot_processing_20260730:v1.0.0	MOFA2_unsupervised_gaussian_two_view
AHV	1.7984128267020476	-0.7307372757513922	-3.1366289129219758	2.4688853110000535	0.7130035732349068	PXD044523_Zenodo_author_processed_RNA_protein	micro_pilot_processing_20260730:v1.0.0	MOFA2_unsupervised_gaussian_two_view
AIB	2.2492977718372567	-2.409466867249063	0.9124917168528068	1.154869904523823	2.2538084007463395	PXD044523_Zenodo_author_processed_RNA_protein	micro_pilot_processing_20260730:v1.0.0	MOFA2_unsupervised_gaussian_two_view
AIC	-1.9791276282923793	-1.8254204312635216	0.8257808409363844	-1.6854899283528226	1.367938306911014	PXD044523_Zenodo_author_processed_RNA_protein	micro_pilot_processing_20260730:v1.0.0	MOFA2_unsupervised_gaussian_two_view
AID	1.9459226684875546	-1.251962136805046	-0.07365198872165944	-1.1866297162320054	-1.5666491797273503	PXD044523_Zenodo_author_processed_RNA_protein	micro_pilot_processing_20260730:v1.0.0	MOFA2_unsupervised_gaussian_two_view
AIE	1.3562968891190943	-2.7874952852000647	0.6908902904886876	1.2040030454784953	-0.42338042310475943	PXD044523_Zenodo_author_processed_RNA_protein	micro_pilot_processing_20260730:v1.0.0	MOFA2_unsupervised_gaussian_two_view
AIF	1.7817811757664743	1.5742571051399654	1.2431750437082867	-1.4914101508464204	-1.313837464649822	PXD044523_Zenodo_author_processed_RNA_protein	micro_pilot_processing_20260730:v1.0.0	MOFA2_unsupervised_gaussian_two_view
AIK	1.7020080708802632	0.9435672756800719	2.0786693631043853	-0.15540187417002607	1.0042960893049686	PXD044523_Zenodo_author_processed_RNA_protein	micro_pilot_processing_20260730:v1.0.0	MOFA2_unsupervised_gaussian_two_view
AIL	2.5523145973551657	0.7529174158659641	-1.552121766572972	-2.5328213646443083	-0.6694728156008125	PXD044523_Zenodo_author_processed_RNA_protein	micro_pilot_processing_20260730:v1.0.0	MOFA2_unsupervised_gaussian_two_view
AIM	2.2480133673709273	-3.3353336732716796	0.6247861152356744	-0.44502599230297163	0.793491480190308	PXD044523_Zenodo_author_processed_RNA_protein	micro_pilot_processing_20260730:v1.0.0	MOFA2_unsupervised_gaussian_two_view
AIN	-1.5546505311285979	2.5757094148268025	0.3409468276447758	-2.9326007885590366	0.7989117311192782	PXD044523_Zenodo_author_processed_RNA_protein	micro_pilot_processing_20260730:v1.0.0	MOFA2_unsupervised_gaussian_two_view
AIP	2.1968930212551885	-2.8290540195271685	0.8992487944100298	-0.7201007951617321	-1.937733941631456	PXD044523_Zenodo_author_processed_RNA_protein	micro_pilot_processing_20260730:v1.0.0	MOFA2_unsupervised_gaussian_two_view
AIQ	2.224513130086236	1.8900178569341244	-1.2913585004795685	0.11766021480194702	2.12724097655842	PXD044523_Zenodo_author_processed_RNA_protein	micro_pilot_processing_20260730:v1.0.0	MOFA2_unsupervised_gaussian_two_view
AIR	1.8376703762152455	-2.023965229077156	-1.532399858464645	-1.7308362377648034	-1.1269336444803237	PXD044523_Zenodo_author_processed_RNA_protein	micro_pilot_processing_20260730:v1.0.0	MOFA2_unsupervised_gaussian_two_view
AIT	1.7588231313021765	0.761222202117418	0.569237387951162	-1.8071684725307258	-1.0390040848791486	PXD044523_Zenodo_author_processed_RNA_protein	micro_pilot_processing_20260730:v1.0.0	MOFA2_unsupervised_gaussian_two_view
AKB	-2.8923517562378858	3.2934066913835345	0.419493201990886	-1.065161990107418	-0.24229967321478246	PXD044523_Zenodo_author_processed_RNA_protein	micro_pilot_processing_20260730:v1.0.0	MOFA2_unsupervised_gaussian_two_view
AKC	-3.000951699370252	1.7668033518423276	0.3846371225307939	-0.9910931226266082	-0.31705891424075694	PXD044523_Zenodo_author_processed_RNA_protein	micro_pilot_processing_20260730:v1.0.0	MOFA2_unsupervised_gaussian_two_view
AKD	-3.242870355121489	0.24566818943392948	2.3050985693305983	-0.5766977141785238	-0.5914543558813334	PXD044523_Zenodo_author_processed_RNA_protein	micro_pilot_processing_20260730:v1.0.0	MOFA2_unsupervised_gaussian_two_view
AKE	-2.9681363643501157	2.263480894335642	1.1972763493303085	-0.9979250458343581	-0.2854480885068463	PXD044523_Zenodo_author_processed_RNA_protein	micro_pilot_processing_20260730:v1.0.0	MOFA2_unsupervised_gaussian_two_view
AKG	-2.7835245464135743	-0.559112426589246	0.06405245097613722	-0.06579275927000294	-0.9517259483873781	PXD044523_Zenodo_author_processed_RNA_protein	micro_pilot_processing_20260730:v1.0.0	MOFA2_unsupervised_gaussian_two_view
AKH	-2.17477745499482	2.483042940755457	0.008111785456599924	-0.8770656908289681	-0.5786173996776702	PXD044523_Zenodo_author_processed_RNA_protein	micro_pilot_processing_20260730:v1.0.0	MOFA2_unsupervised_gaussian_two_view
AKI	0.4668046130135118	0.41754315547720405	0.4037635151178845	0.0995065738556325	-2.152369320968605	PXD044523_Zenodo_author_processed_RNA_protein	micro_pilot_processing_20260730:v1.0.0	MOFA2_unsupervised_gaussian_two_view
AKL	-2.2548831133535026	1.1316769675043266	0.7974328701107525	2.360787944870566	-1.2888783704258402	PXD044523_Zenodo_author_processed_RNA_protein	micro_pilot_processing_20260730:v1.0.0	MOFA2_unsupervised_gaussian_two_view
AKM	-1.9898187045045161	-2.3186307322206243	-1.753233097819221	-0.4879293829899699	-0.6016449486882297	PXD044523_Zenodo_author_processed_RNA_protein	micro_pilot_processing_20260730:v1.0.0	MOFA2_unsupervised_gaussian_two_view
AKN	-2.78625227077138	3.444373033960511	1.8129736058031825	-1.2487669695332093	-0.19397310913099744	PXD044523_Zenodo_author_processed_RNA_protein	micro_pilot_processing_20260730:v1.0.0	MOFA2_unsupervised_gaussian_two_view
AKP	1.7552985629814861	0.9161939536706916	-0.34958975003566106	0.09911974021541053	2.2331700140423147	PXD044523_Zenodo_author_processed_RNA_protein	micro_pilot_processing_20260730:v1.0.0	MOFA2_unsupervised_gaussian_two_view
AKQ	-2.720844691705987	-1.3905830633237168	2.942448149948216	-1.1709903126262617	-0.15540927739293472	PXD044523_Zenodo_author_processed_RNA_protein	micro_pilot_processing_20260730:v1.0.0	MOFA2_unsupervised_gaussian_two_view
AKR	-2.8027199011254336	1.705936042446097	-2.2089410193055774	-1.3159325795240806	-0.06445160115686056	PXD044523_Zenodo_author_processed_RNA_protein	micro_pilot_processing_20260730:v1.0.0	MOFA2_unsupervised_gaussian_two_view
AKS	0.09462974094236487	-0.16071027144613595	3.9702885402448995	0.6575784777651971	-2.3895857351888514	PXD044523_Zenodo_author_processed_RNA_protein	micro_pilot_processing_20260730:v1.0.0	MOFA2_unsupervised_gaussian_two_view
AKT	0.9384085489356337	2.138597511585369	-2.9823111995790943	1.5535865887495024	0.37295985047047553	PXD044523_Zenodo_author_processed_RNA_protein	micro_pilot_processing_20260730:v1.0.0	MOFA2_unsupervised_gaussian_two_view
AKV	1.8361476447135525	2.0030352108104794	-0.48769423541123214	0.08488634829163494	1.7423055063123756	PXD044523_Zenodo_author_processed_RNA_protein	micro_pilot_processing_20260730:v1.0.0	MOFA2_unsupervised_gaussian_two_view
ALA	-2.678459888931658	1.6918049220178195	-2.544259753530738	-1.329741904954492	-0.03678630036550399	PXD044523_Zenodo_author_processed_RNA_protein	micro_pilot_processing_20260730:v1.0.0	MOFA2_unsupervised_gaussian_two_view
ALB	-2.5245444636620435	-0.28664732696810097	-1.9999312202635744	-1.109487587328011	-0.1951644773637238	PXD044523_Zenodo_author_processed_RNA_protein	micro_pilot_processing_20260730:v1.0.0	MOFA2_unsupervised_gaussian_two_view
ALC	-2.862901664900446	-0.4473433651598129	-1.7579550817553107	-1.1659838502359823	-0.19779139513318675	PXD044523_Zenodo_author_processed_RNA_protein	micro_pilot_processing_20260730:v1.0.0	MOFA2_unsupervised_gaussian_two_view
ALD	-1.6527054223358222	0.27155286247556476	0.8092741530645343	-1.4165228604916045	0.0871626107088133	PXD044523_Zenodo_author_processed_RNA_protein	micro_pilot_processing_20260730:v1.0.0	MOFA2_unsupervised_gaussian_two_view
ALE	1.5847216168628961	0.16263523028519505	0.14648918815158793	0.09126101154929528	2.2455004433984334	PXD044523_Zenodo_author_processed_RNA_protein	micro_pilot_processing_20260730:v1.0.0	MOFA2_unsupervised_gaussian_two_view
ALG	-2.5568397355871744	-0.5848108707417822	2.974023612435154	-1.1720096699242892	-0.21540317958653182	PXD044523_Zenodo_author_processed_RNA_protein	micro_pilot_processing_20260730:v1.0.0	MOFA2_unsupervised_gaussian_two_view
ALH	-2.786473508159681	-0.25770505714137515	-2.018380465691958	-1.2486573553589193	-0.16160254864522433	PXD044523_Zenodo_author_processed_RNA_protein	micro_pilot_processing_20260730:v1.0.0	MOFA2_unsupervised_gaussian_two_view
ALI	-1.833448982598572	-2.60725934845081	1.1785715807706532	-0.11529343998465727	1.8222144014269583	PXD044523_Zenodo_author_processed_RNA_protein	micro_pilot_processing_20260730:v1.0.0	MOFA2_unsupervised_gaussian_two_view
ALK	-2.894161667576684	-1.3184015644235978	-1.120298460708298	-1.053872944191721	-0.30206415271436965	PXD044523_Zenodo_author_processed_RNA_protein	micro_pilot_processing_20260730:v1.0.0	MOFA2_unsupervised_gaussian_two_view
ALL	2.700981524606277	-1.5907638544643603	-2.925995189737481	-2.2750686259423376	-0.9743519600838503	PXD044523_Zenodo_author_processed_RNA_protein	micro_pilot_processing_20260730:v1.0.0	MOFA2_unsupervised_gaussian_two_view
ALM	1.9790970749092445	0.06052483877905098	-0.5600183259683903	-1.6990901074384985	-0.9194289212801481	PXD044523_Zenodo_author_processed_RNA_protein	micro_pilot_processing_20260730:v1.0.0	MOFA2_unsupervised_gaussian_two_view
ALN	0.41653683597772917	0.13720631828572974	-3.584427061680233	2.114293986782095	-1.182617162508222	PXD044523_Zenodo_author_processed_RNA_protein	micro_pilot_processing_20260730:v1.0.0	MOFA2_unsupervised_gaussian_two_view
ALP	0.6346304393318959	1.9491804458482125	-4.219039761324713	1.7860391591467129	-0.8208828298313088	PXD044523_Zenodo_author_processed_RNA_protein	micro_pilot_processing_20260730:v1.0.0	MOFA2_unsupervised_gaussian_two_view
ALQ	2.4665220669152252	-1.8028213523186045	-2.9515919210663037	-2.5749255543895226	-0.5910734907272117	PXD044523_Zenodo_author_processed_RNA_protein	micro_pilot_processing_20260730:v1.0.0	MOFA2_unsupervised_gaussian_two_view
ALR	-0.21356661916366984	2.142824168718666	0.6844389159652525	2.0261634560526613	-3.342128439846668	PXD044523_Zenodo_author_processed_RNA_protein	micro_pilot_processing_20260730:v1.0.0	MOFA2_unsupervised_gaussian_two_view
ALS	2.2323856116411784	0.4067766494639556	-1.1258263372891633	-2.1789461161856645	-0.6463588026514115	PXD044523_Zenodo_author_processed_RNA_protein	micro_pilot_processing_20260730:v1.0.0	MOFA2_unsupervised_gaussian_two_view
ALT	1.9621789328965844	1.7876711173162105	-1.1484897316318319	-2.2094391478856914	-0.7946252907496664	PXD044523_Zenodo_author_processed_RNA_protein	micro_pilot_processing_20260730:v1.0.0	MOFA2_unsupervised_gaussian_two_view
ALV	0.22430734391385465	3.112860433794506	-1.8017361544730017	2.3630227155919665	-0.6843602818915392	PXD044523_Zenodo_author_processed_RNA_protein	micro_pilot_processing_20260730:v1.0.0	MOFA2_unsupervised_gaussian_two_view
AMA	1.5056482807223701	2.879691793307702	0.7090936467953645	-0.9068911101556154	-1.2594504227640384	PXD044523_Zenodo_author_processed_RNA_protein	micro_pilot_processing_20260730:v1.0.0	MOFA2_unsupervised_gaussian_two_view
AMC	-3.1642284337589146	2.5314555489385815	2.237965669065942	-0.8253796596707098	-0.3995210097194204	PXD044523_Zenodo_author_processed_RNA_protein	micro_pilot_processing_20260730:v1.0.0	MOFA2_unsupervised_gaussian_two_view
AMD	-2.6398763502043536	2.5324526308901287	0.5644077112420688	-1.2651222543887326	-0.20665537159152408	PXD044523_Zenodo_author_processed_RNA_protein	micro_pilot_processing_20260730:v1.0.0	MOFA2_unsupervised_gaussian_two_view
AMF	-2.9965227559597163	0.44356962298702657	1.742891042038373	-1.1021492847274763	-0.29575040049976425	PXD044523_Zenodo_author_processed_RNA_protein	micro_pilot_processing_20260730:v1.0.0	MOFA2_unsupervised_gaussian_two_view
AMH	-3.086652698972516	-0.3247026119625647	1.9656464098327615	-0.7747931881769978	-0.41344804855069966	PXD044523_Zenodo_author_processed_RNA_protein	micro_pilot_processing_20260730:v1.0.0	MOFA2_unsupervised_gaussian_two_view
AMI	0.9247612321434829	3.4514852119098736	-2.2234191866778525	2.8394159664915843	0.12844142776494516	PXD044523_Zenodo_author_processed_RNA_protein	micro_pilot_processing_20260730:v1.0.0	MOFA2_unsupervised_gaussian_two_view
AMK	1.2896059551979604	3.2834796844078737	-2.250399740259025	3.1835486591066373	0.3862798323579762	PXD044523_Zenodo_author_processed_RNA_protein	micro_pilot_processing_20260730:v1.0.0	MOFA2_unsupervised_gaussian_two_view
AML	1.0609620942406246	4.331585578048828	-2.0516971439025786	2.917820582523734	0.31239044330582943	PXD044523_Zenodo_author_processed_RNA_protein	micro_pilot_processing_20260730:v1.0.0	MOFA2_unsupervised_gaussian_two_view
AMM	-2.7967734455665054	-0.7199407101085838	-0.037952448409423946	-0.15036977220430525	-0.853922256700871	PXD044523_Zenodo_author_processed_RNA_protein	micro_pilot_processing_20260730:v1.0.0	MOFA2_unsupervised_gaussian_two_view
AMN	0.3282034282788861	4.003213338521453	-3.045911126564571	2.9525998354846617	-0.3502004834174616	PXD044523_Zenodo_author_processed_RNA_protein	micro_pilot_processing_20260730:v1.0.0	MOFA2_unsupervised_gaussian_two_view
AMQ	0.9426484564159208	2.933754039530424	-2.8477063374434857	2.544794079215778	-0.00931077033133341	PXD044523_Zenodo_author_processed_RNA_protein	micro_pilot_processing_20260730:v1.0.0	MOFA2_unsupervised_gaussian_two_view
ANA	-2.6234302930589095	0.1612954057059558	0.3063647174594527	-1.1404844044015454	0.23724073353811712	PXD044523_Zenodo_author_processed_RNA_protein	micro_pilot_processing_20260730:v1.0.0	MOFA2_unsupervised_gaussian_two_view
ANC	-3.169400622481569	-0.18464679069465648	2.6667155064945427	-0.7619120988110145	-0.5457042224691631	PXD044523_Zenodo_author_processed_RNA_protein	micro_pilot_processing_20260730:v1.0.0	MOFA2_unsupervised_gaussian_two_view
AND	-2.7473871196643276	3.1488831239583965	2.0166623522573612	-1.2157737301251523	-0.23737846945542065	PXD044523_Zenodo_author_processed_RNA_protein	micro_pilot_processing_20260730:v1.0.0	MOFA2_unsupervised_gaussian_two_view
ANE	-2.5476365405313524	2.942029425021297	2.449212440196425	-0.8562851280999693	-0.5399636608247017	PXD044523_Zenodo_author_processed_RNA_protein	micro_pilot_processing_20260730:v1.0.0	MOFA2_unsupervised_gaussian_two_view
ANF	-2.8348857855853513	3.045365734453601	2.207447075141825	-1.1837226975497726	-0.22475717364923242	PXD044523_Zenodo_author_processed_RNA_protein	micro_pilot_processing_20260730:v1.0.0	MOFA2_unsupervised_gaussian_two_view
ANG	-1.432876968935722	2.681948828533316	1.5829933114402717	-0.8683793000441634	-0.8702418558630162	PXD044523_Zenodo_author_processed_RNA_protein	micro_pilot_processing_20260730:v1.0.0	MOFA2_unsupervised_gaussian_two_view
ANH	-2.993189957977479	1.5571237807187726	2.8878059657375332	-1.0561932196118777	-0.34533693115300657	PXD044523_Zenodo_author_processed_RNA_protein	micro_pilot_processing_20260730:v1.0.0	MOFA2_unsupervised_gaussian_two_view
ANI	-2.6906736089669816	2.4284040017288735	1.6165432623692202	-1.3326102014564047	-0.16820488499426434	PXD044523_Zenodo_author_processed_RNA_protein	micro_pilot_processing_20260730:v1.0.0	MOFA2_unsupervised_gaussian_two_view
ANK	-2.441532932341518	1.0001415951984165	2.6633554813014455	-0.46139034249940103	-0.6052029867526483	PXD044523_Zenodo_author_processed_RNA_protein	micro_pilot_processing_20260730:v1.0.0	MOFA2_unsupervised_gaussian_two_view
ANL	-1.6619277160847636	2.778136180315803	-2.939052400987718	-0.6365042712946284	3.455209657376458	PXD044523_Zenodo_author_processed_RNA_protein	micro_pilot_processing_20260730:v1.0.0	MOFA2_unsupervised_gaussian_two_view
ANM	-1.7036574682687349	1.7231570382782155	-2.635202784760241	-0.6742838449250405	3.255073154448133	PXD044523_Zenodo_author_processed_RNA_protein	micro_pilot_processing_20260730:v1.0.0	MOFA2_unsupervised_gaussian_two_view
ANN	-1.7502435344418787	1.7381150365038753	2.553928491889648	0.7998215291317331	1.9597154132028622	PXD044523_Zenodo_author_processed_RNA_protein	micro_pilot_processing_20260730:v1.0.0	MOFA2_unsupervised_gaussian_two_view
ANP	1.1504295893265282	2.503668570494799	-2.095338029319916	2.4050519755931616	0.31167017219461907	PXD044523_Zenodo_author_processed_RNA_protein	micro_pilot_processing_20260730:v1.0.0	MOFA2_unsupervised_gaussian_two_view
ANQ	2.41163297228775	0.2766409404113988	-0.10311474441728842	-0.5282867571179369	1.653785509203762	PXD044523_Zenodo_author_processed_RNA_protein	micro_pilot_processing_20260730:v1.0.0	MOFA2_unsupervised_gaussian_two_view
ANR	-2.332179020785616	-1.2506647667138266	-1.2531825897378266	0.05849657817188717	-1.2184089252719885	PXD044523_Zenodo_author_processed_RNA_protein	micro_pilot_processing_20260730:v1.0.0	MOFA2_unsupervised_gaussian_two_view
ANS	-0.5222008490564899	-0.8649452580985103	-1.4729724709698917	0.448178547143908	-2.098597384993917	PXD044523_Zenodo_author_processed_RNA_protein	micro_pilot_processing_20260730:v1.0.0	MOFA2_unsupervised_gaussian_two_view
ANT	-3.3827567046644513	-1.1966998350365223	-0.9053275340254895	-0.5089027173542192	-0.6014445240893244	PXD044523_Zenodo_author_processed_RNA_protein	micro_pilot_processing_20260730:v1.0.0	MOFA2_unsupervised_gaussian_two_view
ANV	-2.9866417625989	-0.8233212257099172	-1.6667889728881666	-0.9276661755893006	-0.3335967492672121	PXD044523_Zenodo_author_processed_RNA_protein	micro_pilot_processing_20260730:v1.0.0	MOFA2_unsupervised_gaussian_two_view
APA	-2.71984964568735	0.5306887944810224	-2.4860899770722416	-0.7879489763377904	-0.4803574628259557	PXD044523_Zenodo_author_processed_RNA_protein	micro_pilot_processing_20260730:v1.0.0	MOFA2_unsupervised_gaussian_two_view
APC	-3.0303184819940965	-0.4964613286042698	-0.7097798121260891	-1.0035559140667587	-0.3288505181069286	PXD044523_Zenodo_author_processed_RNA_protein	micro_pilot_processing_20260730:v1.0.0	MOFA2_unsupervised_gaussian_two_view
APD	-2.325376949071784	2.093683530802527	-0.03296205578930373	0.20854598000108238	-0.38762582603298246	PXD044523_Zenodo_author_processed_RNA_protein	micro_pilot_processing_20260730:v1.0.0	MOFA2_unsupervised_gaussian_two_view
APE	-3.3435114024401833	-0.44489764834363293	-0.3089191921581708	-0.5947806218992776	-0.4958063459773915	PXD044523_Zenodo_author_processed_RNA_protein	micro_pilot_processing_20260730:v1.0.0	MOFA2_unsupervised_gaussian_two_view
APF	-3.003906361034572	2.7395006292296924	-0.696839840343693	-0.9734978731821905	-0.29772595912849603	PXD044523_Zenodo_author_processed_RNA_protein	micro_pilot_processing_20260730:v1.0.0	MOFA2_unsupervised_gaussian_two_view
APH	0.622105436915666	-1.4305349405419925	1.1811197814408527	2.542578036651276	0.8970139556902781	PXD044523_Zenodo_author_processed_RNA_protein	micro_pilot_processing_20260730:v1.0.0	MOFA2_unsupervised_gaussian_two_view
API	1.0601000471884354	-1.4710636679209905	-1.9776910040882212	3.306796979754864	0.5629444758779639	PXD044523_Zenodo_author_processed_RNA_protein	micro_pilot_processing_20260730:v1.0.0	MOFA2_unsupervised_gaussian_two_view
APK	1.2104312034765319	3.98658473772924	-1.9999382634052214	3.1942682147251307	0.484133783825418	PXD044523_Zenodo_author_processed_RNA_protein	micro_pilot_processing_20260730:v1.0.0	MOFA2_unsupervised_gaussian_two_view
APL	0.18246858031804825	-1.0436588339650787	-2.4113685113450587	1.5139898106272052	-3.085064572719663	PXD044523_Zenodo_author_processed_RNA_protein	micro_pilot_processing_20260730:v1.0.0	MOFA2_unsupervised_gaussian_two_view
APM	1.1229986854734026	-0.806325825124859	-1.2846475699088666	3.11186386479817	-0.011696948310220017	PXD044523_Zenodo_author_processed_RNA_protein	micro_pilot_processing_20260730:v1.0.0	MOFA2_unsupervised_gaussian_two_view
APN	0.37589657860257725	2.7686613714309978	-1.0754657556760407	2.884590202663025	-0.7236916340382324	PXD044523_Zenodo_author_processed_RNA_protein	micro_pilot_processing_20260730:v1.0.0	MOFA2_unsupervised_gaussian_two_view
APP	0.1596306789076234	-0.6733752949476545	0.6857029347586755	2.9571165914700503	-0.342500419214347	PXD044523_Zenodo_author_processed_RNA_protein	micro_pilot_processing_20260730:v1.0.0	MOFA2_unsupervised_gaussian_two_view
APQ	-1.3761085705147726	0.8770493441854584	-2.500587350156019	-1.7210788285485188	0.5438913107629118	PXD044523_Zenodo_author_processed_RNA_protein	micro_pilot_processing_20260730:v1.0.0	MOFA2_unsupervised_gaussian_two_view
APR	-2.1966495528462873	-1.498615128004244	-1.0688528870970149	-1.9188388486876677	0.21450660701752644	PXD044523_Zenodo_author_processed_RNA_protein	micro_pilot_processing_20260730:v1.0.0	MOFA2_unsupervised_gaussian_two_view
APT	2.0254400269020354	2.0323564111345243	-0.9215107505365643	-2.0547001344151603	-0.9162502169798032	PXD044523_Zenodo_author_processed_RNA_protein	micro_pilot_processing_20260730:v1.0.0	MOFA2_unsupervised_gaussian_two_view
APV	0.9985490668053578	-3.6763243605222637	0.03938914849350311	-1.1232337153695973	-1.2865317169031938	PXD044523_Zenodo_author_processed_RNA_protein	micro_pilot_processing_20260730:v1.0.0	MOFA2_unsupervised_gaussian_two_view
AQA	1.497915543465901	1.7274678965383807	0.20889412077787814	-0.7832167731971844	-1.6859993037495262	PXD044523_Zenodo_author_processed_RNA_protein	micro_pilot_processing_20260730:v1.0.0	MOFA2_unsupervised_gaussian_two_view
AQB	2.1240119919712557	1.751961096983053	-1.689981737010128	-1.7634857538442277	-0.43033911408978115	PXD044523_Zenodo_author_processed_RNA_protein	micro_pilot_processing_20260730:v1.0.0	MOFA2_unsupervised_gaussian_two_view
AQC	1.9239402093108502	-2.7161450067375914	0.683065637549442	-0.4463199129492647	1.135662013953036	PXD044523_Zenodo_author_processed_RNA_protein	micro_pilot_processing_20260730:v1.0.0	MOFA2_unsupervised_gaussian_two_view
AQD	1.7087959336463359	0.9128008333245178	-0.4003712182831606	0.203394721858063	1.4129321978632492	PXD044523_Zenodo_author_processed_RNA_protein	micro_pilot_processing_20260730:v1.0.0	MOFA2_unsupervised_gaussian_two_view
AQE	2.0912603601252475	-1.6820732968569319	-0.5191519832211933	0.9655068438170974	1.8064536281603387	PXD044523_Zenodo_author_processed_RNA_protein	micro_pilot_processing_20260730:v1.0.0	MOFA2_unsupervised_gaussian_two_view
AQI	0.7135246317544169	0.032757494241030506	-2.52482762051734	0.8548623854829819	-2.684106536981116	PXD044523_Zenodo_author_processed_RNA_protein	micro_pilot_processing_20260730:v1.0.0	MOFA2_unsupervised_gaussian_two_view
AQM	-2.457541064787342	0.4745613232641465	0.8299852759353173	-1.5430787556076413	0.030593456655747656	PXD044523_Zenodo_author_processed_RNA_protein	micro_pilot_processing_20260730:v1.0.0	MOFA2_unsupervised_gaussian_two_view
AQN	-3.0334784780533544	-0.7231082388557366	-0.777898905614919	-0.7041205999457318	-0.5560424842088865	PXD044523_Zenodo_author_processed_RNA_protein	micro_pilot_processing_20260730:v1.0.0	MOFA2_unsupervised_gaussian_two_view
AQP	-1.515727270896783	-3.2739887181843885	-0.9372664079620391	-2.407599727273138	0.5068869817907384	PXD044523_Zenodo_author_processed_RNA_protein	micro_pilot_processing_20260730:v1.0.0	MOFA2_unsupervised_gaussian_two_view
AQQ	2.1000315479993206	2.167608348746883	0.023833537084443343	-1.3070161816953334	-1.0784358042498838	PXD044523_Zenodo_author_processed_RNA_protein	micro_pilot_processing_20260730:v1.0.0	MOFA2_unsupervised_gaussian_two_view
AQR	1.734543947006198	-0.857315590590113	0.3337556164345802	-1.9388028251672158	-1.002313062823955	PXD044523_Zenodo_author_processed_RNA_protein	micro_pilot_processing_20260730:v1.0.0	MOFA2_unsupervised_gaussian_two_view
AQS	-3.291490431300169	2.801497326465538	-1.1896015937523565	-0.6339601455657352	-0.4186306911627073	PXD044523_Zenodo_author_processed_RNA_protein	micro_pilot_processing_20260730:v1.0.0	MOFA2_unsupervised_gaussian_two_view
ARB	0.8357008691098633	-2.4115234806993295	-4.654865354799343	1.8569576098734997	0.5906190159191305	PXD044523_Zenodo_author_processed_RNA_protein	micro_pilot_processing_20260730:v1.0.0	MOFA2_unsupervised_gaussian_two_view
ARC	-0.4304408158025159	0.22370463121117237	-2.6024618803354773	-3.673765938541306	1.2105535110493102	PXD044523_Zenodo_author_processed_RNA_protein	micro_pilot_processing_20260730:v1.0.0	MOFA2_unsupervised_gaussian_two_view
ARG	0.39188953317739345	-2.808822778834562	-0.37961904217764925	1.8655062175018835	-1.966357524014514	PXD044523_Zenodo_author_processed_RNA_protein	micro_pilot_processing_20260730:v1.0.0	MOFA2_unsupervised_gaussian_two_view
ARH	-0.21935528616275074	-0.36100441971252234	1.00744247327107	2.1417053123176224	-3.0774351901629946	PXD044523_Zenodo_author_processed_RNA_protein	micro_pilot_processing_20260730:v1.0.0	MOFA2_unsupervised_gaussian_two_view
ARI	-0.3902291742048201	-1.4780181012528586	1.2317166439820049	3.1637969090317064	-3.1339032337730455	PXD044523_Zenodo_author_processed_RNA_protein	micro_pilot_processing_20260730:v1.0.0	MOFA2_unsupervised_gaussian_two_view
ARK	2.2156641056907986	0.49050396239689964	-1.5355121515639414	-0.029840058062395657	1.894588263727476	PXD044523_Zenodo_author_processed_RNA_protein	micro_pilot_processing_20260730:v1.0.0	MOFA2_unsupervised_gaussian_two_view
ARL	1.6769493816915497	-2.5331666131230075	3.30951816499221	1.0427034560370976	1.8073360217270835	PXD044523_Zenodo_author_processed_RNA_protein	micro_pilot_processing_20260730:v1.0.0	MOFA2_unsupervised_gaussian_two_view
ARM	-2.9626539467511397	-1.8738414890152424	-1.48808168052858	-0.6689253409996087	-0.5800913860632173	PXD044523_Zenodo_author_processed_RNA_protein	micro_pilot_processing_20260730:v1.0.0	MOFA2_unsupervised_gaussian_two_view
ARP	-3.3269356442519027	1.0524988931589803	0.555476844985998	-0.46983568637254025	-0.40200781723003576	PXD044523_Zenodo_author_processed_RNA_protein	micro_pilot_processing_20260730:v1.0.0	MOFA2_unsupervised_gaussian_two_view
ARQ	-0.5295287086509963	-0.5883107601278752	1.0060711155660391	-2.3635283742968975	0.0346462331566016	PXD044523_Zenodo_author_processed_RNA_protein	micro_pilot_processing_20260730:v1.0.0	MOFA2_unsupervised_gaussian_two_view
ARR	-2.024831769277582	0.3365326811577789	-0.257361802808409	-2.3748583064178717	0.536256903119644	PXD044523_Zenodo_author_processed_RNA_protein	micro_pilot_processing_20260730:v1.0.0	MOFA2_unsupervised_gaussian_two_view
ARS	-1.9690563032796458	-1.6107695148648133	-2.9557747313534954	-2.4631286180835734	0.6264182892567007	PXD044523_Zenodo_author_processed_RNA_protein	micro_pilot_processing_20260730:v1.0.0	MOFA2_unsupervised_gaussian_two_view
ART	2.090806590828879	-0.77719414280263	0.7064132357710972	-1.380453224570356	-1.36877084239053	PXD044523_Zenodo_author_processed_RNA_protein	micro_pilot_processing_20260730:v1.0.0	MOFA2_unsupervised_gaussian_two_view
ASA	1.0491865254837145	-3.3011991066738386	0.8081450470443365	-0.5035453796325225	-1.0770498083105753	PXD044523_Zenodo_author_processed_RNA_protein	micro_pilot_processing_20260730:v1.0.0	MOFA2_unsupervised_gaussian_two_view
ASB	0.004742018539107807	-1.407486713801128	-0.38800405132867427	3.6305023683876945	0.34785327441750763	PXD044523_Zenodo_author_processed_RNA_protein	micro_pilot_processing_20260730:v1.0.0	MOFA2_unsupervised_gaussian_two_view
ASC	-2.6431530809691606	2.054886547697565	-0.26130038628991586	-1.2006535298105734	0.27069895065893673	PXD044523_Zenodo_author_processed_RNA_protein	micro_pilot_processing_20260730:v1.0.0	MOFA2_unsupervised_gaussian_two_view
ASE	-1.4342595922141808	-2.4497581384359286	0.6230359035941178	-2.3492033255429363	0.33914683459512646	PXD044523_Zenodo_author_processed_RNA_protein	micro_pilot_processing_20260730:v1.0.0	MOFA2_unsupervised_gaussian_two_view
ASG	2.0908220438680827	-2.5785926068523137	-0.796968966027852	-1.380052014964647	-1.5012407607119134	PXD044523_Zenodo_author_processed_RNA_protein	micro_pilot_processing_20260730:v1.0.0	MOFA2_unsupervised_gaussian_two_view
ASH	0.20060273761586978	-1.4145882309565168	-2.2634940729070236	1.7613875868783857	-2.192752748410394	PXD044523_Zenodo_author_processed_RNA_protein	micro_pilot_processing_20260730:v1.0.0	MOFA2_unsupervised_gaussian_two_view
ASL	0.8837601883917232	2.2775440841687624	-1.9220208562086654	3.366061183306261	0.29488063669027964	PXD044523_Zenodo_author_processed_RNA_protein	micro_pilot_processing_20260730:v1.0.0	MOFA2_unsupervised_gaussian_two_view
ASM	-2.8359384738215483	-2.107962619807829	0.21288234652194718	0.0954900419340948	-0.9861795685545128	PXD044523_Zenodo_author_processed_RNA_protein	micro_pilot_processing_20260730:v1.0.0	MOFA2_unsupervised_gaussian_two_view
ASN	-1.1852651651694632	0.27447839873094726	1.29245967920833	-0.03248829064472925	-0.9675958834574783	PXD044523_Zenodo_author_processed_RNA_protein	micro_pilot_processing_20260730:v1.0.0	MOFA2_unsupervised_gaussian_two_view
ASP	0.9439116375650225	0.2303604864588892	-0.8785080612081794	2.9142217274675737	-0.05529772350560022	PXD044523_Zenodo_author_processed_RNA_protein	micro_pilot_processing_20260730:v1.0.0	MOFA2_unsupervised_gaussian_two_view
ASR	2.1131633613281413	-1.9889381042908534	0.3543845591239281	-0.23643858558834596	1.3749787397514552	PXD044523_Zenodo_author_processed_RNA_protein	micro_pilot_processing_20260730:v1.0.0	MOFA2_unsupervised_gaussian_two_view
ASS	1.597388806215882	2.23605096443542	-0.14936852903938375	-1.3910110891574028	-1.2922776437376795	PXD044523_Zenodo_author_processed_RNA_protein	micro_pilot_processing_20260730:v1.0.0	MOFA2_unsupervised_gaussian_two_view
AST	1.6461083591927081	2.2285774521498865	-1.1834913595203986	-1.3521189929346618	-1.3703995672390703	PXD044523_Zenodo_author_processed_RNA_protein	micro_pilot_processing_20260730:v1.0.0	MOFA2_unsupervised_gaussian_two_view
ASV	1.212032323796887	2.0343984039321947	-1.529198102816985	-0.23301042411691605	-1.1330172947595039	PXD044523_Zenodo_author_processed_RNA_protein	micro_pilot_processing_20260730:v1.0.0	MOFA2_unsupervised_gaussian_two_view
ATA	-1.5266963268895704	0.9024427804990939	1.9039881415621982	-2.241196026002469	0.20075301176865246	PXD044523_Zenodo_author_processed_RNA_protein	micro_pilot_processing_20260730:v1.0.0	MOFA2_unsupervised_gaussian_two_view
ATB	0.21536286121228654	2.4893299401480093	-0.9709176704069864	2.914978048995857	0.26094456944990857	PXD044523_Zenodo_author_processed_RNA_protein	micro_pilot_processing_20260730:v1.0.0	MOFA2_unsupervised_gaussian_two_view
ATC	0.6701872378909871	-0.7326848484403712	1.1687343919555178	1.9059759655150215	-0.4253659972770521	PXD044523_Zenodo_author_processed_RNA_protein	micro_pilot_processing_20260730:v1.0.0	MOFA2_unsupervised_gaussian_two_view
ATD	0.9387317408059261	0.857841233086679	2.7150648484956785	2.8886498555712516	-0.4352206783579252	PXD044523_Zenodo_author_processed_RNA_protein	micro_pilot_processing_20260730:v1.0.0	MOFA2_unsupervised_gaussian_two_view
ATE	0.5217771558731618	0.9611263157759575	0.08111576382197376	0.07180086725656017	-2.1249759911947006	PXD044523_Zenodo_author_processed_RNA_protein	micro_pilot_processing_20260730:v1.0.0	MOFA2_unsupervised_gaussian_two_view
ATH	2.14802946122953	1.3069413937118377	-0.634786223716298	-2.1350400639478386	-0.8843337978955375	PXD044523_Zenodo_author_processed_RNA_protein	micro_pilot_processing_20260730:v1.0.0	MOFA2_unsupervised_gaussian_two_view
ATM	1.6668206639032903	-1.9561003436078297	1.4157936336465375	0.7245937693541048	1.6572430559304407	PXD044523_Zenodo_author_processed_RNA_protein	micro_pilot_processing_20260730:v1.0.0	MOFA2_unsupervised_gaussian_two_view
ATN	2.0956360253028983	1.3348448203631469	-1.1259162953389008	-2.1004292557601136	-0.679083822409483	PXD044523_Zenodo_author_processed_RNA_protein	micro_pilot_processing_20260730:v1.0.0	MOFA2_unsupervised_gaussian_two_view
ATP	-2.6026675126237615	-2.206362556971232	0.03592826109563123	-1.5161425566864228	-0.033717048390043004	PXD044523_Zenodo_author_processed_RNA_protein	micro_pilot_processing_20260730:v1.0.0	MOFA2_unsupervised_gaussian_two_view
ATQ	0.4610084172253057	-2.185465216859362	3.4661278370949344	1.7128342922303585	1.604538220883955	PXD044523_Zenodo_author_processed_RNA_protein	micro_pilot_processing_20260730:v1.0.0	MOFA2_unsupervised_gaussian_two_view
ATR	0.8474130738336878	-2.550771733554108	-1.602962769512876	2.963643903766397	0.05241136753312129	PXD044523_Zenodo_author_processed_RNA_protein	micro_pilot_processing_20260730:v1.0.0	MOFA2_unsupervised_gaussian_two_view
ATS	1.0983253898502534	3.172505963657956	-2.251049397723603	3.6078033931474716	0.6719755325782046	PXD044523_Zenodo_author_processed_RNA_protein	micro_pilot_processing_20260730:v1.0.0	MOFA2_unsupervised_gaussian_two_view
ATV	0.21924214902121741	-1.0572421860945778	0.988254731958461	0.44163070675119165	-2.3649120571638593	PXD044523_Zenodo_author_processed_RNA_protein	micro_pilot_processing_20260730:v1.0.0	MOFA2_unsupervised_gaussian_two_view
AVB	0.8930941391594808	-1.3150271491018164	1.9388755855883553	-0.7284599576271966	-1.6886444802834335	PXD044523_Zenodo_author_processed_RNA_protein	micro_pilot_processing_20260730:v1.0.0	MOFA2_unsupervised_gaussian_two_view
AVC	-3.3731586490328267	-0.4408011623554262	0.78183927129432	-0.529062904338439	-0.5976771303086672	PXD044523_Zenodo_author_processed_RNA_protein	micro_pilot_processing_20260730:v1.0.0	MOFA2_unsupervised_gaussian_two_view
AVD	-3.069312896458773	-0.41790130609677245	-0.1947618247462516	-0.3583594856137536	-0.7445141967644663	PXD044523_Zenodo_author_processed_RNA_protein	micro_pilot_processing_20260730:v1.0.0	MOFA2_unsupervised_gaussian_two_view
AVH	-1.857252297622966	-1.1242684952771598	2.584452476979559	-2.5034540057573755	0.4561344850718517	PXD044523_Zenodo_author_processed_RNA_protein	micro_pilot_processing_20260730:v1.0.0	MOFA2_unsupervised_gaussian_two_view
AVI	-2.671215190397677	1.734800203534012	1.9375217373748834	-1.014290969066479	-0.4424323393134626	PXD044523_Zenodo_author_processed_RNA_protein	micro_pilot_processing_20260730:v1.0.0	MOFA2_unsupervised_gaussian_two_view
AVK	2.121701747263325	2.3771947330992917	1.1541089860807283	0.7313667525601605	2.730752644487554	PXD044523_Zenodo_author_processed_RNA_protein	micro_pilot_processing_20260730:v1.0.0	MOFA2_unsupervised_gaussian_two_view
AVL	-2.737662206897173	-0.6338680125383569	-2.2354535714203845	-1.4623407690554264	-0.02846706864620152	PXD044523_Zenodo_author_processed_RNA_protein	micro_pilot_processing_20260730:v1.0.0	MOFA2_unsupervised_gaussian_two_view
AVM	-3.1709543205129647	2.6549188056992454	-0.9306230124892827	-0.6220424883736786	-0.46238228714325086	PXD044523_Zenodo_author_processed_RNA_protein	micro_pilot_processing_20260730:v1.0.0	MOFA2_unsupervised_gaussian_two_view
AVN	-0.3235673909957741	0.8020915505667451	-1.5500786730308596	0.6398527841412059	1.8424475837794203	PXD044523_Zenodo_author_processed_RNA_protein	micro_pilot_processing_20260730:v1.0.0	MOFA2_unsupervised_gaussian_two_view
AVP	-2.0879784888275035	-1.5450503105106759	-1.0937806688790475	-0.34690145681252016	3.15134048422144	PXD044523_Zenodo_author_processed_RNA_protein	micro_pilot_processing_20260730:v1.0.0	MOFA2_unsupervised_gaussian_two_view
AVQ	-2.1272692228129624	-2.722182188674597	-1.6739132655882287	-0.06733374788231476	3.4770025458482015	PXD044523_Zenodo_author_processed_RNA_protein	micro_pilot_processing_20260730:v1.0.0	MOFA2_unsupervised_gaussian_two_view
AVS	-2.2720014329414546	0.002141711414764202	-0.5269137634778215	0.660826251385849	2.1403958062714863	PXD044523_Zenodo_author_processed_RNA_protein	micro_pilot_processing_20260730:v1.0.0	MOFA2_unsupervised_gaussian_two_view
AVT	-2.360465130884552	-1.6749540544476706	-0.5260625333192354	0.67804250921337	3.891980786945629	PXD044523_Zenodo_author_processed_RNA_protein	micro_pilot_processing_20260730:v1.0.0	MOFA2_unsupervised_gaussian_two_view
AVV	-2.4774381660979103	-1.9450229010741065	-1.6294354953174652	-0.028805432042473624	-0.7636650673893546	PXD044523_Zenodo_author_processed_RNA_protein	micro_pilot_processing_20260730:v1.0.0	MOFA2_unsupervised_gaussian_two_view
BAA	-1.8085172642592253	3.604481505667331	0.24447114586335428	0.4216175323145518	-0.21167346584115784	PXD044523_Zenodo_author_processed_RNA_protein	micro_pilot_processing_20260730:v1.0.0	MOFA2_unsupervised_gaussian_two_view
BAB	-3.2570652328903402	3.6606183914691797	0.30897606482620954	-0.6121757292931347	-0.4821479760094167	PXD044523_Zenodo_author_processed_RNA_protein	micro_pilot_processing_20260730:v1.0.0	MOFA2_unsupervised_gaussian_two_view
BAD	-3.229929162003211	3.168958498321798	0.1573304461220293	-0.571485927403742	-0.5499122822994263	PXD044523_Zenodo_author_processed_RNA_protein	micro_pilot_processing_20260730:v1.0.0	MOFA2_unsupervised_gaussian_two_view
BAE	-3.3730991438766775	0.6276261010572703	-0.2872806899914527	-0.43410277679917236	-0.6296633975513906	PXD044523_Zenodo_author_processed_RNA_protein	micro_pilot_processing_20260730:v1.0.0	MOFA2_unsupervised_gaussian_two_view
BAF	-0.256645418551112	0.29910892861796584	1.7271867709027613	1.931692468588647	-3.4054410548696943	PXD044523_Zenodo_author_processed_RNA_protein	micro_pilot_processing_20260730:v1.0.0	MOFA2_unsupervised_gaussian_two_view
BAG	-2.5187056997090824	1.515861067197681	1.1886563468710913	-1.7660096122791915	0.11834832050100465	PXD044523_Zenodo_author_processed_RNA_protein	micro_pilot_processing_20260730:v1.0.0	MOFA2_unsupervised_gaussian_two_view
BAH	-1.9473659397110439	3.7918272662862695	-1.9225227690947084	-1.8109037510289563	0.3737544926412255	PXD044523_Zenodo_author_processed_RNA_protein	micro_pilot_processing_20260730:v1.0.0	MOFA2_unsupervised_gaussian_two_view
BAI	-3.007353393409379	2.2417197714107946	2.5399029117080976	-0.9519506127094061	-0.3981664198163326	PXD044523_Zenodo_author_processed_RNA_protein	micro_pilot_processing_20260730:v1.0.0	MOFA2_unsupervised_gaussian_two_view
BAK	-3.047211060263137	-0.15161706244396395	3.3909269818474357	-0.3791937688155852	-0.7063307052104365	PXD044523_Zenodo_author_processed_RNA_protein	micro_pilot_processing_20260730:v1.0.0	MOFA2_unsupervised_gaussian_two_view
BAM	-3.2409736887026592	-0.4167991949605963	2.035135668587388	-0.7646403728952079	-0.44340888846940457	PXD044523_Zenodo_author_processed_RNA_protein	micro_pilot_processing_20260730:v1.0.0	MOFA2_unsupervised_gaussian_two_view
BAN	-2.9765502343259342	1.6961934900531672	1.461983457716919	-0.9838181843518613	-0.36291167970428645	PXD044523_Zenodo_author_processed_RNA_protein	micro_pilot_processing_20260730:v1.0.0	MOFA2_unsupervised_gaussian_two_view
BAP	-3.108066985795258	-1.0641272138955624	1.6813813058525755	-0.9344486901578576	-0.41422845690157234	PXD044523_Zenodo_author_processed_RNA_protein	micro_pilot_processing_20260730:v1.0.0	MOFA2_unsupervised_gaussian_two_view
BAQ	-3.066857128259874	1.7779024137271342	1.2392634110522804	-0.8364794417508241	-0.39691170843552975	PXD044523_Zenodo_author_processed_RNA_protein	micro_pilot_processing_20260730:v1.0.0	MOFA2_unsupervised_gaussian_two_view
BAR	1.6732818937461384	-0.6163149313633033	1.3690282165346166	0.022890654677615408	1.2085366029050815	PXD044523_Zenodo_author_processed_RNA_protein	micro_pilot_processing_20260730:v1.0.0	MOFA2_unsupervised_gaussian_two_view
BAS	1.8394899469695276	0.23957390719120403	1.0028846004954368	0.4772773312729392	1.542338539486754	PXD044523_Zenodo_author_processed_RNA_protein	micro_pilot_processing_20260730:v1.0.0	MOFA2_unsupervised_gaussian_two_view
BAT	2.0903573425048254	-0.5243539677774339	0.9852143824903496	-0.0071851936306876205	1.6036538835010519	PXD044523_Zenodo_author_processed_RNA_protein	micro_pilot_processing_20260730:v1.0.0	MOFA2_unsupervised_gaussian_two_view
BAV	1.9399177542378616	2.0967156805175162	0.570453305355614	0.16112993392728456	1.6188132596148705	PXD044523_Zenodo_author_processed_RNA_protein	micro_pilot_processing_20260730:v1.0.0	MOFA2_unsupervised_gaussian_two_view
BBA	1.7050767440505674	1.312441552036516	0.7571034226985831	-1.670175176554851	-1.1454907052031247	PXD044523_Zenodo_author_processed_RNA_protein	micro_pilot_processing_20260730:v1.0.0	MOFA2_unsupervised_gaussian_two_view
BBB	1.9981416241072663	2.6288981623140524	0.47691819498413496	-0.4978823384245872	1.7229231427085272	PXD044523_Zenodo_author_processed_RNA_protein	micro_pilot_processing_20260730:v1.0.0	MOFA2_unsupervised_gaussian_two_view
BBC	0.5300403738445991	0.6902800813646366	-4.036822294406991	2.367863800644741	0.10912561521888624	PXD044523_Zenodo_author_processed_RNA_protein	micro_pilot_processing_20260730:v1.0.0	MOFA2_unsupervised_gaussian_two_view
BBD	0.5197682824974076	-0.0939594314299641	-2.810040020153544	2.7068831000705713	-0.5395899979178675	PXD044523_Zenodo_author_processed_RNA_protein	micro_pilot_processing_20260730:v1.0.0	MOFA2_unsupervised_gaussian_two_view
BBE	0.7547099047932919	-0.06881337214071741	-1.999093004827938	2.36873282017608	-0.46766671072734345	PXD044523_Zenodo_author_processed_RNA_protein	micro_pilot_processing_20260730:v1.0.0	MOFA2_unsupervised_gaussian_two_view
BBF	0.16995321736826216	0.43502528335898466	-0.9861183586741495	2.7168597036083604	-0.7856473883067668	PXD044523_Zenodo_author_processed_RNA_protein	micro_pilot_processing_20260730:v1.0.0	MOFA2_unsupervised_gaussian_two_view
BBG	0.7487087889133139	-0.41307186290882497	-2.751235931007786	1.3134298202559485	-3.040924450464764	PXD044523_Zenodo_author_processed_RNA_protein	micro_pilot_processing_20260730:v1.0.0	MOFA2_unsupervised_gaussian_two_view
BBH	2.285857485269522	0.07571031865641181	-1.7472666022831373	-2.37770631185636	-0.7122578461123351	PXD044523_Zenodo_author_processed_RNA_protein	micro_pilot_processing_20260730:v1.0.0	MOFA2_unsupervised_gaussian_two_view
BBI	1.7995970431290478	2.171099978148836	1.123236937803625	0.4108686078640825	1.4278327822031387	PXD044523_Zenodo_author_processed_RNA_protein	micro_pilot_processing_20260730:v1.0.0	MOFA2_unsupervised_gaussian_two_view
BBL	-2.8051117578915568	0.5131765387395829	3.384749045713551	-1.0741579036615772	-0.33594892793151077	PXD044523_Zenodo_author_processed_RNA_protein	micro_pilot_processing_20260730:v1.0.0	MOFA2_unsupervised_gaussian_two_view
BBM	-1.3105528125921857	0.7944527642819659	1.4853555621399124	-0.21223173819137994	2.1670665071323176	PXD044523_Zenodo_author_processed_RNA_protein	micro_pilot_processing_20260730:v1.0.0	MOFA2_unsupervised_gaussian_two_view
BBP	0.9329115023601791	3.5973314466435222	-1.387652475255537	4.717651604035573	1.2369281515902923	PXD044523_Zenodo_author_processed_RNA_protein	micro_pilot_processing_20260730:v1.0.0	MOFA2_unsupervised_gaussian_two_view
BBQ	-2.8535600052003036	2.3080057784516854	1.1177022761417352	-1.3001378398777903	-0.14195815347660945	PXD044523_Zenodo_author_processed_RNA_protein	micro_pilot_processing_20260730:v1.0.0	MOFA2_unsupervised_gaussian_two_view
BBR	-3.3052762910801157	2.7425387296081687	1.4535747478698677	-0.49894892953720854	-0.63206105840104	PXD044523_Zenodo_author_processed_RNA_protein	micro_pilot_processing_20260730:v1.0.0	MOFA2_unsupervised_gaussian_two_view
BBS	-1.216369899221051	2.3178125878259337	1.0818272940057605	-0.5676491609718058	0.23858750167110068	PXD044523_Zenodo_author_processed_RNA_protein	micro_pilot_processing_20260730:v1.0.0	MOFA2_unsupervised_gaussian_two_view
BBT	0.49647574973942976	0.4466196850956971	0.2537666391011626	2.2375177038737046	-0.5543397287125085	PXD044523_Zenodo_author_processed_RNA_protein	micro_pilot_processing_20260730:v1.0.0	MOFA2_unsupervised_gaussian_two_view
BBV	2.2850079965868795	1.1502219918608896	0.20464351687855575	-0.10223012877532835	3.04360188309542	PXD044523_Zenodo_author_processed_RNA_protein	micro_pilot_processing_20260730:v1.0.0	MOFA2_unsupervised_gaussian_two_view
BCA	2.8466808122222975	-0.8295618044324227	1.6639183385281244	0.5338546728517314	1.7213392797699256	PXD044523_Zenodo_author_processed_RNA_protein	micro_pilot_processing_20260730:v1.0.0	MOFA2_unsupervised_gaussian_two_view
BCB	-3.1729056343704416	-0.9670966105371274	2.2689998099210067	1.6153197932974803	3.0065322271074044	PXD044523_Zenodo_author_processed_RNA_protein	micro_pilot_processing_20260730:v1.0.0	MOFA2_unsupervised_gaussian_two_view
BCC	-2.7511366270336644	-1.8244056491224083	1.3662581315806526	1.0874436287050326	2.5443140664539055	PXD044523_Zenodo_author_processed_RNA_protein	micro_pilot_processing_20260730:v1.0.0	MOFA2_unsupervised_gaussian_two_view
BCD	-2.495898120544584	-1.6475517836335032	1.2347546157678324	1.736942929653574	2.6102040510678983	PXD044523_Zenodo_author_processed_RNA_protein	micro_pilot_processing_20260730:v1.0.0	MOFA2_unsupervised_gaussian_two_view
BCE	-2.9871638332058734	-1.6311191511659515	1.8114837426223034	1.7364823539410446	2.6579232169783835	PXD044523_Zenodo_author_processed_RNA_protein	micro_pilot_processing_20260730:v1.0.0	MOFA2_unsupervised_gaussian_two_view
BCF	-2.7690136945894848	-0.19474548954318863	0.30862352078752503	0.6209785842357906	2.683418026940406	PXD044523_Zenodo_author_processed_RNA_protein	micro_pilot_processing_20260730:v1.0.0	MOFA2_unsupervised_gaussian_two_view
BCG	-3.1571162702439084	-2.7214947904974665	1.8817017213825091	1.7355728686239686	3.269954877321615	PXD044523_Zenodo_author_processed_RNA_protein	micro_pilot_processing_20260730:v1.0.0	MOFA2_unsupervised_gaussian_two_view
BCH	-3.1010988042216847	-0.0615786687329176	0.8951557408867574	1.2532167008804012	2.7842181160453476	PXD044523_Zenodo_author_processed_RNA_protein	micro_pilot_processing_20260730:v1.0.0	MOFA2_unsupervised_gaussian_two_view
BCK	-3.3231470940675565	-1.9760891455296437	1.2337468060732668	1.8415449788523757	2.651756039578903	PXD044523_Zenodo_author_processed_RNA_protein	micro_pilot_processing_20260730:v1.0.0	MOFA2_unsupervised_gaussian_two_view
BCL	-2.3387609289858315	-1.9791799229037044	0.6673127213489217	1.5204412114707384	3.3200210512426946	PXD044523_Zenodo_author_processed_RNA_protein	micro_pilot_processing_20260730:v1.0.0	MOFA2_unsupervised_gaussian_two_view
BCN	-1.48765304710479	-1.0874381648138358	-0.2557749671696187	1.3529098813201685	1.8636209893408868	PXD044523_Zenodo_author_processed_RNA_protein	micro_pilot_processing_20260730:v1.0.0	MOFA2_unsupervised_gaussian_two_view
BCP	-2.6525972151116846	1.7143868139983705	0.3171114782545009	0.4310842163771473	2.8837043107041156	PXD044523_Zenodo_author_processed_RNA_protein	micro_pilot_processing_20260730:v1.0.0	MOFA2_unsupervised_gaussian_two_view
BCQ	-3.098515128228157	-1.6233981983501633	1.8765540278030763	1.654297187997855	3.2734074209656403	PXD044523_Zenodo_author_processed_RNA_protein	micro_pilot_processing_20260730:v1.0.0	MOFA2_unsupervised_gaussian_two_view
BCR	0.6346313768169335	2.1360889773688183	-1.250658405429972	1.8995639299555382	-1.0959960443516934	PXD044523_Zenodo_author_processed_RNA_protein	micro_pilot_processing_20260730:v1.0.0	MOFA2_unsupervised_gaussian_two_view
BCS	0.7248595864616066	2.2568258938570773	0.24718040804392863	2.3049472951453365	-0.8027635292860963	PXD044523_Zenodo_author_processed_RNA_protein	micro_pilot_processing_20260730:v1.0.0	MOFA2_unsupervised_gaussian_two_view
BCT	0.44115533336078244	2.2920596221359086	-0.46954169465476975	1.2193990775472907	-2.950602403886341	PXD044523_Zenodo_author_processed_RNA_protein	micro_pilot_processing_20260730:v1.0.0	MOFA2_unsupervised_gaussian_two_view
BCV	0.7145071619380492	1.4192768515721148	-0.9534972810975382	3.0543037478770567	0.7326461480370986	PXD044523_Zenodo_author_processed_RNA_protein	micro_pilot_processing_20260730:v1.0.0	MOFA2_unsupervised_gaussian_two_view
BDA	0.23849155019629767	-0.3425131068547409	1.6184242762029557	3.455434976797803	0.47230210683972923	PXD044523_Zenodo_author_processed_RNA_protein	micro_pilot_processing_20260730:v1.0.0	MOFA2_unsupervised_gaussian_two_view
BDB	1.134460809825331	-1.4505007344461776	-2.5899896243619565	2.263425930235103	1.3518254134052228	PXD044523_Zenodo_author_processed_RNA_protein	micro_pilot_processing_20260730:v1.0.0	MOFA2_unsupervised_gaussian_two_view
BDC	0.4809725254707535	2.1874974269431866	-1.07412523642083	1.0137078053813062	-2.4624110537014543	PXD044523_Zenodo_author_processed_RNA_protein	micro_pilot_processing_20260730:v1.0.0	MOFA2_unsupervised_gaussian_two_view
BDD	1.1000560701412514	-0.8770915202955742	-1.0349973562295403	2.5977484790600776	1.1701928013096392	PXD044523_Zenodo_author_processed_RNA_protein	micro_pilot_processing_20260730:v1.0.0	MOFA2_unsupervised_gaussian_two_view
BDE	0.8255282592493777	1.5602109831198034	-0.017513767688951215	2.94224622386991	0.910119043333193	PXD044523_Zenodo_author_processed_RNA_protein	micro_pilot_processing_20260730:v1.0.0	MOFA2_unsupervised_gaussian_two_view
BDF	0.5238578886011713	-0.7845693905544618	-0.7817097851213813	1.1723787937511985	-2.9922992744008994	PXD044523_Zenodo_author_processed_RNA_protein	micro_pilot_processing_20260730:v1.0.0	MOFA2_unsupervised_gaussian_two_view
BDG	0.3515576281003088	0.4576971261744022	-0.675520281996329	1.1558093198928718	-2.8965978560581496	PXD044523_Zenodo_author_processed_RNA_protein	micro_pilot_processing_20260730:v1.0.0	MOFA2_unsupervised_gaussian_two_view
BDH	0.8549657443372539	-0.9497957764901496	-0.9381142676082525	2.7725404801704645	1.2290130617453559	PXD044523_Zenodo_author_processed_RNA_protein	micro_pilot_processing_20260730:v1.0.0	MOFA2_unsupervised_gaussian_two_view
BDI	0.7482800670102305	2.4357944017613575	-1.5183953059639084	2.889852361533949	0.7889769797157415	PXD044523_Zenodo_author_processed_RNA_protein	micro_pilot_processing_20260730:v1.0.0	MOFA2_unsupervised_gaussian_two_view
BDK	0.8795825370623972	1.0315327605721925	0.5446049427429018	2.9932666139574096	0.19407199849689824	PXD044523_Zenodo_author_processed_RNA_protein	micro_pilot_processing_20260730:v1.0.0	MOFA2_unsupervised_gaussian_two_view
BDL	0.46146456633344174	-0.7831114926840976	-3.4317304435005025	1.6307598088186996	-0.41797676315066434	PXD044523_Zenodo_author_processed_RNA_protein	micro_pilot_processing_20260730:v1.0.0	MOFA2_unsupervised_gaussian_two_view
BDM	0.6144004031378234	-2.3352067994308214	-0.34792185918610635	3.4990555376849977	-0.022195188223928172	PXD044523_Zenodo_author_processed_RNA_protein	micro_pilot_processing_20260730:v1.0.0	MOFA2_unsupervised_gaussian_two_view
BDN	-0.71235588508618	-2.1036264188017864	-0.03719550928517408	0.618270869678193	-0.09176256789372178	PXD044523_Zenodo_author_processed_RNA_protein	micro_pilot_processing_20260730:v1.0.0	MOFA2_unsupervised_gaussian_two_view
BDP	-2.708483960411115	-1.689042894271709	1.2824008776671485	2.197161444572836	2.7971611435430193	PXD044523_Zenodo_author_processed_RNA_protein	micro_pilot_processing_20260730:v1.0.0	MOFA2_unsupervised_gaussian_two_view
BDQ	-2.6501579793843058	-1.5516067794527948	1.250831165212828	1.1525542122734929	2.750736320442594	PXD044523_Zenodo_author_processed_RNA_protein	micro_pilot_processing_20260730:v1.0.0	MOFA2_unsupervised_gaussian_two_view
BDR	-2.6200448269213927	-0.0026288757578562683	1.481941015581137	0.8476553055486686	2.5704063753469937	PXD044523_Zenodo_author_processed_RNA_protein	micro_pilot_processing_20260730:v1.0.0	MOFA2_unsupervised_gaussian_two_view
BDS	-2.755294418618691	0.7883113846643518	0.6549470770011626	1.0191022258816254	3.399493965367376	PXD044523_Zenodo_author_processed_RNA_protein	micro_pilot_processing_20260730:v1.0.0	MOFA2_unsupervised_gaussian_two_view
BDV	-3.0519993427237324	-0.8573938010133565	1.2575999972501761	1.400670633692603	3.1811716382090554	PXD044523_Zenodo_author_processed_RNA_protein	micro_pilot_processing_20260730:v1.0.0	MOFA2_unsupervised_gaussian_two_view
BEA	-2.9296951278914913	-1.5343461659364146	1.9010914641665462	1.1908215012063383	2.7356902241084295	PXD044523_Zenodo_author_processed_RNA_protein	micro_pilot_processing_20260730:v1.0.0	MOFA2_unsupervised_gaussian_two_view
BEB	-2.5451038350317203	-1.986469822731947	0.8097247169446502	1.3848477659430112	3.1545491186894634	PXD044523_Zenodo_author_processed_RNA_protein	micro_pilot_processing_20260730:v1.0.0	MOFA2_unsupervised_gaussian_two_view
BEC	-2.388107434576255	-2.042673818322597	-0.8142697833417196	0.6798544289772422	2.7064769207469057	PXD044523_Zenodo_author_processed_RNA_protein	micro_pilot_processing_20260730:v1.0.0	MOFA2_unsupervised_gaussian_two_view
BED	-2.682122201822675	-1.7451078407890108	1.6610336711292142	1.7332275287178356	2.7321236746348556	PXD044523_Zenodo_author_processed_RNA_protein	micro_pilot_processing_20260730:v1.0.0	MOFA2_unsupervised_gaussian_two_view
BEE	-2.7762338670950424	-1.5552571434608655	2.0066265277528093	1.9914149824871752	2.804587242102159	PXD044523_Zenodo_author_processed_RNA_protein	micro_pilot_processing_20260730:v1.0.0	MOFA2_unsupervised_gaussian_two_view
BEF	-2.575491644988162	1.78843970034543	-0.29966675356393974	-0.5410388263981725	-0.6523313245808062	PXD044523_Zenodo_author_processed_RNA_protein	micro_pilot_processing_20260730:v1.0.0	MOFA2_unsupervised_gaussian_two_view
BEG	-2.7522477602820525	1.400912399418796	2.1786515712041457	-1.4828727035172313	-0.07786670633991184	PXD044523_Zenodo_author_processed_RNA_protein	micro_pilot_processing_20260730:v1.0.0	MOFA2_unsupervised_gaussian_two_view
BEH	-0.053679808125095776	-2.661741308557952	1.7888186635347345	1.973782669810323	-3.509751542480255	PXD044523_Zenodo_author_processed_RNA_protein	micro_pilot_processing_20260730:v1.0.0	MOFA2_unsupervised_gaussian_two_view
BEI	-1.5439925675555144	2.022057339081472	-3.5676470581694932	-2.2856755334490626	0.6815477383274136	PXD044523_Zenodo_author_processed_RNA_protein	micro_pilot_processing_20260730:v1.0.0	MOFA2_unsupervised_gaussian_two_view
BEK	-1.5311162233286515	-1.4757341981676197	-5.199124836533744	-2.6471692085148826	0.7155717169608683	PXD044523_Zenodo_author_processed_RNA_protein	micro_pilot_processing_20260730:v1.0.0	MOFA2_unsupervised_gaussian_two_view
BEM	-1.1833639640353153	-0.6388549719336869	-5.9786125736761635	-2.4016053300220843	0.43308198873203735	PXD044523_Zenodo_author_processed_RNA_protein	micro_pilot_processing_20260730:v1.0.0	MOFA2_unsupervised_gaussian_two_view
BEN	-1.8371048617384942	1.479020738957547	-3.905262847647214	-2.5956857838137584	0.7845718946807391	PXD044523_Zenodo_author_processed_RNA_protein	micro_pilot_processing_20260730:v1.0.0	MOFA2_unsupervised_gaussian_two_view
BEP	1.5552612663085856	2.3407612015263775	1.0441335938984644	-1.5063412727374408	-1.21382032004327	PXD044523_Zenodo_author_processed_RNA_protein	micro_pilot_processing_20260730:v1.0.0	MOFA2_unsupervised_gaussian_two_view
BEQ	1.6571951278230785	1.7965436627728901	0.8606187279666778	-0.24977276960493852	0.9475767328237119	PXD044523_Zenodo_author_processed_RNA_protein	micro_pilot_processing_20260730:v1.0.0	MOFA2_unsupervised_gaussian_two_view
BER	2.2588738103033084	1.41404827615597	-0.8131860373721054	-2.215740638599935	-0.8457052926093955	PXD044523_Zenodo_author_processed_RNA_protein	micro_pilot_processing_20260730:v1.0.0	MOFA2_unsupervised_gaussian_two_view
BES	2.0754237022398176	1.4601653261907528	0.09238202965256374	-1.9632440838311964	-0.9809776606089944	PXD044523_Zenodo_author_processed_RNA_protein	micro_pilot_processing_20260730:v1.0.0	MOFA2_unsupervised_gaussian_two_view
BET	1.7524189770243992	1.4196442700051706	-0.6908877407988164	-1.7243236524074053	-1.074594083091739	PXD044523_Zenodo_author_processed_RNA_protein	micro_pilot_processing_20260730:v1.0.0	MOFA2_unsupervised_gaussian_two_view
BEV	2.003871851905724	-0.2456665228340389	-1.281302020956665	-1.9995218482018418	-0.9210815274310216	PXD044523_Zenodo_author_processed_RNA_protein	micro_pilot_processing_20260730:v1.0.0	MOFA2_unsupervised_gaussian_two_view
BFA	-2.5877891619934785	-1.015813391908181	3.50663758727768	0.04326873413383446	2.3120323478885627	PXD044523_Zenodo_author_processed_RNA_protein	micro_pilot_processing_20260730:v1.0.0	MOFA2_unsupervised_gaussian_two_view
BFB	1.6656358833761116	2.2109007516293135	-0.04677801201531643	-1.1097716990326625	-1.2257700074162843	PXD044523_Zenodo_author_processed_RNA_protein	micro_pilot_processing_20260730:v1.0.0	MOFA2_unsupervised_gaussian_two_view
BFC	1.9235975982441536	0.05357379523399385	0.28180947238944665	-1.8906475414964037	-1.0666098153873425	PXD044523_Zenodo_author_processed_RNA_protein	micro_pilot_processing_20260730:v1.0.0	MOFA2_unsupervised_gaussian_two_view
BFE	0.7781891909098257	-1.0170405383745005	-4.489889290536042	1.6256499302034655	-0.6270733074200806	PXD044523_Zenodo_author_processed_RNA_protein	micro_pilot_processing_20260730:v1.0.0	MOFA2_unsupervised_gaussian_two_view
BFG	0.5426480146663283	3.600685690161935	-3.539567092619403	1.998209448539955	-0.7436105691433557	PXD044523_Zenodo_author_processed_RNA_protein	micro_pilot_processing_20260730:v1.0.0	MOFA2_unsupervised_gaussian_two_view
BFH	-1.8665008270019066	-2.7853817173919486	-2.839673982814847	-1.5234017823225223	-0.002905335130199347	PXD044523_Zenodo_author_processed_RNA_protein	micro_pilot_processing_20260730:v1.0.0	MOFA2_unsupervised_gaussian_two_view
BFK	1.8397948999166194	1.5288625817877366	0.6818216015111677	-1.5623992200399568	-1.277019155523594	PXD044523_Zenodo_author_processed_RNA_protein	micro_pilot_processing_20260730:v1.0.0	MOFA2_unsupervised_gaussian_two_view
BFL	-2.62988786486329	-0.3003241927436333	3.5669912675096564	0.7475543341638258	2.135759594106437	PXD044523_Zenodo_author_processed_RNA_protein	micro_pilot_processing_20260730:v1.0.0	MOFA2_unsupervised_gaussian_two_view
BFM	0.3905688990831798	1.6205907812795395	-2.8986352763194176	2.300025220216446	-0.7736955897592086	PXD044523_Zenodo_author_processed_RNA_protein	micro_pilot_processing_20260730:v1.0.0	MOFA2_unsupervised_gaussian_two_view
BFN	-2.4257288946423405	-2.969975654546111	-0.04606854794881662	-1.7129487143232616	0.22122857615640798	PXD044523_Zenodo_author_processed_RNA_protein	micro_pilot_processing_20260730:v1.0.0	MOFA2_unsupervised_gaussian_two_view
BFP	-2.5898539717919205	-0.9975333906915533	0.696092911571737	-1.6845830861926907	0.07324914070412494	PXD044523_Zenodo_author_processed_RNA_protein	micro_pilot_processing_20260730:v1.0.0	MOFA2_unsupervised_gaussian_two_view
BFQ	1.8896060072939789	2.1815098717087382	0.3264213610307797	0.5106103769490458	2.0346224996840707	PXD044523_Zenodo_author_processed_RNA_protein	micro_pilot_processing_20260730:v1.0.0	MOFA2_unsupervised_gaussian_two_view
BFR	1.6532529453749865	2.1696568989386678	-0.3400327169197155	-1.7253997237038323	-1.050699159265013	PXD044523_Zenodo_author_processed_RNA_protein	micro_pilot_processing_20260730:v1.0.0	MOFA2_unsupervised_gaussian_two_view
BFS	-1.9971621584302706	1.470605610548007	-0.4551548727242662	-2.445938572003507	0.645755526829735	PXD044523_Zenodo_author_processed_RNA_protein	micro_pilot_processing_20260730:v1.0.0	MOFA2_unsupervised_gaussian_two_view
BFV	-1.8358649214238825	-1.3770668214704826	-1.99135384692164	-2.707683487417367	0.6841499484689675	PXD044523_Zenodo_author_processed_RNA_protein	micro_pilot_processing_20260730:v1.0.0	MOFA2_unsupervised_gaussian_two_view
BGA	-2.0800072591823975	-2.21472675565917	-0.33914557284975694	-2.115601069732114	0.2827211374044836	PXD044523_Zenodo_author_processed_RNA_protein	micro_pilot_processing_20260730:v1.0.0	MOFA2_unsupervised_gaussian_two_view
BGB	-1.2915557083508493	0.1798856284916221	0.0812907204814117	-1.5614867695048462	0.26428325936462804	PXD044523_Zenodo_author_processed_RNA_protein	micro_pilot_processing_20260730:v1.0.0	MOFA2_unsupervised_gaussian_two_view
BGC	-2.291245172106656	-1.4347962645744123	0.03741328605728863	-2.096135609434318	0.33556355059648596	PXD044523_Zenodo_author_processed_RNA_protein	micro_pilot_processing_20260730:v1.0.0	MOFA2_unsupervised_gaussian_two_view
BGD	-2.284756636428167	0.47714417524410385	1.074250008217711	-1.5877455437218888	0.018518471755395952	PXD044523_Zenodo_author_processed_RNA_protein	micro_pilot_processing_20260730:v1.0.0	MOFA2_unsupervised_gaussian_two_view
BGE	-1.3331625634447914	-0.5199711231929088	-0.5535684989323988	-1.8099807125498262	0.501234277707659	PXD044523_Zenodo_author_processed_RNA_protein	micro_pilot_processing_20260730:v1.0.0	MOFA2_unsupervised_gaussian_two_view
BGF	-1.7866986398814286	1.6493386399338914	-2.4459282045458117	-2.5035874691510975	0.6381339978879391	PXD044523_Zenodo_author_processed_RNA_protein	micro_pilot_processing_20260730:v1.0.0	MOFA2_unsupervised_gaussian_two_view
BGG	-0.5888812444906183	2.031375532677775	-1.5612232750385353	-1.460097188140666	0.0766442929279784	PXD044523_Zenodo_author_processed_RNA_protein	micro_pilot_processing_20260730:v1.0.0	MOFA2_unsupervised_gaussian_two_view
BGK	-2.431649111914687	-0.9565675330001562	0.5757159255020664	-1.899670639828057	0.26651865726532253	PXD044523_Zenodo_author_processed_RNA_protein	micro_pilot_processing_20260730:v1.0.0	MOFA2_unsupervised_gaussian_two_view
BGL	-1.5087503362010364	0.8604943557398481	-0.839768243245229	-1.8527463877352042	0.5364786103263084	PXD044523_Zenodo_author_processed_RNA_protein	micro_pilot_processing_20260730:v1.0.0	MOFA2_unsupervised_gaussian_two_view
BGN	-2.234397905190311	1.4427857496221717	0.9055185938606701	-2.050385505705	0.3541759809145586	PXD044523_Zenodo_author_processed_RNA_protein	micro_pilot_processing_20260730:v1.0.0	MOFA2_unsupervised_gaussian_two_view
BGQ	-1.9048065324777734	-1.5276996315921616	-1.3453261095676827	-2.5387105131770924	0.6755019598478411	PXD044523_Zenodo_author_processed_RNA_protein	micro_pilot_processing_20260730:v1.0.0	MOFA2_unsupervised_gaussian_two_view
BGR	-2.3921943974815516	-1.564597554604351	0.5481825130983683	-1.5911651968056897	0.5681719475579128	PXD044523_Zenodo_author_processed_RNA_protein	micro_pilot_processing_20260730:v1.0.0	MOFA2_unsupervised_gaussian_two_view
BGS	-2.022895364245413	0.8388418859368396	-0.8221766836297808	-2.157716247635203	0.38416184021254446	PXD044523_Zenodo_author_processed_RNA_protein	micro_pilot_processing_20260730:v1.0.0	MOFA2_unsupervised_gaussian_two_view
BGT	-2.0807058934383695	-1.5865116303092812	0.1787569016748405	-2.2073981427101077	0.4813843245363788	PXD044523_Zenodo_author_processed_RNA_protein	micro_pilot_processing_20260730:v1.0.0	MOFA2_unsupervised_gaussian_two_view
BGV	-2.1903905505936545	0.7355734858734867	-0.5737315959828697	-2.186001553698558	0.4094239922808931	PXD044523_Zenodo_author_processed_RNA_protein	micro_pilot_processing_20260730:v1.0.0	MOFA2_unsupervised_gaussian_two_view
BHA	-1.9436704207624926	2.275985370299584	-3.2796880645869604	-2.4463640774837967	0.7070010363062637	PXD044523_Zenodo_author_processed_RNA_protein	micro_pilot_processing_20260730:v1.0.0	MOFA2_unsupervised_gaussian_two_view
BHB	2.9546767725261933	-2.049723022502113	0.7252927407712035	0.8050614104299879	1.3708595583887049	PXD044523_Zenodo_author_processed_RNA_protein	micro_pilot_processing_20260730:v1.0.0	MOFA2_unsupervised_gaussian_two_view
BHC	2.248748081385331	0.521499518805832	-1.4743115103800952	-1.8630154152118579	-1.1728066155484582	PXD044523_Zenodo_author_processed_RNA_protein	micro_pilot_processing_20260730:v1.0.0	MOFA2_unsupervised_gaussian_two_view
BHE	1.5726765511966996	-1.2873647794719654	0.701782021108569	0.19914266435962621	-0.5645342327589411	PXD044523_Zenodo_author_processed_RNA_protein	micro_pilot_processing_20260730:v1.0.0	MOFA2_unsupervised_gaussian_two_view
BHF	1.7216574933609714	-1.0316840106667264	0.31707884857945995	-1.5876910884457334	-1.2517256335498497	PXD044523_Zenodo_author_processed_RNA_protein	micro_pilot_processing_20260730:v1.0.0	MOFA2_unsupervised_gaussian_two_view
BHG	1.0660858817740122	-2.1510651973129598	1.6062248111755635	-0.868898452576927	-1.6673792698602314	PXD044523_Zenodo_author_processed_RNA_protein	micro_pilot_processing_20260730:v1.0.0	MOFA2_unsupervised_gaussian_two_view
BHH	0.3962126123789701	-0.8685208612776872	2.8748072872937804	-0.09045124909105573	-2.0465851287234513	PXD044523_Zenodo_author_processed_RNA_protein	micro_pilot_processing_20260730:v1.0.0	MOFA2_unsupervised_gaussian_two_view
BHI	0.6277132037931465	-0.8213506121550523	2.491621012301764	-0.25887473080115303	-1.6966082004514074	PXD044523_Zenodo_author_processed_RNA_protein	micro_pilot_processing_20260730:v1.0.0	MOFA2_unsupervised_gaussian_two_view
BHK	0.9931002229025236	2.466984170808056	0.12384625092059104	1.2734283752356115	0.5586835517269465	PXD044523_Zenodo_author_processed_RNA_protein	micro_pilot_processing_20260730:v1.0.0	MOFA2_unsupervised_gaussian_two_view
BHM	1.7053388152423696	1.6613151929099472	-0.6264507133596368	-1.2063627171304339	-1.1101067030643712	PXD044523_Zenodo_author_processed_RNA_protein	micro_pilot_processing_20260730:v1.0.0	MOFA2_unsupervised_gaussian_two_view
BHN	1.7480430385039074	0.23454593862901585	0.012242128021730386	-1.614410245906305	-1.1853160793012985	PXD044523_Zenodo_author_processed_RNA_protein	micro_pilot_processing_20260730:v1.0.0	MOFA2_unsupervised_gaussian_two_view
BHP	-3.017528829951113	1.928334535042973	-1.2455909676614254	-1.0009657204784246	-0.3032702712866944	PXD044523_Zenodo_author_processed_RNA_protein	micro_pilot_processing_20260730:v1.0.0	MOFA2_unsupervised_gaussian_two_view
BHQ	-2.7514312005403996	1.1910436351663565	-1.4778524418783912	-0.6631269128602032	-0.6210216396597313	PXD044523_Zenodo_author_processed_RNA_protein	micro_pilot_processing_20260730:v1.0.0	MOFA2_unsupervised_gaussian_two_view
BHR	-1.8527735199717306	1.336865071562882	-1.233577262938896	-0.5780729750423279	-0.9581613898914978	PXD044523_Zenodo_author_processed_RNA_protein	micro_pilot_processing_20260730:v1.0.0	MOFA2_unsupervised_gaussian_two_view
BHS	-3.71569984975681	-0.18152226058893028	0.635272586766095	0.04286208340274809	-0.7234608171431255	PXD044523_Zenodo_author_processed_RNA_protein	micro_pilot_processing_20260730:v1.0.0	MOFA2_unsupervised_gaussian_two_view
BHT	1.9331745203183874	0.8321593441654811	-0.17398570855502316	-0.6448895251803187	-1.3170366521710792	PXD044523_Zenodo_author_processed_RNA_protein	micro_pilot_processing_20260730:v1.0.0	MOFA2_unsupervised_gaussian_two_view
BHV	1.7151058424053964	1.2889047716606217	1.0691562856359784	-0.9970668459445984	-1.4768133169083841	PXD044523_Zenodo_author_processed_RNA_protein	micro_pilot_processing_20260730:v1.0.0	MOFA2_unsupervised_gaussian_two_view
BIA	2.1570059257197203	1.7516185389132382	-0.560556121363694	-2.014427528398679	-0.9425510635349564	PXD044523_Zenodo_author_processed_RNA_protein	micro_pilot_processing_20260730:v1.0.0	MOFA2_unsupervised_gaussian_two_view
BIB	2.1227810475819555	0.514741999513599	-0.3995449088983551	-2.0907561105781163	-0.9475975342296311	PXD044523_Zenodo_author_processed_RNA_protein	micro_pilot_processing_20260730:v1.0.0	MOFA2_unsupervised_gaussian_two_view
BID	-0.5032956365550482	0.7535168862945534	-1.8139826956523537	-1.9003410464473116	4.107062182283139	PXD044523_Zenodo_author_processed_RNA_protein	micro_pilot_processing_20260730:v1.0.0	MOFA2_unsupervised_gaussian_two_view
BIE	-0.22465708898948822	-1.846332089670739	1.1938454032745236	2.0003788567576932	-3.3252917422297212	PXD044523_Zenodo_author_processed_RNA_protein	micro_pilot_processing_20260730:v1.0.0	MOFA2_unsupervised_gaussian_two_view
BIH	1.7524071564685035	0.23761774750943257	-0.8590086436352401	-1.7248517786204332	-1.0601084935016454	PXD044523_Zenodo_author_processed_RNA_protein	micro_pilot_processing_20260730:v1.0.0	MOFA2_unsupervised_gaussian_two_view
BII	2.1784567863794386	-0.9583493899852444	1.3534562139971127	0.7691372831309796	2.825275325830289	PXD044523_Zenodo_author_processed_RNA_protein	micro_pilot_processing_20260730:v1.0.0	MOFA2_unsupervised_gaussian_two_view
BIK	2.2365917623479987	-1.4130973998863983	0.3463804979554833	-0.46774650051216254	1.4684635927897305	PXD044523_Zenodo_author_processed_RNA_protein	micro_pilot_processing_20260730:v1.0.0	MOFA2_unsupervised_gaussian_two_view
BIL	1.342368371823937	1.1421723321891455	-0.24572729440852964	0.701701367156932	1.1605759487397425	PXD044523_Zenodo_author_processed_RNA_protein	micro_pilot_processing_20260730:v1.0.0	MOFA2_unsupervised_gaussian_two_view
BIM	1.5234789479760582	1.5612775192537613	1.2560388785902552	-1.365227554173599	-1.3324678081081551	PXD044523_Zenodo_author_processed_RNA_protein	micro_pilot_processing_20260730:v1.0.0	MOFA2_unsupervised_gaussian_two_view
BIN	1.4648605809483473	1.1877401352063282	1.9642643905160155	-1.150111639449012	-1.3962505909241159	PXD044523_Zenodo_author_processed_RNA_protein	micro_pilot_processing_20260730:v1.0.0	MOFA2_unsupervised_gaussian_two_view
BIP	-1.5437506073084128	2.613425037533785	0.4284579434442778	-2.937393013639448	0.7921823460818804	PXD044523_Zenodo_author_processed_RNA_protein	micro_pilot_processing_20260730:v1.0.0	MOFA2_unsupervised_gaussian_two_view
BIQ	-0.7430292126160425	1.9266234012362866	0.6147515972404048	-1.6889427832984236	-0.410490836791759	PXD044523_Zenodo_author_processed_RNA_protein	micro_pilot_processing_20260730:v1.0.0	MOFA2_unsupervised_gaussian_two_view
BIR	1.7380979776983503	1.4947475902254268	0.5046565837751338	-1.5106358991341537	-1.238955406954263	PXD044523_Zenodo_author_processed_RNA_protein	micro_pilot_processing_20260730:v1.0.0	MOFA2_unsupervised_gaussian_two_view
BIS	1.933504705348423	1.0173952177289047	0.6640003313055363	0.8993319424608038	2.512633013765418	PXD044523_Zenodo_author_processed_RNA_protein	micro_pilot_processing_20260730:v1.0.0	MOFA2_unsupervised_gaussian_two_view
BIT	-0.7296113263341515	0.022239383304420456	-3.2452845470837315	-1.7378466065322078	3.5494672228504878	PXD044523_Zenodo_author_processed_RNA_protein	micro_pilot_processing_20260730:v1.0.0	MOFA2_unsupervised_gaussian_two_view
BKA	1.574026448882758	-0.05317857627108311	1.2720826088887358	-1.254142600531285	-1.1727264794707815	PXD044523_Zenodo_author_processed_RNA_protein	micro_pilot_processing_20260730:v1.0.0	MOFA2_unsupervised_gaussian_two_view
BKC	1.451455242546062	-1.04904312178842	0.6690443636544864	-1.17292084657149	-1.5015231498609078	PXD044523_Zenodo_author_processed_RNA_protein	micro_pilot_processing_20260730:v1.0.0	MOFA2_unsupervised_gaussian_two_view
BKD	1.8128339729787544	0.748957214221158	0.8689515089171777	-0.23842336404946915	0.5419976039965311	PXD044523_Zenodo_author_processed_RNA_protein	micro_pilot_processing_20260730:v1.0.0	MOFA2_unsupervised_gaussian_two_view
BKE	2.3349007198241973	-1.6478865041653488	-1.1315882296555055	-0.6283555571152782	1.897370266209378	PXD044523_Zenodo_author_processed_RNA_protein	micro_pilot_processing_20260730:v1.0.0	MOFA2_unsupervised_gaussian_two_view
BKF	2.488887920655326	1.1714102914717157	-1.2444814468667853	-0.6949332849100504	1.8812274947758674	PXD044523_Zenodo_author_processed_RNA_protein	micro_pilot_processing_20260730:v1.0.0	MOFA2_unsupervised_gaussian_two_view
BKG	1.9017117443147693	-2.1872277387647454	1.3302913817998938	0.030784909653508573	1.5718778975711654	PXD044523_Zenodo_author_processed_RNA_protein	micro_pilot_processing_20260730:v1.0.0	MOFA2_unsupervised_gaussian_two_view
BKH	1.3348294425741363	1.2491624711967784	2.8397544538755892	-0.6222360194148078	-1.7337008479786808	PXD044523_Zenodo_author_processed_RNA_protein	micro_pilot_processing_20260730:v1.0.0	MOFA2_unsupervised_gaussian_two_view
BKI	1.8004795872024961	0.8816574731645508	0.14687653641395262	-1.4430426934960727	-1.2277409218506528	PXD044523_Zenodo_author_processed_RNA_protein	micro_pilot_processing_20260730:v1.0.0	MOFA2_unsupervised_gaussian_two_view
BKK	1.5964201994154428	2.4185941179415273	0.23545656497630046	-0.6028993393452439	-0.8328399562246136	PXD044523_Zenodo_author_processed_RNA_protein	micro_pilot_processing_20260730:v1.0.0	MOFA2_unsupervised_gaussian_two_view
BKL	2.135224032655851	0.6218381954174781	-0.1394623171411602	-1.3417642696127394	-1.1512386722978916	PXD044523_Zenodo_author_processed_RNA_protein	micro_pilot_processing_20260730:v1.0.0	MOFA2_unsupervised_gaussian_two_view
BKM	-1.3096215903507564	-1.11443612472505	0.668753751121795	-0.7312220036524454	4.398510193407582	PXD044523_Zenodo_author_processed_RNA_protein	micro_pilot_processing_20260730:v1.0.0	MOFA2_unsupervised_gaussian_two_view
BKN	2.0063307199455753	-0.11241608212226095	1.2528121713864477	-1.7875721618348765	-1.2027332904912929	PXD044523_Zenodo_author_processed_RNA_protein	micro_pilot_processing_20260730:v1.0.0	MOFA2_unsupervised_gaussian_two_view
BKP	2.157230486326331	-2.2607328795027004	-1.2646302492785348	-2.1518587964255	-0.949459107786979	PXD044523_Zenodo_author_processed_RNA_protein	micro_pilot_processing_20260730:v1.0.0	MOFA2_unsupervised_gaussian_two_view
BKQ	2.0113811173928733	1.687409971484026	0.010906034033115639	-1.8550541086433348	-0.08999084993682642	PXD044523_Zenodo_author_processed_RNA_protein	micro_pilot_processing_20260730:v1.0.0	MOFA2_unsupervised_gaussian_two_view
BKR	1.4207291210696857	2.021332144069002	0.9141131475098129	-1.2466298026432454	-1.2132696183061549	PXD044523_Zenodo_author_processed_RNA_protein	micro_pilot_processing_20260730:v1.0.0	MOFA2_unsupervised_gaussian_two_view
BKS	2.2238383248814273	0.472309960102233	0.8735120997935908	-1.6142913926277669	-1.3221160450286402	PXD044523_Zenodo_author_processed_RNA_protein	micro_pilot_processing_20260730:v1.0.0	MOFA2_unsupervised_gaussian_two_view
BKT	1.7790431524968264	2.4055338620982503	-0.2610494833811072	-1.6319802150105005	-1.1801908788361075	PXD044523_Zenodo_author_processed_RNA_protein	micro_pilot_processing_20260730:v1.0.0	MOFA2_unsupervised_gaussian_two_view
BLA	1.9469219536640188	2.0870561057685926	-0.03646950344728176	-1.5656752768408455	-1.0122573669413617	PXD044523_Zenodo_author_processed_RNA_protein	micro_pilot_processing_20260730:v1.0.0	MOFA2_unsupervised_gaussian_two_view
BLB	2.3257752148699837	0.6160627197923806	-0.2791017086486582	-2.0295394076010562	-0.9773403399699966	PXD044523_Zenodo_author_processed_RNA_protein	micro_pilot_processing_20260730:v1.0.0	MOFA2_unsupervised_gaussian_two_view
BLC	2.296655684589594	-1.5123010553512766	-0.12541441985728605	-2.012503182749984	-1.023461287162858	PXD044523_Zenodo_author_processed_RNA_protein	micro_pilot_processing_20260730:v1.0.0	MOFA2_unsupervised_gaussian_two_view
BLD	1.9664735277682974	-0.5541086676544579	0.3595584138453934	-1.9360465004123586	-1.0484392205975002	PXD044523_Zenodo_author_processed_RNA_protein	micro_pilot_processing_20260730:v1.0.0	MOFA2_unsupervised_gaussian_two_view
BLE	2.063740447658258	2.3750375384161924	0.9289386891166156	-0.2633710445604313	1.7491772117351494	PXD044523_Zenodo_author_processed_RNA_protein	micro_pilot_processing_20260730:v1.0.0	MOFA2_unsupervised_gaussian_two_view
BLF	2.007166133240957	-0.9029031217550834	0.6174995071202446	-1.8362434245674413	-1.1603242791103212	PXD044523_Zenodo_author_processed_RNA_protein	micro_pilot_processing_20260730:v1.0.0	MOFA2_unsupervised_gaussian_two_view
BLG	2.154644311560378	2.1148681731606533	0.4455674915140188	1.0316482763206598	2.5801528582314086	PXD044523_Zenodo_author_processed_RNA_protein	micro_pilot_processing_20260730:v1.0.0	MOFA2_unsupervised_gaussian_two_view
BLH	1.4683828829268044	2.785606072205939	0.9310441174636638	-1.1797217326828449	-1.188957902734744	PXD044523_Zenodo_author_processed_RNA_protein	micro_pilot_processing_20260730:v1.0.0	MOFA2_unsupervised_gaussian_two_view
BLI	2.3985810804810517	2.0494612636214313	-0.10245908750007517	0.8617512986136524	2.5283923715887062	PXD044523_Zenodo_author_processed_RNA_protein	micro_pilot_processing_20260730:v1.0.0	MOFA2_unsupervised_gaussian_two_view
BLK	2.1902933078983846	-0.8176820791537308	0.2710696109980765	0.5845038316735894	2.681665508661999	PXD044523_Zenodo_author_processed_RNA_protein	micro_pilot_processing_20260730:v1.0.0	MOFA2_unsupervised_gaussian_two_view
BLL	2.4160246027313295	1.9068486894640542	-0.8388990353301977	-0.42582091768954355	1.8174234178609787	PXD044523_Zenodo_author_processed_RNA_protein	micro_pilot_processing_20260730:v1.0.0	MOFA2_unsupervised_gaussian_two_view
BLN	2.0485344264270613	0.5796321417696324	-0.4664996219820692	-2.0695524831107033	-0.925791692759828	PXD044523_Zenodo_author_processed_RNA_protein	micro_pilot_processing_20260730:v1.0.0	MOFA2_unsupervised_gaussian_two_view
BLP	2.103829433855043	-0.8245757910622372	-2.5189864963079236	-2.0316203283858623	-0.9755631669884739	PXD044523_Zenodo_author_processed_RNA_protein	micro_pilot_processing_20260730:v1.0.0	MOFA2_unsupervised_gaussian_two_view
BLQ	1.9856573734686784	1.3797454751202287	-0.45610816846393637	-1.836877227167578	-0.5902616480075532	PXD044523_Zenodo_author_processed_RNA_protein	micro_pilot_processing_20260730:v1.0.0	MOFA2_unsupervised_gaussian_two_view
BLR	-0.31944307660380034	2.8488444057306683	-2.4208495506379863	-2.1270937838858766	4.2236009847215445	PXD044523_Zenodo_author_processed_RNA_protein	micro_pilot_processing_20260730:v1.0.0	MOFA2_unsupervised_gaussian_two_view
BLT	2.0885775843072842	1.4807252724702573	0.16896522884988177	0.2449481969911283	1.630790873105764	PXD044523_Zenodo_author_processed_RNA_protein	micro_pilot_processing_20260730:v1.0.0	MOFA2_unsupervised_gaussian_two_view
BLV	1.7588358348211373	0.3187922346420588	-0.5088206545660383	-1.9884628665260409	-0.9850427446947458	PXD044523_Zenodo_author_processed_RNA_protein	micro_pilot_processing_20260730:v1.0.0	MOFA2_unsupervised_gaussian_two_view
BMA	-2.7809183362739063	0.8411489960103928	-0.7879181566280894	-0.9221135157290163	-0.2602858936994716	PXD044523_Zenodo_author_processed_RNA_protein	micro_pilot_processing_20260730:v1.0.0	MOFA2_unsupervised_gaussian_two_view
BMB	-2.5447140086161384	-3.1739149244490847	-0.6669957767396599	-0.7952467193750916	-0.6468831654208348	PXD044523_Zenodo_author_processed_RNA_protein	micro_pilot_processing_20260730:v1.0.0	MOFA2_unsupervised_gaussian_two_view
BMC	-3.206591433641442	-1.1581720609636654	-0.510067468021867	-0.6804296556028613	-0.4423725865948008	PXD044523_Zenodo_author_processed_RNA_protein	micro_pilot_processing_20260730:v1.0.0	MOFA2_unsupervised_gaussian_two_view
BME	-1.76796327781808	0.6345055447173378	-2.152341010992842	-1.5451104370843192	0.17508733852618938	PXD044523_Zenodo_author_processed_RNA_protein	micro_pilot_processing_20260730:v1.0.0	MOFA2_unsupervised_gaussian_two_view
BMF	0.8220309092035748	1.9368734474858216	1.0003165349384942	3.4459675553129614	0.3676924578003238	PXD044523_Zenodo_author_processed_RNA_protein	micro_pilot_processing_20260730:v1.0.0	MOFA2_unsupervised_gaussian_two_view
BMG	1.5992973853458827	-0.45810022495670494	-4.027068038039771	1.6643024209572836	0.7962952014701061	PXD044523_Zenodo_author_processed_RNA_protein	micro_pilot_processing_20260730:v1.0.0	MOFA2_unsupervised_gaussian_two_view
BMH	1.266952432373531	2.667623939884439	1.8000397198930944	-1.1760774424976839	-1.2597909282289907	PXD044523_Zenodo_author_processed_RNA_protein	micro_pilot_processing_20260730:v1.0.0	MOFA2_unsupervised_gaussian_two_view
BMI	1.5115763087417007	1.6575645524494507	0.2844852686336987	-1.331032008491485	-1.0941295535978937	PXD044523_Zenodo_author_processed_RNA_protein	micro_pilot_processing_20260730:v1.0.0	MOFA2_unsupervised_gaussian_two_view
BMK	1.6946184277134417	2.1765445429045003	0.7538682330111375	-1.6426289976998996	-1.1232774670198589	PXD044523_Zenodo_author_processed_RNA_protein	micro_pilot_processing_20260730:v1.0.0	MOFA2_unsupervised_gaussian_two_view
BML	0.7900160091361004	1.1837353401869337	-2.7650343744168784	2.4909812438565018	-0.5387824841418667	PXD044523_Zenodo_author_processed_RNA_protein	micro_pilot_processing_20260730:v1.0.0	MOFA2_unsupervised_gaussian_two_view
BMM	0.21628872807945376	3.6276661235985626	-2.366704988973103	1.897079469799016	0.22812856405290494	PXD044523_Zenodo_author_processed_RNA_protein	micro_pilot_processing_20260730:v1.0.0	MOFA2_unsupervised_gaussian_two_view
BMN	3.0769865810089523	-1.6712072227054733	0.9561496213148519	0.09520494115490619	1.9118493944889177	PXD044523_Zenodo_author_processed_RNA_protein	micro_pilot_processing_20260730:v1.0.0	MOFA2_unsupervised_gaussian_two_view
BMQ	0.44042473978968383	-0.20866226280970998	0.5309542152985363	3.054059250135416	0.0753321276238954	PXD044523_Zenodo_author_processed_RNA_protein	micro_pilot_processing_20260730:v1.0.0	MOFA2_unsupervised_gaussian_two_view
BMR	-2.8429881508132127	-3.0287563214783213	-1.048717103739874	0.946761382570923	3.137824836025681	PXD044523_Zenodo_author_processed_RNA_protein	micro_pilot_processing_20260730:v1.0.0	MOFA2_unsupervised_gaussian_two_view
BMV	-3.0413710270581378	-3.404305098753169	-0.11501379342190246	1.3576473376155682	3.1603485094872754	PXD044523_Zenodo_author_processed_RNA_protein	micro_pilot_processing_20260730:v1.0.0	MOFA2_unsupervised_gaussian_two_view
BNA	-2.7270350762929096	-0.9701427420136728	0.6598904421160829	0.650053232591791	2.983823941893354	PXD044523_Zenodo_author_processed_RNA_protein	micro_pilot_processing_20260730:v1.0.0	MOFA2_unsupervised_gaussian_two_view
BNB	-3.0143951832773785	-2.434893062198088	2.6423550400565494	1.3759185745577909	3.3015834724652424	PXD044523_Zenodo_author_processed_RNA_protein	micro_pilot_processing_20260730:v1.0.0	MOFA2_unsupervised_gaussian_two_view
BNC	-3.3454765628524865	-1.9647898010924636	1.9835775322084532	1.3853128420431593	2.073702102640077	PXD044523_Zenodo_author_processed_RNA_protein	micro_pilot_processing_20260730:v1.0.0	MOFA2_unsupervised_gaussian_two_view
BND	-3.072526395305138	-1.1061779300561547	1.0043801437940933	1.2791111487652722	2.912514140840712	PXD044523_Zenodo_author_processed_RNA_protein	micro_pilot_processing_20260730:v1.0.0	MOFA2_unsupervised_gaussian_two_view
BNE	2.1751997824882037	2.369158888834521	-0.7361309827543839	-1.9945326978782525	-0.9910373729284382	PXD044523_Zenodo_author_processed_RNA_protein	micro_pilot_processing_20260730:v1.0.0	MOFA2_unsupervised_gaussian_two_view
BNF	-1.4899931514478513	4.377688158968489	-0.5800143464090427	-2.855472092564336	0.9863336909919739	PXD044523_Zenodo_author_processed_RNA_protein	micro_pilot_processing_20260730:v1.0.0	MOFA2_unsupervised_gaussian_two_view
BNG	2.283234178469484	-1.681959731658016	-0.26401674869800656	-1.1794774475960532	-1.107047405965581	PXD044523_Zenodo_author_processed_RNA_protein	micro_pilot_processing_20260730:v1.0.0	MOFA2_unsupervised_gaussian_two_view
BNI	2.3672727855733866	0.12740691048175104	-0.49967357393529577	-0.3078118351150285	2.1439986307210996	PXD044523_Zenodo_author_processed_RNA_protein	micro_pilot_processing_20260730:v1.0.0	MOFA2_unsupervised_gaussian_two_view
BNK	1.8894553893460984	1.4049000421786046	-1.8272407921290954	-1.8705956728446187	-1.0349008268394648	PXD044523_Zenodo_author_processed_RNA_protein	micro_pilot_processing_20260730:v1.0.0	MOFA2_unsupervised_gaussian_two_view
BNL	-0.8460034495004932	2.67973207188028	-0.7723160535004603	-1.8241458122977958	4.191181054199336	PXD044523_Zenodo_author_processed_RNA_protein	micro_pilot_processing_20260730:v1.0.0	MOFA2_unsupervised_gaussian_two_view
BNN	2.0539624567399546	-2.2933001801781234	1.3066056887905841	-1.5474934035789554	-1.3763661829597233	PXD044523_Zenodo_author_processed_RNA_protein	micro_pilot_processing_20260730:v1.0.0	MOFA2_unsupervised_gaussian_two_view
BNP	1.957517807646036	-0.6648786137602228	0.8531396763019644	-0.08581374205457147	0.8972958862865582	PXD044523_Zenodo_author_processed_RNA_protein	micro_pilot_processing_20260730:v1.0.0	MOFA2_unsupervised_gaussian_two_view
BNQ	1.5969346354614302	1.8126462961351584	1.355655586029049	-0.4066529357653122	-0.4932112119716206	PXD044523_Zenodo_author_processed_RNA_protein	micro_pilot_processing_20260730:v1.0.0	MOFA2_unsupervised_gaussian_two_view
BNR	1.7537362010227429	1.7584990850605637	-1.1092153238523135	-1.3525035290481824	-0.6353027861646187	PXD044523_Zenodo_author_processed_RNA_protein	micro_pilot_processing_20260730:v1.0.0	MOFA2_unsupervised_gaussian_two_view
BNT	-1.3186642614216173	1.927860349282784	-0.607758905913119	-3.1836339191743375	0.9307140187261402	PXD044523_Zenodo_author_processed_RNA_protein	micro_pilot_processing_20260730:v1.0.0	MOFA2_unsupervised_gaussian_two_view
BNV	2.4148294224084017	2.1417970844796423	-1.9627315829492324	-2.282890563230995	-0.8202611427201173	PXD044523_Zenodo_author_processed_RNA_protein	micro_pilot_processing_20260730:v1.0.0	MOFA2_unsupervised_gaussian_two_view
BPA	0.40044253668692664	-1.710647376493614	-1.483039460435014	1.2309802086147075	-2.790904834064122	PXD044523_Zenodo_author_processed_RNA_protein	micro_pilot_processing_20260730:v1.0.0	MOFA2_unsupervised_gaussian_two_view
BPB	1.5859393311072516	1.4506220627733555	0.7158724639755107	-1.462590134916601	-1.309785824227215	PXD044523_Zenodo_author_processed_RNA_protein	micro_pilot_processing_20260730:v1.0.0	MOFA2_unsupervised_gaussian_two_view
BPF	-1.1381198461584692	1.0353291154829953	-0.9933712464033523	-3.6380058135520694	1.2328308771036662	PXD044523_Zenodo_author_processed_RNA_protein	micro_pilot_processing_20260730:v1.0.0	MOFA2_unsupervised_gaussian_two_view
BPG	1.66848513089324	1.9475274838496364	0.7774274831624925	-1.6146438404417882	-1.1699549851074624	PXD044523_Zenodo_author_processed_RNA_protein	micro_pilot_processing_20260730:v1.0.0	MOFA2_unsupervised_gaussian_two_view
BPH	1.7050362772181242	1.6405116362779186	0.7548352234464794	-1.4040214587397981	-0.8751355826316596	PXD044523_Zenodo_author_processed_RNA_protein	micro_pilot_processing_20260730:v1.0.0	MOFA2_unsupervised_gaussian_two_view
BPI	-2.342603222555676	-1.52142315387753	1.7819672178275	-0.23613414298588903	2.56285286721441	PXD044523_Zenodo_author_processed_RNA_protein	micro_pilot_processing_20260730:v1.0.0	MOFA2_unsupervised_gaussian_two_view
BPK	-0.7277517330011494	1.6745394095774875	-1.9812750370202885	-2.2561776410886614	3.704225265958147	PXD044523_Zenodo_author_processed_RNA_protein	micro_pilot_processing_20260730:v1.0.0	MOFA2_unsupervised_gaussian_two_view
BPL	2.1640216013836158	-2.588664194094996	-1.366606284301522	0.12908511865240044	2.441884978124482	PXD044523_Zenodo_author_processed_RNA_protein	micro_pilot_processing_20260730:v1.0.0	MOFA2_unsupervised_gaussian_two_view
BPM	-1.3848178859936315	1.4431953179207464	-0.7048308624373794	-3.200866203263673	0.9840680633817661	PXD044523_Zenodo_author_processed_RNA_protein	micro_pilot_processing_20260730:v1.0.0	MOFA2_unsupervised_gaussian_two_view
BPN	0.9610833486459751	-0.7910209703885835	1.4985064329076987	1.1774615487244078	1.0313277880540468	PXD044523_Zenodo_author_processed_RNA_protein	micro_pilot_processing_20260730:v1.0.0	MOFA2_unsupervised_gaussian_two_view
BPP	1.5962244308481404	-2.3152038685512375	1.786909770109441	-1.3287133223835002	-1.2082858990032121	PXD044523_Zenodo_author_processed_RNA_protein	micro_pilot_processing_20260730:v1.0.0	MOFA2_unsupervised_gaussian_two_view
BPQ	1.6112269291885077	1.9184017956359967	-0.5832366333191084	-0.810452966903853	-1.6566682059807476	PXD044523_Zenodo_author_processed_RNA_protein	micro_pilot_processing_20260730:v1.0.0	MOFA2_unsupervised_gaussian_two_view
BPR	2.0537114895060773	-3.3012545713485375	0.1357329354574234	-0.40306173343917856	1.3215363558506958	PXD044523_Zenodo_author_processed_RNA_protein	micro_pilot_processing_20260730:v1.0.0	MOFA2_unsupervised_gaussian_two_view
BPT	1.516979565070016	1.805589124037132	0.2863679364526433	-1.3420010136155736	-0.9010106891252888	PXD044523_Zenodo_author_processed_RNA_protein	micro_pilot_processing_20260730:v1.0.0	MOFA2_unsupervised_gaussian_two_view
BPV	1.9248810625290234	0.12302010218095913	-0.9776555515634422	-1.7300771281665568	-1.136720076540988	PXD044523_Zenodo_author_processed_RNA_protein	micro_pilot_processing_20260730:v1.0.0	MOFA2_unsupervised_gaussian_two_view
BQA	1.836768075199204	1.319226957489976	-0.47682733863844795	-1.666299736492421	-1.1481953735236834	PXD044523_Zenodo_author_processed_RNA_protein	micro_pilot_processing_20260730:v1.0.0	MOFA2_unsupervised_gaussian_two_view
BQB	1.9008762145211697	0.005080266445289076	-0.2831055805961695	0.06617059202609618	1.9276825704057954	PXD044523_Zenodo_author_processed_RNA_protein	micro_pilot_processing_20260730:v1.0.0	MOFA2_unsupervised_gaussian_two_view
BQE	1.9105432280336394	1.5645910251575432	0.4776354054572099	-0.10687346705169769	0.8165263057359919	PXD044523_Zenodo_author_processed_RNA_protein	micro_pilot_processing_20260730:v1.0.0	MOFA2_unsupervised_gaussian_two_view
BQG	1.8913802933813622	-1.0490876288852216	-0.36313017853205964	-1.908642972782326	-1.0761953918612912	PXD044523_Zenodo_author_processed_RNA_protein	micro_pilot_processing_20260730:v1.0.0	MOFA2_unsupervised_gaussian_two_view
BQH	2.6111691558424543	2.528434394253853	-0.8817024330290454	-0.5886814229333521	2.663110729486972	PXD044523_Zenodo_author_processed_RNA_protein	micro_pilot_processing_20260730:v1.0.0	MOFA2_unsupervised_gaussian_two_view
BQI	2.203136717276901	-2.3544941932296566	-0.30170630097509504	-0.5615710226452817	1.6635269020899033	PXD044523_Zenodo_author_processed_RNA_protein	micro_pilot_processing_20260730:v1.0.0	MOFA2_unsupervised_gaussian_two_view
BQM	1.9633985826291847	1.0979066066090482	-0.32835417410412815	-1.661339989883391	-1.181321255329888	PXD044523_Zenodo_author_processed_RNA_protein	micro_pilot_processing_20260730:v1.0.0	MOFA2_unsupervised_gaussian_two_view
BQN	2.0364336095777547	-1.3167960343759084	-0.4301248392086952	-1.9686587795212043	-0.8808431126629203	PXD044523_Zenodo_author_processed_RNA_protein	micro_pilot_processing_20260730:v1.0.0	MOFA2_unsupervised_gaussian_two_view
BQP	1.3722994797876662	0.8162563619050984	-0.02122345094089833	0.2867751465051012	-2.3409193965354405	PXD044523_Zenodo_author_processed_RNA_protein	micro_pilot_processing_20260730:v1.0.0	MOFA2_unsupervised_gaussian_two_view
BQQ	2.096018932571033	0.425133815787247	2.0127123059801875	-1.4202113995791572	-1.450350933012079	PXD044523_Zenodo_author_processed_RNA_protein	micro_pilot_processing_20260730:v1.0.0	MOFA2_unsupervised_gaussian_two_view
BQR	2.049237696356289	0.29879120211307203	-0.5832741452790741	-1.9346468452993246	-0.3530068123097603	PXD044523_Zenodo_author_processed_RNA_protein	micro_pilot_processing_20260730:v1.0.0	MOFA2_unsupervised_gaussian_two_view
BQS	-1.1862919508054461	2.14472864761031	-0.7574329229148707	-3.3793883869605534	1.102866538107732	PXD044523_Zenodo_author_processed_RNA_protein	micro_pilot_processing_20260730:v1.0.0	MOFA2_unsupervised_gaussian_two_view
BQT	1.7849404814519774	1.7932045498655227	-0.01722439955042505	-1.9386002591909035	-0.8791613074716461	PXD044523_Zenodo_author_processed_RNA_protein	micro_pilot_processing_20260730:v1.0.0	MOFA2_unsupervised_gaussian_two_view
BRA	1.6430550753389472	-0.03790720501821044	1.2993953637104507	0.18846130186146848	1.5427861132073404	PXD044523_Zenodo_author_processed_RNA_protein	micro_pilot_processing_20260730:v1.0.0	MOFA2_unsupervised_gaussian_two_view
BRB	1.4062540908533958	2.5424336811633466	1.8181777331113733	0.5582481961792685	0.33202606679986574	PXD044523_Zenodo_author_processed_RNA_protein	micro_pilot_processing_20260730:v1.0.0	MOFA2_unsupervised_gaussian_two_view
BRC	1.5842358370807539	2.3930839963839445	0.17728738692650536	-1.0588072350061233	-1.315371641824046	PXD044523_Zenodo_author_processed_RNA_protein	micro_pilot_processing_20260730:v1.0.0	MOFA2_unsupervised_gaussian_two_view
BRD	2.184874005063542	2.4511193772993645	0.07034656398627408	-0.13297013991716605	2.04671111630116	PXD044523_Zenodo_author_processed_RNA_protein	micro_pilot_processing_20260730:v1.0.0	MOFA2_unsupervised_gaussian_two_view
BRE	1.9228232299216443	1.1724630385398562	-0.550192027341022	-1.9851266806493006	-0.8897646113230517	PXD044523_Zenodo_author_processed_RNA_protein	micro_pilot_processing_20260730:v1.0.0	MOFA2_unsupervised_gaussian_two_view
BRF	1.8406665182291717	2.1039058806660798	-0.7059044486457069	0.2568021830037524	1.7267735950447263	PXD044523_Zenodo_author_processed_RNA_protein	micro_pilot_processing_20260730:v1.0.0	MOFA2_unsupervised_gaussian_two_view
BRG	-2.9152484069262234	1.5752329008020036	-1.2050793175218641	-1.1501891682713086	-0.16052662608784019	PXD044523_Zenodo_author_processed_RNA_protein	micro_pilot_processing_20260730:v1.0.0	MOFA2_unsupervised_gaussian_two_view
BRH	2.187224913352694	0.2242506498397566	-1.0377735180443528	-1.995749852557151	-1.0040331027281768	PXD044523_Zenodo_author_processed_RNA_protein	micro_pilot_processing_20260730:v1.0.0	MOFA2_unsupervised_gaussian_two_view
BRK	-1.6543588378673757	2.1261558995460135	-0.5842878495579896	-2.7488107312097125	0.7466056485682171	PXD044523_Zenodo_author_processed_RNA_protein	micro_pilot_processing_20260730:v1.0.0	MOFA2_unsupervised_gaussian_two_view
BRM	2.3150084301374956	-3.5017430199008643	-4.046181501098274	0.9953972570943592	1.5201524503000228	PXD044523_Zenodo_author_processed_RNA_protein	micro_pilot_processing_20260730:v1.0.0	MOFA2_unsupervised_gaussian_two_view
BRP	0.2777808310074909	-0.008814911902411118	-1.041686077117288	0.3435055001079542	-2.2525813892399555	PXD044523_Zenodo_author_processed_RNA_protein	micro_pilot_processing_20260730:v1.0.0	MOFA2_unsupervised_gaussian_two_view
BRV	0.7858705479613722	-1.806468723840041	0.605364337526411	0.7355696350310579	-2.566546114789974	PXD044523_Zenodo_author_processed_RNA_protein	micro_pilot_processing_20260730:v1.0.0	MOFA2_unsupervised_gaussian_two_view
BSA	2.003199514623696	-0.7553248085292722	0.06653238504617781	0.2798967997756123	1.3208702084385586	PXD044523_Zenodo_author_processed_RNA_protein	micro_pilot_processing_20260730:v1.0.0	MOFA2_unsupervised_gaussian_two_view
BSB	-1.0808591712553082	1.0149192835071739	-0.8712765636730645	-1.736959460623618	3.8008117566881405	PXD044523_Zenodo_author_processed_RNA_protein	micro_pilot_processing_20260730:v1.0.0	MOFA2_unsupervised_gaussian_two_view
BSC	2.0243507832966587	1.6816659752175311	-0.5114970522033307	-1.4853077425880552	-1.3367800797072327	PXD044523_Zenodo_author_processed_RNA_protein	micro_pilot_processing_20260730:v1.0.0	MOFA2_unsupervised_gaussian_two_view
BSD	1.6730647646831587	2.8048879221485863	-0.28721012196611256	-1.6355582860484676	-1.0618029434460137	PXD044523_Zenodo_author_processed_RNA_protein	micro_pilot_processing_20260730:v1.0.0	MOFA2_unsupervised_gaussian_two_view
BSE	2.5719037528511026	-1.6881116288612317	-1.9613539379279539	-2.5187562243867094	-0.7657931738487612	PXD044523_Zenodo_author_processed_RNA_protein	micro_pilot_processing_20260730:v1.0.0	MOFA2_unsupervised_gaussian_two_view
BSG	2.3954228030850087	1.9393612811389291	-1.4208572402177788	-2.176341588011846	-0.8897513933855155	PXD044523_Zenodo_author_processed_RNA_protein	micro_pilot_processing_20260730:v1.0.0	MOFA2_unsupervised_gaussian_two_view
BSK	1.0943408468843798	-1.9195026928122085	0.2430461108381136	0.7393070711978789	-2.8283736936156365	PXD044523_Zenodo_author_processed_RNA_protein	micro_pilot_processing_20260730:v1.0.0	MOFA2_unsupervised_gaussian_two_view
BSL	2.1824279534289834	1.7301175390627552	-1.3160473004080342	-0.41808999088803295	1.3054576993040952	PXD044523_Zenodo_author_processed_RNA_protein	micro_pilot_processing_20260730:v1.0.0	MOFA2_unsupervised_gaussian_two_view
BSN	1.7242541788991896	0.9446974807366421	-0.5242515984292203	0.3212107105954222	1.5923563104024185	PXD044523_Zenodo_author_processed_RNA_protein	micro_pilot_processing_20260730:v1.0.0	MOFA2_unsupervised_gaussian_two_view
BSP	1.5378785714528564	1.6323857187196762	0.3083409649514182	-0.791538656763147	-1.7418966688652124	PXD044523_Zenodo_author_processed_RNA_protein	micro_pilot_processing_20260730:v1.0.0	MOFA2_unsupervised_gaussian_two_view
BSR	1.7347807428629145	-2.5436870849992603	1.1941151949121505	0.2805986352603847	1.617336027361649	PXD044523_Zenodo_author_processed_RNA_protein	micro_pilot_processing_20260730:v1.0.0	MOFA2_unsupervised_gaussian_two_view
BSS	1.7380695564744688	-1.7763911186878465	1.5095796684417913	0.8791594681820356	1.5128242123952824	PXD044523_Zenodo_author_processed_RNA_protein	micro_pilot_processing_20260730:v1.0.0	MOFA2_unsupervised_gaussian_two_view
BST	1.9129346232872244	1.6837228433941425	-1.0174260986373729	-1.8097017189789828	-1.0194163677691075	PXD044523_Zenodo_author_processed_RNA_protein	micro_pilot_processing_20260730:v1.0.0	MOFA2_unsupervised_gaussian_two_view
BTA	-2.0884516658200014	0.9576986530326742	1.0722509186349531	2.327865701878999	2.2306030415744726	PXD044523_Zenodo_author_processed_RNA_protein	micro_pilot_processing_20260730:v1.0.0	MOFA2_unsupervised_gaussian_two_view
BTB	1.5854128498020061	-0.27221448015592353	-4.178046386373105	1.8560229813334466	0.36014559565821197	PXD044523_Zenodo_author_processed_RNA_protein	micro_pilot_processing_20260730:v1.0.0	MOFA2_unsupervised_gaussian_two_view
BTC	1.4311229732015787	-2.0862666709362183	-4.175809512541378	2.1827219957840343	0.5271440197380846	PXD044523_Zenodo_author_processed_RNA_protein	micro_pilot_processing_20260730:v1.0.0	MOFA2_unsupervised_gaussian_two_view
BTD	0.3228844070208037	1.3164202313434237	-2.560358486605327	2.1311379424675714	-0.5327712801304695	PXD044523_Zenodo_author_processed_RNA_protein	micro_pilot_processing_20260730:v1.0.0	MOFA2_unsupervised_gaussian_two_view
BTE	0.6082590710972737	3.7364817524393117	-2.5169921032954083	2.707836122853069	-0.44759849134163504	PXD044523_Zenodo_author_processed_RNA_protein	micro_pilot_processing_20260730:v1.0.0	MOFA2_unsupervised_gaussian_two_view
BTF	0.9730819843438405	-0.8602080452606451	-1.7975470538494025	3.177914987119933	0.6268221426087467	PXD044523_Zenodo_author_processed_RNA_protein	micro_pilot_processing_20260730:v1.0.0	MOFA2_unsupervised_gaussian_two_view
BTG	-1.9094444085781082	-2.916025752497977	-1.705371843351135	-2.501074542251443	0.532047650731046	PXD044523_Zenodo_author_processed_RNA_protein	micro_pilot_processing_20260730:v1.0.0	MOFA2_unsupervised_gaussian_two_view
BTH	1.8150900818756073	-0.3449191454754474	1.1148207070467597	-1.5947492939323278	-1.170919601544589	PXD044523_Zenodo_author_processed_RNA_protein	micro_pilot_processing_20260730:v1.0.0	MOFA2_unsupervised_gaussian_two_view
BTL	2.1347531281663823	0.5822984371690482	0.6208974385950267	-1.9998132111247553	-0.9860135454888271	PXD044523_Zenodo_author_processed_RNA_protein	micro_pilot_processing_20260730:v1.0.0	MOFA2_unsupervised_gaussian_two_view
BTN	2.05534178784361	0.049761314441636124	0.6836363282632681	-0.39308981329806664	1.7182742002815588	PXD044523_Zenodo_author_processed_RNA_protein	micro_pilot_processing_20260730:v1.0.0	MOFA2_unsupervised_gaussian_two_view
BTP	1.7433989696979373	-1.2960298910882844	2.2523287898567754	1.4268906627592275	1.5199772518952084	PXD044523_Zenodo_author_processed_RNA_protein	micro_pilot_processing_20260730:v1.0.0	MOFA2_unsupervised_gaussian_two_view
BTR	1.4467519342561903	-1.8159672209078477	3.09075885991514	1.0599042678007768	1.1406228594961065	PXD044523_Zenodo_author_processed_RNA_protein	micro_pilot_processing_20260730:v1.0.0	MOFA2_unsupervised_gaussian_two_view
BTS	-3.712354239292675	-0.8858723558324282	2.115553744682066	-0.08185242205290395	-0.8687144256059955	PXD044523_Zenodo_author_processed_RNA_protein	micro_pilot_processing_20260730:v1.0.0	MOFA2_unsupervised_gaussian_two_view
BTT	1.5577108764225587	0.6613795348055799	-0.3615183775620211	2.2342220885269075	1.3223290899148006	PXD044523_Zenodo_author_processed_RNA_protein	micro_pilot_processing_20260730:v1.0.0	MOFA2_unsupervised_gaussian_two_view
BTV	1.1808563217428045	2.247096121815976	-1.3602434744833947	1.7396457498141116	0.29016314675334043	PXD044523_Zenodo_author_processed_RNA_protein	micro_pilot_processing_20260730:v1.0.0	MOFA2_unsupervised_gaussian_two_view
BVA	1.2977872332085687	1.1330504598674485	-0.6905199872225382	1.5580254491487	0.8485458232864673	PXD044523_Zenodo_author_processed_RNA_protein	micro_pilot_processing_20260730:v1.0.0	MOFA2_unsupervised_gaussian_two_view
BVB	1.0517503943536906	1.3766302756381807	0.2543698791215876	2.42215266403219	1.2738880576379858	PXD044523_Zenodo_author_processed_RNA_protein	micro_pilot_processing_20260730:v1.0.0	MOFA2_unsupervised_gaussian_two_view
BVC	1.1088944960527305	-2.4015431939586187	-0.31233486523842463	-0.24324159452279906	-2.028809690737079	PXD044523_Zenodo_author_processed_RNA_protein	micro_pilot_processing_20260730:v1.0.0	MOFA2_unsupervised_gaussian_two_view
BVD	0.980842367787651	-1.7831782396505633	0.5029949967901416	2.1889969542123655	0.2996727081153119	PXD044523_Zenodo_author_processed_RNA_protein	micro_pilot_processing_20260730:v1.0.0	MOFA2_unsupervised_gaussian_two_view
BVF	1.2958894583811147	0.7792560280458416	-0.10797203577955179	2.1870255263419263	1.1279536487927002	PXD044523_Zenodo_author_processed_RNA_protein	micro_pilot_processing_20260730:v1.0.0	MOFA2_unsupervised_gaussian_two_view
BVG	1.031049296019263	2.736644682374233	-0.21662985679544455	2.2616993064846707	0.9480370489708356	PXD044523_Zenodo_author_processed_RNA_protein	micro_pilot_processing_20260730:v1.0.0	MOFA2_unsupervised_gaussian_two_view
BVH	0.930223596859258	-1.8009822546993361	-0.49936234004885854	2.362485763677742	0.7939841336973837	PXD044523_Zenodo_author_processed_RNA_protein	micro_pilot_processing_20260730:v1.0.0	MOFA2_unsupervised_gaussian_two_view
BVK	2.3004032863197383	2.033736456937236	-0.05576387914775407	0.24420606460850683	3.0696600010448902	PXD044523_Zenodo_author_processed_RNA_protein	micro_pilot_processing_20260730:v1.0.0	MOFA2_unsupervised_gaussian_two_view
BVM	1.6365032966658495	1.2608363566711787	-0.13685583458999317	-1.7859706336976884	-1.0679442367964853	PXD044523_Zenodo_author_processed_RNA_protein	micro_pilot_processing_20260730:v1.0.0	MOFA2_unsupervised_gaussian_two_view
BVT	2.0754781542618184	-2.0590985470058802	1.3081727852512681	0.5770149608403052	2.0137552006100083	PXD044523_Zenodo_author_processed_RNA_protein	micro_pilot_processing_20260730:v1.0.0	MOFA2_unsupervised_gaussian_two_view
BVV	2.5926485200984595	-3.109580755668089	-1.4348562645914353	0.33868825349711096	2.8582606625083127	PXD044523_Zenodo_author_processed_RNA_protein	micro_pilot_processing_20260730:v1.0.0	MOFA2_unsupervised_gaussian_two_view
CAA	2.159294087339659	-3.2385828267796315	0.6654954102262268	1.2646439113069232	2.171402257999848	PXD044523_Zenodo_author_processed_RNA_protein	micro_pilot_processing_20260730:v1.0.0	MOFA2_unsupervised_gaussian_two_view
CAB	2.4952770758435743	-3.336716060211534	0.19084781465690367	1.058991207732728	2.270886511565857	PXD044523_Zenodo_author_processed_RNA_protein	micro_pilot_processing_20260730:v1.0.0	MOFA2_unsupervised_gaussian_two_view
CAC	2.2993320429122948	-3.178113493293416	-0.6291433562397527	0.5329740777987929	2.726137011068391	PXD044523_Zenodo_author_processed_RNA_protein	micro_pilot_processing_20260730:v1.0.0	MOFA2_unsupervised_gaussian_two_view
CAD	2.338988752691811	-2.56259559923558	-0.027809571908287204	0.6031773822415533	2.870135667432894	PXD044523_Zenodo_author_processed_RNA_protein	micro_pilot_processing_20260730:v1.0.0	MOFA2_unsupervised_gaussian_two_view
CAE	2.211547428740853	1.1743423323470357	0.29783146065709276	-0.2237780000353979	1.837239462191091	PXD044523_Zenodo_author_processed_RNA_protein	micro_pilot_processing_20260730:v1.0.0	MOFA2_unsupervised_gaussian_two_view
CAF	2.146615015098046	0.6146858186744547	0.8540813262667571	-0.2264001234536349	1.7753166726437133	PXD044523_Zenodo_author_processed_RNA_protein	micro_pilot_processing_20260730:v1.0.0	MOFA2_unsupervised_gaussian_two_view
CAH	2.215008462452808	-0.5264694639369066	-0.33869111700578525	0.603448761664408	2.190942679456668	PXD044523_Zenodo_author_processed_RNA_protein	micro_pilot_processing_20260730:v1.0.0	MOFA2_unsupervised_gaussian_two_view
CAI	1.4514153559349323	-2.2578912128234805	1.6531487358469872	0.4065018372108683	1.3165671336641045	PXD044523_Zenodo_author_processed_RNA_protein	micro_pilot_processing_20260730:v1.0.0	MOFA2_unsupervised_gaussian_two_view
CAK	1.9512772327138859	-0.025722593131533154	-0.3228617625985784	-0.1524278206159704	1.7286314092762194	PXD044523_Zenodo_author_processed_RNA_protein	micro_pilot_processing_20260730:v1.0.0	MOFA2_unsupervised_gaussian_two_view
CAL	1.7347856468580818	1.887486127490176	0.9373345804076628	0.1730225537501368	1.4608483527810205	PXD044523_Zenodo_author_processed_RNA_protein	micro_pilot_processing_20260730:v1.0.0	MOFA2_unsupervised_gaussian_two_view
CAN	2.1419846476540965	-3.450066572357412	0.5987009844055202	-1.1090141253456123	-1.744069189882205	PXD044523_Zenodo_author_processed_RNA_protein	micro_pilot_processing_20260730:v1.0.0	MOFA2_unsupervised_gaussian_two_view
CAP	2.1784227528166418	-2.9393848357670063	-0.0799661037008855	0.43305084009475575	2.046880665171338	PXD044523_Zenodo_author_processed_RNA_protein	micro_pilot_processing_20260730:v1.0.0	MOFA2_unsupervised_gaussian_two_view
CAQ	-0.0436033215396267	-3.183834138100918	0.07324034175332772	-0.3161189818583867	3.6535288192309663	PXD044523_Zenodo_author_processed_RNA_protein	micro_pilot_processing_20260730:v1.0.0	MOFA2_unsupervised_gaussian_two_view
CAR	2.539057007933729	-2.7605796639274356	-0.6128424188443556	-0.3787791784302972	1.7265085459695892	PXD044523_Zenodo_author_processed_RNA_protein	micro_pilot_processing_20260730:v1.0.0	MOFA2_unsupervised_gaussian_two_view
CAS	2.545017936487775	-2.8463985270454084	-0.5498154607010961	-0.2931302077338118	1.630186092101699	PXD044523_Zenodo_author_processed_RNA_protein	micro_pilot_processing_20260730:v1.0.0	MOFA2_unsupervised_gaussian_two_view
CAT	2.643248600794755	-3.141226914797309	-0.7403197067184306	-0.06231199277808545	1.7186414958894987	PXD044523_Zenodo_author_processed_RNA_protein	micro_pilot_processing_20260730:v1.0.0	MOFA2_unsupervised_gaussian_two_view
CAV	1.5796896218164023	-2.5585822816118906	2.0172436685669974	0.3534861129354897	1.5031219810031773	PXD044523_Zenodo_author_processed_RNA_protein	micro_pilot_processing_20260730:v1.0.0	MOFA2_unsupervised_gaussian_two_view
CBA	1.9631882635098767	0.24451435796933127	-0.17793562276490935	0.16090885043443676	1.9218277586127483	PXD044523_Zenodo_author_processed_RNA_protein	micro_pilot_processing_20260730:v1.0.0	MOFA2_unsupervised_gaussian_two_view
CBB	1.7315625737681837	-2.5748436173231126	1.0131401036206231	1.5851293540614415	2.0742056215614064	PXD044523_Zenodo_author_processed_RNA_protein	micro_pilot_processing_20260730:v1.0.0	MOFA2_unsupervised_gaussian_two_view
CBD	1.7889151466549367	-2.6202299962155475	1.1102022793755997	0.4670708011804547	1.332014552655325	PXD044523_Zenodo_author_processed_RNA_protein	micro_pilot_processing_20260730:v1.0.0	MOFA2_unsupervised_gaussian_two_view
CBE	1.340824477566219	-2.319878203497328	2.6818546828671	2.099300353743148	1.699113513124568	PXD044523_Zenodo_author_processed_RNA_protein	micro_pilot_processing_20260730:v1.0.0	MOFA2_unsupervised_gaussian_two_view
CBG	1.771877053300586	1.9498404754365433	0.7001289864490726	-1.367698374982208	-1.3791047785126633	PXD044523_Zenodo_author_processed_RNA_protein	micro_pilot_processing_20260730:v1.0.0	MOFA2_unsupervised_gaussian_two_view
CBH	1.981308673598637	0.04515039075930395	-1.9039720111352747	-1.9686060990648317	-0.8166163260510987	PXD044523_Zenodo_author_processed_RNA_protein	micro_pilot_processing_20260730:v1.0.0	MOFA2_unsupervised_gaussian_two_view
CBI	1.5644465668661311	-1.7479928419322737	-0.4004412850108874	-1.5927268324119823	-0.9217178852741851	PXD044523_Zenodo_author_processed_RNA_protein	micro_pilot_processing_20260730:v1.0.0	MOFA2_unsupervised_gaussian_two_view
CBK	1.6034174992336228	-2.6796820247270823	-2.262180564553392	-1.0760889138605156	-1.5532155505723242	PXD044523_Zenodo_author_processed_RNA_protein	micro_pilot_processing_20260730:v1.0.0	MOFA2_unsupervised_gaussian_two_view
CBL	1.3460179995527828	-1.388317392522026	-2.247802624620841	-0.8280755244697893	-1.470900953198467	PXD044523_Zenodo_author_processed_RNA_protein	micro_pilot_processing_20260730:v1.0.0	MOFA2_unsupervised_gaussian_two_view
CBM	1.0063021729809405	0.8088689076534509	0.35811667428423655	-0.42697862316052204	-1.768649785191421	PXD044523_Zenodo_author_processed_RNA_protein	micro_pilot_processing_20260730:v1.0.0	MOFA2_unsupervised_gaussian_two_view
CBN	0.7744761010737273	-1.4268268903243473	-1.5291646174165665	0.07380338345684323	-2.173407483934269	PXD044523_Zenodo_author_processed_RNA_protein	micro_pilot_processing_20260730:v1.0.0	MOFA2_unsupervised_gaussian_two_view
CBR	0.4678409935155314	-0.07536382372581951	-0.47981981048244865	0.6633493605935973	-2.6334142781480128	PXD044523_Zenodo_author_processed_RNA_protein	micro_pilot_processing_20260730:v1.0.0	MOFA2_unsupervised_gaussian_two_view
CCC	-2.7930943146584024	0.25142458486089636	1.2957927889820038	-0.7115390011989075	-0.21766496793990012	PXD044523_Zenodo_author_processed_RNA_protein	micro_pilot_processing_20260730:v1.0.0	MOFA2_unsupervised_gaussian_two_view
CCD	-2.5238639005132573	0.5821472786668955	1.0089694678788852	-0.558093402275492	-0.11672036044762767	PXD044523_Zenodo_author_processed_RNA_protein	micro_pilot_processing_20260730:v1.0.0	MOFA2_unsupervised_gaussian_two_view
CCE	-2.9449154119256384	3.0156463742728254	1.0015417723742825	-1.0032908051848197	-0.3289809509806668	PXD044523_Zenodo_author_processed_RNA_protein	micro_pilot_processing_20260730:v1.0.0	MOFA2_unsupervised_gaussian_two_view
CCF	-2.441153336611958	2.512781764415699	1.0551519970994814	-0.5040258892958199	-0.8491632496876061	PXD044523_Zenodo_author_processed_RNA_protein	micro_pilot_processing_20260730:v1.0.0	MOFA2_unsupervised_gaussian_two_view
CCG	-2.8165563760849	0.1438062744599203	0.22619602997637736	-1.174620561687993	-0.20688119469696878	PXD044523_Zenodo_author_processed_RNA_protein	micro_pilot_processing_20260730:v1.0.0	MOFA2_unsupervised_gaussian_two_view
CCH	-2.556755170179584	0.3086232794943479	0.12980765712121956	-1.5943918079608936	0.016738840734485918	PXD044523_Zenodo_author_processed_RNA_protein	micro_pilot_processing_20260730:v1.0.0	MOFA2_unsupervised_gaussian_two_view
CCL	-2.712022346606037	-0.6565907724757719	2.5169531471353483	-1.4908978404119506	-0.0736081433077779	PXD044523_Zenodo_author_processed_RNA_protein	micro_pilot_processing_20260730:v1.0.0	MOFA2_unsupervised_gaussian_two_view
CCM	1.8951599771377317	2.7664270917747276	0.35687271967030487	0.4038657640486692	1.8405476689203417	PXD044523_Zenodo_author_processed_RNA_protein	micro_pilot_processing_20260730:v1.0.0	MOFA2_unsupervised_gaussian_two_view
CCN	-1.683388497978914	0.8129808698958897	-2.140789635624773	-1.8189090697549573	0.32620036063111507	PXD044523_Zenodo_author_processed_RNA_protein	micro_pilot_processing_20260730:v1.0.0	MOFA2_unsupervised_gaussian_two_view
CCP	-3.0710147293978123	2.505827841993862	2.3866020345578964	-0.9246977288840201	-0.3695958009152451	PXD044523_Zenodo_author_processed_RNA_protein	micro_pilot_processing_20260730:v1.0.0	MOFA2_unsupervised_gaussian_two_view
CCQ	-2.710097896800343	1.5333050229540783	1.9977583087671007	-1.3988630185398732	-0.0719751203557001	PXD044523_Zenodo_author_processed_RNA_protein	micro_pilot_processing_20260730:v1.0.0	MOFA2_unsupervised_gaussian_two_view
CCR	-2.7779186976881403	2.0949280677078543	2.0425643071109243	-1.3137768512950239	-0.1283429376203262	PXD044523_Zenodo_author_processed_RNA_protein	micro_pilot_processing_20260730:v1.0.0	MOFA2_unsupervised_gaussian_two_view
CCS	-1.5509800581025412	0.6049592432914395	2.0858405020429887	-0.36441139869140854	-1.0193602484446012	PXD044523_Zenodo_author_processed_RNA_protein	micro_pilot_processing_20260730:v1.0.0	MOFA2_unsupervised_gaussian_two_view
CCV	-0.2861885247023194	-2.094989036521505	1.7595906480423626	2.15204030133277	-3.6381009318120223	PXD044523_Zenodo_author_processed_RNA_protein	micro_pilot_processing_20260730:v1.0.0	MOFA2_unsupervised_gaussian_two_view
CDA	0.507221746752072	-3.789904508312695	1.0311107970476636	1.4997988691094273	-3.3614397292647182	PXD044523_Zenodo_author_processed_RNA_protein	micro_pilot_processing_20260730:v1.0.0	MOFA2_unsupervised_gaussian_two_view
CDB	-2.4966005722137012	2.567721784565202	-0.11093064960157308	-1.523035960453821	-0.03298685314219318	PXD044523_Zenodo_author_processed_RNA_protein	micro_pilot_processing_20260730:v1.0.0	MOFA2_unsupervised_gaussian_two_view
CDC	-2.6335769058752234	0.079531372696396	1.0529907195622032	-1.6046692529729634	0.08688323411385011	PXD044523_Zenodo_author_processed_RNA_protein	micro_pilot_processing_20260730:v1.0.0	MOFA2_unsupervised_gaussian_two_view
CDD	-2.6338510446712644	1.9225244294471786	0.7453866172850088	-1.6027896927006975	0.08873302840809046	PXD044523_Zenodo_author_processed_RNA_protein	micro_pilot_processing_20260730:v1.0.0	MOFA2_unsupervised_gaussian_two_view
CDE	-2.4252485675062734	-0.39461547620543785	0.38504186189541084	-1.8646629444521174	0.16259148008467827	PXD044523_Zenodo_author_processed_RNA_protein	micro_pilot_processing_20260730:v1.0.0	MOFA2_unsupervised_gaussian_two_view
CDF	-2.8623071149273733	0.03218610238403811	2.5898187951368823	-0.6905196754647404	-0.6671583837450787	PXD044523_Zenodo_author_processed_RNA_protein	micro_pilot_processing_20260730:v1.0.0	MOFA2_unsupervised_gaussian_two_view
CDG	-2.6990336287282455	-0.9312865005851602	2.7608438728396623	-0.36592177401184683	-0.9778180639909908	PXD044523_Zenodo_author_processed_RNA_protein	micro_pilot_processing_20260730:v1.0.0	MOFA2_unsupervised_gaussian_two_view
CDI	-3.0584687566198667	-0.060284977638789594	2.3393469912324054	-0.8307921697545029	-0.4449733173082505	PXD044523_Zenodo_author_processed_RNA_protein	micro_pilot_processing_20260730:v1.0.0	MOFA2_unsupervised_gaussian_two_view
CDK	0.9853202468323362	-2.139521744414556	2.8924022714285527	4.27008220387034	-1.2854072664318237	PXD044523_Zenodo_author_processed_RNA_protein	micro_pilot_processing_20260730:v1.0.0	MOFA2_unsupervised_gaussian_two_view
CDL	-3.015181909676106	-0.11422187135820863	2.0434442549235117	-1.0928584561576988	-0.295284065488167	PXD044523_Zenodo_author_processed_RNA_protein	micro_pilot_processing_20260730:v1.0.0	MOFA2_unsupervised_gaussian_two_view
CDM	0.6006124872470806	-1.5120627295195697	2.5923434081816117	0.3728852025281975	-2.447517003227698	PXD044523_Zenodo_author_processed_RNA_protein	micro_pilot_processing_20260730:v1.0.0	MOFA2_unsupervised_gaussian_two_view
CDP	-2.9749145033374864	1.8685320898098885	2.0867186846469847	-0.8336407766050666	-0.4762581761531987	PXD044523_Zenodo_author_processed_RNA_protein	micro_pilot_processing_20260730:v1.0.0	MOFA2_unsupervised_gaussian_two_view
CDQ	-2.5949344589225776	2.2945607559082695	1.949355394250469	-0.8941303138646793	-0.296059899849009	PXD044523_Zenodo_author_processed_RNA_protein	micro_pilot_processing_20260730:v1.0.0	MOFA2_unsupervised_gaussian_two_view
CDR	0.40757512069750274	-2.7291606782014504	0.48839101409029845	2.9055426444809678	0.20604816083925653	PXD044523_Zenodo_author_processed_RNA_protein	micro_pilot_processing_20260730:v1.0.0	MOFA2_unsupervised_gaussian_two_view
CDS	1.7192016817094067	-1.8826589160747655	1.603452328230677	-1.749596798329759	-1.1630411991015155	PXD044523_Zenodo_author_processed_RNA_protein	micro_pilot_processing_20260730:v1.0.0	MOFA2_unsupervised_gaussian_two_view
CDT	1.2250241387203167	-1.6069360864547297	1.4676001763355502	-1.1629335503768727	-1.3457901782333939	PXD044523_Zenodo_author_processed_RNA_protein	micro_pilot_processing_20260730:v1.0.0	MOFA2_unsupervised_gaussian_two_view
CEA	2.38875503188123	-0.04552789281739545	0.25219018382540653	-1.7268064713195879	-1.3435678270912805	PXD044523_Zenodo_author_processed_RNA_protein	micro_pilot_processing_20260730:v1.0.0	MOFA2_unsupervised_gaussian_two_view
CEB	1.5391888450256626	-2.827784103618993	0.851172301318633	-0.7526272931772051	-1.8994291280042797	PXD044523_Zenodo_author_processed_RNA_protein	micro_pilot_processing_20260730:v1.0.0	MOFA2_unsupervised_gaussian_two_view
CEC	1.281893975230275	2.119424675787312	2.4170945871947525	-1.0214679139469933	-1.5403788116841315	PXD044523_Zenodo_author_processed_RNA_protein	micro_pilot_processing_20260730:v1.0.0	MOFA2_unsupervised_gaussian_two_view
CED	1.4057294232289355	-0.34780606725872126	0.6816226700977985	-1.6698062748353355	-0.9700940028804829	PXD044523_Zenodo_author_processed_RNA_protein	micro_pilot_processing_20260730:v1.0.0	MOFA2_unsupervised_gaussian_two_view
CEF	1.7487359182225637	1.2031031091047646	1.245974348645731	-1.393058382205768	-1.4519831585573661	PXD044523_Zenodo_author_processed_RNA_protein	micro_pilot_processing_20260730:v1.0.0	MOFA2_unsupervised_gaussian_two_view
CEG	-2.860002854493598	-0.4614067578851241	1.9639294832435048	-0.6582167457393481	-0.6757319713042598	PXD044523_Zenodo_author_processed_RNA_protein	micro_pilot_processing_20260730:v1.0.0	MOFA2_unsupervised_gaussian_two_view
CEH	-2.9268448636644693	1.8348942013127576	1.981191831498467	-1.075592560955592	-0.249186588315615	PXD044523_Zenodo_author_processed_RNA_protein	micro_pilot_processing_20260730:v1.0.0	MOFA2_unsupervised_gaussian_two_view
CEI	-2.2706699390543656	1.6192272746511012	0.8162086646934791	-0.6250241002376775	-0.49797829061215687	PXD044523_Zenodo_author_processed_RNA_protein	micro_pilot_processing_20260730:v1.0.0	MOFA2_unsupervised_gaussian_two_view
CEK	-2.788490032704941	-0.8446436352539605	-1.1285185830279674	-0.8032250167885673	-0.5471816815766274	PXD044523_Zenodo_author_processed_RNA_protein	micro_pilot_processing_20260730:v1.0.0	MOFA2_unsupervised_gaussian_two_view
CEL	-2.6448520238662057	1.3410343483712546	0.012785105262185178	-0.3064360512226656	-0.8969106498133145	PXD044523_Zenodo_author_processed_RNA_protein	micro_pilot_processing_20260730:v1.0.0	MOFA2_unsupervised_gaussian_two_view
CEM	0.8187605336117835	-1.1722133094345646	2.0560833993473677	2.6011671941296433	-0.40816387866818826	PXD044523_Zenodo_author_processed_RNA_protein	micro_pilot_processing_20260730:v1.0.0	MOFA2_unsupervised_gaussian_two_view
CEN	0.915880520525144	-1.706390945852834	-0.4158522251314237	1.8040456801110323	-3.63055098673298	PXD044523_Zenodo_author_processed_RNA_protein	micro_pilot_processing_20260730:v1.0.0	MOFA2_unsupervised_gaussian_two_view
CEP	-4.262976129957259	-1.4436816545168631	2.22855551119317	0.7877790014178943	-1.377390871243527	PXD044523_Zenodo_author_processed_RNA_protein	micro_pilot_processing_20260730:v1.0.0	MOFA2_unsupervised_gaussian_two_view
CEQ	0.5596139714670818	1.8848818453760166	0.5530527759293391	2.035144133632605	0.2696412097575682	PXD044523_Zenodo_author_processed_RNA_protein	micro_pilot_processing_20260730:v1.0.0	MOFA2_unsupervised_gaussian_two_view
CET	-2.8209294394034203	-3.3275432144160995	0.10385421333039492	-1.1353963444907027	-0.2088645805917558	PXD044523_Zenodo_author_processed_RNA_protein	micro_pilot_processing_20260730:v1.0.0	MOFA2_unsupervised_gaussian_two_view
CEV	-3.2319999286233903	-1.739205860671066	0.6884057102237693	-0.7033076613002102	-0.46589868782415683	PXD044523_Zenodo_author_processed_RNA_protein	micro_pilot_processing_20260730:v1.0.0	MOFA2_unsupervised_gaussian_two_view
CFA	0.3130325966617663	0.7829068940252416	0.9214556673910783	1.4106164700438308	-2.505073319385836	PXD044523_Zenodo_author_processed_RNA_protein	micro_pilot_processing_20260730:v1.0.0	MOFA2_unsupervised_gaussian_two_view
CFB	2.0544910931125733	-1.957502753341288	0.49475956704700186	0.44736815158525034	1.3149490629861302	PXD044523_Zenodo_author_processed_RNA_protein	micro_pilot_processing_20260730:v1.0.0	MOFA2_unsupervised_gaussian_two_view
CFE	2.2246415436091316	-1.7020266420531618	0.9097184243658266	0.19366013280336733	2.1818586535936144	PXD044523_Zenodo_author_processed_RNA_protein	micro_pilot_processing_20260730:v1.0.0	MOFA2_unsupervised_gaussian_two_view
CFF	0.5403152246183887	2.0471206074230466	0.5089533038002997	0.44957734858463994	-2.420251269656972	PXD044523_Zenodo_author_processed_RNA_protein	micro_pilot_processing_20260730:v1.0.0	MOFA2_unsupervised_gaussian_two_view
CFH	0.6219597707297586	-0.8673383344059562	-1.3643897329506154	0.49855206359885457	-2.544036522834448	PXD044523_Zenodo_author_processed_RNA_protein	micro_pilot_processing_20260730:v1.0.0	MOFA2_unsupervised_gaussian_two_view
CFI	0.7073828541638323	2.4280241732778216	-2.3566025557369765	2.5445098688047834	-0.0521040008375349	PXD044523_Zenodo_author_processed_RNA_protein	micro_pilot_processing_20260730:v1.0.0	MOFA2_unsupervised_gaussian_two_view
CFM	-3.381664078927434	-2.491373791593364	-1.755924261276904	-0.1920943030400409	-0.7654297601518952	PXD044523_Zenodo_author_processed_RNA_protein	micro_pilot_processing_20260730:v1.0.0	MOFA2_unsupervised_gaussian_two_view
CFN	0.7811414191710313	0.9645891463530119	-2.525473652457956	1.7590062925817342	-0.04322609407611219	PXD044523_Zenodo_author_processed_RNA_protein	micro_pilot_processing_20260730:v1.0.0	MOFA2_unsupervised_gaussian_two_view
CFP	0.198683218817701	3.296822743374405	-3.065243567141885	2.8794921890679332	-0.729990587576105	PXD044523_Zenodo_author_processed_RNA_protein	micro_pilot_processing_20260730:v1.0.0	MOFA2_unsupervised_gaussian_two_view
CFQ	2.3147852201452275	-1.0364018535833621	-1.3057375058069958	-2.109028874615446	-0.8863100243117561	PXD044523_Zenodo_author_processed_RNA_protein	micro_pilot_processing_20260730:v1.0.0	MOFA2_unsupervised_gaussian_two_view
CFR	-0.6151858069563497	0.498090739963366	0.5413886812571531	-1.5988046137228547	3.2812576047552957	PXD044523_Zenodo_author_processed_RNA_protein	micro_pilot_processing_20260730:v1.0.0	MOFA2_unsupervised_gaussian_two_view
CFT	1.8794080032455296	-1.8796519791466166	-2.06498466795842	0.7777427676398074	0.753328060286376	PXD044523_Zenodo_author_processed_RNA_protein	micro_pilot_processing_20260730:v1.0.0	MOFA2_unsupervised_gaussian_two_view
CFV	2.428652849981378	-0.7245931735726324	-0.7353478115865316	-2.199047982658945	-0.93666028934277	PXD044523_Zenodo_author_processed_RNA_protein	micro_pilot_processing_20260730:v1.0.0	MOFA2_unsupervised_gaussian_two_view
CGB	1.026778783081099	2.5314869282340453	1.1503980521531472	-0.3057201107969005	-1.9459904015050502	PXD044523_Zenodo_author_processed_RNA_protein	micro_pilot_processing_20260730:v1.0.0	MOFA2_unsupervised_gaussian_two_view
CGC	0.28463701698211813	1.1824675615643605	-1.1537474136152923	0.5839913257423116	-2.3837244138573337	PXD044523_Zenodo_author_processed_RNA_protein	micro_pilot_processing_20260730:v1.0.0	MOFA2_unsupervised_gaussian_two_view
CGD	1.6077299743881355	2.215760777294505	-0.46875739703107644	-0.5310622042628679	-1.941388272986085	PXD044523_Zenodo_author_processed_RNA_protein	micro_pilot_processing_20260730:v1.0.0	MOFA2_unsupervised_gaussian_two_view
CGE	1.4208674458811046	0.9010096779137948	-0.36266773857566353	-0.48604313691854395	-1.8666562792448713	PXD044523_Zenodo_author_processed_RNA_protein	micro_pilot_processing_20260730:v1.0.0	MOFA2_unsupervised_gaussian_two_view
CGG	-3.4823389464968755	3.9318094517201905	1.2857688680020718	1.5299569442675964	1.5047301531682313	PXD044523_Zenodo_author_processed_RNA_protein	micro_pilot_processing_20260730:v1.0.0	MOFA2_unsupervised_gaussian_two_view
CGH	-3.089716060228457	-0.25113565710328434	1.6510991328726956	0.235269295708879	-1.1270981294533642	PXD044523_Zenodo_author_processed_RNA_protein	micro_pilot_processing_20260730:v1.0.0	MOFA2_unsupervised_gaussian_two_view
CGI	-0.20381580637385613	1.939793989491348	1.1341808143888084	2.514530918686722	-3.876079836664449	PXD044523_Zenodo_author_processed_RNA_protein	micro_pilot_processing_20260730:v1.0.0	MOFA2_unsupervised_gaussian_two_view
CGK	-2.3126070438974975	1.1336990544839995	-1.4066658002971282	-0.6254755992343255	-0.41528917309553853	PXD044523_Zenodo_author_processed_RNA_protein	micro_pilot_processing_20260730:v1.0.0	MOFA2_unsupervised_gaussian_two_view
CGL	-3.905876350412785	-1.478753624207277	1.740215798679585	0.3500874564375298	-0.9932732133562329	PXD044523_Zenodo_author_processed_RNA_protein	micro_pilot_processing_20260730:v1.0.0	MOFA2_unsupervised_gaussian_two_view
CGN	0.13855898660889274	3.1552136739823293	1.753317960275507	4.0120520243131725	-1.6369689857143568	PXD044523_Zenodo_author_processed_RNA_protein	micro_pilot_processing_20260730:v1.0.0	MOFA2_unsupervised_gaussian_two_view
CGP	-0.08086300350490808	0.4605574966024291	1.9381909502439807	4.174734550783293	-1.6227701437027076	PXD044523_Zenodo_author_processed_RNA_protein	micro_pilot_processing_20260730:v1.0.0	MOFA2_unsupervised_gaussian_two_view
CGQ	-2.6300583886003635	-0.21600412252902285	-2.001680495536309	-1.2075713369349201	-0.25193702591573336	PXD044523_Zenodo_author_processed_RNA_protein	micro_pilot_processing_20260730:v1.0.0	MOFA2_unsupervised_gaussian_two_view
CGR	-3.4945463760043385	2.9024968316207325	0.3490597308577853	-0.21080528998754886	-0.7746710610699407	PXD044523_Zenodo_author_processed_RNA_protein	micro_pilot_processing_20260730:v1.0.0	MOFA2_unsupervised_gaussian_two_view
CGS	2.1474190142587863	-1.4531835416711147	0.9598413348447367	1.1028423123166475	2.7955979726838005	PXD044523_Zenodo_author_processed_RNA_protein	micro_pilot_processing_20260730:v1.0.0	MOFA2_unsupervised_gaussian_two_view
CGT	1.4355295672166124	1.6077842070710495	0.6774772313049825	0.4632949770294007	1.2569336350303077	PXD044523_Zenodo_author_processed_RNA_protein	micro_pilot_processing_20260730:v1.0.0	MOFA2_unsupervised_gaussian_two_view
CGV	1.5111031836482725	-0.6054116504239532	1.4281817396439875	0.20839625051340183	1.3288792306529928	PXD044523_Zenodo_author_processed_RNA_protein	micro_pilot_processing_20260730:v1.0.0	MOFA2_unsupervised_gaussian_two_view
CHA	2.2228450548108016	1.8310634930152532	-0.00488588542590464	-0.45322611835033993	1.6655026789074765	PXD044523_Zenodo_author_processed_RNA_protein	micro_pilot_processing_20260730:v1.0.0	MOFA2_unsupervised_gaussian_two_view
CHB	1.7073670207523026	1.9888607372246592	-0.28879775231752264	-1.4413300741755828	-1.2419740002847592	PXD044523_Zenodo_author_processed_RNA_protein	micro_pilot_processing_20260730:v1.0.0	MOFA2_unsupervised_gaussian_two_view
CHC	1.0788650406754348	-2.5204924021653117	4.297531683909976	0.816162484525841	0.2144650383059427	PXD044523_Zenodo_author_processed_RNA_protein	micro_pilot_processing_20260730:v1.0.0	MOFA2_unsupervised_gaussian_two_view
CHD	1.721970099053679	1.8777412127654731	1.2998671150860774	0.4677643050708969	0.9674802290759924	PXD044523_Zenodo_author_processed_RNA_protein	micro_pilot_processing_20260730:v1.0.0	MOFA2_unsupervised_gaussian_two_view
CHE	1.8430488343981766	0.9204269933938423	0.35279524245567756	-1.564528312111571	-1.2243017861096541	PXD044523_Zenodo_author_processed_RNA_protein	micro_pilot_processing_20260730:v1.0.0	MOFA2_unsupervised_gaussian_two_view
CHF	1.6234399369842045	-2.019960563409225	2.5367372182422123	-1.0892730648937663	-1.3519407443457663	PXD044523_Zenodo_author_processed_RNA_protein	micro_pilot_processing_20260730:v1.0.0	MOFA2_unsupervised_gaussian_two_view
CHG	0.515016251645357	1.3251648302657597	-1.1786645235995785	3.350790985329183	-0.08135443593440587	PXD044523_Zenodo_author_processed_RNA_protein	micro_pilot_processing_20260730:v1.0.0	MOFA2_unsupervised_gaussian_two_view
CHH	0.5468974101105001	-1.37925230690173	-2.9844339294487643	0.8811396289378676	-2.087930590010266	PXD044523_Zenodo_author_processed_RNA_protein	micro_pilot_processing_20260730:v1.0.0	MOFA2_unsupervised_gaussian_two_view
CHI	0.42662600286084384	-0.5403946165161968	-3.401548447767329	2.698437784856013	-0.42848585245229576	PXD044523_Zenodo_author_processed_RNA_protein	micro_pilot_processing_20260730:v1.0.0	MOFA2_unsupervised_gaussian_two_view
CHL	0.44777290034203737	-0.9762854760858675	-2.8583226851129497	1.4362314295663854	-3.0143114581380757	PXD044523_Zenodo_author_processed_RNA_protein	micro_pilot_processing_20260730:v1.0.0	MOFA2_unsupervised_gaussian_two_view
CHM	-1.8259216154176676	0.09608486384806486	-1.8227905691667132	-0.5042015388800882	-0.7821234295532844	PXD044523_Zenodo_author_processed_RNA_protein	micro_pilot_processing_20260730:v1.0.0	MOFA2_unsupervised_gaussian_two_view
CHR	0.48485780854059846	-1.0577450356625895	-1.3414214461133644	1.658802016413508	-0.0547689405613078	PXD044523_Zenodo_author_processed_RNA_protein	micro_pilot_processing_20260730:v1.0.0	MOFA2_unsupervised_gaussian_two_view
CHS	0.5146687316696498	1.7621331292986573	0.9052668826678343	3.130494433415005	-0.4014129081871387	PXD044523_Zenodo_author_processed_RNA_protein	micro_pilot_processing_20260730:v1.0.0	MOFA2_unsupervised_gaussian_two_view
CHT	0.38060953006894144	2.6167448685900894	1.6041023452536232	3.097567264084575	-0.6088464589843394	PXD044523_Zenodo_author_processed_RNA_protein	micro_pilot_processing_20260730:v1.0.0	MOFA2_unsupervised_gaussian_two_view
CHV	0.5975593939988111	-3.2842071108081385	-0.4672453672624682	1.5226912942114736	-3.2617286194797934	PXD044523_Zenodo_author_processed_RNA_protein	micro_pilot_processing_20260730:v1.0.0	MOFA2_unsupervised_gaussian_two_view
CIC	0.2193642822356469	-0.43321475631148076	2.721095776540083	3.3072534578343786	-0.014353814494015123	PXD044523_Zenodo_author_processed_RNA_protein	micro_pilot_processing_20260730:v1.0.0	MOFA2_unsupervised_gaussian_two_view
CID	1.110052365617696	0.5898653799501354	-1.508265552228532	0.544731716666355	-2.204547513880835	PXD044523_Zenodo_author_processed_RNA_protein	micro_pilot_processing_20260730:v1.0.0	MOFA2_unsupervised_gaussian_two_view
CIE	1.7026665726536239	-2.2803629873638624	-2.761142361616354	1.898268023887612	0.49676547354223166	PXD044523_Zenodo_author_processed_RNA_protein	micro_pilot_processing_20260730:v1.0.0	MOFA2_unsupervised_gaussian_two_view
CIF	-0.29526291626114376	-1.2930547126320056	1.845940097349518	2.432827032237292	-3.7055027318979494	PXD044523_Zenodo_author_processed_RNA_protein	micro_pilot_processing_20260730:v1.0.0	MOFA2_unsupervised_gaussian_two_view
CIG	0.8891625320923415	1.7113358942737953	0.7664623542098631	1.8528001540879038	0.33592272268681694	PXD044523_Zenodo_author_processed_RNA_protein	micro_pilot_processing_20260730:v1.0.0	MOFA2_unsupervised_gaussian_two_view
CIH	-3.163428947880516	-1.363810570675335	0.12252888451117981	-0.5432304426768056	-0.41950438122346334	PXD044523_Zenodo_author_processed_RNA_protein	micro_pilot_processing_20260730:v1.0.0	MOFA2_unsupervised_gaussian_two_view
CII	0.3161452295567223	-1.476543610965106	1.3978989648687647	2.6125112549054617	-0.8121283207519457	PXD044523_Zenodo_author_processed_RNA_protein	micro_pilot_processing_20260730:v1.0.0	MOFA2_unsupervised_gaussian_two_view
CIK	0.06505606167124565	-1.130265487397817	0.5796330026395038	1.4741799367133084	-3.0894777361107653	PXD044523_Zenodo_author_processed_RNA_protein	micro_pilot_processing_20260730:v1.0.0	MOFA2_unsupervised_gaussian_two_view
CIL	1.1963551691661525	1.9200191987973398	-0.47844431304516255	1.7741648750250059	0.8452842049907601	PXD044523_Zenodo_author_processed_RNA_protein	micro_pilot_processing_20260730:v1.0.0	MOFA2_unsupervised_gaussian_two_view
CIM	2.9982993122929744	-0.10447688607204257	1.7543130679207433	0.20405716304359137	1.3739984268458096	PXD044523_Zenodo_author_processed_RNA_protein	micro_pilot_processing_20260730:v1.0.0	MOFA2_unsupervised_gaussian_two_view
CIN	1.1042173415997292	-1.7982310197066533	-0.24890823947734908	1.3491969045992982	0.46486454818602396	PXD044523_Zenodo_author_processed_RNA_protein	micro_pilot_processing_20260730:v1.0.0	MOFA2_unsupervised_gaussian_two_view
CIP	2.6848373040139153	-2.740348664726858	1.3693108739707756	0.6742563170850191	1.8301344859937676	PXD044523_Zenodo_author_processed_RNA_protein	micro_pilot_processing_20260730:v1.0.0	MOFA2_unsupervised_gaussian_two_view
CIR	3.1976750685684894	-1.4411692059116408	1.1755903435996926	0.5619598728496913	1.9219267960223465	PXD044523_Zenodo_author_processed_RNA_protein	micro_pilot_processing_20260730:v1.0.0	MOFA2_unsupervised_gaussian_two_view
CIS	3.063940097759457	-0.9586873885178122	1.4268651662156508	0.6108167332421428	1.8756407543608344	PXD044523_Zenodo_author_processed_RNA_protein	micro_pilot_processing_20260730:v1.0.0	MOFA2_unsupervised_gaussian_two_view
CIT	3.3199824708358063	-0.8034707562635264	1.116836231332499	0.29006369093825285	1.8161107230534808	PXD044523_Zenodo_author_processed_RNA_protein	micro_pilot_processing_20260730:v1.0.0	MOFA2_unsupervised_gaussian_two_view
CKA	-3.2963754736610826	-1.69252510865202	2.701352272920736	1.2507860046689092	1.7879053174004296	PXD044523_Zenodo_author_processed_RNA_protein	micro_pilot_processing_20260730:v1.0.0	MOFA2_unsupervised_gaussian_two_view
CKB	2.7448119907709643	-0.10050325930028496	1.6069276629665226	0.11377579203162934	1.7493668887669998	PXD044523_Zenodo_author_processed_RNA_protein	micro_pilot_processing_20260730:v1.0.0	MOFA2_unsupervised_gaussian_two_view
CKC	3.204070514974891	-2.101764861887738	0.9665220071535522	0.16251151878500047	2.00272938104778	PXD044523_Zenodo_author_processed_RNA_protein	micro_pilot_processing_20260730:v1.0.0	MOFA2_unsupervised_gaussian_two_view
CKD	3.2343757818040335	-1.5737948651084577	0.639008350021697	0.6148684207883627	1.9767632727575633	PXD044523_Zenodo_author_processed_RNA_protein	micro_pilot_processing_20260730:v1.0.0	MOFA2_unsupervised_gaussian_two_view
CKE	3.167856039628189	-1.0148399448482532	1.2793986427934274	0.42516559702307255	2.0658419011920865	PXD044523_Zenodo_author_processed_RNA_protein	micro_pilot_processing_20260730:v1.0.0	MOFA2_unsupervised_gaussian_two_view
CKF	3.0119510909705673	-1.5906423029542816	1.316766377539774	0.5379786078994436	2.0379132791893464	PXD044523_Zenodo_author_processed_RNA_protein	micro_pilot_processing_20260730:v1.0.0	MOFA2_unsupervised_gaussian_two_view
CKG	3.1484986421124583	-1.3559768534402117	0.8423818971201323	0.25055023302022067	1.927759254452439	PXD044523_Zenodo_author_processed_RNA_protein	micro_pilot_processing_20260730:v1.0.0	MOFA2_unsupervised_gaussian_two_view
CKH	3.1311849760305104	-1.5230334226424664	0.30749612429738193	0.04477239461299179	2.0455278636638687	PXD044523_Zenodo_author_processed_RNA_protein	micro_pilot_processing_20260730:v1.0.0	MOFA2_unsupervised_gaussian_two_view
CKI	3.1321404964376223	-1.303222364415731	0.7948190752064931	0.09206625148239139	1.9394979162750854	PXD044523_Zenodo_author_processed_RNA_protein	micro_pilot_processing_20260730:v1.0.0	MOFA2_unsupervised_gaussian_two_view
CKK	0.32545768194216557	3.6070911965721093	-2.5897542158102564	1.5645120585270502	-0.4175519636636825	PXD044523_Zenodo_author_processed_RNA_protein	micro_pilot_processing_20260730:v1.0.0	MOFA2_unsupervised_gaussian_two_view
CKL	3.1906132433598255	-1.0110251862678377	0.7678470463927886	-0.04804479648003748	1.9108645294553328	PXD044523_Zenodo_author_processed_RNA_protein	micro_pilot_processing_20260730:v1.0.0	MOFA2_unsupervised_gaussian_two_view
CKN	0.7685584094746828	2.3826671595055284	0.14712402530732469	1.6447424058819125	-0.6112606804857211	PXD044523_Zenodo_author_processed_RNA_protein	micro_pilot_processing_20260730:v1.0.0	MOFA2_unsupervised_gaussian_two_view
CKP	3.2106031049370185	-1.4202904738514717	1.132097498950027	0.45294698524147303	1.8785510252059763	PXD044523_Zenodo_author_processed_RNA_protein	micro_pilot_processing_20260730:v1.0.0	MOFA2_unsupervised_gaussian_two_view
CKQ	3.0316913451047376	-1.513691804055573	1.0220173426325692	0.34741332581664813	1.8593783823344563	PXD044523_Zenodo_author_processed_RNA_protein	micro_pilot_processing_20260730:v1.0.0	MOFA2_unsupervised_gaussian_two_view
CKR	-3.02301396062279	-0.6175878766795628	1.4886355931533335	-0.3866877906234117	-0.8366078771026446	PXD044523_Zenodo_author_processed_RNA_protein	micro_pilot_processing_20260730:v1.0.0	MOFA2_unsupervised_gaussian_two_view
CKS	0.6597238637748639	2.8949725771395696	-2.6602655738108547	2.348930355400459	-0.4793930777012945	PXD044523_Zenodo_author_processed_RNA_protein	micro_pilot_processing_20260730:v1.0.0	MOFA2_unsupervised_gaussian_two_view
CKT	3.1269345156779242	-1.4807632461160254	1.2529613719742059	-0.11405710328568555	1.815909289897496	PXD044523_Zenodo_author_processed_RNA_protein	micro_pilot_processing_20260730:v1.0.0	MOFA2_unsupervised_gaussian_two_view
CKV	-1.7142485621495525	-0.510820585803155	-1.9105584839185352	-2.7294787437055343	0.72561260775852	PXD044523_Zenodo_author_processed_RNA_protein	micro_pilot_processing_20260730:v1.0.0	MOFA2_unsupervised_gaussian_two_view
CLA	0.5201173535770545	2.958836614409743	-3.4794674570079502	2.4531123208987404	-0.7233465180558951	PXD044523_Zenodo_author_processed_RNA_protein	micro_pilot_processing_20260730:v1.0.0	MOFA2_unsupervised_gaussian_two_view
CLB	-2.937404004709841	-0.1035834557173968	2.638429953296283	-1.2126436202103845	-0.21877005584377393	PXD044523_Zenodo_author_processed_RNA_protein	micro_pilot_processing_20260730:v1.0.0	MOFA2_unsupervised_gaussian_two_view
CLC	-2.923121572768368	0.4242412596952652	2.5885319868497514	-1.041268663090261	-0.21196444510406112	PXD044523_Zenodo_author_processed_RNA_protein	micro_pilot_processing_20260730:v1.0.0	MOFA2_unsupervised_gaussian_two_view
CLD	-2.623692006884978	-1.437781999234791	1.5839953113390781	-1.6204454989025603	0.041636127951930946	PXD044523_Zenodo_author_processed_RNA_protein	micro_pilot_processing_20260730:v1.0.0	MOFA2_unsupervised_gaussian_two_view
CLG	0.24400123563345213	-0.21647256975938603	1.4832685601434206	3.016294253267099	-0.7342193260221875	PXD044523_Zenodo_author_processed_RNA_protein	micro_pilot_processing_20260730:v1.0.0	MOFA2_unsupervised_gaussian_two_view
CLH	2.2207877652681467	-3.547798697353848	-1.7506493128665654	-0.00764022564155871	1.045187192732372	PXD044523_Zenodo_author_processed_RNA_protein	micro_pilot_processing_20260730:v1.0.0	MOFA2_unsupervised_gaussian_two_view
CLI	-1.8033446889822415	-1.5190318050795595	0.749042539299614	0.19788772863117468	-1.5618345871849018	PXD044523_Zenodo_author_processed_RNA_protein	micro_pilot_processing_20260730:v1.0.0	MOFA2_unsupervised_gaussian_two_view
CLK	-2.508755979088009	-0.2286577156850114	-2.2861302140873767	-1.4707353138746522	-0.07170274988287371	PXD044523_Zenodo_author_processed_RNA_protein	micro_pilot_processing_20260730:v1.0.0	MOFA2_unsupervised_gaussian_two_view
CLL	-2.989412051851165	-0.29153512133054327	-0.34689072435344614	-0.9914752528511642	-0.29918697970236297	PXD044523_Zenodo_author_processed_RNA_protein	micro_pilot_processing_20260730:v1.0.0	MOFA2_unsupervised_gaussian_two_view
CLN	-2.93356239578492	-2.552318390679599	-2.7375582212730443	-0.8639431814041024	-0.44080548782981727	PXD044523_Zenodo_author_processed_RNA_protein	micro_pilot_processing_20260730:v1.0.0	MOFA2_unsupervised_gaussian_two_view
CLP	-2.884193961064144	-0.4874048681024297	-0.9525398054202635	-1.1202664920632697	-0.21314949709403222	PXD044523_Zenodo_author_processed_RNA_protein	micro_pilot_processing_20260730:v1.0.0	MOFA2_unsupervised_gaussian_two_view
CLQ	-2.7559154492720515	0.3335721055215775	-3.6592778131282415	-1.2447939499310632	-0.07349111816493796	PXD044523_Zenodo_author_processed_RNA_protein	micro_pilot_processing_20260730:v1.0.0	MOFA2_unsupervised_gaussian_two_view
CLR	-3.047258427484838	1.416567761836828	-0.5164623486149755	-0.9126883579049034	-0.33532444412873064	PXD044523_Zenodo_author_processed_RNA_protein	micro_pilot_processing_20260730:v1.0.0	MOFA2_unsupervised_gaussian_two_view
CLS	-3.749586163583071	-0.8432668651179611	3.066936613573879	0.003731356871295146	-0.9227913534575357	PXD044523_Zenodo_author_processed_RNA_protein	micro_pilot_processing_20260730:v1.0.0	MOFA2_unsupervised_gaussian_two_view
CLT	-2.9180751937969225	-0.14286055258111313	-0.5864114308289763	-0.8701605029594077	-0.44014219569374036	PXD044523_Zenodo_author_processed_RNA_protein	micro_pilot_processing_20260730:v1.0.0	MOFA2_unsupervised_gaussian_two_view
CLV	-2.6271743641418817	-1.3275310383904613	-2.36493324440143	-1.513442594842464	0.000383466299957516	PXD044523_Zenodo_author_processed_RNA_protein	micro_pilot_processing_20260730:v1.0.0	MOFA2_unsupervised_gaussian_two_view
CMB	-2.8310981481904434	-2.0029180386995558	-0.9666270362763254	-1.1824221551404623	-0.08258145005025933	PXD044523_Zenodo_author_processed_RNA_protein	micro_pilot_processing_20260730:v1.0.0	MOFA2_unsupervised_gaussian_two_view
CMC	-2.5704019179501905	-0.1589780561667187	-1.774617719300008	-1.1798077840902612	-0.24216163737858165	PXD044523_Zenodo_author_processed_RNA_protein	micro_pilot_processing_20260730:v1.0.0	MOFA2_unsupervised_gaussian_two_view
CMD	-2.139633975303138	-1.6162417209563027	-1.4315453318973903	-0.711638594669983	-0.64365009825643	PXD044523_Zenodo_author_processed_RNA_protein	micro_pilot_processing_20260730:v1.0.0	MOFA2_unsupervised_gaussian_two_view
CME	-1.5067266918118762	-0.30627924001229134	-0.47220433192105055	0.02915081510123053	-0.4070151661738086	PXD044523_Zenodo_author_processed_RNA_protein	micro_pilot_processing_20260730:v1.0.0	MOFA2_unsupervised_gaussian_two_view
CMF	-3.063074448683096	-1.0944583343963996	-0.6282283994557186	-0.9735257190292692	-0.34884289714882516	PXD044523_Zenodo_author_processed_RNA_protein	micro_pilot_processing_20260730:v1.0.0	MOFA2_unsupervised_gaussian_two_view
CMG	0.4451655771451494	0.07982975222586379	-0.9780591934669132	2.3972973260876014	-0.035507188638820235	PXD044523_Zenodo_author_processed_RNA_protein	micro_pilot_processing_20260730:v1.0.0	MOFA2_unsupervised_gaussian_two_view
CMH	-3.326729120326057	-0.15841956335700128	-0.2995523140602805	0.2298131560812938	-0.9167521238346853	PXD044523_Zenodo_author_processed_RNA_protein	micro_pilot_processing_20260730:v1.0.0	MOFA2_unsupervised_gaussian_two_view
CMI	-3.188734696397602	1.5411788678504488	0.31745772389100435	-0.7488948710027116	-0.33033577489787413	PXD044523_Zenodo_author_processed_RNA_protein	micro_pilot_processing_20260730:v1.0.0	MOFA2_unsupervised_gaussian_two_view
CML	-2.565278937037128	-2.140377320076976	-1.679867128092186	-1.2956192279279584	-0.17258454695593037	PXD044523_Zenodo_author_processed_RNA_protein	micro_pilot_processing_20260730:v1.0.0	MOFA2_unsupervised_gaussian_two_view
CMM	-2.809507502414584	-2.0171549214792357	-2.1073463126193626	-1.2366556518757716	-0.2206604821212524	PXD044523_Zenodo_author_processed_RNA_protein	micro_pilot_processing_20260730:v1.0.0	MOFA2_unsupervised_gaussian_two_view
CMN	-3.0774469461020484	-2.7451341556273436	-2.853706881044154	-0.9030227638706235	-0.38488213950302275	PXD044523_Zenodo_author_processed_RNA_protein	micro_pilot_processing_20260730:v1.0.0	MOFA2_unsupervised_gaussian_two_view
CMP	-3.169677451495741	1.189834311086601	1.2261200879790974	-0.5986386697828534	-0.5919756611007447	PXD044523_Zenodo_author_processed_RNA_protein	micro_pilot_processing_20260730:v1.0.0	MOFA2_unsupervised_gaussian_two_view
CMQ	-3.2495510841300748	1.0170287463877434	1.6506833003218686	-0.6540863954854343	-0.5092362468495357	PXD044523_Zenodo_author_processed_RNA_protein	micro_pilot_processing_20260730:v1.0.0	MOFA2_unsupervised_gaussian_two_view
CMS	-2.7370404873052068	1.7634324751952255	2.16894104096289	-1.0528710508128716	-0.21941716967380387	PXD044523_Zenodo_author_processed_RNA_protein	micro_pilot_processing_20260730:v1.0.0	MOFA2_unsupervised_gaussian_two_view
CMT	1.250299914159034	-3.0622104463991215	0.4505044032339926	2.1765860004768345	0.34857015078928677	PXD044523_Zenodo_author_processed_RNA_protein	micro_pilot_processing_20260730:v1.0.0	MOFA2_unsupervised_gaussian_two_view
CNB	0.9207678448759636	3.3326235855448365	0.06702554468751853	2.130244886868351	0.9369252596076263	PXD044523_Zenodo_author_processed_RNA_protein	micro_pilot_processing_20260730:v1.0.0	MOFA2_unsupervised_gaussian_two_view
CNC	0.9630794668298193	2.0251757465930598	0.45006890355748197	2.5434917092217066	-0.16748548176950806	PXD044523_Zenodo_author_processed_RNA_protein	micro_pilot_processing_20260730:v1.0.0	MOFA2_unsupervised_gaussian_two_view
CNE	1.1050688592061195	2.9994567373296745	0.06870531210100707	2.3900368476927465	0.8918221487231549	PXD044523_Zenodo_author_processed_RNA_protein	micro_pilot_processing_20260730:v1.0.0	MOFA2_unsupervised_gaussian_two_view
CNF	0.8594922342909975	3.4948341489328603	0.17636197361937744	2.2645732183922913	0.987740027838827	PXD044523_Zenodo_author_processed_RNA_protein	micro_pilot_processing_20260730:v1.0.0	MOFA2_unsupervised_gaussian_two_view
CNG	1.5145591275707957	-2.4464191520659844	-0.162170351493678	2.0760331950084048	0.28337203789541887	PXD044523_Zenodo_author_processed_RNA_protein	micro_pilot_processing_20260730:v1.0.0	MOFA2_unsupervised_gaussian_two_view
CNH	0.5066301340285356	0.02874588450967465	0.4746624660882209	1.9485764288322247	2.013438324104093	PXD044523_Zenodo_author_processed_RNA_protein	micro_pilot_processing_20260730:v1.0.0	MOFA2_unsupervised_gaussian_two_view
CNI	0.8706471418127881	0.9420999652217604	-1.1636393996797691	2.7586998019401947	0.8064114609818729	PXD044523_Zenodo_author_processed_RNA_protein	micro_pilot_processing_20260730:v1.0.0	MOFA2_unsupervised_gaussian_two_view
CNK	1.3653998444652726	0.9870754034622691	0.3784801435626818	2.1320425452614695	0.13520572739358125	PXD044523_Zenodo_author_processed_RNA_protein	micro_pilot_processing_20260730:v1.0.0	MOFA2_unsupervised_gaussian_two_view
CNL	0.7324389899045232	2.777384180035759	0.8370093213426693	2.2802693393932953	0.5954905411397161	PXD044523_Zenodo_author_processed_RNA_protein	micro_pilot_processing_20260730:v1.0.0	MOFA2_unsupervised_gaussian_two_view
CNM	0.9992523550972244	2.9556566278105123	-1.3954132559548889	1.9231784353165438	0.9938609494032062	PXD044523_Zenodo_author_processed_RNA_protein	micro_pilot_processing_20260730:v1.0.0	MOFA2_unsupervised_gaussian_two_view
CNN	0.84470378951032	2.666452707260132	0.43311525047272253	2.231988520711865	0.6466136641824892	PXD044523_Zenodo_author_processed_RNA_protein	micro_pilot_processing_20260730:v1.0.0	MOFA2_unsupervised_gaussian_two_view
CNP	1.3181145029678947	0.34672333464995486	-0.9462165141773917	1.5713675997848378	0.7808334428054352	PXD044523_Zenodo_author_processed_RNA_protein	micro_pilot_processing_20260730:v1.0.0	MOFA2_unsupervised_gaussian_two_view
CNQ	1.0385595006140114	2.669489612498742	1.3860849694116268	2.21443890192976	0.6626278051906487	PXD044523_Zenodo_author_processed_RNA_protein	micro_pilot_processing_20260730:v1.0.0	MOFA2_unsupervised_gaussian_two_view
CNR	1.3556479243743216	2.4080880989555262	-1.7506142411257863	1.6930459553828034	1.1106416217553006	PXD044523_Zenodo_author_processed_RNA_protein	micro_pilot_processing_20260730:v1.0.0	MOFA2_unsupervised_gaussian_two_view
CNS	0.9735306849413103	1.7601640689990141	0.23887844656189186	2.525041850664352	0.8507418713746954	PXD044523_Zenodo_author_processed_RNA_protein	micro_pilot_processing_20260730:v1.0.0	MOFA2_unsupervised_gaussian_two_view
CNT	0.8267291082055913	3.4315521072218633	0.17700912742486438	2.285092182434558	1.1178690853208875	PXD044523_Zenodo_author_processed_RNA_protein	micro_pilot_processing_20260730:v1.0.0	MOFA2_unsupervised_gaussian_two_view
CNV	1.233227025598618	-2.024858111906727	0.43179112405183273	1.713710475965025	0.2501105652136059	PXD044523_Zenodo_author_processed_RNA_protein	micro_pilot_processing_20260730:v1.0.0	MOFA2_unsupervised_gaussian_two_view
CPA	0.503804411951088	-1.3632555354277534	1.6813198523271333	1.4217579190338432	0.021833963060217065	PXD044523_Zenodo_author_processed_RNA_protein	micro_pilot_processing_20260730:v1.0.0	MOFA2_unsupervised_gaussian_two_view
CPB	1.1095791773259653	2.6978007450637453	0.6835113896257914	1.759909625202742	1.280476573401042	PXD044523_Zenodo_author_processed_RNA_protein	micro_pilot_processing_20260730:v1.0.0	MOFA2_unsupervised_gaussian_two_view
CPC	0.21654057455699346	1.3275778575907802	1.2913383101131457	1.4487584247804064	-3.1922324099990096	PXD044523_Zenodo_author_processed_RNA_protein	micro_pilot_processing_20260730:v1.0.0	MOFA2_unsupervised_gaussian_two_view
CPD	0.7521673276040414	-1.678210181803802	-2.577589359572881	0.16579201099957533	-2.160682617432261	PXD044523_Zenodo_author_processed_RNA_protein	micro_pilot_processing_20260730:v1.0.0	MOFA2_unsupervised_gaussian_two_view
CPE	1.5844281262450592	3.2380337562522223	0.14756643865826374	-1.4765601975016491	-1.2471819819381604	PXD044523_Zenodo_author_processed_RNA_protein	micro_pilot_processing_20260730:v1.0.0	MOFA2_unsupervised_gaussian_two_view
CPF	1.23312374738468	-0.99153747296691	3.384477490444057	-0.3548720490701155	-2.0991932841224257	PXD044523_Zenodo_author_processed_RNA_protein	micro_pilot_processing_20260730:v1.0.0	MOFA2_unsupervised_gaussian_two_view
CPG	1.2877985893918191	0.5585105385065707	1.8380970818419577	-0.36823787715731676	-1.2450817236397589	PXD044523_Zenodo_author_processed_RNA_protein	micro_pilot_processing_20260730:v1.0.0	MOFA2_unsupervised_gaussian_two_view
CPI	-1.4221214814724972	-0.7251383656983824	1.0993325886903647	0.9794185733022581	3.0466095089423324	PXD044523_Zenodo_author_processed_RNA_protein	micro_pilot_processing_20260730:v1.0.0	MOFA2_unsupervised_gaussian_two_view
CPK	0.9424034667801421	0.36025730625415986	1.1032438987955036	2.156742437272238	1.5439613691280598	PXD044523_Zenodo_author_processed_RNA_protein	micro_pilot_processing_20260730:v1.0.0	MOFA2_unsupervised_gaussian_two_view
CPM	-2.2221642814555786	-0.37156858956545424	0.22402924468137217	1.008699438368137	3.2903098226710625	PXD044523_Zenodo_author_processed_RNA_protein	micro_pilot_processing_20260730:v1.0.0	MOFA2_unsupervised_gaussian_two_view
CPN	0.17034412073266647	0.0848216424287532	2.4151956306150435	1.4644126431813238	1.7899358170628552	PXD044523_Zenodo_author_processed_RNA_protein	micro_pilot_processing_20260730:v1.0.0	MOFA2_unsupervised_gaussian_two_view
CPQ	0.8322537909095002	-2.0515239183200435	0.9587813012876181	2.293537182589938	1.4857566903965658	PXD044523_Zenodo_author_processed_RNA_protein	micro_pilot_processing_20260730:v1.0.0	MOFA2_unsupervised_gaussian_two_view
CPR	0.4467551215203496	-0.43690027291659933	0.4221911328547059	1.4491096795737148	1.7208830064812641	PXD044523_Zenodo_author_processed_RNA_protein	micro_pilot_processing_20260730:v1.0.0	MOFA2_unsupervised_gaussian_two_view
CPS	-3.4095709380336228	-1.8196963167966618	2.0385366208307585	-0.2728162846941473	-0.7652978037306053	PXD044523_Zenodo_author_processed_RNA_protein	micro_pilot_processing_20260730:v1.0.0	MOFA2_unsupervised_gaussian_two_view
CPT	-2.81251571146792	-0.5588118926291156	1.5526648176961715	-0.5978419116929956	-0.6500617872518598	PXD044523_Zenodo_author_processed_RNA_protein	micro_pilot_processing_20260730:v1.0.0	MOFA2_unsupervised_gaussian_two_view
CQB	-1.9110240294393082	0.07115148169753507	1.5394464864763717	-0.1466166016910017	-1.0283859610959771	PXD044523_Zenodo_author_processed_RNA_protein	micro_pilot_processing_20260730:v1.0.0	MOFA2_unsupervised_gaussian_two_view
CQC	-2.0905840471337527	1.2809353678141842	2.9651845739299345	-0.1089315785881611	3.2360021962004573	PXD044523_Zenodo_author_processed_RNA_protein	micro_pilot_processing_20260730:v1.0.0	MOFA2_unsupervised_gaussian_two_view
CQD	-2.3442419337220386	1.522904597166542	3.0121260991258745	-0.015326480172835718	2.7166933377591276	PXD044523_Zenodo_author_processed_RNA_protein	micro_pilot_processing_20260730:v1.0.0	MOFA2_unsupervised_gaussian_two_view
CQE	-2.6086188702891167	2.093787958800117	2.9853763197739993	0.12157790998848439	2.307935711267511	PXD044523_Zenodo_author_processed_RNA_protein	micro_pilot_processing_20260730:v1.0.0	MOFA2_unsupervised_gaussian_two_view
CQF	-0.8447437643907978	3.0590123770307227	2.078707321813536	0.6864244411493745	1.815822991511948	PXD044523_Zenodo_author_processed_RNA_protein	micro_pilot_processing_20260730:v1.0.0	MOFA2_unsupervised_gaussian_two_view
CQG	0.2539687391781626	0.5462170828806705	2.1568769896175812	0.2605011009120553	-2.3139425442762844	PXD044523_Zenodo_author_processed_RNA_protein	micro_pilot_processing_20260730:v1.0.0	MOFA2_unsupervised_gaussian_two_view
CQH	-2.5350369075850665	1.1578441099245467	3.838806889899485	0.5695721414482435	3.0951451126398664	PXD044523_Zenodo_author_processed_RNA_protein	micro_pilot_processing_20260730:v1.0.0	MOFA2_unsupervised_gaussian_two_view
CQI	0.3678495824845009	1.9494780742745235	2.071496050043347	0.08614167701361092	-2.1427847683517025	PXD044523_Zenodo_author_processed_RNA_protein	micro_pilot_processing_20260730:v1.0.0	MOFA2_unsupervised_gaussian_two_view
CQK	-2.477093329441907	1.991129276914951	2.815819040845601	0.07965680153215418	2.675683636848066	PXD044523_Zenodo_author_processed_RNA_protein	micro_pilot_processing_20260730:v1.0.0	MOFA2_unsupervised_gaussian_two_view
CQL	-2.098506756291994	2.2553703866529884	3.002530794572094	0.06748548776280057	2.9273885647946125	PXD044523_Zenodo_author_processed_RNA_protein	micro_pilot_processing_20260730:v1.0.0	MOFA2_unsupervised_gaussian_two_view
CQM	-2.220566327766807	2.1241740607939015	2.76776396106274	0.18603038069764402	2.1871144943229566	PXD044523_Zenodo_author_processed_RNA_protein	micro_pilot_processing_20260730:v1.0.0	MOFA2_unsupervised_gaussian_two_view
CQN	-2.0609207864775994	2.2910057426599404	2.5578259099959624	0.15655083352630964	2.4428734945481687	PXD044523_Zenodo_author_processed_RNA_protein	micro_pilot_processing_20260730:v1.0.0	MOFA2_unsupervised_gaussian_two_view
CQP	-1.2336343408844124	2.165649135007238	2.6733885555403827	-0.318688361858568	-0.7748616580851577	PXD044523_Zenodo_author_processed_RNA_protein	micro_pilot_processing_20260730:v1.0.0	MOFA2_unsupervised_gaussian_two_view
CQQ	-1.649614082191477	-1.0611060399900876	-1.7504904604652765	-0.9315680500171	-0.6164477460896365	PXD044523_Zenodo_author_processed_RNA_protein	micro_pilot_processing_20260730:v1.0.0	MOFA2_unsupervised_gaussian_two_view
CQR	-2.4784134494089063	-1.3805721672025448	-2.7409400988318264	-1.1028280504014067	-0.2790928298226562	PXD044523_Zenodo_author_processed_RNA_protein	micro_pilot_processing_20260730:v1.0.0	MOFA2_unsupervised_gaussian_two_view
CQS	-3.406464423593637	-1.3200843634130996	4.392689384076791	-0.27247161433454226	-0.7724327415557354	PXD044523_Zenodo_author_processed_RNA_protein	micro_pilot_processing_20260730:v1.0.0	MOFA2_unsupervised_gaussian_two_view
CQT	1.6162433989549032	0.10593547012656218	1.6059470201511463	-1.2385325335516253	-1.196517224248803	PXD044523_Zenodo_author_processed_RNA_protein	micro_pilot_processing_20260730:v1.0.0	MOFA2_unsupervised_gaussian_two_view
CQV	1.6516769029980116	1.3018140166597039	0.1230440938869765	-1.4024320554150802	-1.0896548341766126	PXD044523_Zenodo_author_processed_RNA_protein	micro_pilot_processing_20260730:v1.0.0	MOFA2_unsupervised_gaussian_two_view
CRA	1.7951273930629332	-0.18202710789038903	0.9832942383708072	0.3669698115431155	1.1029073900066853	PXD044523_Zenodo_author_processed_RNA_protein	micro_pilot_processing_20260730:v1.0.0	MOFA2_unsupervised_gaussian_two_view
CRB	0.6703852273667086	-0.9658692421164352	2.73903917993365	1.9507426840383075	0.5733736267750708	PXD044523_Zenodo_author_processed_RNA_protein	micro_pilot_processing_20260730:v1.0.0	MOFA2_unsupervised_gaussian_two_view
CRC	1.7422056183028427	-1.719076741584729	-0.4891615583066452	-1.6396309749965092	-1.0326500880509808	PXD044523_Zenodo_author_processed_RNA_protein	micro_pilot_processing_20260730:v1.0.0	MOFA2_unsupervised_gaussian_two_view
CRD	1.834768313124233	-0.47909967491615313	0.7230544931797473	0.850892731746613	1.8415278491416904	PXD044523_Zenodo_author_processed_RNA_protein	micro_pilot_processing_20260730:v1.0.0	MOFA2_unsupervised_gaussian_two_view
CRG	2.253253421025843	0.6442863001357422	0.05629615931374666	-0.37121643319919484	1.5534554249315258	PXD044523_Zenodo_author_processed_RNA_protein	micro_pilot_processing_20260730:v1.0.0	MOFA2_unsupervised_gaussian_two_view
CRH	1.3486289031502439	-0.15747055801920726	2.722017162080624	-1.0563221815327317	-1.547659115934745	PXD044523_Zenodo_author_processed_RNA_protein	micro_pilot_processing_20260730:v1.0.0	MOFA2_unsupervised_gaussian_two_view
CRI	2.1057974349864756	-2.0535500480984763	-1.6038596312481408	-1.8974479804185131	-0.08708214967813332	PXD044523_Zenodo_author_processed_RNA_protein	micro_pilot_processing_20260730:v1.0.0	MOFA2_unsupervised_gaussian_two_view
CRK	1.6839196746916691	1.6751813124397676	0.02725655165874424	-1.1436664658603437	-0.3601204324692027	PXD044523_Zenodo_author_processed_RNA_protein	micro_pilot_processing_20260730:v1.0.0	MOFA2_unsupervised_gaussian_two_view
CRL	2.0989975146443807	0.4395925181116303	0.6514089140420826	-0.18273225076968574	1.7780833537713883	PXD044523_Zenodo_author_processed_RNA_protein	micro_pilot_processing_20260730:v1.0.0	MOFA2_unsupervised_gaussian_two_view
