reaction_id	pfba_flux	model_id	upstream_baseline	analysis_method
CYTDK2	0.0	iML1515	micro_pilot_processing_20260730:v1.0.0	parsimonious_FBA
XPPT	0.0	iML1515	micro_pilot_processing_20260730:v1.0.0	parsimonious_FBA
HXPRT	0.0	iML1515	micro_pilot_processing_20260730:v1.0.0	parsimonious_FBA
NDPK5	0.0	iML1515	micro_pilot_processing_20260730:v1.0.0	parsimonious_FBA
SHK3Dr	0.3132028066658425	iML1515	micro_pilot_processing_20260730:v1.0.0	parsimonious_FBA
NDPK6	0.0	iML1515	micro_pilot_processing_20260730:v1.0.0	parsimonious_FBA
NDPK8	0.0	iML1515	micro_pilot_processing_20260730:v1.0.0	parsimonious_FBA
DHORTS	-0.2718466474540229	iML1515	micro_pilot_processing_20260730:v1.0.0	parsimonious_FBA
OMPDC	0.271846647454023	iML1515	micro_pilot_processing_20260730:v1.0.0	parsimonious_FBA
PYNP2r	0.0	iML1515	micro_pilot_processing_20260730:v1.0.0	parsimonious_FBA
G5SD	0.18166254221783595	iML1515	micro_pilot_processing_20260730:v1.0.0	parsimonious_FBA
CS	5.280300235257247	iML1515	micro_pilot_processing_20260730:v1.0.0	parsimonious_FBA
ICDHyr	5.280300235257246	iML1515	micro_pilot_processing_20260730:v1.0.0	parsimonious_FBA
ALATA_L2	0.0	iML1515	micro_pilot_processing_20260730:v1.0.0	parsimonious_FBA
DURIPP	0.0	iML1515	micro_pilot_processing_20260730:v1.0.0	parsimonious_FBA
ACALD	0.0	iML1515	micro_pilot_processing_20260730:v1.0.0	parsimonious_FBA
PTRCTA	0.0	iML1515	micro_pilot_processing_20260730:v1.0.0	parsimonious_FBA
ACS	0.0	iML1515	micro_pilot_processing_20260730:v1.0.0	parsimonious_FBA
CYSDS	0.0	iML1515	micro_pilot_processing_20260730:v1.0.0	parsimonious_FBA
MAN6PI	0.0	iML1515	micro_pilot_processing_20260730:v1.0.0	parsimonious_FBA
PPA	2.8775772378632616	iML1515	micro_pilot_processing_20260730:v1.0.0	parsimonious_FBA
APRAUR	0.0003665218783975322	iML1515	micro_pilot_processing_20260730:v1.0.0	parsimonious_FBA
TRPAS2	-0.04671345994113885	iML1515	micro_pilot_processing_20260730:v1.0.0	parsimonious_FBA
PPCK	0.0	iML1515	micro_pilot_processing_20260730:v1.0.0	parsimonious_FBA
ME1	0.0	iML1515	micro_pilot_processing_20260730:v1.0.0	parsimonious_FBA
DB4PS	0.0007330437567950645	iML1515	micro_pilot_processing_20260730:v1.0.0	parsimonious_FBA
ALAR	0.034254181469425424	iML1515	micro_pilot_processing_20260730:v1.0.0	parsimonious_FBA
RBFK	0.0001832609391987925	iML1515	micro_pilot_processing_20260730:v1.0.0	parsimonious_FBA
ALATA_L	-0.47815819689305644	iML1515	micro_pilot_processing_20260730:v1.0.0	parsimonious_FBA
XYLK	0.0	iML1515	micro_pilot_processing_20260730:v1.0.0	parsimonious_FBA
RBK	0.0	iML1515	micro_pilot_processing_20260730:v1.0.0	parsimonious_FBA
GLYK	0.0	iML1515	micro_pilot_processing_20260730:v1.0.0	parsimonious_FBA
PPM	-0.0005530700093086179	iML1515	micro_pilot_processing_20260730:v1.0.0	parsimonious_FBA
ASPTA	-2.4060788914244338	iML1515	micro_pilot_processing_20260730:v1.0.0	parsimonious_FBA
ACP1_FMN	0.0	iML1515	micro_pilot_processing_20260730:v1.0.0	parsimonious_FBA
RBFSb	0.00036652187839753225	iML1515	micro_pilot_processing_20260730:v1.0.0	parsimonious_FBA
NDP3	0.0	iML1515	micro_pilot_processing_20260730:v1.0.0	parsimonious_FBA
CDPPH	0.0	iML1515	micro_pilot_processing_20260730:v1.0.0	parsimonious_FBA
NDP7	0.0	iML1515	micro_pilot_processing_20260730:v1.0.0	parsimonious_FBA
FBP	0.0	iML1515	micro_pilot_processing_20260730:v1.0.0	parsimonious_FBA
EX_pi_e	-0.792711217563654	iML1515	micro_pilot_processing_20260730:v1.0.0	parsimonious_FBA
GLGC	0.0	iML1515	micro_pilot_processing_20260730:v1.0.0	parsimonious_FBA
ALATA_D2	0.0	iML1515	micro_pilot_processing_20260730:v1.0.0	parsimonious_FBA
PYK	0.0	iML1515	micro_pilot_processing_20260730:v1.0.0	parsimonious_FBA
SHCHD2	0.00018326093919873975	iML1515	micro_pilot_processing_20260730:v1.0.0	parsimonious_FBA
EX_co2_e	21.755337786801825	iML1515	micro_pilot_processing_20260730:v1.0.0	parsimonious_FBA
A5PISO	0.03197780119327965	iML1515	micro_pilot_processing_20260730:v1.0.0	parsimonious_FBA
PMDPHT	0.00036652187839753214	iML1515	micro_pilot_processing_20260730:v1.0.0	parsimonious_FBA
CPPPGO	0.00018326093919873978	iML1515	micro_pilot_processing_20260730:v1.0.0	parsimonious_FBA
EX_met__L_e	0.0	iML1515	micro_pilot_processing_20260730:v1.0.0	parsimonious_FBA
GTHOr	0.0	iML1515	micro_pilot_processing_20260730:v1.0.0	parsimonious_FBA
ILETA	-0.2387561318586128	iML1515	micro_pilot_processing_20260730:v1.0.0	parsimonious_FBA
DHORD5	0.0	iML1515	micro_pilot_processing_20260730:v1.0.0	parsimonious_FBA
EX_metsox_S__L_e	0.0	iML1515	micro_pilot_processing_20260730:v1.0.0	parsimonious_FBA
GLYCTO2	0.0	iML1515	micro_pilot_processing_20260730:v1.0.0	parsimonious_FBA
VALTA	-0.3477536571893142	iML1515	micro_pilot_processing_20260730:v1.0.0	parsimonious_FBA
GLYCTO3	0.0	iML1515	micro_pilot_processing_20260730:v1.0.0	parsimonious_FBA
IPPMIb	-0.3702454448347418	iML1515	micro_pilot_processing_20260730:v1.0.0	parsimonious_FBA
GLYCTO4	0.0	iML1515	micro_pilot_processing_20260730:v1.0.0	parsimonious_FBA
ORPT	-0.2718466474540229	iML1515	micro_pilot_processing_20260730:v1.0.0	parsimonious_FBA
RBFSa	0.0007330437567950645	iML1515	micro_pilot_processing_20260730:v1.0.0	parsimonious_FBA
ACHBS	0.23875613185861283	iML1515	micro_pilot_processing_20260730:v1.0.0	parsimonious_FBA
PFK_3	0.7730056125408612	iML1515	micro_pilot_processing_20260730:v1.0.0	parsimonious_FBA
DHAD2	0.23875613185861283	iML1515	micro_pilot_processing_20260730:v1.0.0	parsimonious_FBA
ACLS	0.7185529938313197	iML1515	micro_pilot_processing_20260730:v1.0.0	parsimonious_FBA
TRPS2	0.0	iML1515	micro_pilot_processing_20260730:v1.0.0	parsimonious_FBA
PSCVT	0.3132028066658425	iML1515	micro_pilot_processing_20260730:v1.0.0	parsimonious_FBA
G3PD5	0.0	iML1515	micro_pilot_processing_20260730:v1.0.0	parsimonious_FBA
G1PP	0.0	iML1515	micro_pilot_processing_20260730:v1.0.0	parsimonious_FBA
PFL	0.0	iML1515	micro_pilot_processing_20260730:v1.0.0	parsimonious_FBA
EX_acgam_e	0.0	iML1515	micro_pilot_processing_20260730:v1.0.0	parsimonious_FBA
ANS	0.04671345994113884	iML1515	micro_pilot_processing_20260730:v1.0.0	parsimonious_FBA
FRD2	0.0	iML1515	micro_pilot_processing_20260730:v1.0.0	parsimonious_FBA
FRD3	0.0	iML1515	micro_pilot_processing_20260730:v1.0.0	parsimonious_FBA
ANPRT	0.04671345994113883	iML1515	micro_pilot_processing_20260730:v1.0.0	parsimonious_FBA
POX	0.0	iML1515	micro_pilot_processing_20260730:v1.0.0	parsimonious_FBA
CHORM	0.26575630296791597	iML1515	micro_pilot_processing_20260730:v1.0.0	parsimonious_FBA
PTAr	1.7783769369800024	iML1515	micro_pilot_processing_20260730:v1.0.0	parsimonious_FBA
CHORS	0.31320280666584244	iML1515	micro_pilot_processing_20260730:v1.0.0	parsimonious_FBA
IGPS	0.04671345994113885	iML1515	micro_pilot_processing_20260730:v1.0.0	parsimonious_FBA
ACKr	-1.7783769369800027	iML1515	micro_pilot_processing_20260730:v1.0.0	parsimonious_FBA
EX_cellb_e	0.0	iML1515	micro_pilot_processing_20260730:v1.0.0	parsimonious_FBA
EX_crn_e	0.0	iML1515	micro_pilot_processing_20260730:v1.0.0	parsimonious_FBA
EX_hxan_e	0.0	iML1515	micro_pilot_processing_20260730:v1.0.0	parsimonious_FBA
EX_ile__L_e	0.0	iML1515	micro_pilot_processing_20260730:v1.0.0	parsimonious_FBA
EX_chol_e	0.0	iML1515	micro_pilot_processing_20260730:v1.0.0	parsimonious_FBA
EX_fe3_e	-0.006416598339842977	iML1515	micro_pilot_processing_20260730:v1.0.0	parsimonious_FBA
LEUTAi	0.37024544483474187	iML1515	micro_pilot_processing_20260730:v1.0.0	parsimonious_FBA
EX_lac__L_e	0.0	iML1515	micro_pilot_processing_20260730:v1.0.0	parsimonious_FBA
EX_leu__L_e	0.0	iML1515	micro_pilot_processing_20260730:v1.0.0	parsimonious_FBA
EX_glcn_e	0.0	iML1515	micro_pilot_processing_20260730:v1.0.0	parsimonious_FBA
EX_no3_e	0.0	iML1515	micro_pilot_processing_20260730:v1.0.0	parsimonious_FBA
EX_h_e	9.814240098643259	iML1515	micro_pilot_processing_20260730:v1.0.0	parsimonious_FBA
DMATT	0.00022845982554084614	iML1515	micro_pilot_processing_20260730:v1.0.0	parsimonious_FBA
EX_orn_e	0.0	iML1515	micro_pilot_processing_20260730:v1.0.0	parsimonious_FBA
GRTT	0.00022845982554084614	iML1515	micro_pilot_processing_20260730:v1.0.0	parsimonious_FBA
EX_gln__L_e	0.0	iML1515	micro_pilot_processing_20260730:v1.0.0	parsimonious_FBA
UPP3S	0.0003665218783974796	iML1515	micro_pilot_processing_20260730:v1.0.0	parsimonious_FBA
EX_pro__L_e	0.0	iML1515	micro_pilot_processing_20260730:v1.0.0	parsimonious_FBA
EX_glyc_e	0.0	iML1515	micro_pilot_processing_20260730:v1.0.0	parsimonious_FBA
UPPDC1	0.00018326093919873975	iML1515	micro_pilot_processing_20260730:v1.0.0	parsimonious_FBA
EX_man_e	0.0	iML1515	micro_pilot_processing_20260730:v1.0.0	parsimonious_FBA
TMDPP	0.0	iML1515	micro_pilot_processing_20260730:v1.0.0	parsimonious_FBA
EX_ade_e	0.0	iML1515	micro_pilot_processing_20260730:v1.0.0	parsimonious_FBA
EX_mn2_e	-0.0005678623721360053	iML1515	micro_pilot_processing_20260730:v1.0.0	parsimonious_FBA
EX_4abut_e	0.0	iML1515	micro_pilot_processing_20260730:v1.0.0	parsimonious_FBA
EX_ac_e	2.256816188766358	iML1515	micro_pilot_processing_20260730:v1.0.0	parsimonious_FBA
EX_akg_e	0.0	iML1515	micro_pilot_processing_20260730:v1.0.0	parsimonious_FBA
EX_ala__L_e	0.0	iML1515	micro_pilot_processing_20260730:v1.0.0	parsimonious_FBA
EX_arg__L_e	0.0	iML1515	micro_pilot_processing_20260730:v1.0.0	parsimonious_FBA
EX_asp__L_e	0.0	iML1515	micro_pilot_processing_20260730:v1.0.0	parsimonious_FBA
EX_pyr_e	0.0	iML1515	micro_pilot_processing_20260730:v1.0.0	parsimonious_FBA
EX_succ_e	0.0	iML1515	micro_pilot_processing_20260730:v1.0.0	parsimonious_FBA
EX_thymd_e	0.0	iML1515	micro_pilot_processing_20260730:v1.0.0	parsimonious_FBA
EX_rib__D_e	0.0	iML1515	micro_pilot_processing_20260730:v1.0.0	parsimonious_FBA
EX_tyr__L_e	0.0	iML1515	micro_pilot_processing_20260730:v1.0.0	parsimonious_FBA
EX_cytd_e	0.0	iML1515	micro_pilot_processing_20260730:v1.0.0	parsimonious_FBA
EX_dcyt_e	0.0	iML1515	micro_pilot_processing_20260730:v1.0.0	parsimonious_FBA
MOAT	0.015988900596639825	iML1515	micro_pilot_processing_20260730:v1.0.0	parsimonious_FBA
EX_fum_e	0.0	iML1515	micro_pilot_processing_20260730:v1.0.0	parsimonious_FBA
EX_sbt__D_e	0.0	iML1515	micro_pilot_processing_20260730:v1.0.0	parsimonious_FBA
EX_glu__L_e	0.0	iML1515	micro_pilot_processing_20260730:v1.0.0	parsimonious_FBA
UDCPDPS	4.5198886349462647e-05	iML1515	micro_pilot_processing_20260730:v1.0.0	parsimonious_FBA
ECOAH6	0.22850584623248782	iML1515	micro_pilot_processing_20260730:v1.0.0	parsimonious_FBA
USHD	0.015988900596639825	iML1515	micro_pilot_processing_20260730:v1.0.0	parsimonious_FBA
EX_gua_e	0.0	iML1515	micro_pilot_processing_20260730:v1.0.0	parsimonious_FBA
ENO	15.67630999239313	iML1515	micro_pilot_processing_20260730:v1.0.0	parsimonious_FBA
FBA	6.012950967181036	iML1515	micro_pilot_processing_20260730:v1.0.0	parsimonious_FBA
HCO3E	0.4319567170645213	iML1515	micro_pilot_processing_20260730:v1.0.0	parsimonious_FBA
MGSA	0.0	iML1515	micro_pilot_processing_20260730:v1.0.0	parsimonious_FBA
IMPC	-0.4458516765262807	iML1515	micro_pilot_processing_20260730:v1.0.0	parsimonious_FBA
IMPD	0.1998842678001394	iML1515	micro_pilot_processing_20260730:v1.0.0	parsimonious_FBA
PPS	0.0	iML1515	micro_pilot_processing_20260730:v1.0.0	parsimonious_FBA
ECOAH4	0.29246144861904716	iML1515	micro_pilot_processing_20260730:v1.0.0	parsimonious_FBA
LPADSS	0.015988900596639825	iML1515	micro_pilot_processing_20260730:v1.0.0	parsimonious_FBA
GLUTRS	0.002932175027179835	iML1515	micro_pilot_processing_20260730:v1.0.0	parsimonious_FBA
TDSK	0.015988900596639825	iML1515	micro_pilot_processing_20260730:v1.0.0	parsimonious_FBA
PGI	7.194088431652044	iML1515	micro_pilot_processing_20260730:v1.0.0	parsimonious_FBA
TMPPP	0.00018326093919873978	iML1515	micro_pilot_processing_20260730:v1.0.0	parsimonious_FBA
EX_btn_e	0.0	iML1515	micro_pilot_processing_20260730:v1.0.0	parsimonious_FBA
PGK	-17.08802283480559	iML1515	micro_pilot_processing_20260730:v1.0.0	parsimonious_FBA
EX_ptrc_e	0.0	iML1515	micro_pilot_processing_20260730:v1.0.0	parsimonious_FBA
EDA	0.0	iML1515	micro_pilot_processing_20260730:v1.0.0	parsimonious_FBA
EX_spmd_e	0.0	iML1515	micro_pilot_processing_20260730:v1.0.0	parsimonious_FBA
EX_thym_e	0.0	iML1515	micro_pilot_processing_20260730:v1.0.0	parsimonious_FBA
EX_xtsn_e	0.0	iML1515	micro_pilot_processing_20260730:v1.0.0	parsimonious_FBA
NTPP1	0.0	iML1515	micro_pilot_processing_20260730:v1.0.0	parsimonious_FBA
URIK1	0.0	iML1515	micro_pilot_processing_20260730:v1.0.0	parsimonious_FBA
URIK2	0.0	iML1515	micro_pilot_processing_20260730:v1.0.0	parsimonious_FBA
NTPP2	0.0	iML1515	micro_pilot_processing_20260730:v1.0.0	parsimonious_FBA
PGL	2.8059115683479563	iML1515	micro_pilot_processing_20260730:v1.0.0	parsimonious_FBA
NTPTP1	0.0	iML1515	micro_pilot_processing_20260730:v1.0.0	parsimonious_FBA
NTPTP2	0.0	iML1515	micro_pilot_processing_20260730:v1.0.0	parsimonious_FBA
CYTDK1	0.0	iML1515	micro_pilot_processing_20260730:v1.0.0	parsimonious_FBA
RPE	1.2331749402942722	iML1515	micro_pilot_processing_20260730:v1.0.0	parsimonious_FBA
DHQTi	0.31320280666584255	iML1515	micro_pilot_processing_20260730:v1.0.0	parsimonious_FBA
IPMD	0.37024544483474187	iML1515	micro_pilot_processing_20260730:v1.0.0	parsimonious_FBA
AIRC3	-0.3679961838903603	iML1515	micro_pilot_processing_20260730:v1.0.0	parsimonious_FBA
TALA	0.0	iML1515	micro_pilot_processing_20260730:v1.0.0	parsimonious_FBA
PUNP1	-0.000553070009308618	iML1515	micro_pilot_processing_20260730:v1.0.0	parsimonious_FBA
PUNP2	0.0	iML1515	micro_pilot_processing_20260730:v1.0.0	parsimonious_FBA
PUNP3	0.0	iML1515	micro_pilot_processing_20260730:v1.0.0	parsimonious_FBA
ADSL2r	0.3679961838903604	iML1515	micro_pilot_processing_20260730:v1.0.0	parsimonious_FBA
TKT1	0.7730056125408611	iML1515	micro_pilot_processing_20260730:v1.0.0	parsimonious_FBA
EX_fe2_e	-0.006782298272134421	iML1515	micro_pilot_processing_20260730:v1.0.0	parsimonious_FBA
PUNP5	0.0	iML1515	micro_pilot_processing_20260730:v1.0.0	parsimonious_FBA
PUNP6	0.0	iML1515	micro_pilot_processing_20260730:v1.0.0	parsimonious_FBA
PUNP7	0.0	iML1515	micro_pilot_processing_20260730:v1.0.0	parsimonious_FBA
G6PDA	0.0	iML1515	micro_pilot_processing_20260730:v1.0.0	parsimonious_FBA
RNDR1	0.0	iML1515	micro_pilot_processing_20260730:v1.0.0	parsimonious_FBA
ALCD2x	0.0	iML1515	micro_pilot_processing_20260730:v1.0.0	parsimonious_FBA
RNDR3	0.0	iML1515	micro_pilot_processing_20260730:v1.0.0	parsimonious_FBA
RNDR4	0.0	iML1515	micro_pilot_processing_20260730:v1.0.0	parsimonious_FBA
ALDD2y	0.0	iML1515	micro_pilot_processing_20260730:v1.0.0	parsimonious_FBA
TMDS	0.021503164731274553	iML1515	micro_pilot_processing_20260730:v1.0.0	parsimonious_FBA
RMI	0.0	iML1515	micro_pilot_processing_20260730:v1.0.0	parsimonious_FBA
TMDK1	0.0	iML1515	micro_pilot_processing_20260730:v1.0.0	parsimonious_FBA
LYSAM	0.0	iML1515	micro_pilot_processing_20260730:v1.0.0	parsimonious_FBA
PPCDC	0.0005538918072633014	iML1515	micro_pilot_processing_20260730:v1.0.0	parsimonious_FBA
FTHFD	0.0	iML1515	micro_pilot_processing_20260730:v1.0.0	parsimonious_FBA
EX_glc__D_e	-10.0	iML1515	micro_pilot_processing_20260730:v1.0.0	parsimonious_FBA
DHAD1	0.7185529938313194	iML1515	micro_pilot_processing_20260730:v1.0.0	parsimonious_FBA
IPPMIa	-0.3702454448347419	iML1515	micro_pilot_processing_20260730:v1.0.0	parsimonious_FBA
EX_alltn_e	0.0	iML1515	micro_pilot_processing_20260730:v1.0.0	parsimonious_FBA
G3PD7	0.0	iML1515	micro_pilot_processing_20260730:v1.0.0	parsimonious_FBA
EDD	0.0	iML1515	micro_pilot_processing_20260730:v1.0.0	parsimonious_FBA
EX_ura_e	0.0	iML1515	micro_pilot_processing_20260730:v1.0.0	parsimonious_FBA
NADH9	0.0	iML1515	micro_pilot_processing_20260730:v1.0.0	parsimonious_FBA
EX_val__L_e	0.0	iML1515	micro_pilot_processing_20260730:v1.0.0	parsimonious_FBA
NADH10	0.0	iML1515	micro_pilot_processing_20260730:v1.0.0	parsimonious_FBA
ADK4	0.0	iML1515	micro_pilot_processing_20260730:v1.0.0	parsimonious_FBA
INSK	0.0	iML1515	micro_pilot_processing_20260730:v1.0.0	parsimonious_FBA
MDH	5.253673982207653	iML1515	micro_pilot_processing_20260730:v1.0.0	parsimonious_FBA
ABTA	0.0	iML1515	micro_pilot_processing_20260730:v1.0.0	parsimonious_FBA
EX_xan_e	0.0	iML1515	micro_pilot_processing_20260730:v1.0.0	parsimonious_FBA
FUM	5.253673982207653	iML1515	micro_pilot_processing_20260730:v1.0.0	parsimonious_FBA
FMNAT	0.0001832609391987925	iML1515	micro_pilot_processing_20260730:v1.0.0	parsimonious_FBA
PYDXNK	0.0	iML1515	micro_pilot_processing_20260730:v1.0.0	parsimonious_FBA
PYAM5PO	0.0	iML1515	micro_pilot_processing_20260730:v1.0.0	parsimonious_FBA
SSALx	0.0	iML1515	micro_pilot_processing_20260730:v1.0.0	parsimonious_FBA
ASPT	0.0	iML1515	micro_pilot_processing_20260730:v1.0.0	parsimonious_FBA
OHPBAT	-0.00036652187839746856	iML1515	micro_pilot_processing_20260730:v1.0.0	parsimonious_FBA
SERD_L	0.0	iML1515	micro_pilot_processing_20260730:v1.0.0	parsimonious_FBA
EX_dgsn_e	0.0	iML1515	micro_pilot_processing_20260730:v1.0.0	parsimonious_FBA
NADDP	0.0	iML1515	micro_pilot_processing_20260730:v1.0.0	parsimonious_FBA
EX_arab__L_e	0.0	iML1515	micro_pilot_processing_20260730:v1.0.0	parsimonious_FBA
EX_fru_e	0.0	iML1515	micro_pilot_processing_20260730:v1.0.0	parsimonious_FBA
THRD	0.0	iML1515	micro_pilot_processing_20260730:v1.0.0	parsimonious_FBA
HEX4	0.0	iML1515	micro_pilot_processing_20260730:v1.0.0	parsimonious_FBA
EX_gal_e	0.0	iML1515	micro_pilot_processing_20260730:v1.0.0	parsimonious_FBA
NMNAT	0.0	iML1515	micro_pilot_processing_20260730:v1.0.0	parsimonious_FBA
EX_xyl__D_e	0.0	iML1515	micro_pilot_processing_20260730:v1.0.0	parsimonious_FBA
KARA1	-0.7185529938313197	iML1515	micro_pilot_processing_20260730:v1.0.0	parsimonious_FBA
HMPK1	0.0	iML1515	micro_pilot_processing_20260730:v1.0.0	parsimonious_FBA
KARA2	0.2387561318586128	iML1515	micro_pilot_processing_20260730:v1.0.0	parsimonious_FBA
EX_duri_e	0.0	iML1515	micro_pilot_processing_20260730:v1.0.0	parsimonious_FBA
EX_for_e	0.0	iML1515	micro_pilot_processing_20260730:v1.0.0	parsimonious_FBA
EX_gly_e	0.0	iML1515	micro_pilot_processing_20260730:v1.0.0	parsimonious_FBA
EX_h2_e	0.0	iML1515	micro_pilot_processing_20260730:v1.0.0	parsimonious_FBA
EX_lys__L_e	0.0	iML1515	micro_pilot_processing_20260730:v1.0.0	parsimonious_FBA
ACCOAC	0.06396053317416103	iML1515	micro_pilot_processing_20260730:v1.0.0	parsimonious_FBA
NADK	0.0003673436763286608	iML1515	micro_pilot_processing_20260730:v1.0.0	parsimonious_FBA
GLXCL	0.0	iML1515	micro_pilot_processing_20260730:v1.0.0	parsimonious_FBA
ICHORS_copy2	0.0	iML1515	micro_pilot_processing_20260730:v1.0.0	parsimonious_FBA
SUCBZS	0.0	iML1515	micro_pilot_processing_20260730:v1.0.0	parsimonious_FBA
DHBD	0.0	iML1515	micro_pilot_processing_20260730:v1.0.0	parsimonious_FBA
ICHORT	0.0	iML1515	micro_pilot_processing_20260730:v1.0.0	parsimonious_FBA
EX_ser__L_e	0.0	iML1515	micro_pilot_processing_20260730:v1.0.0	parsimonious_FBA
EX_thm_e	0.0	iML1515	micro_pilot_processing_20260730:v1.0.0	parsimonious_FBA
EX_trp__L_e	0.0	iML1515	micro_pilot_processing_20260730:v1.0.0	parsimonious_FBA
GLUTRR	0.002932175027179835	iML1515	micro_pilot_processing_20260730:v1.0.0	parsimonious_FBA
GLCS1	0.0	iML1515	micro_pilot_processing_20260730:v1.0.0	parsimonious_FBA
GLCP	0.0	iML1515	micro_pilot_processing_20260730:v1.0.0	parsimonious_FBA
EX_din_e	0.0	iML1515	micro_pilot_processing_20260730:v1.0.0	parsimonious_FBA
RBK_L1	0.0	iML1515	micro_pilot_processing_20260730:v1.0.0	parsimonious_FBA
RBP4E	0.0	iML1515	micro_pilot_processing_20260730:v1.0.0	parsimonious_FBA
TARTD	0.0	iML1515	micro_pilot_processing_20260730:v1.0.0	parsimonious_FBA
NTD2	0.0	iML1515	micro_pilot_processing_20260730:v1.0.0	parsimonious_FBA
GLCRAL	0.0	iML1515	micro_pilot_processing_20260730:v1.0.0	parsimonious_FBA
NTD4	0.0	iML1515	micro_pilot_processing_20260730:v1.0.0	parsimonious_FBA
NTD5	0.0	iML1515	micro_pilot_processing_20260730:v1.0.0	parsimonious_FBA
EX_fmn_e	0.0	iML1515	micro_pilot_processing_20260730:v1.0.0	parsimonious_FBA
EX_gthox_e	0.0	iML1515	micro_pilot_processing_20260730:v1.0.0	parsimonious_FBA
KAS14	0.0	iML1515	micro_pilot_processing_20260730:v1.0.0	parsimonious_FBA
HEMEOS	0.0	iML1515	micro_pilot_processing_20260730:v1.0.0	parsimonious_FBA
ADMDC	0.0	iML1515	micro_pilot_processing_20260730:v1.0.0	parsimonious_FBA
AGMT	0.0	iML1515	micro_pilot_processing_20260730:v1.0.0	parsimonious_FBA
NTD6	0.0	iML1515	micro_pilot_processing_20260730:v1.0.0	parsimonious_FBA
LGTHL	0.0	iML1515	micro_pilot_processing_20260730:v1.0.0	parsimonious_FBA
PYDXPP	0.0	iML1515	micro_pilot_processing_20260730:v1.0.0	parsimonious_FBA
PDXPP	0.0	iML1515	micro_pilot_processing_20260730:v1.0.0	parsimonious_FBA
ARGDC	0.0	iML1515	micro_pilot_processing_20260730:v1.0.0	parsimonious_FBA
HACD6	0.22850584623248782	iML1515	micro_pilot_processing_20260730:v1.0.0	parsimonious_FBA
ECOAH1	0.29246144861904705	iML1515	micro_pilot_processing_20260730:v1.0.0	parsimonious_FBA
ECOAH2	0.29246144861904716	iML1515	micro_pilot_processing_20260730:v1.0.0	parsimonious_FBA
ARGSS	0.24308125438328984	iML1515	micro_pilot_processing_20260730:v1.0.0	parsimonious_FBA
AGPR	-0.24308125438328984	iML1515	micro_pilot_processing_20260730:v1.0.0	parsimonious_FBA
SPMS	0.0	iML1515	micro_pilot_processing_20260730:v1.0.0	parsimonious_FBA
G1SAT	0.002932175027179836	iML1515	micro_pilot_processing_20260730:v1.0.0	parsimonious_FBA
KDOCT2	0.03197780119327965	iML1515	micro_pilot_processing_20260730:v1.0.0	parsimonious_FBA
ECOAH3	0.29246144861904716	iML1515	micro_pilot_processing_20260730:v1.0.0	parsimonious_FBA
UGLT	0.0	iML1515	micro_pilot_processing_20260730:v1.0.0	parsimonious_FBA
EDTXS1	0.0	iML1515	micro_pilot_processing_20260730:v1.0.0	parsimonious_FBA
DXPS	0.0023297971417726372	iML1515	micro_pilot_processing_20260730:v1.0.0	parsimonious_FBA
OAADC	0.0	iML1515	micro_pilot_processing_20260730:v1.0.0	parsimonious_FBA
MNNH	0.0	iML1515	micro_pilot_processing_20260730:v1.0.0	parsimonious_FBA
CDPMEK	0.001963275263375157	iML1515	micro_pilot_processing_20260730:v1.0.0	parsimonious_FBA
EDTXS2	0.0	iML1515	micro_pilot_processing_20260730:v1.0.0	parsimonious_FBA
ALTRH	0.0	iML1515	micro_pilot_processing_20260730:v1.0.0	parsimonious_FBA
MECDPS	0.001963275263375157	iML1515	micro_pilot_processing_20260730:v1.0.0	parsimonious_FBA
GUI1	0.0	iML1515	micro_pilot_processing_20260730:v1.0.0	parsimonious_FBA
EDTXS3	0.0	iML1515	micro_pilot_processing_20260730:v1.0.0	parsimonious_FBA
PGAMT	-0.07765004315251355	iML1515	micro_pilot_processing_20260730:v1.0.0	parsimonious_FBA
DDGLK	0.0	iML1515	micro_pilot_processing_20260730:v1.0.0	parsimonious_FBA
EDTXS4	0.0	iML1515	micro_pilot_processing_20260730:v1.0.0	parsimonious_FBA
XYLI2	0.0	iML1515	micro_pilot_processing_20260730:v1.0.0	parsimonious_FBA
PMANM	0.0	iML1515	micro_pilot_processing_20260730:v1.0.0	parsimonious_FBA
ICL	-3.1910052296341264e-16	iML1515	micro_pilot_processing_20260730:v1.0.0	parsimonious_FBA
UAGDP	0.07765004315251356	iML1515	micro_pilot_processing_20260730:v1.0.0	parsimonious_FBA
UAGCVT	0.022836120979616955	iML1515	micro_pilot_processing_20260730:v1.0.0	parsimonious_FBA
GLUR	-0.022836120979616955	iML1515	micro_pilot_processing_20260730:v1.0.0	parsimonious_FBA
EX_tmao_e	0.0	iML1515	micro_pilot_processing_20260730:v1.0.0	parsimonious_FBA
UAG2E	0.0	iML1515	micro_pilot_processing_20260730:v1.0.0	parsimonious_FBA
EX_acald_e	0.0	iML1515	micro_pilot_processing_20260730:v1.0.0	parsimonious_FBA
GLYCL	0.04454843328496516	iML1515	micro_pilot_processing_20260730:v1.0.0	parsimonious_FBA
CMPN	0.0	iML1515	micro_pilot_processing_20260730:v1.0.0	parsimonious_FBA
NNDPR	0.001872055692790559	iML1515	micro_pilot_processing_20260730:v1.0.0	parsimonious_FBA
HCYSMT	0.0	iML1515	micro_pilot_processing_20260730:v1.0.0	parsimonious_FBA
EX_melib_e	0.0	iML1515	micro_pilot_processing_20260730:v1.0.0	parsimonious_FBA
MACPD	0.0	iML1515	micro_pilot_processing_20260730:v1.0.0	parsimonious_FBA
DMQMT	-7.356230467981316e-15	iML1515	micro_pilot_processing_20260730:v1.0.0	parsimonious_FBA
UDPG4E	0.0	iML1515	micro_pilot_processing_20260730:v1.0.0	parsimonious_FBA
LACZ	0.0	iML1515	micro_pilot_processing_20260730:v1.0.0	parsimonious_FBA
TRE6PH	0.0	iML1515	micro_pilot_processing_20260730:v1.0.0	parsimonious_FBA
XYLI1	0.0	iML1515	micro_pilot_processing_20260730:v1.0.0	parsimonious_FBA
PPC	2.4327051444740277	iML1515	micro_pilot_processing_20260730:v1.0.0	parsimonious_FBA
ICHORS_copy1	0.0	iML1515	micro_pilot_processing_20260730:v1.0.0	parsimonious_FBA
EX_sucr_e	0.0	iML1515	micro_pilot_processing_20260730:v1.0.0	parsimonious_FBA
ALDD4	0.0	iML1515	micro_pilot_processing_20260730:v1.0.0	parsimonious_FBA
HACD4	0.29246144861904716	iML1515	micro_pilot_processing_20260730:v1.0.0	parsimonious_FBA
G3PT	0.0	iML1515	micro_pilot_processing_20260730:v1.0.0	parsimonious_FBA
CINNDO	0.0	iML1515	micro_pilot_processing_20260730:v1.0.0	parsimonious_FBA
DHPPD	0.0	iML1515	micro_pilot_processing_20260730:v1.0.0	parsimonious_FBA
EX_tre_e	0.0	iML1515	micro_pilot_processing_20260730:v1.0.0	parsimonious_FBA
EX_zn2_e	-0.00028023309536668277	iML1515	micro_pilot_processing_20260730:v1.0.0	parsimonious_FBA
HACD5	0.29246144861904716	iML1515	micro_pilot_processing_20260730:v1.0.0	parsimonious_FBA
DHCIND	0.0	iML1515	micro_pilot_processing_20260730:v1.0.0	parsimonious_FBA
HACD7	0.22850584623248782	iML1515	micro_pilot_processing_20260730:v1.0.0	parsimonious_FBA
CITL	0.0	iML1515	micro_pilot_processing_20260730:v1.0.0	parsimonious_FBA
GOFUCR	0.0	iML1515	micro_pilot_processing_20260730:v1.0.0	parsimonious_FBA
PYDXK	0.0	iML1515	micro_pilot_processing_20260730:v1.0.0	parsimonious_FBA
DNMPPA	0.0005497828175962083	iML1515	micro_pilot_processing_20260730:v1.0.0	parsimonious_FBA
HPPK2	0.0005497828175962083	iML1515	micro_pilot_processing_20260730:v1.0.0	parsimonious_FBA
PTPATi	0.0005538918072633014	iML1515	micro_pilot_processing_20260730:v1.0.0	parsimonious_FBA
HEX7	0.0	iML1515	micro_pilot_processing_20260730:v1.0.0	parsimonious_FBA
DXPRIi	0.0019632752633751576	iML1515	micro_pilot_processing_20260730:v1.0.0	parsimonious_FBA
GTPCII2	0.00036652187839753214	iML1515	micro_pilot_processing_20260730:v1.0.0	parsimonious_FBA
URIC	0.0	iML1515	micro_pilot_processing_20260730:v1.0.0	parsimonious_FBA
SADT2	0.20338019620978606	iML1515	micro_pilot_processing_20260730:v1.0.0	parsimonious_FBA
OPHBDC	0.00018326093919138352	iML1515	micro_pilot_processing_20260730:v1.0.0	parsimonious_FBA
AACPS1	0.0	iML1515	micro_pilot_processing_20260730:v1.0.0	parsimonious_FBA
OHPHM	-7.356230467981314e-15	iML1515	micro_pilot_processing_20260730:v1.0.0	parsimonious_FBA
GHMT2r	0.9167423033932754	iML1515	micro_pilot_processing_20260730:v1.0.0	parsimonious_FBA
DHORD2	0.2718466474540229	iML1515	micro_pilot_processing_20260730:v1.0.0	parsimonious_FBA
LCARS	0.0	iML1515	micro_pilot_processing_20260730:v1.0.0	parsimonious_FBA
ALCD19	0.0	iML1515	micro_pilot_processing_20260730:v1.0.0	parsimonious_FBA
RMPA	0.0	iML1515	micro_pilot_processing_20260730:v1.0.0	parsimonious_FBA
SBTPD	0.0	iML1515	micro_pilot_processing_20260730:v1.0.0	parsimonious_FBA
PFK_2	0.0	iML1515	micro_pilot_processing_20260730:v1.0.0	parsimonious_FBA
GLTPD	0.0	iML1515	micro_pilot_processing_20260730:v1.0.0	parsimonious_FBA
EX_hdcea_e	0.0	iML1515	micro_pilot_processing_20260730:v1.0.0	parsimonious_FBA
ACACCT	0.0	iML1515	micro_pilot_processing_20260730:v1.0.0	parsimonious_FBA
SDPDS	0.30484512168086686	iML1515	micro_pilot_processing_20260730:v1.0.0	parsimonious_FBA
BUTCT	0.0	iML1515	micro_pilot_processing_20260730:v1.0.0	parsimonious_FBA
TGBPA	0.0	iML1515	micro_pilot_processing_20260730:v1.0.0	parsimonious_FBA
MANAO	0.0	iML1515	micro_pilot_processing_20260730:v1.0.0	parsimonious_FBA
TAGURr	0.0	iML1515	micro_pilot_processing_20260730:v1.0.0	parsimonious_FBA
DMSOR1	0.0	iML1515	micro_pilot_processing_20260730:v1.0.0	parsimonious_FBA
PGLYCP	0.0	iML1515	micro_pilot_processing_20260730:v1.0.0	parsimonious_FBA
2DGULRx	0.0	iML1515	micro_pilot_processing_20260730:v1.0.0	parsimonious_FBA
DKGLCNR2y	0.0	iML1515	micro_pilot_processing_20260730:v1.0.0	parsimonious_FBA
G1PTT	0.0	iML1515	micro_pilot_processing_20260730:v1.0.0	parsimonious_FBA
TDPGDH	0.0	iML1515	micro_pilot_processing_20260730:v1.0.0	parsimonious_FBA
ADCS	0.0005497828175962084	iML1515	micro_pilot_processing_20260730:v1.0.0	parsimonious_FBA
ADCL	0.0005497828175962084	iML1515	micro_pilot_processing_20260730:v1.0.0	parsimonious_FBA
2DGULRy	0.0	iML1515	micro_pilot_processing_20260730:v1.0.0	parsimonious_FBA
DHAPT	1.563656749071902	iML1515	micro_pilot_processing_20260730:v1.0.0	parsimonious_FBA
EX_lac__D_e	0.0	iML1515	micro_pilot_processing_20260730:v1.0.0	parsimonious_FBA
UDPGALM	0.0	iML1515	micro_pilot_processing_20260730:v1.0.0	parsimonious_FBA
TDPDRE	0.0	iML1515	micro_pilot_processing_20260730:v1.0.0	parsimonious_FBA
TDPDRR	0.0	iML1515	micro_pilot_processing_20260730:v1.0.0	parsimonious_FBA
UMPK	0.3106716690302797	iML1515	micro_pilot_processing_20260730:v1.0.0	parsimonious_FBA
RZ5PP	0.0	iML1515	micro_pilot_processing_20260730:v1.0.0	parsimonious_FBA
DDPGALA	0.0	iML1515	micro_pilot_processing_20260730:v1.0.0	parsimonious_FBA
DURIK1	0.0	iML1515	micro_pilot_processing_20260730:v1.0.0	parsimonious_FBA
G3PD6	0.0	iML1515	micro_pilot_processing_20260730:v1.0.0	parsimonious_FBA
ALLTN	0.0	iML1515	micro_pilot_processing_20260730:v1.0.0	parsimonious_FBA
UAPGR	0.022836120979616955	iML1515	micro_pilot_processing_20260730:v1.0.0	parsimonious_FBA
UPPRT	0.0	iML1515	micro_pilot_processing_20260730:v1.0.0	parsimonious_FBA
NTD9	0.0	iML1515	micro_pilot_processing_20260730:v1.0.0	parsimonious_FBA
CTPS2	0.1319191132954157	iML1515	micro_pilot_processing_20260730:v1.0.0	parsimonious_FBA
NTD1	0.0	iML1515	micro_pilot_processing_20260730:v1.0.0	parsimonious_FBA
NTD7	0.0	iML1515	micro_pilot_processing_20260730:v1.0.0	parsimonious_FBA
PAPPT3	0.02283612097961695	iML1515	micro_pilot_processing_20260730:v1.0.0	parsimonious_FBA
UAGPT3	0.022836120979616955	iML1515	micro_pilot_processing_20260730:v1.0.0	parsimonious_FBA
NDPK7	0.0	iML1515	micro_pilot_processing_20260730:v1.0.0	parsimonious_FBA
AOBUTDs	0.0	iML1515	micro_pilot_processing_20260730:v1.0.0	parsimonious_FBA
GLYAT	0.0	iML1515	micro_pilot_processing_20260730:v1.0.0	parsimonious_FBA
ADNUC	0.0	iML1515	micro_pilot_processing_20260730:v1.0.0	parsimonious_FBA
GMHEPPA	0.0	iML1515	micro_pilot_processing_20260730:v1.0.0	parsimonious_FBA
S7PI	0.0	iML1515	micro_pilot_processing_20260730:v1.0.0	parsimonious_FBA
TRPS3	0.04671345994113885	iML1515	micro_pilot_processing_20260730:v1.0.0	parsimonious_FBA
EX_ttdcea_e	0.0	iML1515	micro_pilot_processing_20260730:v1.0.0	parsimonious_FBA
F6PA	1.563656749071902	iML1515	micro_pilot_processing_20260730:v1.0.0	parsimonious_FBA
AGMHE	0.0	iML1515	micro_pilot_processing_20260730:v1.0.0	parsimonious_FBA
CRNBTCT	0.0	iML1515	micro_pilot_processing_20260730:v1.0.0	parsimonious_FBA
CRNCBCT	0.0	iML1515	micro_pilot_processing_20260730:v1.0.0	parsimonious_FBA
NTD10	0.0	iML1515	micro_pilot_processing_20260730:v1.0.0	parsimonious_FBA
CRNCDH	0.0	iML1515	micro_pilot_processing_20260730:v1.0.0	parsimonious_FBA
GMHEPAT	0.0	iML1515	micro_pilot_processing_20260730:v1.0.0	parsimonious_FBA
EX_h2s_e	0.0	iML1515	micro_pilot_processing_20260730:v1.0.0	parsimonious_FBA
ADPT	0.0	iML1515	micro_pilot_processing_20260730:v1.0.0	parsimonious_FBA
EX_gthrd_e	0.0	iML1515	micro_pilot_processing_20260730:v1.0.0	parsimonious_FBA
IDOND	0.0	iML1515	micro_pilot_processing_20260730:v1.0.0	parsimonious_FBA
IDOND2	0.0	iML1515	micro_pilot_processing_20260730:v1.0.0	parsimonious_FBA
FADRx	1.7963598851351263	iML1515	micro_pilot_processing_20260730:v1.0.0	parsimonious_FBA
GTPDPK	0.0	iML1515	micro_pilot_processing_20260730:v1.0.0	parsimonious_FBA
NADN	0.0	iML1515	micro_pilot_processing_20260730:v1.0.0	parsimonious_FBA
GLYCLTDx	0.0	iML1515	micro_pilot_processing_20260730:v1.0.0	parsimonious_FBA
ADK1	2.1559844134755513	iML1515	micro_pilot_processing_20260730:v1.0.0	parsimonious_FBA
NDPK2	0.0	iML1515	micro_pilot_processing_20260730:v1.0.0	parsimonious_FBA
NDPK3	0.148747891380162	iML1515	micro_pilot_processing_20260730:v1.0.0	parsimonious_FBA
HPYRRy	0.0	iML1515	micro_pilot_processing_20260730:v1.0.0	parsimonious_FBA
NDPK4	0.021503164731274553	iML1515	micro_pilot_processing_20260730:v1.0.0	parsimonious_FBA
ACODA	0.24308125438328984	iML1515	micro_pilot_processing_20260730:v1.0.0	parsimonious_FBA
ADA	0.0	iML1515	micro_pilot_processing_20260730:v1.0.0	parsimonious_FBA
DADA	0.0	iML1515	micro_pilot_processing_20260730:v1.0.0	parsimonious_FBA
ADD	0.0	iML1515	micro_pilot_processing_20260730:v1.0.0	parsimonious_FBA
FCLT	0.00018326093919873978	iML1515	micro_pilot_processing_20260730:v1.0.0	parsimonious_FBA
HBZOPT	0.00018326093919138347	iML1515	micro_pilot_processing_20260730:v1.0.0	parsimonious_FBA
PNTK	0.0005538918072633014	iML1515	micro_pilot_processing_20260730:v1.0.0	parsimonious_FBA
ADSS	0.2459674087261413	iML1515	micro_pilot_processing_20260730:v1.0.0	parsimonious_FBA
AGDC	0.0	iML1515	micro_pilot_processing_20260730:v1.0.0	parsimonious_FBA
OCTDPS	0.0001832609391913835	iML1515	micro_pilot_processing_20260730:v1.0.0	parsimonious_FBA
ASNN	0.0	iML1515	micro_pilot_processing_20260730:v1.0.0	parsimonious_FBA
DPCOAK	0.0005538918072633013	iML1515	micro_pilot_processing_20260730:v1.0.0	parsimonious_FBA
HETZK	0.0	iML1515	micro_pilot_processing_20260730:v1.0.0	parsimonious_FBA
ASNS2	0.19809850089036868	iML1515	micro_pilot_processing_20260730:v1.0.0	parsimonious_FBA
ASPCT	0.271846647454023	iML1515	micro_pilot_processing_20260730:v1.0.0	parsimonious_FBA
KDOPS	0.03197780119327964	iML1515	micro_pilot_processing_20260730:v1.0.0	parsimonious_FBA
KDOPP	0.03197780119327964	iML1515	micro_pilot_processing_20260730:v1.0.0	parsimonious_FBA
DMPPS	0.00022845982554084614	iML1515	micro_pilot_processing_20260730:v1.0.0	parsimonious_FBA
EX_26dap__M_e	0.0	iML1515	micro_pilot_processing_20260730:v1.0.0	parsimonious_FBA
MCOATA	0.0639588895782938	iML1515	micro_pilot_processing_20260730:v1.0.0	parsimonious_FBA
IPDPS	0.001734815437834311	iML1515	micro_pilot_processing_20260730:v1.0.0	parsimonious_FBA
AST	0.0	iML1515	micro_pilot_processing_20260730:v1.0.0	parsimonious_FBA
SGDS	0.0	iML1515	micro_pilot_processing_20260730:v1.0.0	parsimonious_FBA
CYNTAH	0.0	iML1515	micro_pilot_processing_20260730:v1.0.0	parsimonious_FBA
DAPE	0.30484512168086686	iML1515	micro_pilot_processing_20260730:v1.0.0	parsimonious_FBA
DHDPRy	0.3048451216808669	iML1515	micro_pilot_processing_20260730:v1.0.0	parsimonious_FBA
EX_acnam_e	0.0	iML1515	micro_pilot_processing_20260730:v1.0.0	parsimonious_FBA
HSK	0.4472355842465532	iML1515	micro_pilot_processing_20260730:v1.0.0	parsimonious_FBA
SDPTA	-0.30484512168086686	iML1515	micro_pilot_processing_20260730:v1.0.0	parsimonious_FBA
GSPMDA	0.0	iML1515	micro_pilot_processing_20260730:v1.0.0	parsimonious_FBA
GSPMDS	0.0	iML1515	micro_pilot_processing_20260730:v1.0.0	parsimonious_FBA
GUAD	0.0	iML1515	micro_pilot_processing_20260730:v1.0.0	parsimonious_FBA
THRS	0.44723558424655324	iML1515	micro_pilot_processing_20260730:v1.0.0	parsimonious_FBA
EX_amp_e	0.0	iML1515	micro_pilot_processing_20260730:v1.0.0	parsimonious_FBA
HSST	0.12648374176240912	iML1515	micro_pilot_processing_20260730:v1.0.0	parsimonious_FBA
PPNDH	0.1522503941733387	iML1515	micro_pilot_processing_20260730:v1.0.0	parsimonious_FBA
TMAOR1	0.0	iML1515	micro_pilot_processing_20260730:v1.0.0	parsimonious_FBA
TMAOR2	0.0	iML1515	micro_pilot_processing_20260730:v1.0.0	parsimonious_FBA
DGK1	0.0	iML1515	micro_pilot_processing_20260730:v1.0.0	parsimonious_FBA
DTMPK	0.021503164731274556	iML1515	micro_pilot_processing_20260730:v1.0.0	parsimonious_FBA
NDPK1	0.0	iML1515	micro_pilot_processing_20260730:v1.0.0	parsimonious_FBA
TRDR	0.20338019620978603	iML1515	micro_pilot_processing_20260730:v1.0.0	parsimonious_FBA
DDPA	0.3132028066658425	iML1515	micro_pilot_processing_20260730:v1.0.0	parsimonious_FBA
NMNDA	0.0	iML1515	micro_pilot_processing_20260730:v1.0.0	parsimonious_FBA
NNAM	0.0	iML1515	micro_pilot_processing_20260730:v1.0.0	parsimonious_FBA
P5CD	0.0	iML1515	micro_pilot_processing_20260730:v1.0.0	parsimonious_FBA
PGMT	0.0	iML1515	micro_pilot_processing_20260730:v1.0.0	parsimonious_FBA
FRUK	0.0	iML1515	micro_pilot_processing_20260730:v1.0.0	parsimonious_FBA
SPMDAT1	0.0	iML1515	micro_pilot_processing_20260730:v1.0.0	parsimonious_FBA
RHCCE	0.0003681654742426251	iML1515	micro_pilot_processing_20260730:v1.0.0	parsimonious_FBA
EX_dha_e	0.0	iML1515	micro_pilot_processing_20260730:v1.0.0	parsimonious_FBA
KG6PDC	0.0	iML1515	micro_pilot_processing_20260730:v1.0.0	parsimonious_FBA
SPMDAT2	0.0	iML1515	micro_pilot_processing_20260730:v1.0.0	parsimonious_FBA
TDPADGAT	0.0	iML1515	micro_pilot_processing_20260730:v1.0.0	parsimonious_FBA
MALS	0.0	iML1515	micro_pilot_processing_20260730:v1.0.0	parsimonious_FBA
X5PL3E	0.0	iML1515	micro_pilot_processing_20260730:v1.0.0	parsimonious_FBA
DOGULNR	0.0	iML1515	micro_pilot_processing_20260730:v1.0.0	parsimonious_FBA
TRE6PP	0.0	iML1515	micro_pilot_processing_20260730:v1.0.0	parsimonious_FBA
EX_fuc__L_e	0.0	iML1515	micro_pilot_processing_20260730:v1.0.0	parsimonious_FBA
EX_met__D_e	0.0	iML1515	micro_pilot_processing_20260730:v1.0.0	parsimonious_FBA
EX_tartr__L_e	0.0	iML1515	micro_pilot_processing_20260730:v1.0.0	parsimonious_FBA
BETALDHx	0.0	iML1515	micro_pilot_processing_20260730:v1.0.0	parsimonious_FBA
BETALDHy	0.0	iML1515	micro_pilot_processing_20260730:v1.0.0	parsimonious_FBA
MLTG3	0.0	iML1515	micro_pilot_processing_20260730:v1.0.0	parsimonious_FBA
EX_taur_e	0.0	iML1515	micro_pilot_processing_20260730:v1.0.0	parsimonious_FBA
EX_maltpt_e	0.0	iML1515	micro_pilot_processing_20260730:v1.0.0	parsimonious_FBA
EX_glyald_e	0.0	iML1515	micro_pilot_processing_20260730:v1.0.0	parsimonious_FBA
EX_glcur_e	0.0	iML1515	micro_pilot_processing_20260730:v1.0.0	parsimonious_FBA
ADPRDP	0.0	iML1515	micro_pilot_processing_20260730:v1.0.0	parsimonious_FBA
DKGLCNR1	0.0	iML1515	micro_pilot_processing_20260730:v1.0.0	parsimonious_FBA
NADTRHD	0.0	iML1515	micro_pilot_processing_20260730:v1.0.0	parsimonious_FBA
AACPS2	0.0	iML1515	micro_pilot_processing_20260730:v1.0.0	parsimonious_FBA
FMNRx2	0.0	iML1515	micro_pilot_processing_20260730:v1.0.0	parsimonious_FBA
ACPS1	0.0	iML1515	micro_pilot_processing_20260730:v1.0.0	parsimonious_FBA
EX_nmn_e	0.0	iML1515	micro_pilot_processing_20260730:v1.0.0	parsimonious_FBA
EX_urea_e	0.0	iML1515	micro_pilot_processing_20260730:v1.0.0	parsimonious_FBA
ARAI	0.0	iML1515	micro_pilot_processing_20260730:v1.0.0	parsimonious_FBA
M1PD	0.0	iML1515	micro_pilot_processing_20260730:v1.0.0	parsimonious_FBA
G3PD2	-0.11425292311624391	iML1515	micro_pilot_processing_20260730:v1.0.0	parsimonious_FBA
GALS3	0.0	iML1515	micro_pilot_processing_20260730:v1.0.0	parsimonious_FBA
FCI	0.0	iML1515	micro_pilot_processing_20260730:v1.0.0	parsimonious_FBA
FCLK	0.0	iML1515	micro_pilot_processing_20260730:v1.0.0	parsimonious_FBA
FCLPA	0.0	iML1515	micro_pilot_processing_20260730:v1.0.0	parsimonious_FBA
GMPS2	0.0	iML1515	micro_pilot_processing_20260730:v1.0.0	parsimonious_FBA
AMPN	0.0	iML1515	micro_pilot_processing_20260730:v1.0.0	parsimonious_FBA
GSNK	0.0	iML1515	micro_pilot_processing_20260730:v1.0.0	parsimonious_FBA
ACCOAL	0.0	iML1515	micro_pilot_processing_20260730:v1.0.0	parsimonious_FBA
GALUi	0.0	iML1515	micro_pilot_processing_20260730:v1.0.0	parsimonious_FBA
AACPS3	0.10488442667290025	iML1515	micro_pilot_processing_20260730:v1.0.0	parsimonious_FBA
U23GAAT	0.03197780119327965	iML1515	micro_pilot_processing_20260730:v1.0.0	parsimonious_FBA
EX_f6p_e	0.0	iML1515	micro_pilot_processing_20260730:v1.0.0	parsimonious_FBA
UAAGDS	0.02283612097961695	iML1515	micro_pilot_processing_20260730:v1.0.0	parsimonious_FBA
AACPS4	0.12362141955958758	iML1515	micro_pilot_processing_20260730:v1.0.0	parsimonious_FBA
UAMAS	0.022836120979616955	iML1515	micro_pilot_processing_20260730:v1.0.0	parsimonious_FBA
UAMAGS	0.02283612097961695	iML1515	micro_pilot_processing_20260730:v1.0.0	parsimonious_FBA
UGLYCH	0.0	iML1515	micro_pilot_processing_20260730:v1.0.0	parsimonious_FBA
NTPP3	0.0	iML1515	micro_pilot_processing_20260730:v1.0.0	parsimonious_FBA
NTPP6	0.0	iML1515	micro_pilot_processing_20260730:v1.0.0	parsimonious_FBA
NTPP7	0.0	iML1515	micro_pilot_processing_20260730:v1.0.0	parsimonious_FBA
OP4ENH	0.0	iML1515	micro_pilot_processing_20260730:v1.0.0	parsimonious_FBA
EX_rmn_e	0.0	iML1515	micro_pilot_processing_20260730:v1.0.0	parsimonious_FBA
HOPNTAL	0.0	iML1515	micro_pilot_processing_20260730:v1.0.0	parsimonious_FBA
NTPP8	0.0	iML1515	micro_pilot_processing_20260730:v1.0.0	parsimonious_FBA
P5CR	0.18166254221783595	iML1515	micro_pilot_processing_20260730:v1.0.0	parsimonious_FBA
CYANST	0.0	iML1515	micro_pilot_processing_20260730:v1.0.0	parsimonious_FBA
EX_ttdca_e	0.0	iML1515	micro_pilot_processing_20260730:v1.0.0	parsimonious_FBA
DHPPDA2	0.00036652187839753214	iML1515	micro_pilot_processing_20260730:v1.0.0	parsimonious_FBA
3HPPPNH	0.0	iML1515	micro_pilot_processing_20260730:v1.0.0	parsimonious_FBA
G5SADs	0.18166254221783595	iML1515	micro_pilot_processing_20260730:v1.0.0	parsimonious_FBA
GMAND	0.0	iML1515	micro_pilot_processing_20260730:v1.0.0	parsimonious_FBA
PPCSCT	0.0	iML1515	micro_pilot_processing_20260730:v1.0.0	parsimonious_FBA
CYTD	0.0	iML1515	micro_pilot_processing_20260730:v1.0.0	parsimonious_FBA
AKGDH	4.3967096714053575	iML1515	micro_pilot_processing_20260730:v1.0.0	parsimonious_FBA
HPYRRx	0.0	iML1515	micro_pilot_processing_20260730:v1.0.0	parsimonious_FBA
GLYCDx	0.0	iML1515	micro_pilot_processing_20260730:v1.0.0	parsimonious_FBA
ASP1DC	0.0005538918072633013	iML1515	micro_pilot_processing_20260730:v1.0.0	parsimonious_FBA
UGMDDS	0.02283612097961695	iML1515	micro_pilot_processing_20260730:v1.0.0	parsimonious_FBA
DCYTD	0.0	iML1515	micro_pilot_processing_20260730:v1.0.0	parsimonious_FBA
DBTS	1.6435958672532717e-06	iML1515	micro_pilot_processing_20260730:v1.0.0	parsimonious_FBA
DCTPD	0.0	iML1515	micro_pilot_processing_20260730:v1.0.0	parsimonious_FBA
UHGADA	0.03197780119327965	iML1515	micro_pilot_processing_20260730:v1.0.0	parsimonious_FBA
AMANK	0.0	iML1515	micro_pilot_processing_20260730:v1.0.0	parsimonious_FBA
UAGAAT	0.031977801193279656	iML1515	micro_pilot_processing_20260730:v1.0.0	parsimonious_FBA
ATPPRT	0.07785549263592022	iML1515	micro_pilot_processing_20260730:v1.0.0	parsimonious_FBA
HISTD	0.07785549263592023	iML1515	micro_pilot_processing_20260730:v1.0.0	parsimonious_FBA
DHDPS	0.3048451216808669	iML1515	micro_pilot_processing_20260730:v1.0.0	parsimonious_FBA
G1PACT	0.07765004315251355	iML1515	micro_pilot_processing_20260730:v1.0.0	parsimonious_FBA
GART	0.0020158703311862845	iML1515	micro_pilot_processing_20260730:v1.0.0	parsimonious_FBA
CSND	0.0	iML1515	micro_pilot_processing_20260730:v1.0.0	parsimonious_FBA
GF6PTA	0.07765004315251356	iML1515	micro_pilot_processing_20260730:v1.0.0	parsimonious_FBA
IGPDH	0.07785549263592023	iML1515	micro_pilot_processing_20260730:v1.0.0	parsimonious_FBA
EX_glyclt_e	0.0	iML1515	micro_pilot_processing_20260730:v1.0.0	parsimonious_FBA
PRPPS	0.7664671005534414	iML1515	micro_pilot_processing_20260730:v1.0.0	parsimonious_FBA
H2SO	0.0	iML1515	micro_pilot_processing_20260730:v1.0.0	parsimonious_FBA
GLUCYS	0.0	iML1515	micro_pilot_processing_20260730:v1.0.0	parsimonious_FBA
PRATPP	0.07785549263592022	iML1515	micro_pilot_processing_20260730:v1.0.0	parsimonious_FBA
GLUN	0.0	iML1515	micro_pilot_processing_20260730:v1.0.0	parsimonious_FBA
PRMICI	0.07785549263592023	iML1515	micro_pilot_processing_20260730:v1.0.0	parsimonious_FBA
GLUPRT	0.36817944482955917	iML1515	micro_pilot_processing_20260730:v1.0.0	parsimonious_FBA
EX_g6p_e	0.0	iML1515	micro_pilot_processing_20260730:v1.0.0	parsimonious_FBA
GMPR	0.0	iML1515	micro_pilot_processing_20260730:v1.0.0	parsimonious_FBA
SERAT	0.203380196209786	iML1515	micro_pilot_processing_20260730:v1.0.0	parsimonious_FBA
CYSS	0.20338019620978603	iML1515	micro_pilot_processing_20260730:v1.0.0	parsimonious_FBA
NADS1	0.0018720556927905585	iML1515	micro_pilot_processing_20260730:v1.0.0	parsimonious_FBA
BPNT	0.2033801962097861	iML1515	micro_pilot_processing_20260730:v1.0.0	parsimonious_FBA
EX_2ddglcn_e	0.0	iML1515	micro_pilot_processing_20260730:v1.0.0	parsimonious_FBA
PAPSR	0.20338019620978606	iML1515	micro_pilot_processing_20260730:v1.0.0	parsimonious_FBA
ASPK	0.878564447689829	iML1515	micro_pilot_processing_20260730:v1.0.0	parsimonious_FBA
ASAD	-0.878564447689829	iML1515	micro_pilot_processing_20260730:v1.0.0	parsimonious_FBA
DAPDC	0.28200900070124996	iML1515	micro_pilot_processing_20260730:v1.0.0	parsimonious_FBA
EX_mmet_e	0.0	iML1515	micro_pilot_processing_20260730:v1.0.0	parsimonious_FBA
NTRIR2x	0.0	iML1515	micro_pilot_processing_20260730:v1.0.0	parsimonious_FBA
OCBT	0.24308125438328987	iML1515	micro_pilot_processing_20260730:v1.0.0	parsimonious_FBA
GARFT	0.36616357449837283	iML1515	micro_pilot_processing_20260730:v1.0.0	parsimonious_FBA
GPDDA1	0.0	iML1515	micro_pilot_processing_20260730:v1.0.0	parsimonious_FBA
GPDDA2	0.0	iML1515	micro_pilot_processing_20260730:v1.0.0	parsimonious_FBA
PHETA1	-0.1522503941733387	iML1515	micro_pilot_processing_20260730:v1.0.0	parsimonious_FBA
PPND	0.11350590879457728	iML1515	micro_pilot_processing_20260730:v1.0.0	parsimonious_FBA
METAT	0.0007379745443745802	iML1515	micro_pilot_processing_20260730:v1.0.0	parsimonious_FBA
ASCBPL	0.0	iML1515	micro_pilot_processing_20260730:v1.0.0	parsimonious_FBA
ACBIPGT	0.0	iML1515	micro_pilot_processing_20260730:v1.0.0	parsimonious_FBA
TRPS1	0.0	iML1515	micro_pilot_processing_20260730:v1.0.0	parsimonious_FBA
PRAMPC	0.07785549263592022	iML1515	micro_pilot_processing_20260730:v1.0.0	parsimonious_FBA
ADOCBLS	0.0	iML1515	micro_pilot_processing_20260730:v1.0.0	parsimonious_FBA
EX_galct__D_e	0.0	iML1515	micro_pilot_processing_20260730:v1.0.0	parsimonious_FBA
ADOCBIK	0.0	iML1515	micro_pilot_processing_20260730:v1.0.0	parsimonious_FBA
TMPK	0.00018326093919873978	iML1515	micro_pilot_processing_20260730:v1.0.0	parsimonious_FBA
HPPPNDO	0.0	iML1515	micro_pilot_processing_20260730:v1.0.0	parsimonious_FBA
MCITL2	0.0	iML1515	micro_pilot_processing_20260730:v1.0.0	parsimonious_FBA
DXYLK	0.0	iML1515	micro_pilot_processing_20260730:v1.0.0	parsimonious_FBA
MDH3	0.0	iML1515	micro_pilot_processing_20260730:v1.0.0	parsimonious_FBA
SOTA	0.0	iML1515	micro_pilot_processing_20260730:v1.0.0	parsimonious_FBA
DHCINDO	0.0	iML1515	micro_pilot_processing_20260730:v1.0.0	parsimonious_FBA
SGSAD	0.0	iML1515	micro_pilot_processing_20260730:v1.0.0	parsimonious_FBA
HKNDDH	0.0	iML1515	micro_pilot_processing_20260730:v1.0.0	parsimonious_FBA
EX_idon__L_e	0.0	iML1515	micro_pilot_processing_20260730:v1.0.0	parsimonious_FBA
HKNTDH	0.0	iML1515	micro_pilot_processing_20260730:v1.0.0	parsimonious_FBA
GLYCK2	0.0	iML1515	micro_pilot_processing_20260730:v1.0.0	parsimonious_FBA
PTA2	0.0	iML1515	micro_pilot_processing_20260730:v1.0.0	parsimonious_FBA
MDH2	0.0	iML1515	micro_pilot_processing_20260730:v1.0.0	parsimonious_FBA
EX_indole_e	0.0	iML1515	micro_pilot_processing_20260730:v1.0.0	parsimonious_FBA
ACOTA	-0.24308125438328987	iML1515	micro_pilot_processing_20260730:v1.0.0	parsimonious_FBA
GPDDA5	0.0	iML1515	micro_pilot_processing_20260730:v1.0.0	parsimonious_FBA
PDX5PS	0.00018326093919873978	iML1515	micro_pilot_processing_20260730:v1.0.0	parsimonious_FBA
PPBNGS	0.0014660875135899182	iML1515	micro_pilot_processing_20260730:v1.0.0	parsimonious_FBA
ENTCS	0.0	iML1515	micro_pilot_processing_20260730:v1.0.0	parsimonious_FBA
SULR	0.20338019620978603	iML1515	micro_pilot_processing_20260730:v1.0.0	parsimonious_FBA
MANPGH	0.0	iML1515	micro_pilot_processing_20260730:v1.0.0	parsimonious_FBA
URDGLYCD	0.0	iML1515	micro_pilot_processing_20260730:v1.0.0	parsimonious_FBA
CBMKr	0.5149279018373129	iML1515	micro_pilot_processing_20260730:v1.0.0	parsimonious_FBA
PPNCL2	0.0005538918072633013	iML1515	micro_pilot_processing_20260730:v1.0.0	parsimonious_FBA
PRAGSr	0.3681794448295591	iML1515	micro_pilot_processing_20260730:v1.0.0	parsimonious_FBA
PRFGS	0.3681794448295591	iML1515	micro_pilot_processing_20260730:v1.0.0	parsimonious_FBA
AMANAPEr	0.0	iML1515	micro_pilot_processing_20260730:v1.0.0	parsimonious_FBA
EX_3hcinnm_e	0.0	iML1515	micro_pilot_processing_20260730:v1.0.0	parsimonious_FBA
ACM6PH	0.0	iML1515	micro_pilot_processing_20260730:v1.0.0	parsimonious_FBA
NNATr	0.001872055692790559	iML1515	micro_pilot_processing_20260730:v1.0.0	parsimonious_FBA
CYTDH	0.0	iML1515	micro_pilot_processing_20260730:v1.0.0	parsimonious_FBA
EX_acac_e	0.0	iML1515	micro_pilot_processing_20260730:v1.0.0	parsimonious_FBA
ETHAAL	0.0	iML1515	micro_pilot_processing_20260730:v1.0.0	parsimonious_FBA
MAN1PT2	0.0	iML1515	micro_pilot_processing_20260730:v1.0.0	parsimonious_FBA
PSERT	1.4117128424124639	iML1515	micro_pilot_processing_20260730:v1.0.0	parsimonious_FBA
AP4AH	0.0	iML1515	micro_pilot_processing_20260730:v1.0.0	parsimonious_FBA
EX_acmana_e	0.0	iML1515	micro_pilot_processing_20260730:v1.0.0	parsimonious_FBA
AP5AH	0.0	iML1515	micro_pilot_processing_20260730:v1.0.0	parsimonious_FBA
ADNCYC	0.0	iML1515	micro_pilot_processing_20260730:v1.0.0	parsimonious_FBA
AIRC2	0.3679961838903603	iML1515	micro_pilot_processing_20260730:v1.0.0	parsimonious_FBA
GAPD	17.088022834805585	iML1515	micro_pilot_processing_20260730:v1.0.0	parsimonious_FBA
MI1PP	0.0	iML1515	micro_pilot_processing_20260730:v1.0.0	parsimonious_FBA
EX_galur_e	0.0	iML1515	micro_pilot_processing_20260730:v1.0.0	parsimonious_FBA
MCITS	0.0	iML1515	micro_pilot_processing_20260730:v1.0.0	parsimonious_FBA
PPAKr	0.0	iML1515	micro_pilot_processing_20260730:v1.0.0	parsimonious_FBA
HEX1	0.0	iML1515	micro_pilot_processing_20260730:v1.0.0	parsimonious_FBA
GND	2.805911568347956	iML1515	micro_pilot_processing_20260730:v1.0.0	parsimonious_FBA
TAUDO	0.0	iML1515	micro_pilot_processing_20260730:v1.0.0	parsimonious_FBA
DM_amob_c	1.643595867253271e-06	iML1515	micro_pilot_processing_20260730:v1.0.0	parsimonious_FBA
NTP3	0.0	iML1515	micro_pilot_processing_20260730:v1.0.0	parsimonious_FBA
PPM2	0.0	iML1515	micro_pilot_processing_20260730:v1.0.0	parsimonious_FBA
MOAT2	0.015988900596639825	iML1515	micro_pilot_processing_20260730:v1.0.0	parsimonious_FBA
EX_adn_e	0.0	iML1515	micro_pilot_processing_20260730:v1.0.0	parsimonious_FBA
EX_ins_e	0.0	iML1515	micro_pilot_processing_20260730:v1.0.0	parsimonious_FBA
G6PDH2r	2.805911568347956	iML1515	micro_pilot_processing_20260730:v1.0.0	parsimonious_FBA
ME2	0.0	iML1515	micro_pilot_processing_20260730:v1.0.0	parsimonious_FBA
ARGSL	0.24308125438328984	iML1515	micro_pilot_processing_20260730:v1.0.0	parsimonious_FBA
CBPS	0.0	iML1515	micro_pilot_processing_20260730:v1.0.0	parsimonious_FBA
GLU5K	0.18166254221783595	iML1515	micro_pilot_processing_20260730:v1.0.0	parsimonious_FBA
IPPS	0.3702454448347418	iML1515	micro_pilot_processing_20260730:v1.0.0	parsimonious_FBA
EX_mg2_e	-0.007129097074211066	iML1515	micro_pilot_processing_20260730:v1.0.0	parsimonious_FBA
ACOATA	0.0	iML1515	micro_pilot_processing_20260730:v1.0.0	parsimonious_FBA
NADH5	0.0	iML1515	micro_pilot_processing_20260730:v1.0.0	parsimonious_FBA
MOHMT	0.0005538918072633013	iML1515	micro_pilot_processing_20260730:v1.0.0	parsimonious_FBA
EX_glyc3p_e	0.0	iML1515	micro_pilot_processing_20260730:v1.0.0	parsimonious_FBA
MLTG2	0.0	iML1515	micro_pilot_processing_20260730:v1.0.0	parsimonious_FBA
EX_but_e	0.0	iML1515	micro_pilot_processing_20260730:v1.0.0	parsimonious_FBA
MLTG1	0.0	iML1515	micro_pilot_processing_20260730:v1.0.0	parsimonious_FBA
AMALT3	0.0	iML1515	micro_pilot_processing_20260730:v1.0.0	parsimonious_FBA
MLTP3	0.0	iML1515	micro_pilot_processing_20260730:v1.0.0	parsimonious_FBA
EX_lcts_e	0.0	iML1515	micro_pilot_processing_20260730:v1.0.0	parsimonious_FBA
EX_ocdca_e	0.0	iML1515	micro_pilot_processing_20260730:v1.0.0	parsimonious_FBA
EX_cbl1_e	0.0	iML1515	micro_pilot_processing_20260730:v1.0.0	parsimonious_FBA
SPODM	0.0	iML1515	micro_pilot_processing_20260730:v1.0.0	parsimonious_FBA
AHCYSNS	0.0003681654742426251	iML1515	micro_pilot_processing_20260730:v1.0.0	parsimonious_FBA
ACNML	0.0	iML1515	micro_pilot_processing_20260730:v1.0.0	parsimonious_FBA
TMK	0.0	iML1515	micro_pilot_processing_20260730:v1.0.0	parsimonious_FBA
NTPP4	0.0	iML1515	micro_pilot_processing_20260730:v1.0.0	parsimonious_FBA
GMPS	0.19988426780013938	iML1515	micro_pilot_processing_20260730:v1.0.0	parsimonious_FBA
CAT	0.0	iML1515	micro_pilot_processing_20260730:v1.0.0	parsimonious_FBA
FTHFLi	0.0	iML1515	micro_pilot_processing_20260730:v1.0.0	parsimonious_FBA
EX_nac_e	0.0	iML1515	micro_pilot_processing_20260730:v1.0.0	parsimonious_FBA
UDPGD	0.0	iML1515	micro_pilot_processing_20260730:v1.0.0	parsimonious_FBA
SERASr	0.0	iML1515	micro_pilot_processing_20260730:v1.0.0	parsimonious_FBA
GLCRD	0.0	iML1515	micro_pilot_processing_20260730:v1.0.0	parsimonious_FBA
PPPNDO	0.0	iML1515	micro_pilot_processing_20260730:v1.0.0	parsimonious_FBA
26DAHtex	0.0	iML1515	micro_pilot_processing_20260730:v1.0.0	parsimonious_FBA
HCINNMtex	0.0	iML1515	micro_pilot_processing_20260730:v1.0.0	parsimonious_FBA
HPPPNtex	0.0	iML1515	micro_pilot_processing_20260730:v1.0.0	parsimonious_FBA
ACtex	-2.256816188766358	iML1515	micro_pilot_processing_20260730:v1.0.0	parsimonious_FBA
ACALDtex	0.0	iML1515	micro_pilot_processing_20260730:v1.0.0	parsimonious_FBA
CHRPL	0.00018326093919138347	iML1515	micro_pilot_processing_20260730:v1.0.0	parsimonious_FBA
TDPAGTA	0.0	iML1515	micro_pilot_processing_20260730:v1.0.0	parsimonious_FBA
UACMAMO	0.0	iML1515	micro_pilot_processing_20260730:v1.0.0	parsimonious_FBA
FBA3	0.7730056125408612	iML1515	micro_pilot_processing_20260730:v1.0.0	parsimonious_FBA
PMPK	0.0001832609391987398	iML1515	micro_pilot_processing_20260730:v1.0.0	parsimonious_FBA
LCADi	0.0	iML1515	micro_pilot_processing_20260730:v1.0.0	parsimonious_FBA
ACMANAtex	0.0	iML1515	micro_pilot_processing_20260730:v1.0.0	parsimonious_FBA
ACMUMtex	0.0	iML1515	micro_pilot_processing_20260730:v1.0.0	parsimonious_FBA
ACACT7r	0.22850584623248782	iML1515	micro_pilot_processing_20260730:v1.0.0	parsimonious_FBA
PSP_L	1.4117128424124639	iML1515	micro_pilot_processing_20260730:v1.0.0	parsimonious_FBA
ADK3	0.0	iML1515	micro_pilot_processing_20260730:v1.0.0	parsimonious_FBA
GLUDC	0.0	iML1515	micro_pilot_processing_20260730:v1.0.0	parsimonious_FBA
ACACT2r	0.2924614486190471	iML1515	micro_pilot_processing_20260730:v1.0.0	parsimonious_FBA
BSORy	0.0	iML1515	micro_pilot_processing_20260730:v1.0.0	parsimonious_FBA
DMSOR2	0.0	iML1515	micro_pilot_processing_20260730:v1.0.0	parsimonious_FBA
ADSK	0.20338019620978606	iML1515	micro_pilot_processing_20260730:v1.0.0	parsimonious_FBA
ACACT3r	0.29246144861904716	iML1515	micro_pilot_processing_20260730:v1.0.0	parsimonious_FBA
ACACT4r	0.29246144861904716	iML1515	micro_pilot_processing_20260730:v1.0.0	parsimonious_FBA
SUCCt2_2pp	0.0	iML1515	micro_pilot_processing_20260730:v1.0.0	parsimonious_FBA
SUCFUMtpp	0.0	iML1515	micro_pilot_processing_20260730:v1.0.0	parsimonious_FBA
HSDy	-0.573719326008962	iML1515	micro_pilot_processing_20260730:v1.0.0	parsimonious_FBA
CYSTL	0.12648374176240915	iML1515	micro_pilot_processing_20260730:v1.0.0	parsimonious_FBA
ACMAMUT	0.0	iML1515	micro_pilot_processing_20260730:v1.0.0	parsimonious_FBA
SHSL1	0.12648374176240912	iML1515	micro_pilot_processing_20260730:v1.0.0	parsimonious_FBA
SSALy	0.0	iML1515	micro_pilot_processing_20260730:v1.0.0	parsimonious_FBA
SUCptspp	0.0	iML1515	micro_pilot_processing_20260730:v1.0.0	parsimonious_FBA
SULabcpp	0.0	iML1515	micro_pilot_processing_20260730:v1.0.0	parsimonious_FBA
TSULabcpp	0.0	iML1515	micro_pilot_processing_20260730:v1.0.0	parsimonious_FBA
TARTRt7pp	0.0	iML1515	micro_pilot_processing_20260730:v1.0.0	parsimonious_FBA
EX_dad_2_e	0.0	iML1515	micro_pilot_processing_20260730:v1.0.0	parsimonious_FBA
EX_ser__D_e	0.0	iML1515	micro_pilot_processing_20260730:v1.0.0	parsimonious_FBA
DDGALK	0.0	iML1515	micro_pilot_processing_20260730:v1.0.0	parsimonious_FBA
EX_gam6p_e	0.0	iML1515	micro_pilot_processing_20260730:v1.0.0	parsimonious_FBA
EX_15dap_e	0.0	iML1515	micro_pilot_processing_20260730:v1.0.0	parsimonious_FBA
AB6PGH	0.0	iML1515	micro_pilot_processing_20260730:v1.0.0	parsimonious_FBA
EX_ocdcea_e	0.0	iML1515	micro_pilot_processing_20260730:v1.0.0	parsimonious_FBA
EX_cynt_e	0.0	iML1515	micro_pilot_processing_20260730:v1.0.0	parsimonious_FBA
EX_galctn__D_e	0.0	iML1515	micro_pilot_processing_20260730:v1.0.0	parsimonious_FBA
AMALT1	0.0	iML1515	micro_pilot_processing_20260730:v1.0.0	parsimonious_FBA
EX_glyb_e	0.0	iML1515	micro_pilot_processing_20260730:v1.0.0	parsimonious_FBA
AHGDx	0.0	iML1515	micro_pilot_processing_20260730:v1.0.0	parsimonious_FBA
MLTP2	0.0	iML1515	micro_pilot_processing_20260730:v1.0.0	parsimonious_FBA
TAURabcpp	0.0	iML1515	micro_pilot_processing_20260730:v1.0.0	parsimonious_FBA
THMDt2pp_copy1	0.0	iML1515	micro_pilot_processing_20260730:v1.0.0	parsimonious_FBA
3HCINNMH	0.0	iML1515	micro_pilot_processing_20260730:v1.0.0	parsimonious_FBA
BSORx	0.0	iML1515	micro_pilot_processing_20260730:v1.0.0	parsimonious_FBA
PACCOAL	0.0	iML1515	micro_pilot_processing_20260730:v1.0.0	parsimonious_FBA
NMNt7pp	0.0	iML1515	micro_pilot_processing_20260730:v1.0.0	parsimonious_FBA
EX_ca2_e	-0.004277458244526639	iML1515	micro_pilot_processing_20260730:v1.0.0	parsimonious_FBA
EX_so3_e	0.0	iML1515	micro_pilot_processing_20260730:v1.0.0	parsimonious_FBA
GLUtex	0.0	iML1515	micro_pilot_processing_20260730:v1.0.0	parsimonious_FBA
Kt2pp	0.16040920405838394	iML1515	micro_pilot_processing_20260730:v1.0.0	parsimonious_FBA
GLYtex	0.0	iML1515	micro_pilot_processing_20260730:v1.0.0	parsimonious_FBA
GP4GH	0.0	iML1515	micro_pilot_processing_20260730:v1.0.0	parsimonious_FBA
GLYALDtex	0.0	iML1515	micro_pilot_processing_20260730:v1.0.0	parsimonious_FBA
AKGt2rpp	0.0	iML1515	micro_pilot_processing_20260730:v1.0.0	parsimonious_FBA
ACGAMT	0.0	iML1515	micro_pilot_processing_20260730:v1.0.0	parsimonious_FBA
XYLt2pp	0.0	iML1515	micro_pilot_processing_20260730:v1.0.0	parsimonious_FBA
EX_ascb__L_e	0.0	iML1515	micro_pilot_processing_20260730:v1.0.0	parsimonious_FBA
GLYBtex	0.0	iML1515	micro_pilot_processing_20260730:v1.0.0	parsimonious_FBA
GLYCtex	0.0	iML1515	micro_pilot_processing_20260730:v1.0.0	parsimonious_FBA
GLYC3Ptex	0.0	iML1515	micro_pilot_processing_20260730:v1.0.0	parsimonious_FBA
GLYCLTtex	0.0	iML1515	micro_pilot_processing_20260730:v1.0.0	parsimonious_FBA
GTPtex	0.0	iML1515	micro_pilot_processing_20260730:v1.0.0	parsimonious_FBA
GUAtex	0.0	iML1515	micro_pilot_processing_20260730:v1.0.0	parsimonious_FBA
Htex	-9.814240098643259	iML1515	micro_pilot_processing_20260730:v1.0.0	parsimonious_FBA
EX_ala_B_e	0.0	iML1515	micro_pilot_processing_20260730:v1.0.0	parsimonious_FBA
EX_agm_e	0.0	iML1515	micro_pilot_processing_20260730:v1.0.0	parsimonious_FBA
EX_minohp_e	0.0	iML1515	micro_pilot_processing_20260730:v1.0.0	parsimonious_FBA
EX_ppt_e	0.0	iML1515	micro_pilot_processing_20260730:v1.0.0	parsimonious_FBA
EX_hxa_e	0.0	iML1515	micro_pilot_processing_20260730:v1.0.0	parsimonious_FBA
H2tex	0.0	iML1515	micro_pilot_processing_20260730:v1.0.0	parsimonious_FBA
H2Otex	-43.453540643424056	iML1515	micro_pilot_processing_20260730:v1.0.0	parsimonious_FBA
AADDGT	0.0	iML1515	micro_pilot_processing_20260730:v1.0.0	parsimonious_FBA
FACOAL160t2pp	0.0	iML1515	micro_pilot_processing_20260730:v1.0.0	parsimonious_FBA
FACOAL180t2pp	0.0	iML1515	micro_pilot_processing_20260730:v1.0.0	parsimonious_FBA
SPODMpp	0.0	iML1515	micro_pilot_processing_20260730:v1.0.0	parsimonious_FBA
EX_lyx__L_e	0.0	iML1515	micro_pilot_processing_20260730:v1.0.0	parsimonious_FBA
EX_acmum_e	0.0	iML1515	micro_pilot_processing_20260730:v1.0.0	parsimonious_FBA
EX_dca_e	0.0	iML1515	micro_pilot_processing_20260730:v1.0.0	parsimonious_FBA
EX_all__D_e	0.0	iML1515	micro_pilot_processing_20260730:v1.0.0	parsimonious_FBA
NO3R1bpp	0.0	iML1515	micro_pilot_processing_20260730:v1.0.0	parsimonious_FBA
O2tpp	20.0	iML1515	micro_pilot_processing_20260730:v1.0.0	parsimonious_FBA
EX_octa_e	0.0	iML1515	micro_pilot_processing_20260730:v1.0.0	parsimonious_FBA
PHYTSpp	0.0	iML1515	micro_pilot_processing_20260730:v1.0.0	parsimonious_FBA
EX_gbbtn_e	0.0	iML1515	micro_pilot_processing_20260730:v1.0.0	parsimonious_FBA
PPTHpp	0.0	iML1515	micro_pilot_processing_20260730:v1.0.0	parsimonious_FBA
PYRt2rpp	0.0	iML1515	micro_pilot_processing_20260730:v1.0.0	parsimonious_FBA
NO3R2pp	0.0	iML1515	micro_pilot_processing_20260730:v1.0.0	parsimonious_FBA
EX_xylu__L_e	0.0	iML1515	micro_pilot_processing_20260730:v1.0.0	parsimonious_FBA
EX_gdp_e	0.0	iML1515	micro_pilot_processing_20260730:v1.0.0	parsimonious_FBA
EX_gtp_e	0.0	iML1515	micro_pilot_processing_20260730:v1.0.0	parsimonious_FBA
NTP3pp	0.0	iML1515	micro_pilot_processing_20260730:v1.0.0	parsimonious_FBA
NO3R2bpp	0.0	iML1515	micro_pilot_processing_20260730:v1.0.0	parsimonious_FBA
THMabcpp	0.0	iML1515	micro_pilot_processing_20260730:v1.0.0	parsimonious_FBA
THMDt2pp_copy2	0.0	iML1515	micro_pilot_processing_20260730:v1.0.0	parsimonious_FBA
THRabcpp	0.0	iML1515	micro_pilot_processing_20260730:v1.0.0	parsimonious_FBA
TREptspp	0.0	iML1515	micro_pilot_processing_20260730:v1.0.0	parsimonious_FBA
THD2pp	0.0	iML1515	micro_pilot_processing_20260730:v1.0.0	parsimonious_FBA
TMAOR1pp	0.0	iML1515	micro_pilot_processing_20260730:v1.0.0	parsimonious_FBA
TMAOR2pp	0.0	iML1515	micro_pilot_processing_20260730:v1.0.0	parsimonious_FBA
XANtpp	0.0	iML1515	micro_pilot_processing_20260730:v1.0.0	parsimonious_FBA
DAPtex	0.0	iML1515	micro_pilot_processing_20260730:v1.0.0	parsimonious_FBA
TRPt2rpp	0.0	iML1515	micro_pilot_processing_20260730:v1.0.0	parsimonious_FBA
TYRt2rpp	0.0	iML1515	micro_pilot_processing_20260730:v1.0.0	parsimonious_FBA
EX_tma_e	0.0	iML1515	micro_pilot_processing_20260730:v1.0.0	parsimonious_FBA
URIt2pp_copy1	0.0	iML1515	micro_pilot_processing_20260730:v1.0.0	parsimonious_FBA
URIt2pp_copy2	0.0	iML1515	micro_pilot_processing_20260730:v1.0.0	parsimonious_FBA
VALabcpp	0.0	iML1515	micro_pilot_processing_20260730:v1.0.0	parsimonious_FBA
12PPDStex	0.0	iML1515	micro_pilot_processing_20260730:v1.0.0	parsimonious_FBA
DDGLCNtex	0.0	iML1515	micro_pilot_processing_20260730:v1.0.0	parsimonious_FBA
XTSNt2rpp	0.0	iML1515	micro_pilot_processing_20260730:v1.0.0	parsimonious_FBA
XYLabcpp	0.0	iML1515	micro_pilot_processing_20260730:v1.0.0	parsimonious_FBA
GMHEPK	0.0	iML1515	micro_pilot_processing_20260730:v1.0.0	parsimonious_FBA
XYLUt2pp	0.0	iML1515	micro_pilot_processing_20260730:v1.0.0	parsimonious_FBA
THRt4pp	0.0	iML1515	micro_pilot_processing_20260730:v1.0.0	parsimonious_FBA
GALURtex	0.0	iML1515	micro_pilot_processing_20260730:v1.0.0	parsimonious_FBA
GTPCI	0.000549782817596208	iML1515	micro_pilot_processing_20260730:v1.0.0	parsimonious_FBA
FDMO	0.0	iML1515	micro_pilot_processing_20260730:v1.0.0	parsimonious_FBA
FEOXAMabcpp	0.0	iML1515	micro_pilot_processing_20260730:v1.0.0	parsimonious_FBA
EX_fruur_e	0.0	iML1515	micro_pilot_processing_20260730:v1.0.0	parsimonious_FBA
GALtex	0.0	iML1515	micro_pilot_processing_20260730:v1.0.0	parsimonious_FBA
CBL1abcpp	0.0	iML1515	micro_pilot_processing_20260730:v1.0.0	parsimonious_FBA
EX_malttr_e	0.0	iML1515	micro_pilot_processing_20260730:v1.0.0	parsimonious_FBA
ACACt2pp	0.0	iML1515	micro_pilot_processing_20260730:v1.0.0	parsimonious_FBA
ACGAptspp	0.0	iML1515	micro_pilot_processing_20260730:v1.0.0	parsimonious_FBA
ACMANAptspp	0.0	iML1515	micro_pilot_processing_20260730:v1.0.0	parsimonious_FBA
ACNAMt2pp	0.0	iML1515	micro_pilot_processing_20260730:v1.0.0	parsimonious_FBA
GALCTtex	0.0	iML1515	micro_pilot_processing_20260730:v1.0.0	parsimonious_FBA
GALCTNtex	0.0	iML1515	micro_pilot_processing_20260730:v1.0.0	parsimonious_FBA
GALTtex	0.0	iML1515	micro_pilot_processing_20260730:v1.0.0	parsimonious_FBA
EX_cbi_e	0.0	iML1515	micro_pilot_processing_20260730:v1.0.0	parsimonious_FBA
CHOLD	0.0	iML1515	micro_pilot_processing_20260730:v1.0.0	parsimonious_FBA
TRE6PS	0.0	iML1515	micro_pilot_processing_20260730:v1.0.0	parsimonious_FBA
DRPA	0.0	iML1515	micro_pilot_processing_20260730:v1.0.0	parsimonious_FBA
TKT2	0.46016932775341096	iML1515	micro_pilot_processing_20260730:v1.0.0	parsimonious_FBA
EX_arbtn_fe3_e	0.0	iML1515	micro_pilot_processing_20260730:v1.0.0	parsimonious_FBA
UDCPDP	0.022836120979616948	iML1515	micro_pilot_processing_20260730:v1.0.0	parsimonious_FBA
EX_cpgn_e	0.0	iML1515	micro_pilot_processing_20260730:v1.0.0	parsimonious_FBA
EX_ch4_e	0.0	iML1515	micro_pilot_processing_20260730:v1.0.0	parsimonious_FBA
FEENTERabcpp	0.0	iML1515	micro_pilot_processing_20260730:v1.0.0	parsimonious_FBA
EX_adocbl_e	0.0	iML1515	micro_pilot_processing_20260730:v1.0.0	parsimonious_FBA
FECRMabcpp	0.0	iML1515	micro_pilot_processing_20260730:v1.0.0	parsimonious_FBA
TREH	0.0	iML1515	micro_pilot_processing_20260730:v1.0.0	parsimonious_FBA
GAMtex	0.0	iML1515	micro_pilot_processing_20260730:v1.0.0	parsimonious_FBA
GBBTNtex	0.0	iML1515	micro_pilot_processing_20260730:v1.0.0	parsimonious_FBA
ATPS4rpp	64.31912707940565	iML1515	micro_pilot_processing_20260730:v1.0.0	parsimonious_FBA
INDOLEtex	0.0	iML1515	micro_pilot_processing_20260730:v1.0.0	parsimonious_FBA
ARBt2rpp	0.0	iML1515	micro_pilot_processing_20260730:v1.0.0	parsimonious_FBA
CYTK1	0.14874789138016203	iML1515	micro_pilot_processing_20260730:v1.0.0	parsimonious_FBA
DAPabcpp	0.0	iML1515	micro_pilot_processing_20260730:v1.0.0	parsimonious_FBA
L_LACtex	0.0	iML1515	micro_pilot_processing_20260730:v1.0.0	parsimonious_FBA
ACt4pp	0.0	iML1515	micro_pilot_processing_20260730:v1.0.0	parsimonious_FBA
ADEt2rpp	0.0	iML1515	micro_pilot_processing_20260730:v1.0.0	parsimonious_FBA
CO2tpp	-21.755337786801825	iML1515	micro_pilot_processing_20260730:v1.0.0	parsimonious_FBA
DHAtpp	0.0	iML1515	micro_pilot_processing_20260730:v1.0.0	parsimonious_FBA
DMSOR1pp	0.0	iML1515	micro_pilot_processing_20260730:v1.0.0	parsimonious_FBA
ARGabcpp	0.0	iML1515	micro_pilot_processing_20260730:v1.0.0	parsimonious_FBA
ADNt2pp_copy1	0.0	iML1515	micro_pilot_processing_20260730:v1.0.0	parsimonious_FBA
ADNt2pp_copy2	0.0	iML1515	micro_pilot_processing_20260730:v1.0.0	parsimonious_FBA
ALAabcpp	0.0	iML1515	micro_pilot_processing_20260730:v1.0.0	parsimonious_FBA
ALLabcpp	0.0	iML1515	micro_pilot_processing_20260730:v1.0.0	parsimonious_FBA
ALLTNt2rpp	0.0	iML1515	micro_pilot_processing_20260730:v1.0.0	parsimonious_FBA
ARBabcpp	0.0	iML1515	micro_pilot_processing_20260730:v1.0.0	parsimonious_FBA
ARGAGMt7pp	0.0	iML1515	micro_pilot_processing_20260730:v1.0.0	parsimonious_FBA
ASCBptspp	0.0	iML1515	micro_pilot_processing_20260730:v1.0.0	parsimonious_FBA
CYTK2	0.0	iML1515	micro_pilot_processing_20260730:v1.0.0	parsimonious_FBA
ASNt2rpp	0.0	iML1515	micro_pilot_processing_20260730:v1.0.0	parsimonious_FBA
ASPabcpp	0.0	iML1515	micro_pilot_processing_20260730:v1.0.0	parsimonious_FBA
ASPt2pp	0.0	iML1515	micro_pilot_processing_20260730:v1.0.0	parsimonious_FBA
ECOAH8	0.0	iML1515	micro_pilot_processing_20260730:v1.0.0	parsimonious_FBA
GLCDpp	0.0	iML1515	micro_pilot_processing_20260730:v1.0.0	parsimonious_FBA
GUAtpp	0.0	iML1515	micro_pilot_processing_20260730:v1.0.0	parsimonious_FBA
ASPt2_2pp	0.0	iML1515	micro_pilot_processing_20260730:v1.0.0	parsimonious_FBA
HYD2pp	0.0	iML1515	micro_pilot_processing_20260730:v1.0.0	parsimonious_FBA
GK1	0.1998842678001394	iML1515	micro_pilot_processing_20260730:v1.0.0	parsimonious_FBA
HYXNtpp	0.0	iML1515	micro_pilot_processing_20260730:v1.0.0	parsimonious_FBA
NACtpp	0.0	iML1515	micro_pilot_processing_20260730:v1.0.0	parsimonious_FBA
ASPt2_3pp	0.0	iML1515	micro_pilot_processing_20260730:v1.0.0	parsimonious_FBA
HIStex	0.0	iML1515	micro_pilot_processing_20260730:v1.0.0	parsimonious_FBA
FE3DCITabcpp	0.0	iML1515	micro_pilot_processing_20260730:v1.0.0	parsimonious_FBA
HXAtex	0.0	iML1515	micro_pilot_processing_20260730:v1.0.0	parsimonious_FBA
HACD1	0.29246144861904705	iML1515	micro_pilot_processing_20260730:v1.0.0	parsimonious_FBA
HYXNtex	0.0	iML1515	micro_pilot_processing_20260730:v1.0.0	parsimonious_FBA
IDONtex	0.0	iML1515	micro_pilot_processing_20260730:v1.0.0	parsimonious_FBA
ILEtex	0.0	iML1515	micro_pilot_processing_20260730:v1.0.0	parsimonious_FBA
INSTtex	0.0	iML1515	micro_pilot_processing_20260730:v1.0.0	parsimonious_FBA
INStex	0.0	iML1515	micro_pilot_processing_20260730:v1.0.0	parsimonious_FBA
Ktex	0.1604092040583839	iML1515	micro_pilot_processing_20260730:v1.0.0	parsimonious_FBA
CPGNtonex	0.0	iML1515	micro_pilot_processing_20260730:v1.0.0	parsimonious_FBA
GLCRtex	0.0	iML1515	micro_pilot_processing_20260730:v1.0.0	parsimonious_FBA
GLCNtex	0.0	iML1515	micro_pilot_processing_20260730:v1.0.0	parsimonious_FBA
GLCURtex	0.0	iML1515	micro_pilot_processing_20260730:v1.0.0	parsimonious_FBA
GLNtex	0.0	iML1515	micro_pilot_processing_20260730:v1.0.0	parsimonious_FBA
O2tex	20.0	iML1515	micro_pilot_processing_20260730:v1.0.0	parsimonious_FBA
EX_ppa_e	0.0	iML1515	micro_pilot_processing_20260730:v1.0.0	parsimonious_FBA
HACD2	0.29246144861904716	iML1515	micro_pilot_processing_20260730:v1.0.0	parsimonious_FBA
OCTAtex	0.0	iML1515	micro_pilot_processing_20260730:v1.0.0	parsimonious_FBA
D_LACtex	0.0	iML1515	micro_pilot_processing_20260730:v1.0.0	parsimonious_FBA
NTD8pp	0.0	iML1515	micro_pilot_processing_20260730:v1.0.0	parsimonious_FBA
ORNtex	0.0	iML1515	micro_pilot_processing_20260730:v1.0.0	parsimonious_FBA
FRULYStex	0.0	iML1515	micro_pilot_processing_20260730:v1.0.0	parsimonious_FBA
MALTtexi	0.0	iML1515	micro_pilot_processing_20260730:v1.0.0	parsimonious_FBA
ECOAH5	0.29246144861904716	iML1515	micro_pilot_processing_20260730:v1.0.0	parsimonious_FBA
DHFS	0.0005497828175962083	iML1515	micro_pilot_processing_20260730:v1.0.0	parsimonious_FBA
CITt7pp	0.0	iML1515	micro_pilot_processing_20260730:v1.0.0	parsimonious_FBA
CRNt7pp	0.0	iML1515	micro_pilot_processing_20260730:v1.0.0	parsimonious_FBA
EX_ni2_e	-0.0002654407325614034	iML1515	micro_pilot_processing_20260730:v1.0.0	parsimonious_FBA
GLCtex_copy1	10.0	iML1515	micro_pilot_processing_20260730:v1.0.0	parsimonious_FBA
EX_no_e	0.0	iML1515	micro_pilot_processing_20260730:v1.0.0	parsimonious_FBA
CHLabcpp	0.0	iML1515	micro_pilot_processing_20260730:v1.0.0	parsimonious_FBA
DGSNt2pp	0.0	iML1515	micro_pilot_processing_20260730:v1.0.0	parsimonious_FBA
FE3DCITtonex	0.0	iML1515	micro_pilot_processing_20260730:v1.0.0	parsimonious_FBA
DINSt2pp	0.0	iML1515	micro_pilot_processing_20260730:v1.0.0	parsimonious_FBA
DURIt2pp	0.0	iML1515	micro_pilot_processing_20260730:v1.0.0	parsimonious_FBA
FE2abcpp	0.0	iML1515	micro_pilot_processing_20260730:v1.0.0	parsimonious_FBA
FRUptspp	0.0	iML1515	micro_pilot_processing_20260730:v1.0.0	parsimonious_FBA
FUCtpp	0.0	iML1515	micro_pilot_processing_20260730:v1.0.0	parsimonious_FBA
EX_fad_e	0.0	iML1515	micro_pilot_processing_20260730:v1.0.0	parsimonious_FBA
GALCTt2rpp	0.0	iML1515	micro_pilot_processing_20260730:v1.0.0	parsimonious_FBA
GALt2pp	0.0	iML1515	micro_pilot_processing_20260730:v1.0.0	parsimonious_FBA
ASPtex	0.0	iML1515	micro_pilot_processing_20260730:v1.0.0	parsimonious_FBA
ABUTt2pp	0.0	iML1515	micro_pilot_processing_20260730:v1.0.0	parsimonious_FBA
FUMt2_2pp	0.0	iML1515	micro_pilot_processing_20260730:v1.0.0	parsimonious_FBA
FUMt2_3pp	0.0	iML1515	micro_pilot_processing_20260730:v1.0.0	parsimonious_FBA
PHEtex	0.0	iML1515	micro_pilot_processing_20260730:v1.0.0	parsimonious_FBA
FEENTERtonex	0.0	iML1515	micro_pilot_processing_20260730:v1.0.0	parsimonious_FBA
CSNt2pp	0.0	iML1515	micro_pilot_processing_20260730:v1.0.0	parsimonious_FBA
CYNTt2pp	0.0	iML1515	micro_pilot_processing_20260730:v1.0.0	parsimonious_FBA
CYSabcpp	0.0	iML1515	micro_pilot_processing_20260730:v1.0.0	parsimonious_FBA
SBTptspp	0.0	iML1515	micro_pilot_processing_20260730:v1.0.0	parsimonious_FBA
PItex	0.792711217563654	iML1515	micro_pilot_processing_20260730:v1.0.0	parsimonious_FBA
TREHpp	0.0	iML1515	micro_pilot_processing_20260730:v1.0.0	parsimonious_FBA
CYTBDpp	0.0	iML1515	micro_pilot_processing_20260730:v1.0.0	parsimonious_FBA
CYTDt2pp_copy1	0.0	iML1515	micro_pilot_processing_20260730:v1.0.0	parsimonious_FBA
CYTDt2pp_copy2	0.0	iML1515	micro_pilot_processing_20260730:v1.0.0	parsimonious_FBA
DADNt2pp	0.0	iML1515	micro_pilot_processing_20260730:v1.0.0	parsimonious_FBA
DCYTt2pp	0.0	iML1515	micro_pilot_processing_20260730:v1.0.0	parsimonious_FBA
CYTBD2pp	0.0	iML1515	micro_pilot_processing_20260730:v1.0.0	parsimonious_FBA
ACGAMK	0.0	iML1515	micro_pilot_processing_20260730:v1.0.0	parsimonious_FBA
ACALDtpp	0.0	iML1515	micro_pilot_processing_20260730:v1.0.0	parsimonious_FBA
ACt2rpp	-2.256816188766358	iML1515	micro_pilot_processing_20260730:v1.0.0	parsimonious_FBA
DDGLCNt2rpp	0.0	iML1515	micro_pilot_processing_20260730:v1.0.0	parsimonious_FBA
RMNtex	0.0	iML1515	micro_pilot_processing_20260730:v1.0.0	parsimonious_FBA
EX_meoh_e	1.6435958672532715e-06	iML1515	micro_pilot_processing_20260730:v1.0.0	parsimonious_FBA
EX_fe3dcit_e	0.0	iML1515	micro_pilot_processing_20260730:v1.0.0	parsimonious_FBA
EX_fe3hox_e	0.0	iML1515	micro_pilot_processing_20260730:v1.0.0	parsimonious_FBA
EX_fecrm_e	0.0	iML1515	micro_pilot_processing_20260730:v1.0.0	parsimonious_FBA
EX_feenter_e	0.0	iML1515	micro_pilot_processing_20260730:v1.0.0	parsimonious_FBA
EX_feoxam_e	0.0	iML1515	micro_pilot_processing_20260730:v1.0.0	parsimonious_FBA
MALTTRtexi	0.0	iML1515	micro_pilot_processing_20260730:v1.0.0	parsimonious_FBA
MALTTTRtexi	0.0	iML1515	micro_pilot_processing_20260730:v1.0.0	parsimonious_FBA
MALTPTtexi	0.0	iML1515	micro_pilot_processing_20260730:v1.0.0	parsimonious_FBA
METS	0.12685190723665174	iML1515	micro_pilot_processing_20260730:v1.0.0	parsimonious_FBA
ASPO3	0.0018720557298336606	iML1515	micro_pilot_processing_20260730:v1.0.0	parsimonious_FBA
ASPO5	0.0	iML1515	micro_pilot_processing_20260730:v1.0.0	parsimonious_FBA
ASPO4	0.0	iML1515	micro_pilot_processing_20260730:v1.0.0	parsimonious_FBA
EX_3amp_e	0.0	iML1515	micro_pilot_processing_20260730:v1.0.0	parsimonious_FBA
EX_3gmp_e	0.0	iML1515	micro_pilot_processing_20260730:v1.0.0	parsimonious_FBA
EX_3ump_e	0.0	iML1515	micro_pilot_processing_20260730:v1.0.0	parsimonious_FBA
ASPO6	-3.7043101861476195e-11	iML1515	micro_pilot_processing_20260730:v1.0.0	parsimonious_FBA
EX_cu2_e	-0.0005826547349412847	iML1515	micro_pilot_processing_20260730:v1.0.0	parsimonious_FBA
LCTStex	0.0	iML1515	micro_pilot_processing_20260730:v1.0.0	parsimonious_FBA
LEUtex	0.0	iML1515	micro_pilot_processing_20260730:v1.0.0	parsimonious_FBA
LYStex	0.0	iML1515	micro_pilot_processing_20260730:v1.0.0	parsimonious_FBA
EX_glyc__R_e	0.0	iML1515	micro_pilot_processing_20260730:v1.0.0	parsimonious_FBA
EX_eca4colipa_e	0.0	iML1515	micro_pilot_processing_20260730:v1.0.0	parsimonious_FBA
GLYOX3	0.0	iML1515	micro_pilot_processing_20260730:v1.0.0	parsimonious_FBA
FDMO3	0.0	iML1515	micro_pilot_processing_20260730:v1.0.0	parsimonious_FBA
LYXtex	0.0	iML1515	micro_pilot_processing_20260730:v1.0.0	parsimonious_FBA
MANtex	0.0	iML1515	micro_pilot_processing_20260730:v1.0.0	parsimonious_FBA
MAN6Ptex	0.0	iML1515	micro_pilot_processing_20260730:v1.0.0	parsimonious_FBA
FDMO4	0.0	iML1515	micro_pilot_processing_20260730:v1.0.0	parsimonious_FBA
CYSabc2pp	0.0	iML1515	micro_pilot_processing_20260730:v1.0.0	parsimonious_FBA
BUTSO3abcpp	0.0	iML1515	micro_pilot_processing_20260730:v1.0.0	parsimonious_FBA
ETHSO3abcpp	0.0	iML1515	micro_pilot_processing_20260730:v1.0.0	parsimonious_FBA
MELIBtex	0.0	iML1515	micro_pilot_processing_20260730:v1.0.0	parsimonious_FBA
DMSOtex	0.0	iML1515	micro_pilot_processing_20260730:v1.0.0	parsimonious_FBA
DURItex	0.0	iML1515	micro_pilot_processing_20260730:v1.0.0	parsimonious_FBA
EX_mal__D_e	0.0	iML1515	micro_pilot_processing_20260730:v1.0.0	parsimonious_FBA
FRUtex	0.0	iML1515	micro_pilot_processing_20260730:v1.0.0	parsimonious_FBA
FUCtex	0.0	iML1515	micro_pilot_processing_20260730:v1.0.0	parsimonious_FBA
EX_sel_e	0.0	iML1515	micro_pilot_processing_20260730:v1.0.0	parsimonious_FBA
EX_hg2_e	0.0	iML1515	micro_pilot_processing_20260730:v1.0.0	parsimonious_FBA
O16GLCT1	0.0	iML1515	micro_pilot_processing_20260730:v1.0.0	parsimonious_FBA
O16AP2pp	0.0	iML1515	micro_pilot_processing_20260730:v1.0.0	parsimonious_FBA
O16AP3pp	0.0	iML1515	micro_pilot_processing_20260730:v1.0.0	parsimonious_FBA
FUMtex	0.0	iML1515	micro_pilot_processing_20260730:v1.0.0	parsimonious_FBA
ACACT5r	0.29246144861904716	iML1515	micro_pilot_processing_20260730:v1.0.0	parsimonious_FBA
O16A4Lpp	0.0	iML1515	micro_pilot_processing_20260730:v1.0.0	parsimonious_FBA
PRASCSi	0.3679961838903604	iML1515	micro_pilot_processing_20260730:v1.0.0	parsimonious_FBA
MALTATr	0.0	iML1515	micro_pilot_processing_20260730:v1.0.0	parsimonious_FBA
DHBSH	0.0	iML1515	micro_pilot_processing_20260730:v1.0.0	parsimonious_FBA
MALDDH	0.0	iML1515	micro_pilot_processing_20260730:v1.0.0	parsimonious_FBA
FE2tex	0.006782298272134421	iML1515	micro_pilot_processing_20260730:v1.0.0	parsimonious_FBA
NMNtex	0.0	iML1515	micro_pilot_processing_20260730:v1.0.0	parsimonious_FBA
ENTERES	0.0	iML1515	micro_pilot_processing_20260730:v1.0.0	parsimonious_FBA
NO2tex	0.0	iML1515	micro_pilot_processing_20260730:v1.0.0	parsimonious_FBA
TRSARr	0.0	iML1515	micro_pilot_processing_20260730:v1.0.0	parsimonious_FBA
DHPS2	0.0005497828175962083	iML1515	micro_pilot_processing_20260730:v1.0.0	parsimonious_FBA
FEOXAMUtex	0.0	iML1515	micro_pilot_processing_20260730:v1.0.0	parsimonious_FBA
ARBTNtpp	0.0	iML1515	micro_pilot_processing_20260730:v1.0.0	parsimonious_FBA
MTHFC	0.8121985119638523	iML1515	micro_pilot_processing_20260730:v1.0.0	parsimonious_FBA
ARBTNtex	0.0	iML1515	micro_pilot_processing_20260730:v1.0.0	parsimonious_FBA
MTHFD	0.8121985119638523	iML1515	micro_pilot_processing_20260730:v1.0.0	parsimonious_FBA
LYXI	0.0	iML1515	micro_pilot_processing_20260730:v1.0.0	parsimonious_FBA
BUTt2rpp	0.0	iML1515	micro_pilot_processing_20260730:v1.0.0	parsimonious_FBA
CADVtpp	0.0	iML1515	micro_pilot_processing_20260730:v1.0.0	parsimonious_FBA
QULNS	0.001872055692790559	iML1515	micro_pilot_processing_20260730:v1.0.0	parsimonious_FBA
23CAMPtex	0.0	iML1515	micro_pilot_processing_20260730:v1.0.0	parsimonious_FBA
23CCMPtex	0.0	iML1515	micro_pilot_processing_20260730:v1.0.0	parsimonious_FBA
23CUMPtex	0.0	iML1515	micro_pilot_processing_20260730:v1.0.0	parsimonious_FBA
23CGMPtex	0.0	iML1515	micro_pilot_processing_20260730:v1.0.0	parsimonious_FBA
3AMPtex	0.0	iML1515	micro_pilot_processing_20260730:v1.0.0	parsimonious_FBA
3CMPtex	0.0	iML1515	micro_pilot_processing_20260730:v1.0.0	parsimonious_FBA
LADGMDH	0.0	iML1515	micro_pilot_processing_20260730:v1.0.0	parsimonious_FBA
ALKP	0.0	iML1515	micro_pilot_processing_20260730:v1.0.0	parsimonious_FBA
GDPtex	0.0	iML1515	micro_pilot_processing_20260730:v1.0.0	parsimonious_FBA
EX_cobalt2_e	-2.05449483406659e-05	iML1515	micro_pilot_processing_20260730:v1.0.0	parsimonious_FBA
ALAGLUE	0.0	iML1515	micro_pilot_processing_20260730:v1.0.0	parsimonious_FBA
FEENTERtpp	0.0	iML1515	micro_pilot_processing_20260730:v1.0.0	parsimonious_FBA
TMAtex	0.0	iML1515	micro_pilot_processing_20260730:v1.0.0	parsimonious_FBA
EX_pheme_e	0.0	iML1515	micro_pilot_processing_20260730:v1.0.0	parsimonious_FBA
TMAOtex	0.0	iML1515	micro_pilot_processing_20260730:v1.0.0	parsimonious_FBA
TREtex	0.0	iML1515	micro_pilot_processing_20260730:v1.0.0	parsimonious_FBA
L_LACD3	0.0	iML1515	micro_pilot_processing_20260730:v1.0.0	parsimonious_FBA
FEENTERtex	0.0	iML1515	micro_pilot_processing_20260730:v1.0.0	parsimonious_FBA
FE3HOXUtpp	0.0	iML1515	micro_pilot_processing_20260730:v1.0.0	parsimonious_FBA
FEOXAMUtpp	0.0	iML1515	micro_pilot_processing_20260730:v1.0.0	parsimonious_FBA
FECRMUtpp	0.0	iML1515	micro_pilot_processing_20260730:v1.0.0	parsimonious_FBA
FE3HOXR2	0.0	iML1515	micro_pilot_processing_20260730:v1.0.0	parsimonious_FBA
L_LACD2	0.0	iML1515	micro_pilot_processing_20260730:v1.0.0	parsimonious_FBA
ACACT6r	0.22850584623248782	iML1515	micro_pilot_processing_20260730:v1.0.0	parsimonious_FBA
TRPtex	0.0	iML1515	micro_pilot_processing_20260730:v1.0.0	parsimonious_FBA
PTRCt2pp	0.0	iML1515	micro_pilot_processing_20260730:v1.0.0	parsimonious_FBA
GGGABAH	0.0	iML1515	micro_pilot_processing_20260730:v1.0.0	parsimonious_FBA
PNTOtex	0.0	iML1515	micro_pilot_processing_20260730:v1.0.0	parsimonious_FBA
FRULYSK	0.0	iML1515	micro_pilot_processing_20260730:v1.0.0	parsimonious_FBA
FDMO6	0.0	iML1515	micro_pilot_processing_20260730:v1.0.0	parsimonious_FBA
TSULtex	0.0	iML1515	micro_pilot_processing_20260730:v1.0.0	parsimonious_FBA
TYRtex	0.0	iML1515	micro_pilot_processing_20260730:v1.0.0	parsimonious_FBA
URAtex	0.0	iML1515	micro_pilot_processing_20260730:v1.0.0	parsimonious_FBA
UREAtex	0.0	iML1515	micro_pilot_processing_20260730:v1.0.0	parsimonious_FBA
URItex	0.0	iML1515	micro_pilot_processing_20260730:v1.0.0	parsimonious_FBA
SULFACabcpp	0.0	iML1515	micro_pilot_processing_20260730:v1.0.0	parsimonious_FBA
ETHSO3tex	0.0	iML1515	micro_pilot_processing_20260730:v1.0.0	parsimonious_FBA
BUTSO3tex	0.0	iML1515	micro_pilot_processing_20260730:v1.0.0	parsimonious_FBA
LIPOtex	0.0	iML1515	micro_pilot_processing_20260730:v1.0.0	parsimonious_FBA
CYANSTpp	0.0	iML1515	micro_pilot_processing_20260730:v1.0.0	parsimonious_FBA
VALtex	0.0	iML1515	micro_pilot_processing_20260730:v1.0.0	parsimonious_FBA
XANtex	0.0	iML1515	micro_pilot_processing_20260730:v1.0.0	parsimonious_FBA
MCPST	0.0	iML1515	micro_pilot_processing_20260730:v1.0.0	parsimonious_FBA
XYLtex	0.0	iML1515	micro_pilot_processing_20260730:v1.0.0	parsimonious_FBA
PPPNtex	0.0	iML1515	micro_pilot_processing_20260730:v1.0.0	parsimonious_FBA
ABUTtex	0.0	iML1515	micro_pilot_processing_20260730:v1.0.0	parsimonious_FBA
FORtppi	0.0	iML1515	micro_pilot_processing_20260730:v1.0.0	parsimonious_FBA
PHEMEabcpp	0.0	iML1515	micro_pilot_processing_20260730:v1.0.0	parsimonious_FBA
METSOX1abcpp	0.0	iML1515	micro_pilot_processing_20260730:v1.0.0	parsimonious_FBA
PPTtex	0.0	iML1515	micro_pilot_processing_20260730:v1.0.0	parsimonious_FBA
GALBDtex	0.0	iML1515	micro_pilot_processing_20260730:v1.0.0	parsimonious_FBA
LIPAHT2ex	0.0	iML1515	micro_pilot_processing_20260730:v1.0.0	parsimonious_FBA
DATPHs	0.0	iML1515	micro_pilot_processing_20260730:v1.0.0	parsimonious_FBA
GLCTR1	0.0	iML1515	micro_pilot_processing_20260730:v1.0.0	parsimonious_FBA
LIPAabcpp	0.0	iML1515	micro_pilot_processing_20260730:v1.0.0	parsimonious_FBA
LIPAHTex	0.0	iML1515	micro_pilot_processing_20260730:v1.0.0	parsimonious_FBA
LIPACabcpp	0.0	iML1515	micro_pilot_processing_20260730:v1.0.0	parsimonious_FBA
ECAP1pp	0.0	iML1515	micro_pilot_processing_20260730:v1.0.0	parsimonious_FBA
PTRCtex	0.0	iML1515	micro_pilot_processing_20260730:v1.0.0	parsimonious_FBA
UDCPDPpp	0.0	iML1515	micro_pilot_processing_20260730:v1.0.0	parsimonious_FBA
GGGABADr	0.0	iML1515	micro_pilot_processing_20260730:v1.0.0	parsimonious_FBA
EX_mso3_e	0.0	iML1515	micro_pilot_processing_20260730:v1.0.0	parsimonious_FBA
EX_23camp_e	0.0	iML1515	micro_pilot_processing_20260730:v1.0.0	parsimonious_FBA
EX_23cgmp_e	0.0	iML1515	micro_pilot_processing_20260730:v1.0.0	parsimonious_FBA
EX_23cump_e	0.0	iML1515	micro_pilot_processing_20260730:v1.0.0	parsimonious_FBA
ECAP2pp	0.0	iML1515	micro_pilot_processing_20260730:v1.0.0	parsimonious_FBA
ECA4OALpp	0.0	iML1515	micro_pilot_processing_20260730:v1.0.0	parsimonious_FBA
FE3Ri	0.0	iML1515	micro_pilot_processing_20260730:v1.0.0	parsimonious_FBA
FE3HOXR3	0.0	iML1515	micro_pilot_processing_20260730:v1.0.0	parsimonious_FBA
FEENTERR1	0.0	iML1515	micro_pilot_processing_20260730:v1.0.0	parsimonious_FBA
NODOy	0.0	iML1515	micro_pilot_processing_20260730:v1.0.0	parsimonious_FBA
PYRtex	0.0	iML1515	micro_pilot_processing_20260730:v1.0.0	parsimonious_FBA
GALM2pp	0.0	iML1515	micro_pilot_processing_20260730:v1.0.0	parsimonious_FBA
CU1abcpp	0.0	iML1515	micro_pilot_processing_20260730:v1.0.0	parsimonious_FBA
HG2abcpp	0.0	iML1515	micro_pilot_processing_20260730:v1.0.0	parsimonious_FBA
FEENTERR3	0.0	iML1515	micro_pilot_processing_20260730:v1.0.0	parsimonious_FBA
SULFACtex	0.0	iML1515	micro_pilot_processing_20260730:v1.0.0	parsimonious_FBA
EX_sulfac_e	0.0	iML1515	micro_pilot_processing_20260730:v1.0.0	parsimonious_FBA
EX_butso3_e	0.0	iML1515	micro_pilot_processing_20260730:v1.0.0	parsimonious_FBA
GLCTR3	0.0	iML1515	micro_pilot_processing_20260730:v1.0.0	parsimonious_FBA
HEPT4	0.0	iML1515	micro_pilot_processing_20260730:v1.0.0	parsimonious_FBA
EX_ethso3_e	0.0	iML1515	micro_pilot_processing_20260730:v1.0.0	parsimonious_FBA
DSERtex	0.0	iML1515	micro_pilot_processing_20260730:v1.0.0	parsimonious_FBA
LA4NTpp	0.0	iML1515	micro_pilot_processing_20260730:v1.0.0	parsimonious_FBA
NODOx	0.0	iML1515	micro_pilot_processing_20260730:v1.0.0	parsimonious_FBA
SERtex	0.0	iML1515	micro_pilot_processing_20260730:v1.0.0	parsimonious_FBA
NOtex	0.0	iML1515	micro_pilot_processing_20260730:v1.0.0	parsimonious_FBA
NOtpp	0.0	iML1515	micro_pilot_processing_20260730:v1.0.0	parsimonious_FBA
NHFRBO	0.0	iML1515	micro_pilot_processing_20260730:v1.0.0	parsimonious_FBA
N2Otpp	0.0	iML1515	micro_pilot_processing_20260730:v1.0.0	parsimonious_FBA
N2Otex	0.0	iML1515	micro_pilot_processing_20260730:v1.0.0	parsimonious_FBA
CRNt8pp	0.0	iML1515	micro_pilot_processing_20260730:v1.0.0	parsimonious_FBA
CRNt2rpp	0.0	iML1515	micro_pilot_processing_20260730:v1.0.0	parsimonious_FBA
CRNDt2rpp	0.0	iML1515	micro_pilot_processing_20260730:v1.0.0	parsimonious_FBA
CTBTt2rpp	0.0	iML1515	micro_pilot_processing_20260730:v1.0.0	parsimonious_FBA
42A12BOOXpp	0.0	iML1515	micro_pilot_processing_20260730:v1.0.0	parsimonious_FBA
TYROXDApp	0.0	iML1515	micro_pilot_processing_20260730:v1.0.0	parsimonious_FBA
PACALDt2rpp	0.0	iML1515	micro_pilot_processing_20260730:v1.0.0	parsimonious_FBA
PEAMNtex	0.0	iML1515	micro_pilot_processing_20260730:v1.0.0	parsimonious_FBA
PACALDtex	0.0	iML1515	micro_pilot_processing_20260730:v1.0.0	parsimonious_FBA
LIPOt2pp	0.0	iML1515	micro_pilot_processing_20260730:v1.0.0	parsimonious_FBA
AGM4PA	0.0	iML1515	micro_pilot_processing_20260730:v1.0.0	parsimonious_FBA
RNDR3b	0.0	iML1515	micro_pilot_processing_20260730:v1.0.0	parsimonious_FBA
RNDR4b	0.0	iML1515	micro_pilot_processing_20260730:v1.0.0	parsimonious_FBA
ACGAL1Ptex	0.0	iML1515	micro_pilot_processing_20260730:v1.0.0	parsimonious_FBA
ACGALtex	0.0	iML1515	micro_pilot_processing_20260730:v1.0.0	parsimonious_FBA
GLCUR1Ptex	0.0	iML1515	micro_pilot_processing_20260730:v1.0.0	parsimonious_FBA
UDPGLCURtex	0.0	iML1515	micro_pilot_processing_20260730:v1.0.0	parsimonious_FBA
UDPGALPpp	0.0	iML1515	micro_pilot_processing_20260730:v1.0.0	parsimonious_FBA
UACGAMPpp	0.0	iML1515	micro_pilot_processing_20260730:v1.0.0	parsimonious_FBA
UACGALPpp	0.0	iML1515	micro_pilot_processing_20260730:v1.0.0	parsimonious_FBA
UGLCURPpp	0.0	iML1515	micro_pilot_processing_20260730:v1.0.0	parsimonious_FBA
FEROpp	0.0	iML1515	micro_pilot_processing_20260730:v1.0.0	parsimonious_FBA
ISETACabcpp	0.0	iML1515	micro_pilot_processing_20260730:v1.0.0	parsimonious_FBA
ISETACtex	0.0	iML1515	micro_pilot_processing_20260730:v1.0.0	parsimonious_FBA
GUR1PPpp	0.0	iML1515	micro_pilot_processing_20260730:v1.0.0	parsimonious_FBA
UDPGtex	0.0	iML1515	micro_pilot_processing_20260730:v1.0.0	parsimonious_FBA
ACGAL1PPpp	0.0	iML1515	micro_pilot_processing_20260730:v1.0.0	parsimonious_FBA
UDPGALtex	0.0	iML1515	micro_pilot_processing_20260730:v1.0.0	parsimonious_FBA
ACGAM1Ptex	0.0	iML1515	micro_pilot_processing_20260730:v1.0.0	parsimonious_FBA
UACGAMtex	0.0	iML1515	micro_pilot_processing_20260730:v1.0.0	parsimonious_FBA
UDPACGALtex	0.0	iML1515	micro_pilot_processing_20260730:v1.0.0	parsimonious_FBA
AM4PCP	0.0	iML1515	micro_pilot_processing_20260730:v1.0.0	parsimonious_FBA
AM3PA	0.0	iML1515	micro_pilot_processing_20260730:v1.0.0	parsimonious_FBA
UM4PCP	0.0	iML1515	micro_pilot_processing_20260730:v1.0.0	parsimonious_FBA
CBLAT	0.0	iML1515	micro_pilot_processing_20260730:v1.0.0	parsimonious_FBA
NTRIR4pp	0.0	iML1515	micro_pilot_processing_20260730:v1.0.0	parsimonious_FBA
NTRIR3pp	0.0	iML1515	micro_pilot_processing_20260730:v1.0.0	parsimonious_FBA
INOSTt4pp	0.0	iML1515	micro_pilot_processing_20260730:v1.0.0	parsimonious_FBA
PHEMEtiex	0.0	iML1515	micro_pilot_processing_20260730:v1.0.0	parsimonious_FBA
AGM3PA	0.0	iML1515	micro_pilot_processing_20260730:v1.0.0	parsimonious_FBA
CYANtex	0.0	iML1515	micro_pilot_processing_20260730:v1.0.0	parsimonious_FBA
SO3tex	0.0	iML1515	micro_pilot_processing_20260730:v1.0.0	parsimonious_FBA
TCYNTtex	0.0	iML1515	micro_pilot_processing_20260730:v1.0.0	parsimonious_FBA
ACANTHAT	0.0	iML1515	micro_pilot_processing_20260730:v1.0.0	parsimonious_FBA
METSOX2abcpp	0.0	iML1515	micro_pilot_processing_20260730:v1.0.0	parsimonious_FBA
METSOX1tex	0.0	iML1515	micro_pilot_processing_20260730:v1.0.0	parsimonious_FBA
METSOX2tex	0.0	iML1515	micro_pilot_processing_20260730:v1.0.0	parsimonious_FBA
3UMPtex	0.0	iML1515	micro_pilot_processing_20260730:v1.0.0	parsimonious_FBA
MSO3abcpp	0.0	iML1515	micro_pilot_processing_20260730:v1.0.0	parsimonious_FBA
MSO3tex	0.0	iML1515	micro_pilot_processing_20260730:v1.0.0	parsimonious_FBA
FECRMR1	0.0	iML1515	micro_pilot_processing_20260730:v1.0.0	parsimonious_FBA
FECRMR2	0.0	iML1515	micro_pilot_processing_20260730:v1.0.0	parsimonious_FBA
TDP	0.0	iML1515	micro_pilot_processing_20260730:v1.0.0	parsimonious_FBA
3PEPTabcpp	0.0	iML1515	micro_pilot_processing_20260730:v1.0.0	parsimonious_FBA
4PEPTabcpp	0.0	iML1515	micro_pilot_processing_20260730:v1.0.0	parsimonious_FBA
3GMPtex	0.0	iML1515	micro_pilot_processing_20260730:v1.0.0	parsimonious_FBA
FALDtpp	0.0	iML1515	micro_pilot_processing_20260730:v1.0.0	parsimonious_FBA
EX_tym_e	0.0	iML1515	micro_pilot_processing_20260730:v1.0.0	parsimonious_FBA
AGM3Pt2pp	0.0	iML1515	micro_pilot_processing_20260730:v1.0.0	parsimonious_FBA
SO4tex	0.20694515564585841	iML1515	micro_pilot_processing_20260730:v1.0.0	parsimonious_FBA
AGM4Pt2pp	0.0	iML1515	micro_pilot_processing_20260730:v1.0.0	parsimonious_FBA
AGMt2pp	0.0	iML1515	micro_pilot_processing_20260730:v1.0.0	parsimonious_FBA
FECRMexs	0.0	iML1515	micro_pilot_processing_20260730:v1.0.0	parsimonious_FBA
ARBTNR1	0.0	iML1515	micro_pilot_processing_20260730:v1.0.0	parsimonious_FBA
ARBTNR2	0.0	iML1515	micro_pilot_processing_20260730:v1.0.0	parsimonious_FBA
METSOXR1	0.0	iML1515	micro_pilot_processing_20260730:v1.0.0	parsimonious_FBA
METSOXR2	0.0	iML1515	micro_pilot_processing_20260730:v1.0.0	parsimonious_FBA
DAPAL	0.0	iML1515	micro_pilot_processing_20260730:v1.0.0	parsimonious_FBA
AMPTASECG	0.0	iML1515	micro_pilot_processing_20260730:v1.0.0	parsimonious_FBA
EX_imp_e	0.0	iML1515	micro_pilot_processing_20260730:v1.0.0	parsimonious_FBA
DOPAtex	0.0	iML1515	micro_pilot_processing_20260730:v1.0.0	parsimonious_FBA
4HOXPACDtex	0.0	iML1515	micro_pilot_processing_20260730:v1.0.0	parsimonious_FBA
ARBTNR3	0.0	iML1515	micro_pilot_processing_20260730:v1.0.0	parsimonious_FBA
ARBTNexs	0.0	iML1515	micro_pilot_processing_20260730:v1.0.0	parsimonious_FBA
FEOXAMexs	0.0	iML1515	micro_pilot_processing_20260730:v1.0.0	parsimonious_FBA
LACZpp	0.0	iML1515	micro_pilot_processing_20260730:v1.0.0	parsimonious_FBA
SPMDtex	0.0	iML1515	micro_pilot_processing_20260730:v1.0.0	parsimonious_FBA
GPDDA1pp	0.0	iML1515	micro_pilot_processing_20260730:v1.0.0	parsimonious_FBA
GPDDA5pp	0.0	iML1515	micro_pilot_processing_20260730:v1.0.0	parsimonious_FBA
ETHAtex	0.0	iML1515	micro_pilot_processing_20260730:v1.0.0	parsimonious_FBA
G3PStex	0.0	iML1515	micro_pilot_processing_20260730:v1.0.0	parsimonious_FBA
FEOXAMR1	0.0	iML1515	micro_pilot_processing_20260730:v1.0.0	parsimonious_FBA
FEOXAMR2	0.0	iML1515	micro_pilot_processing_20260730:v1.0.0	parsimonious_FBA
FEOXAMR3	0.0	iML1515	micro_pilot_processing_20260730:v1.0.0	parsimonious_FBA
PTHRpp	0.0	iML1515	micro_pilot_processing_20260730:v1.0.0	parsimonious_FBA
FEENTERR2	0.0	iML1515	micro_pilot_processing_20260730:v1.0.0	parsimonious_FBA
FLVR	0.0	iML1515	micro_pilot_processing_20260730:v1.0.0	parsimonious_FBA
SUCCtex	0.0	iML1515	micro_pilot_processing_20260730:v1.0.0	parsimonious_FBA
FE3HOXR1	0.0	iML1515	micro_pilot_processing_20260730:v1.0.0	parsimonious_FBA
FEENTERexs	0.0	iML1515	micro_pilot_processing_20260730:v1.0.0	parsimonious_FBA
SUCRtex	0.0	iML1515	micro_pilot_processing_20260730:v1.0.0	parsimonious_FBA
FE3HOXexs	0.0	iML1515	micro_pilot_processing_20260730:v1.0.0	parsimonious_FBA
FECRMR3	0.0	iML1515	micro_pilot_processing_20260730:v1.0.0	parsimonious_FBA
FDMO2	0.0	iML1515	micro_pilot_processing_20260730:v1.0.0	parsimonious_FBA
LALGP	0.0	iML1515	micro_pilot_processing_20260730:v1.0.0	parsimonious_FBA
AGM4PApp	0.0	iML1515	micro_pilot_processing_20260730:v1.0.0	parsimonious_FBA
ARABDI	0.0	iML1515	micro_pilot_processing_20260730:v1.0.0	parsimonious_FBA
AGt3	0.0	iML1515	micro_pilot_processing_20260730:v1.0.0	parsimonious_FBA
CD2t3pp	0.0	iML1515	micro_pilot_processing_20260730:v1.0.0	parsimonious_FBA
ZNabcpp	0.0	iML1515	micro_pilot_processing_20260730:v1.0.0	parsimonious_FBA
SKMt2pp	0.0	iML1515	micro_pilot_processing_20260730:v1.0.0	parsimonious_FBA
FE2t2pp	0.0	iML1515	micro_pilot_processing_20260730:v1.0.0	parsimonious_FBA
GLYC2Ptex	0.0	iML1515	micro_pilot_processing_20260730:v1.0.0	parsimonious_FBA
PSERtex	0.0	iML1515	micro_pilot_processing_20260730:v1.0.0	parsimonious_FBA
TARTRtex	0.0	iML1515	micro_pilot_processing_20260730:v1.0.0	parsimonious_FBA
R5Ptex	0.0	iML1515	micro_pilot_processing_20260730:v1.0.0	parsimonious_FBA
THRPtex	0.0	iML1515	micro_pilot_processing_20260730:v1.0.0	parsimonious_FBA
TYRPtex	0.0	iML1515	micro_pilot_processing_20260730:v1.0.0	parsimonious_FBA
R5PPpp	0.0	iML1515	micro_pilot_processing_20260730:v1.0.0	parsimonious_FBA
PSP_Lpp	0.0	iML1515	micro_pilot_processing_20260730:v1.0.0	parsimonious_FBA
TYRPpp	0.0	iML1515	micro_pilot_processing_20260730:v1.0.0	parsimonious_FBA
R1PK	0.0	iML1515	micro_pilot_processing_20260730:v1.0.0	parsimonious_FBA
PAPSR2	0.0	iML1515	micro_pilot_processing_20260730:v1.0.0	parsimonious_FBA
GRXR	0.0	iML1515	micro_pilot_processing_20260730:v1.0.0	parsimonious_FBA
RNDR1b	0.0	iML1515	micro_pilot_processing_20260730:v1.0.0	parsimonious_FBA
R15BPK	0.0	iML1515	micro_pilot_processing_20260730:v1.0.0	parsimonious_FBA
Kabcpp	0.0	iML1515	micro_pilot_processing_20260730:v1.0.0	parsimonious_FBA
RNDR2b	0.0	iML1515	micro_pilot_processing_20260730:v1.0.0	parsimonious_FBA
TAURtex	0.0	iML1515	micro_pilot_processing_20260730:v1.0.0	parsimonious_FBA
FACOAE181	0.0	iML1515	micro_pilot_processing_20260730:v1.0.0	parsimonious_FBA
FACOAE160	0.10488442667290024	iML1515	micro_pilot_processing_20260730:v1.0.0	parsimonious_FBA
FACOAE140	0.0	iML1515	micro_pilot_processing_20260730:v1.0.0	parsimonious_FBA
LEUabcpp	0.0	iML1515	micro_pilot_processing_20260730:v1.0.0	parsimonious_FBA
L_LACt2rpp	0.0	iML1515	micro_pilot_processing_20260730:v1.0.0	parsimonious_FBA
MALt2_2pp	0.0	iML1515	micro_pilot_processing_20260730:v1.0.0	parsimonious_FBA
CPGNR1	0.0	iML1515	micro_pilot_processing_20260730:v1.0.0	parsimonious_FBA
CPGNR2	0.0	iML1515	micro_pilot_processing_20260730:v1.0.0	parsimonious_FBA
THRtex	0.0	iML1515	micro_pilot_processing_20260730:v1.0.0	parsimonious_FBA
CPGNR3	0.0	iML1515	micro_pilot_processing_20260730:v1.0.0	parsimonious_FBA
CPGNUtpp	0.0	iML1515	micro_pilot_processing_20260730:v1.0.0	parsimonious_FBA
CPGNUtex	0.0	iML1515	micro_pilot_processing_20260730:v1.0.0	parsimonious_FBA
MALt2_3pp	0.0	iML1515	micro_pilot_processing_20260730:v1.0.0	parsimonious_FBA
MALTabcpp	0.0	iML1515	micro_pilot_processing_20260730:v1.0.0	parsimonious_FBA
MALTHXabcpp	0.0	iML1515	micro_pilot_processing_20260730:v1.0.0	parsimonious_FBA
MALTPTabcpp	0.0	iML1515	micro_pilot_processing_20260730:v1.0.0	parsimonious_FBA
AAMYL	0.0	iML1515	micro_pilot_processing_20260730:v1.0.0	parsimonious_FBA
AAMYLpp	0.0	iML1515	micro_pilot_processing_20260730:v1.0.0	parsimonious_FBA
MALTTRabcpp	0.0	iML1515	micro_pilot_processing_20260730:v1.0.0	parsimonious_FBA
THMDtex	0.0	iML1515	micro_pilot_processing_20260730:v1.0.0	parsimonious_FBA
MALTTTRabcpp	0.0	iML1515	micro_pilot_processing_20260730:v1.0.0	parsimonious_FBA
MAN6Pt6_2pp	0.0	iML1515	micro_pilot_processing_20260730:v1.0.0	parsimonious_FBA
FACOAL80t2pp	0.0	iML1515	micro_pilot_processing_20260730:v1.0.0	parsimonious_FBA
PPGPPDP	0.0	iML1515	micro_pilot_processing_20260730:v1.0.0	parsimonious_FBA
CPGNabcpp	0.0	iML1515	micro_pilot_processing_20260730:v1.0.0	parsimonious_FBA
CPGNexs	0.0	iML1515	micro_pilot_processing_20260730:v1.0.0	parsimonious_FBA
MANGLYCptspp	0.0	iML1515	micro_pilot_processing_20260730:v1.0.0	parsimonious_FBA
MELIBt2pp	0.0	iML1515	micro_pilot_processing_20260730:v1.0.0	parsimonious_FBA
CBIuabcpp	0.0	iML1515	micro_pilot_processing_20260730:v1.0.0	parsimonious_FBA
METabcpp	0.0	iML1515	micro_pilot_processing_20260730:v1.0.0	parsimonious_FBA
CITtex	0.0	iML1515	micro_pilot_processing_20260730:v1.0.0	parsimonious_FBA
ACGAtex	0.0	iML1515	micro_pilot_processing_20260730:v1.0.0	parsimonious_FBA
DDCAtexi	0.0	iML1515	micro_pilot_processing_20260730:v1.0.0	parsimonious_FBA
TTDCAtexi	0.0	iML1515	micro_pilot_processing_20260730:v1.0.0	parsimonious_FBA
HDCAtexi	0.0	iML1515	micro_pilot_processing_20260730:v1.0.0	parsimonious_FBA
GUACYC	0.0	iML1515	micro_pilot_processing_20260730:v1.0.0	parsimonious_FBA
EX_fe3hox_un_e	0.0	iML1515	micro_pilot_processing_20260730:v1.0.0	parsimonious_FBA
GGPTRCS	0.0	iML1515	micro_pilot_processing_20260730:v1.0.0	parsimonious_FBA
EX_23dappa_e	0.0	iML1515	micro_pilot_processing_20260730:v1.0.0	parsimonious_FBA
RMNtpp	0.0	iML1515	micro_pilot_processing_20260730:v1.0.0	parsimonious_FBA
23PDE2pp	0.0	iML1515	micro_pilot_processing_20260730:v1.0.0	parsimonious_FBA
23PDE4pp	0.0	iML1515	micro_pilot_processing_20260730:v1.0.0	parsimonious_FBA
23PDE9pp	0.0	iML1515	micro_pilot_processing_20260730:v1.0.0	parsimonious_FBA
SERt4pp	0.0	iML1515	micro_pilot_processing_20260730:v1.0.0	parsimonious_FBA
METDtex	0.0	iML1515	micro_pilot_processing_20260730:v1.0.0	parsimonious_FBA
SUCCt2_3pp	0.0	iML1515	micro_pilot_processing_20260730:v1.0.0	parsimonious_FBA
MNLptspp	0.0	iML1515	micro_pilot_processing_20260730:v1.0.0	parsimonious_FBA
NAt3_1p5pp	0.0	iML1515	micro_pilot_processing_20260730:v1.0.0	parsimonious_FBA
ATPHs	0.0	iML1515	micro_pilot_processing_20260730:v1.0.0	parsimonious_FBA
SARCOX	0.0	iML1515	micro_pilot_processing_20260730:v1.0.0	parsimonious_FBA
GTPHs	0.0	iML1515	micro_pilot_processing_20260730:v1.0.0	parsimonious_FBA
MN6PP	0.0	iML1515	micro_pilot_processing_20260730:v1.0.0	parsimonious_FBA
NAt3_2pp	0.0	iML1515	micro_pilot_processing_20260730:v1.0.0	parsimonious_FBA
NH4tpp	8.875347830343056	iML1515	micro_pilot_processing_20260730:v1.0.0	parsimonious_FBA
3KGK	0.0	iML1515	micro_pilot_processing_20260730:v1.0.0	parsimonious_FBA
METtex	0.0	iML1515	micro_pilot_processing_20260730:v1.0.0	parsimonious_FBA
EX_cd2_e	0.0	iML1515	micro_pilot_processing_20260730:v1.0.0	parsimonious_FBA
F6PP	0.0	iML1515	micro_pilot_processing_20260730:v1.0.0	parsimonious_FBA
NMNPtpp	0.0	iML1515	micro_pilot_processing_20260730:v1.0.0	parsimonious_FBA
NO2t2rpp	0.0	iML1515	micro_pilot_processing_20260730:v1.0.0	parsimonious_FBA
NO3t7pp	0.0	iML1515	micro_pilot_processing_20260730:v1.0.0	parsimonious_FBA
ORNabcpp	0.0	iML1515	micro_pilot_processing_20260730:v1.0.0	parsimonious_FBA
PIuabcpp	0.0	iML1515	micro_pilot_processing_20260730:v1.0.0	parsimonious_FBA
PNTOt4pp	0.0	iML1515	micro_pilot_processing_20260730:v1.0.0	parsimonious_FBA
FRULYSDG	0.0	iML1515	micro_pilot_processing_20260730:v1.0.0	parsimonious_FBA
METDabcpp	0.0	iML1515	micro_pilot_processing_20260730:v1.0.0	parsimonious_FBA
GDPMNH	0.0	iML1515	micro_pilot_processing_20260730:v1.0.0	parsimonious_FBA
FACOAL60t2pp	0.0	iML1515	micro_pilot_processing_20260730:v1.0.0	parsimonious_FBA
IDONt2rpp	0.0	iML1515	micro_pilot_processing_20260730:v1.0.0	parsimonious_FBA
ILEabcpp	0.0	iML1515	micro_pilot_processing_20260730:v1.0.0	parsimonious_FBA
INDOLEt2pp	0.0	iML1515	micro_pilot_processing_20260730:v1.0.0	parsimonious_FBA
INSt2pp	0.0	iML1515	micro_pilot_processing_20260730:v1.0.0	parsimonious_FBA
PROabcpp	0.0	iML1515	micro_pilot_processing_20260730:v1.0.0	parsimonious_FBA
PROt2rpp	-0.00427745824452664	iML1515	micro_pilot_processing_20260730:v1.0.0	parsimonious_FBA
MNLtex	0.0	iML1515	micro_pilot_processing_20260730:v1.0.0	parsimonious_FBA
PROt4pp	0.00427745824452664	iML1515	micro_pilot_processing_20260730:v1.0.0	parsimonious_FBA
PTRCabcpp	0.0	iML1515	micro_pilot_processing_20260730:v1.0.0	parsimonious_FBA
LYXt2pp	0.0	iML1515	micro_pilot_processing_20260730:v1.0.0	parsimonious_FBA
GDPDPK	0.0	iML1515	micro_pilot_processing_20260730:v1.0.0	parsimonious_FBA
OCDCAtexi	0.0	iML1515	micro_pilot_processing_20260730:v1.0.0	parsimonious_FBA
OCDCEAtexi	0.0	iML1515	micro_pilot_processing_20260730:v1.0.0	parsimonious_FBA
ASNNpp	0.0	iML1515	micro_pilot_processing_20260730:v1.0.0	parsimonious_FBA
GLUNpp	0.0	iML1515	micro_pilot_processing_20260730:v1.0.0	parsimonious_FBA
G6Ptex	0.0	iML1515	micro_pilot_processing_20260730:v1.0.0	parsimonious_FBA
NTD12	0.0	iML1515	micro_pilot_processing_20260730:v1.0.0	parsimonious_FBA
TUNGSabcpp	0.0	iML1515	micro_pilot_processing_20260730:v1.0.0	parsimonious_FBA
NAtex	6.26333955934786e-19	iML1515	micro_pilot_processing_20260730:v1.0.0	parsimonious_FBA
MOBDabcpp	5.752585535386451e-06	iML1515	micro_pilot_processing_20260730:v1.0.0	parsimonious_FBA
MOBDtex	5.752585535386451e-06	iML1515	micro_pilot_processing_20260730:v1.0.0	parsimonious_FBA
NI2uabcpp	0.0	iML1515	micro_pilot_processing_20260730:v1.0.0	parsimonious_FBA
FECRMtonex	0.0	iML1515	micro_pilot_processing_20260730:v1.0.0	parsimonious_FBA
ARBTNtonex	0.0	iML1515	micro_pilot_processing_20260730:v1.0.0	parsimonious_FBA
ADOCBLabcpp	0.0	iML1515	micro_pilot_processing_20260730:v1.0.0	parsimonious_FBA
EX_enter_e	0.0	iML1515	micro_pilot_processing_20260730:v1.0.0	parsimonious_FBA
EX_fecrm_un_e	0.0	iML1515	micro_pilot_processing_20260730:v1.0.0	parsimonious_FBA
EX_cgly_e	0.0	iML1515	micro_pilot_processing_20260730:v1.0.0	parsimonious_FBA
NI2tex	0.0002654407325614034	iML1515	micro_pilot_processing_20260730:v1.0.0	parsimonious_FBA
NTD10pp	0.0	iML1515	micro_pilot_processing_20260730:v1.0.0	parsimonious_FBA
NTD1pp	0.0	iML1515	micro_pilot_processing_20260730:v1.0.0	parsimonious_FBA
EX_chtbs_e	0.0	iML1515	micro_pilot_processing_20260730:v1.0.0	parsimonious_FBA
EX_gmp_e	0.0	iML1515	micro_pilot_processing_20260730:v1.0.0	parsimonious_FBA
NTD2pp	0.0	iML1515	micro_pilot_processing_20260730:v1.0.0	parsimonious_FBA
NACtex	0.0	iML1515	micro_pilot_processing_20260730:v1.0.0	parsimonious_FBA
NTD3pp	0.0	iML1515	micro_pilot_processing_20260730:v1.0.0	parsimonious_FBA
NTD4pp	0.0	iML1515	micro_pilot_processing_20260730:v1.0.0	parsimonious_FBA
NTD5pp	0.0	iML1515	micro_pilot_processing_20260730:v1.0.0	parsimonious_FBA
EX_h2o2_e	0.0	iML1515	micro_pilot_processing_20260730:v1.0.0	parsimonious_FBA
EX_ump_e	0.0	iML1515	micro_pilot_processing_20260730:v1.0.0	parsimonious_FBA
EX_pydam_e	0.0	iML1515	micro_pilot_processing_20260730:v1.0.0	parsimonious_FBA
CRNabcpp	0.0	iML1515	micro_pilot_processing_20260730:v1.0.0	parsimonious_FBA
CRNDabcpp	0.0	iML1515	micro_pilot_processing_20260730:v1.0.0	parsimonious_FBA
DNTPPA	0.0005497828175962083	iML1515	micro_pilot_processing_20260730:v1.0.0	parsimonious_FBA
NTD6pp	0.0	iML1515	micro_pilot_processing_20260730:v1.0.0	parsimonious_FBA
NTD7pp	0.0	iML1515	micro_pilot_processing_20260730:v1.0.0	parsimonious_FBA
CTBTabcpp	0.0	iML1515	micro_pilot_processing_20260730:v1.0.0	parsimonious_FBA
NTD9pp	0.0	iML1515	micro_pilot_processing_20260730:v1.0.0	parsimonious_FBA
NH4tex	8.875347830343056	iML1515	micro_pilot_processing_20260730:v1.0.0	parsimonious_FBA
PEAMNOpp	0.0	iML1515	micro_pilot_processing_20260730:v1.0.0	parsimonious_FBA
GAL1PPpp	0.0	iML1515	micro_pilot_processing_20260730:v1.0.0	parsimonious_FBA
NTPP9	0.0	iML1515	micro_pilot_processing_20260730:v1.0.0	parsimonious_FBA
NTPP10	0.0	iML1515	micro_pilot_processing_20260730:v1.0.0	parsimonious_FBA
NTPP11	0.0	iML1515	micro_pilot_processing_20260730:v1.0.0	parsimonious_FBA
H2O2tex	0.0	iML1515	micro_pilot_processing_20260730:v1.0.0	parsimonious_FBA
ARGDCpp	0.0	iML1515	micro_pilot_processing_20260730:v1.0.0	parsimonious_FBA
URIH	0.0	iML1515	micro_pilot_processing_20260730:v1.0.0	parsimonious_FBA
ALLPI	0.0	iML1515	micro_pilot_processing_20260730:v1.0.0	parsimonious_FBA
ALLK	0.0	iML1515	micro_pilot_processing_20260730:v1.0.0	parsimonious_FBA
ALLULPE	0.0	iML1515	micro_pilot_processing_20260730:v1.0.0	parsimonious_FBA
ADEtex	0.0	iML1515	micro_pilot_processing_20260730:v1.0.0	parsimonious_FBA
ADNtex	0.0	iML1515	micro_pilot_processing_20260730:v1.0.0	parsimonious_FBA
NADPHQR2	0.0	iML1515	micro_pilot_processing_20260730:v1.0.0	parsimonious_FBA
NADPHQR3	0.0	iML1515	micro_pilot_processing_20260730:v1.0.0	parsimonious_FBA
NADPHQR4	0.0	iML1515	micro_pilot_processing_20260730:v1.0.0	parsimonious_FBA
GLBRAN2	0.0	iML1515	micro_pilot_processing_20260730:v1.0.0	parsimonious_FBA
ASR	0.0	iML1515	micro_pilot_processing_20260730:v1.0.0	parsimonious_FBA
ASO3tex	0.0	iML1515	micro_pilot_processing_20260730:v1.0.0	parsimonious_FBA
AGMtex	0.0	iML1515	micro_pilot_processing_20260730:v1.0.0	parsimonious_FBA
ALAtex	0.0	iML1515	micro_pilot_processing_20260730:v1.0.0	parsimonious_FBA
BALAtex	0.0	iML1515	micro_pilot_processing_20260730:v1.0.0	parsimonious_FBA
DALAtex	0.0	iML1515	micro_pilot_processing_20260730:v1.0.0	parsimonious_FBA
MANGLYCtex	0.0	iML1515	micro_pilot_processing_20260730:v1.0.0	parsimonious_FBA
EX_frulys_e	0.0	iML1515	micro_pilot_processing_20260730:v1.0.0	parsimonious_FBA
AMPtex	0.0	iML1515	micro_pilot_processing_20260730:v1.0.0	parsimonious_FBA
METOX1s	0.0	iML1515	micro_pilot_processing_20260730:v1.0.0	parsimonious_FBA
XTSNH	0.0	iML1515	micro_pilot_processing_20260730:v1.0.0	parsimonious_FBA
METOX2s	0.0	iML1515	micro_pilot_processing_20260730:v1.0.0	parsimonious_FBA
FRUURt2rpp	0.0	iML1515	micro_pilot_processing_20260730:v1.0.0	parsimonious_FBA
FRUURtex	0.0	iML1515	micro_pilot_processing_20260730:v1.0.0	parsimonious_FBA
ARBtex	0.0	iML1515	micro_pilot_processing_20260730:v1.0.0	parsimonious_FBA
ARGtex	0.0	iML1515	micro_pilot_processing_20260730:v1.0.0	parsimonious_FBA
INSH	0.0	iML1515	micro_pilot_processing_20260730:v1.0.0	parsimonious_FBA
ASCBtex	0.0	iML1515	micro_pilot_processing_20260730:v1.0.0	parsimonious_FBA
FACOAL100t2pp	0.0	iML1515	micro_pilot_processing_20260730:v1.0.0	parsimonious_FBA
RIBabcpp	0.0	iML1515	micro_pilot_processing_20260730:v1.0.0	parsimonious_FBA
ECAtpp	0.0	iML1515	micro_pilot_processing_20260730:v1.0.0	parsimonious_FBA
O16AT	0.0	iML1515	micro_pilot_processing_20260730:v1.0.0	parsimonious_FBA
O16GALFT	0.0	iML1515	micro_pilot_processing_20260730:v1.0.0	parsimonious_FBA
O16GLCT2	0.0	iML1515	micro_pilot_processing_20260730:v1.0.0	parsimonious_FBA
O16AUNDtpp	0.0	iML1515	micro_pilot_processing_20260730:v1.0.0	parsimonious_FBA
O16AP1pp	0.0	iML1515	micro_pilot_processing_20260730:v1.0.0	parsimonious_FBA
GPDDA3pp	0.0	iML1515	micro_pilot_processing_20260730:v1.0.0	parsimonious_FBA
GPDDA4pp	0.0	iML1515	micro_pilot_processing_20260730:v1.0.0	parsimonious_FBA
GPDDA2pp	0.0	iML1515	micro_pilot_processing_20260730:v1.0.0	parsimonious_FBA
FACOAL120t2pp	0.0	iML1515	micro_pilot_processing_20260730:v1.0.0	parsimonious_FBA
GLYCAt2rpp	0.0	iML1515	micro_pilot_processing_20260730:v1.0.0	parsimonious_FBA
GLYCAtex	0.0	iML1515	micro_pilot_processing_20260730:v1.0.0	parsimonious_FBA
FACOAL140t2pp	0.0	iML1515	micro_pilot_processing_20260730:v1.0.0	parsimonious_FBA
EX_enlipa_e	0.0	iML1515	micro_pilot_processing_20260730:v1.0.0	parsimonious_FBA
BUTtex	0.0	iML1515	micro_pilot_processing_20260730:v1.0.0	parsimonious_FBA
EX_hacolipa_e	0.0	iML1515	micro_pilot_processing_20260730:v1.0.0	parsimonious_FBA
AGM4PCP	0.0	iML1515	micro_pilot_processing_20260730:v1.0.0	parsimonious_FBA
4PCP	0.0	iML1515	micro_pilot_processing_20260730:v1.0.0	parsimonious_FBA
FE3HOXtonex	0.0	iML1515	micro_pilot_processing_20260730:v1.0.0	parsimonious_FBA
CU2abcpp	0.0	iML1515	micro_pilot_processing_20260730:v1.0.0	parsimonious_FBA
COBALT2abcpp	0.0	iML1515	micro_pilot_processing_20260730:v1.0.0	parsimonious_FBA
NI2abcpp	0.0	iML1515	micro_pilot_processing_20260730:v1.0.0	parsimonious_FBA
MG2uabcpp	0.0	iML1515	micro_pilot_processing_20260730:v1.0.0	parsimonious_FBA
4PCPpp	0.0	iML1515	micro_pilot_processing_20260730:v1.0.0	parsimonious_FBA
HCYSMT2	0.0	iML1515	micro_pilot_processing_20260730:v1.0.0	parsimonious_FBA
FALDH2	0.0	iML1515	micro_pilot_processing_20260730:v1.0.0	parsimonious_FBA
CHLtex	0.0	iML1515	micro_pilot_processing_20260730:v1.0.0	parsimonious_FBA
GLYBabcpp	0.0	iML1515	micro_pilot_processing_20260730:v1.0.0	parsimonious_FBA
GLYC3Pt6pp	0.0	iML1515	micro_pilot_processing_20260730:v1.0.0	parsimonious_FBA
MMETtex	0.0	iML1515	micro_pilot_processing_20260730:v1.0.0	parsimonious_FBA
FE3tex	0.006416598339842977	iML1515	micro_pilot_processing_20260730:v1.0.0	parsimonious_FBA
MG2tex	0.007129097074211066	iML1515	micro_pilot_processing_20260730:v1.0.0	parsimonious_FBA
Zn2tex	0.00028023309536668277	iML1515	micro_pilot_processing_20260730:v1.0.0	parsimonious_FBA
MMETt2pp	0.0	iML1515	micro_pilot_processing_20260730:v1.0.0	parsimonious_FBA
CD2tex	0.0	iML1515	micro_pilot_processing_20260730:v1.0.0	parsimonious_FBA
GLYCLTt4pp	0.0	iML1515	micro_pilot_processing_20260730:v1.0.0	parsimonious_FBA
GLYCtpp	0.0	iML1515	micro_pilot_processing_20260730:v1.0.0	parsimonious_FBA
H2Otpp	-43.45354064342406	iML1515	micro_pilot_processing_20260730:v1.0.0	parsimonious_FBA
GLNabcpp	0.0	iML1515	micro_pilot_processing_20260730:v1.0.0	parsimonious_FBA
CO2tex	-21.755337786801825	iML1515	micro_pilot_processing_20260730:v1.0.0	parsimonious_FBA
GLUabcpp	0.0	iML1515	micro_pilot_processing_20260730:v1.0.0	parsimonious_FBA
GLUABUTt7pp	0.0	iML1515	micro_pilot_processing_20260730:v1.0.0	parsimonious_FBA
GLUt2rpp	0.0	iML1515	micro_pilot_processing_20260730:v1.0.0	parsimonious_FBA
HCINNMt2rpp	0.0	iML1515	micro_pilot_processing_20260730:v1.0.0	parsimonious_FBA
HISabcpp	0.0	iML1515	micro_pilot_processing_20260730:v1.0.0	parsimonious_FBA
HISt2rpp	0.0	iML1515	micro_pilot_processing_20260730:v1.0.0	parsimonious_FBA
CBIAT	0.0	iML1515	micro_pilot_processing_20260730:v1.0.0	parsimonious_FBA
GLUt4pp	0.0	iML1515	micro_pilot_processing_20260730:v1.0.0	parsimonious_FBA
GLYALDtpp	0.0	iML1515	micro_pilot_processing_20260730:v1.0.0	parsimonious_FBA
CRNtex	0.0	iML1515	micro_pilot_processing_20260730:v1.0.0	parsimonious_FBA
EX_etha_e	0.0	iML1515	micro_pilot_processing_20260730:v1.0.0	parsimonious_FBA
ACGK	0.2430812543832898	iML1515	micro_pilot_processing_20260730:v1.0.0	parsimonious_FBA
LYSabcpp	0.0	iML1515	micro_pilot_processing_20260730:v1.0.0	parsimonious_FBA
COBALT2tex	2.05449483406659e-05	iML1515	micro_pilot_processing_20260730:v1.0.0	parsimonious_FBA
LCTSt3ipp	0.0	iML1515	micro_pilot_processing_20260730:v1.0.0	parsimonious_FBA
PPK2	0.0	iML1515	micro_pilot_processing_20260730:v1.0.0	parsimonious_FBA
ARBt3ipp	0.0	iML1515	micro_pilot_processing_20260730:v1.0.0	parsimonious_FBA
14GLUCANabcpp	0.0	iML1515	micro_pilot_processing_20260730:v1.0.0	parsimonious_FBA
14GLUCANtexi	0.0	iML1515	micro_pilot_processing_20260730:v1.0.0	parsimonious_FBA
DINStex	0.0	iML1515	micro_pilot_processing_20260730:v1.0.0	parsimonious_FBA
DHPTPE	0.0	iML1515	micro_pilot_processing_20260730:v1.0.0	parsimonious_FBA
PPDOy	0.0	iML1515	micro_pilot_processing_20260730:v1.0.0	parsimonious_FBA
FALGTHLs	0.0	iML1515	micro_pilot_processing_20260730:v1.0.0	parsimonious_FBA
NTD12pp	0.0	iML1515	micro_pilot_processing_20260730:v1.0.0	parsimonious_FBA
PPA2	0.0	iML1515	micro_pilot_processing_20260730:v1.0.0	parsimonious_FBA
DIMPtex	0.0	iML1515	micro_pilot_processing_20260730:v1.0.0	parsimonious_FBA
EX_hdca_e	0.0	iML1515	micro_pilot_processing_20260730:v1.0.0	parsimonious_FBA
EX_glcr_e	0.0	iML1515	micro_pilot_processing_20260730:v1.0.0	parsimonious_FBA
GNK	0.0	iML1515	micro_pilot_processing_20260730:v1.0.0	parsimonious_FBA
HMBS	0.00036652187839747956	iML1515	micro_pilot_processing_20260730:v1.0.0	parsimonious_FBA
3NTD7pp	0.0	iML1515	micro_pilot_processing_20260730:v1.0.0	parsimonious_FBA
DMStex	0.0	iML1515	micro_pilot_processing_20260730:v1.0.0	parsimonious_FBA
3NTD4pp	0.0	iML1515	micro_pilot_processing_20260730:v1.0.0	parsimonious_FBA
3NTD2pp	0.0	iML1515	micro_pilot_processing_20260730:v1.0.0	parsimonious_FBA
3NTD9pp	0.0	iML1515	micro_pilot_processing_20260730:v1.0.0	parsimonious_FBA
RMK	0.0	iML1515	micro_pilot_processing_20260730:v1.0.0	parsimonious_FBA
FHL	0.0	iML1515	micro_pilot_processing_20260730:v1.0.0	parsimonious_FBA
HYPOE	0.0	iML1515	micro_pilot_processing_20260730:v1.0.0	parsimonious_FBA
MEPCT	0.001963275263375157	iML1515	micro_pilot_processing_20260730:v1.0.0	parsimonious_FBA
GLUDy	-7.027467378254108	iML1515	micro_pilot_processing_20260730:v1.0.0	parsimonious_FBA
23PDE7pp	0.0	iML1515	micro_pilot_processing_20260730:v1.0.0	parsimonious_FBA
GALTptspp	0.0	iML1515	micro_pilot_processing_20260730:v1.0.0	parsimonious_FBA
GALURt2rpp	0.0	iML1515	micro_pilot_processing_20260730:v1.0.0	parsimonious_FBA
ZN2abcpp	0.0	iML1515	micro_pilot_processing_20260730:v1.0.0	parsimonious_FBA
CSNtex	0.0	iML1515	micro_pilot_processing_20260730:v1.0.0	parsimonious_FBA
GLYCLTDy	0.0	iML1515	micro_pilot_processing_20260730:v1.0.0	parsimonious_FBA
LYSDC	0.0	iML1515	micro_pilot_processing_20260730:v1.0.0	parsimonious_FBA
DAAD	0.0	iML1515	micro_pilot_processing_20260730:v1.0.0	parsimonious_FBA
GLCNt2rpp	0.0	iML1515	micro_pilot_processing_20260730:v1.0.0	parsimonious_FBA
GLCptspp	10.0	iML1515	micro_pilot_processing_20260730:v1.0.0	parsimonious_FBA
GLCRt2rpp	0.0	iML1515	micro_pilot_processing_20260730:v1.0.0	parsimonious_FBA
GLCt2pp	0.0	iML1515	micro_pilot_processing_20260730:v1.0.0	parsimonious_FBA
UREAtpp	0.0	iML1515	micro_pilot_processing_20260730:v1.0.0	parsimonious_FBA
XANt2pp	0.0	iML1515	micro_pilot_processing_20260730:v1.0.0	parsimonious_FBA
GLYC3Pabcpp	0.0	iML1515	micro_pilot_processing_20260730:v1.0.0	parsimonious_FBA
PPPNt2rpp	0.0	iML1515	micro_pilot_processing_20260730:v1.0.0	parsimonious_FBA
PTRCORNt7pp	0.0	iML1515	micro_pilot_processing_20260730:v1.0.0	parsimonious_FBA
GLCURt2rpp	0.0	iML1515	micro_pilot_processing_20260730:v1.0.0	parsimonious_FBA
ACMUMptspp	0.0	iML1515	micro_pilot_processing_20260730:v1.0.0	parsimonious_FBA
EX_h2o_e	43.453540643424056	iML1515	micro_pilot_processing_20260730:v1.0.0	parsimonious_FBA
EX_ala__D_e	0.0	iML1515	micro_pilot_processing_20260730:v1.0.0	parsimonious_FBA
HSTPT	0.07785549263592023	iML1515	micro_pilot_processing_20260730:v1.0.0	parsimonious_FBA
SPMDabcpp	0.0	iML1515	micro_pilot_processing_20260730:v1.0.0	parsimonious_FBA
CYNTtex	0.0	iML1515	micro_pilot_processing_20260730:v1.0.0	parsimonious_FBA
HG2tex	0.0	iML1515	micro_pilot_processing_20260730:v1.0.0	parsimonious_FBA
NTPP5	0.0	iML1515	micro_pilot_processing_20260730:v1.0.0	parsimonious_FBA
THDPS	0.3048451216808668	iML1515	micro_pilot_processing_20260730:v1.0.0	parsimonious_FBA
ACONMT	0.0	iML1515	micro_pilot_processing_20260730:v1.0.0	parsimonious_FBA
XTSNtex	0.0	iML1515	micro_pilot_processing_20260730:v1.0.0	parsimonious_FBA
ATPM	6.86	iML1515	micro_pilot_processing_20260730:v1.0.0	parsimonious_FBA
CYStex	0.0	iML1515	micro_pilot_processing_20260730:v1.0.0	parsimonious_FBA
NADPPPS	0.0	iML1515	micro_pilot_processing_20260730:v1.0.0	parsimonious_FBA
EX_mnl_e	0.0	iML1515	micro_pilot_processing_20260730:v1.0.0	parsimonious_FBA
THRD_L	0.23875613185861283	iML1515	micro_pilot_processing_20260730:v1.0.0	parsimonious_FBA
EX_malt_e	0.0	iML1515	micro_pilot_processing_20260730:v1.0.0	parsimonious_FBA
NTD3	0.0	iML1515	micro_pilot_processing_20260730:v1.0.0	parsimonious_FBA
CYTDtex	0.0	iML1515	micro_pilot_processing_20260730:v1.0.0	parsimonious_FBA
GLYOX	0.0	iML1515	micro_pilot_processing_20260730:v1.0.0	parsimonious_FBA
DADNtex	0.0	iML1515	micro_pilot_processing_20260730:v1.0.0	parsimonious_FBA
4PEPTtex	0.0	iML1515	micro_pilot_processing_20260730:v1.0.0	parsimonious_FBA
NAMNPP	0.0	iML1515	micro_pilot_processing_20260730:v1.0.0	parsimonious_FBA
EX_pnto__R_e	0.0	iML1515	micro_pilot_processing_20260730:v1.0.0	parsimonious_FBA
SELNPS	0.0	iML1515	micro_pilot_processing_20260730:v1.0.0	parsimonious_FBA
DHAtex	0.0	iML1515	micro_pilot_processing_20260730:v1.0.0	parsimonious_FBA
ETOHtex	0.0	iML1515	micro_pilot_processing_20260730:v1.0.0	parsimonious_FBA
MTRPOX	0.0	iML1515	micro_pilot_processing_20260730:v1.0.0	parsimonious_FBA
AGM4PCPpp	0.0	iML1515	micro_pilot_processing_20260730:v1.0.0	parsimonious_FBA
GTPDPDP	0.0	iML1515	micro_pilot_processing_20260730:v1.0.0	parsimonious_FBA
CRNCAR	0.0	iML1515	micro_pilot_processing_20260730:v1.0.0	parsimonious_FBA
GALabcpp	0.0	iML1515	micro_pilot_processing_20260730:v1.0.0	parsimonious_FBA
GLYCLTt2rpp	0.0	iML1515	micro_pilot_processing_20260730:v1.0.0	parsimonious_FBA
GUAt2pp	0.0	iML1515	micro_pilot_processing_20260730:v1.0.0	parsimonious_FBA
HPPPNt2rpp	0.0	iML1515	micro_pilot_processing_20260730:v1.0.0	parsimonious_FBA
RNDR2	0.0	iML1515	micro_pilot_processing_20260730:v1.0.0	parsimonious_FBA
EX_asn__L_e	0.0	iML1515	micro_pilot_processing_20260730:v1.0.0	parsimonious_FBA
ANHMK	0.0	iML1515	micro_pilot_processing_20260730:v1.0.0	parsimonious_FBA
DCAtex	0.0	iML1515	micro_pilot_processing_20260730:v1.0.0	parsimonious_FBA
DHFR	0.022052947548870765	iML1515	micro_pilot_processing_20260730:v1.0.0	parsimonious_FBA
EX_cit_e	0.0	iML1515	micro_pilot_processing_20260730:v1.0.0	parsimonious_FBA
PRAIi	0.04671345994113884	iML1515	micro_pilot_processing_20260730:v1.0.0	parsimonious_FBA
EX_mal__L_e	0.0	iML1515	micro_pilot_processing_20260730:v1.0.0	parsimonious_FBA
NMNN	0.0	iML1515	micro_pilot_processing_20260730:v1.0.0	parsimonious_FBA
XAND	0.0	iML1515	micro_pilot_processing_20260730:v1.0.0	parsimonious_FBA
EX_no2_e	0.0	iML1515	micro_pilot_processing_20260730:v1.0.0	parsimonious_FBA
HACD3	0.29246144861904716	iML1515	micro_pilot_processing_20260730:v1.0.0	parsimonious_FBA
TYRTA	-0.1135059087945773	iML1515	micro_pilot_processing_20260730:v1.0.0	parsimonious_FBA
SHKK	0.3132028066658425	iML1515	micro_pilot_processing_20260730:v1.0.0	parsimonious_FBA
DCYTtex	0.0	iML1515	micro_pilot_processing_20260730:v1.0.0	parsimonious_FBA
EX_gam_e	0.0	iML1515	micro_pilot_processing_20260730:v1.0.0	parsimonious_FBA
ACACtex	0.0	iML1515	micro_pilot_processing_20260730:v1.0.0	parsimonious_FBA
ACNAMtex	0.0	iML1515	micro_pilot_processing_20260730:v1.0.0	parsimonious_FBA
ARBTNabcpp	0.0	iML1515	micro_pilot_processing_20260730:v1.0.0	parsimonious_FBA
EX_inost_e	0.0	iML1515	micro_pilot_processing_20260730:v1.0.0	parsimonious_FBA
EX_mobd_e	-5.752585535386451e-06	iML1515	micro_pilot_processing_20260730:v1.0.0	parsimonious_FBA
NNDMBRT	0.0	iML1515	micro_pilot_processing_20260730:v1.0.0	parsimonious_FBA
DGSNtex	0.0	iML1515	micro_pilot_processing_20260730:v1.0.0	parsimonious_FBA
THRA2	0.0	iML1515	micro_pilot_processing_20260730:v1.0.0	parsimonious_FBA
ASO3t8pp	0.0	iML1515	micro_pilot_processing_20260730:v1.0.0	parsimonious_FBA
H2Stex	0.0	iML1515	micro_pilot_processing_20260730:v1.0.0	parsimonious_FBA
PPK	0.0	iML1515	micro_pilot_processing_20260730:v1.0.0	parsimonious_FBA
EX_so4_e	-0.20694515564585841	iML1515	micro_pilot_processing_20260730:v1.0.0	parsimonious_FBA
SADH	0.0	iML1515	micro_pilot_processing_20260730:v1.0.0	parsimonious_FBA
GLUSy	0.0	iML1515	micro_pilot_processing_20260730:v1.0.0	parsimonious_FBA
GUAPRT	0.0	iML1515	micro_pilot_processing_20260730:v1.0.0	parsimonious_FBA
EX_phe__L_e	0.0	iML1515	micro_pilot_processing_20260730:v1.0.0	parsimonious_FBA
EX_thr__L_e	0.0	iML1515	micro_pilot_processing_20260730:v1.0.0	parsimonious_FBA
EX_uri_e	0.0	iML1515	micro_pilot_processing_20260730:v1.0.0	parsimonious_FBA
OMCDC	0.37024544483474187	iML1515	micro_pilot_processing_20260730:v1.0.0	parsimonious_FBA
ABUTD	0.0	iML1515	micro_pilot_processing_20260730:v1.0.0	parsimonious_FBA
E4PD	-0.00036652187839746856	iML1515	micro_pilot_processing_20260730:v1.0.0	parsimonious_FBA
IG3PS	0.07785549263592023	iML1515	micro_pilot_processing_20260730:v1.0.0	parsimonious_FBA
PDH	10.139032228425249	iML1515	micro_pilot_processing_20260730:v1.0.0	parsimonious_FBA
MTHFR2	0.1268519072366517	iML1515	micro_pilot_processing_20260730:v1.0.0	parsimonious_FBA
DMSOR2pp	0.0	iML1515	micro_pilot_processing_20260730:v1.0.0	parsimonious_FBA
H2St1pp	0.0	iML1515	micro_pilot_processing_20260730:v1.0.0	parsimonious_FBA
EX_nh4_e	-8.875347830343056	iML1515	micro_pilot_processing_20260730:v1.0.0	parsimonious_FBA
DADK	0.0	iML1515	micro_pilot_processing_20260730:v1.0.0	parsimonious_FBA
DUTPDP	0.021503164731274556	iML1515	micro_pilot_processing_20260730:v1.0.0	parsimonious_FBA
EX_ddca_e	0.0	iML1515	micro_pilot_processing_20260730:v1.0.0	parsimonious_FBA
HYD3pp	0.0	iML1515	micro_pilot_processing_20260730:v1.0.0	parsimonious_FBA
NO3R1pp	0.0	iML1515	micro_pilot_processing_20260730:v1.0.0	parsimonious_FBA
NTP5	0.0	iML1515	micro_pilot_processing_20260730:v1.0.0	parsimonious_FBA
CELBpts	0.0	iML1515	micro_pilot_processing_20260730:v1.0.0	parsimonious_FBA
FORt2pp	0.0	iML1515	micro_pilot_processing_20260730:v1.0.0	parsimonious_FBA
EX_r5p_e	0.0	iML1515	micro_pilot_processing_20260730:v1.0.0	parsimonious_FBA
EX_glyc2p_e	0.0	iML1515	micro_pilot_processing_20260730:v1.0.0	parsimonious_FBA
MTAN	0.0	iML1515	micro_pilot_processing_20260730:v1.0.0	parsimonious_FBA
DPR	0.0005538918072633013	iML1515	micro_pilot_processing_20260730:v1.0.0	parsimonious_FBA
EX_halipa_e	0.0	iML1515	micro_pilot_processing_20260730:v1.0.0	parsimonious_FBA
AACPS5	0.0	iML1515	micro_pilot_processing_20260730:v1.0.0	parsimonious_FBA
MANptspp	0.0	iML1515	micro_pilot_processing_20260730:v1.0.0	parsimonious_FBA
EX_cmp_e	0.0	iML1515	micro_pilot_processing_20260730:v1.0.0	parsimonious_FBA
NTD8	0.0	iML1515	micro_pilot_processing_20260730:v1.0.0	parsimonious_FBA
GALCTD	0.0	iML1515	micro_pilot_processing_20260730:v1.0.0	parsimonious_FBA
EX_malthx_e	0.0	iML1515	micro_pilot_processing_20260730:v1.0.0	parsimonious_FBA
MLTG4	0.0	iML1515	micro_pilot_processing_20260730:v1.0.0	parsimonious_FBA
UDPGDC	0.0	iML1515	micro_pilot_processing_20260730:v1.0.0	parsimonious_FBA
PUNP4	0.0	iML1515	micro_pilot_processing_20260730:v1.0.0	parsimonious_FBA
AMAOTr	1.6435958672532713e-06	iML1515	micro_pilot_processing_20260730:v1.0.0	parsimonious_FBA
EX_csn_e	0.0	iML1515	micro_pilot_processing_20260730:v1.0.0	parsimonious_FBA
EX_etoh_e	0.0	iML1515	micro_pilot_processing_20260730:v1.0.0	parsimonious_FBA
G6PP	0.0	iML1515	micro_pilot_processing_20260730:v1.0.0	parsimonious_FBA
MMCD	0.0	iML1515	micro_pilot_processing_20260730:v1.0.0	parsimonious_FBA
GLNS	1.2873111257148884	iML1515	micro_pilot_processing_20260730:v1.0.0	parsimonious_FBA
TYMtex	0.0	iML1515	micro_pilot_processing_20260730:v1.0.0	parsimonious_FBA
GTHS	0.0	iML1515	micro_pilot_processing_20260730:v1.0.0	parsimonious_FBA
EX_g3pe_e	0.0	iML1515	micro_pilot_processing_20260730:v1.0.0	parsimonious_FBA
EX_pacald_e	0.0	iML1515	micro_pilot_processing_20260730:v1.0.0	parsimonious_FBA
EX_his__L_e	0.0	iML1515	micro_pilot_processing_20260730:v1.0.0	parsimonious_FBA
EX_k_e	-0.1604092040583839	iML1515	micro_pilot_processing_20260730:v1.0.0	parsimonious_FBA
EX_na1_e	-6.26333955934786e-19	iML1515	micro_pilot_processing_20260730:v1.0.0	parsimonious_FBA
ACACT1r	0.29246144861904705	iML1515	micro_pilot_processing_20260730:v1.0.0	parsimonious_FBA
ARGORNt7pp	0.0	iML1515	micro_pilot_processing_20260730:v1.0.0	parsimonious_FBA
EX_dmso_e	0.0	iML1515	micro_pilot_processing_20260730:v1.0.0	parsimonious_FBA
CMPtex	0.0	iML1515	micro_pilot_processing_20260730:v1.0.0	parsimonious_FBA
DUMPtex	0.0	iML1515	micro_pilot_processing_20260730:v1.0.0	parsimonious_FBA
XMPtex	0.0	iML1515	micro_pilot_processing_20260730:v1.0.0	parsimonious_FBA
3PEPTtex	0.0	iML1515	micro_pilot_processing_20260730:v1.0.0	parsimonious_FBA
EX_12ppd__S_e	0.0	iML1515	micro_pilot_processing_20260730:v1.0.0	parsimonious_FBA
EX_pppn_e	0.0	iML1515	micro_pilot_processing_20260730:v1.0.0	parsimonious_FBA
ANHGMtex	0.0	iML1515	micro_pilot_processing_20260730:v1.0.0	parsimonious_FBA
MALTptspp	0.0	iML1515	micro_pilot_processing_20260730:v1.0.0	parsimonious_FBA
UDPKAAT	0.0	iML1515	micro_pilot_processing_20260730:v1.0.0	parsimonious_FBA
ULA4NFT	0.0	iML1515	micro_pilot_processing_20260730:v1.0.0	parsimonious_FBA
EX_acgam1p_e	0.0	iML1515	micro_pilot_processing_20260730:v1.0.0	parsimonious_FBA
NTD11pp	0.0	iML1515	micro_pilot_processing_20260730:v1.0.0	parsimonious_FBA
EX_galt_e	0.0	iML1515	micro_pilot_processing_20260730:v1.0.0	parsimonious_FBA
DKGLCNR2x	0.0	iML1515	micro_pilot_processing_20260730:v1.0.0	parsimonious_FBA
ACGS	0.2430812543832898	iML1515	micro_pilot_processing_20260730:v1.0.0	parsimonious_FBA
PDE1	0.0	iML1515	micro_pilot_processing_20260730:v1.0.0	parsimonious_FBA
UPLA4FNT	0.0	iML1515	micro_pilot_processing_20260730:v1.0.0	parsimonious_FBA
UPLA4FNF	0.0	iML1515	micro_pilot_processing_20260730:v1.0.0	parsimonious_FBA
ULA4Ntppi	0.0	iML1515	micro_pilot_processing_20260730:v1.0.0	parsimonious_FBA
HEPT1	0.0	iML1515	micro_pilot_processing_20260730:v1.0.0	parsimonious_FBA
FALDtex	0.0	iML1515	micro_pilot_processing_20260730:v1.0.0	parsimonious_FBA
MCITD	0.0	iML1515	micro_pilot_processing_20260730:v1.0.0	parsimonious_FBA
CU2tex	0.0005826547349412847	iML1515	micro_pilot_processing_20260730:v1.0.0	parsimonious_FBA
EX_glcur1p_e	0.0	iML1515	micro_pilot_processing_20260730:v1.0.0	parsimonious_FBA
GLCATr	0.0	iML1515	micro_pilot_processing_20260730:v1.0.0	parsimonious_FBA
ALR2	0.0	iML1515	micro_pilot_processing_20260730:v1.0.0	parsimonious_FBA
AMALT2	0.0	iML1515	micro_pilot_processing_20260730:v1.0.0	parsimonious_FBA
MLTP1	0.0	iML1515	micro_pilot_processing_20260730:v1.0.0	parsimonious_FBA
HEPT2	0.0	iML1515	micro_pilot_processing_20260730:v1.0.0	parsimonious_FBA
FECRMUtex	0.0	iML1515	micro_pilot_processing_20260730:v1.0.0	parsimonious_FBA
ALAALAr	0.02283612097961695	iML1515	micro_pilot_processing_20260730:v1.0.0	parsimonious_FBA
EX_thrp_e	0.0	iML1515	micro_pilot_processing_20260730:v1.0.0	parsimonious_FBA
CLtex	0.00427745824452664	iML1515	micro_pilot_processing_20260730:v1.0.0	parsimonious_FBA
CYSDtex	0.0	iML1515	micro_pilot_processing_20260730:v1.0.0	parsimonious_FBA
CYSDabcpp	0.0	iML1515	micro_pilot_processing_20260730:v1.0.0	parsimonious_FBA
HXAND	0.0	iML1515	micro_pilot_processing_20260730:v1.0.0	parsimonious_FBA
EX_fald_e	0.0	iML1515	micro_pilot_processing_20260730:v1.0.0	parsimonious_FBA
EX_pydxn_e	0.0	iML1515	micro_pilot_processing_20260730:v1.0.0	parsimonious_FBA
EX_acgal_e	0.0	iML1515	micro_pilot_processing_20260730:v1.0.0	parsimonious_FBA
EX_so2_e	0.0	iML1515	micro_pilot_processing_20260730:v1.0.0	parsimonious_FBA
EX_dms_e	0.0	iML1515	micro_pilot_processing_20260730:v1.0.0	parsimonious_FBA
GMPtex	0.0	iML1515	micro_pilot_processing_20260730:v1.0.0	parsimonious_FBA
IMPtex	0.0	iML1515	micro_pilot_processing_20260730:v1.0.0	parsimonious_FBA
G3PItex	0.0	iML1515	micro_pilot_processing_20260730:v1.0.0	parsimonious_FBA
CD2abcpp	0.0	iML1515	micro_pilot_processing_20260730:v1.0.0	parsimonious_FBA
G3PGtex	0.0	iML1515	micro_pilot_processing_20260730:v1.0.0	parsimonious_FBA
G3PEtex	0.0	iML1515	micro_pilot_processing_20260730:v1.0.0	parsimonious_FBA
G3PCtex	0.0	iML1515	micro_pilot_processing_20260730:v1.0.0	parsimonious_FBA
MOAT3C	0.0	iML1515	micro_pilot_processing_20260730:v1.0.0	parsimonious_FBA
UMPtex	0.0	iML1515	micro_pilot_processing_20260730:v1.0.0	parsimonious_FBA
G1Ptex	0.0	iML1515	micro_pilot_processing_20260730:v1.0.0	parsimonious_FBA
ADNK1	0.0005530700093086181	iML1515	micro_pilot_processing_20260730:v1.0.0	parsimonious_FBA
CUt3	0.0	iML1515	micro_pilot_processing_20260730:v1.0.0	parsimonious_FBA
ZN2t3pp	0.0	iML1515	micro_pilot_processing_20260730:v1.0.0	parsimonious_FBA
SKMtex	0.0	iML1515	micro_pilot_processing_20260730:v1.0.0	parsimonious_FBA
MNt2pp	0.0	iML1515	micro_pilot_processing_20260730:v1.0.0	parsimonious_FBA
RHAT1	0.0	iML1515	micro_pilot_processing_20260730:v1.0.0	parsimonious_FBA
GLCabcpp	0.0	iML1515	micro_pilot_processing_20260730:v1.0.0	parsimonious_FBA
GALT1	0.0	iML1515	micro_pilot_processing_20260730:v1.0.0	parsimonious_FBA
MNtex	0.0005678623721360053	iML1515	micro_pilot_processing_20260730:v1.0.0	parsimonious_FBA
GAL1Ptex	0.0	iML1515	micro_pilot_processing_20260730:v1.0.0	parsimonious_FBA
GLCTR2	0.0	iML1515	micro_pilot_processing_20260730:v1.0.0	parsimonious_FBA
G2PPpp	0.0	iML1515	micro_pilot_processing_20260730:v1.0.0	parsimonious_FBA
UDPGPpp	0.0	iML1515	micro_pilot_processing_20260730:v1.0.0	parsimonious_FBA
EX_acgal1p_e	0.0	iML1515	micro_pilot_processing_20260730:v1.0.0	parsimonious_FBA
EX_cyan_e	0.0	iML1515	micro_pilot_processing_20260730:v1.0.0	parsimonious_FBA
EX_tyrp_e	0.0	iML1515	micro_pilot_processing_20260730:v1.0.0	parsimonious_FBA
O2Stex	0.0	iML1515	micro_pilot_processing_20260730:v1.0.0	parsimonious_FBA
HEPK1	0.0	iML1515	micro_pilot_processing_20260730:v1.0.0	parsimonious_FBA
HEPT3	0.0	iML1515	micro_pilot_processing_20260730:v1.0.0	parsimonious_FBA
HEPK2	0.0	iML1515	micro_pilot_processing_20260730:v1.0.0	parsimonious_FBA
ALDD3y	0.0	iML1515	micro_pilot_processing_20260730:v1.0.0	parsimonious_FBA
EX_uacgam_e	0.0	iML1515	micro_pilot_processing_20260730:v1.0.0	parsimonious_FBA
Kt3pp	0.0	iML1515	micro_pilot_processing_20260730:v1.0.0	parsimonious_FBA
EX_udpacgal_e	0.0	iML1515	micro_pilot_processing_20260730:v1.0.0	parsimonious_FBA
EX_udpg_e	0.0	iML1515	micro_pilot_processing_20260730:v1.0.0	parsimonious_FBA
EX_udpgal_e	0.0	iML1515	micro_pilot_processing_20260730:v1.0.0	parsimonious_FBA
EX_udpglcur_e	0.0	iML1515	micro_pilot_processing_20260730:v1.0.0	parsimonious_FBA
EX_14glucan_e	0.0	iML1515	micro_pilot_processing_20260730:v1.0.0	parsimonious_FBA
EX_pser__L_e	0.0	iML1515	micro_pilot_processing_20260730:v1.0.0	parsimonious_FBA
R5PP	0.0	iML1515	micro_pilot_processing_20260730:v1.0.0	parsimonious_FBA
EX_xmp_e	0.0	iML1515	micro_pilot_processing_20260730:v1.0.0	parsimonious_FBA
EX_damp_e	0.0	iML1515	micro_pilot_processing_20260730:v1.0.0	parsimonious_FBA
CYSSADS	0.0	iML1515	micro_pilot_processing_20260730:v1.0.0	parsimonious_FBA
EX_dimp_e	0.0	iML1515	micro_pilot_processing_20260730:v1.0.0	parsimonious_FBA
CPPPGO2	0.0	iML1515	micro_pilot_processing_20260730:v1.0.0	parsimonious_FBA
EX_isetac_e	0.0	iML1515	micro_pilot_processing_20260730:v1.0.0	parsimonious_FBA
AGM3PH	0.0	iML1515	micro_pilot_processing_20260730:v1.0.0	parsimonious_FBA
HOMt2pp	0.0	iML1515	micro_pilot_processing_20260730:v1.0.0	parsimonious_FBA
EX_aso3_e	0.0	iML1515	micro_pilot_processing_20260730:v1.0.0	parsimonious_FBA
EX_tcynt_e	0.0	iML1515	micro_pilot_processing_20260730:v1.0.0	parsimonious_FBA
EX_fe3dhbzs_e	0.0	iML1515	micro_pilot_processing_20260730:v1.0.0	parsimonious_FBA
AGM3PApp	0.0	iML1515	micro_pilot_processing_20260730:v1.0.0	parsimonious_FBA
PPPGO	0.0	iML1515	micro_pilot_processing_20260730:v1.0.0	parsimonious_FBA
EX_feoxam_un_e	0.0	iML1515	micro_pilot_processing_20260730:v1.0.0	parsimonious_FBA
HOMtex	0.0	iML1515	micro_pilot_processing_20260730:v1.0.0	parsimonious_FBA
SO2tex	0.0	iML1515	micro_pilot_processing_20260730:v1.0.0	parsimonious_FBA
SO2tpp	0.0	iML1515	micro_pilot_processing_20260730:v1.0.0	parsimonious_FBA
LDH_D2	0.0	iML1515	micro_pilot_processing_20260730:v1.0.0	parsimonious_FBA
EX_g3pc_e	0.0	iML1515	micro_pilot_processing_20260730:v1.0.0	parsimonious_FBA
EX_g3pg_e	0.0	iML1515	micro_pilot_processing_20260730:v1.0.0	parsimonious_FBA
EX_g3pi_e	0.0	iML1515	micro_pilot_processing_20260730:v1.0.0	parsimonious_FBA
SHCHF	0.00018326093919873975	iML1515	micro_pilot_processing_20260730:v1.0.0	parsimonious_FBA
SUCOAS	-3.9653002717645864	iML1515	micro_pilot_processing_20260730:v1.0.0	parsimonious_FBA
SUCBZL	0.0	iML1515	micro_pilot_processing_20260730:v1.0.0	parsimonious_FBA
CYSDDS	0.0	iML1515	micro_pilot_processing_20260730:v1.0.0	parsimonious_FBA
CYStpp	0.0	iML1515	micro_pilot_processing_20260730:v1.0.0	parsimonious_FBA
EX_g3ps_e	0.0	iML1515	micro_pilot_processing_20260730:v1.0.0	parsimonious_FBA
EX_peamn_e	0.0	iML1515	micro_pilot_processing_20260730:v1.0.0	parsimonious_FBA
EX_34dhpac_e	0.0	iML1515	micro_pilot_processing_20260730:v1.0.0	parsimonious_FBA
NTP1	0.0	iML1515	micro_pilot_processing_20260730:v1.0.0	parsimonious_FBA
DAMPtex	0.0	iML1515	micro_pilot_processing_20260730:v1.0.0	parsimonious_FBA
DCMPtex	0.0	iML1515	micro_pilot_processing_20260730:v1.0.0	parsimonious_FBA
DGMPtex	0.0	iML1515	micro_pilot_processing_20260730:v1.0.0	parsimonious_FBA
DTMPtex	0.0	iML1515	micro_pilot_processing_20260730:v1.0.0	parsimonious_FBA
ACSERtpp	0.0	iML1515	micro_pilot_processing_20260730:v1.0.0	parsimonious_FBA
ACSERtex	0.0	iML1515	micro_pilot_processing_20260730:v1.0.0	parsimonious_FBA
LALDO3	0.0	iML1515	micro_pilot_processing_20260730:v1.0.0	parsimonious_FBA
NTP10	0.0	iML1515	micro_pilot_processing_20260730:v1.0.0	parsimonious_FBA
PRAIS	0.3681794448295591	iML1515	micro_pilot_processing_20260730:v1.0.0	parsimonious_FBA
GDMANE	0.0	iML1515	micro_pilot_processing_20260730:v1.0.0	parsimonious_FBA
GPDDA4	0.0	iML1515	micro_pilot_processing_20260730:v1.0.0	parsimonious_FBA
LPLIPAL2ATG120	0.0	iML1515	micro_pilot_processing_20260730:v1.0.0	parsimonious_FBA
PLIPA1E140pp	0.0	iML1515	micro_pilot_processing_20260730:v1.0.0	parsimonious_FBA
LPLIPAL2E140	0.0	iML1515	micro_pilot_processing_20260730:v1.0.0	parsimonious_FBA
PLIPA1E160pp	0.0	iML1515	micro_pilot_processing_20260730:v1.0.0	parsimonious_FBA
GALKr	0.0	iML1515	micro_pilot_processing_20260730:v1.0.0	parsimonious_FBA
PLIPA1E161pp	0.0	iML1515	micro_pilot_processing_20260730:v1.0.0	parsimonious_FBA
AACPS8	0.0	iML1515	micro_pilot_processing_20260730:v1.0.0	parsimonious_FBA
AACPS9	0.0	iML1515	micro_pilot_processing_20260730:v1.0.0	parsimonious_FBA
LPLIPAL2E180	0.0	iML1515	micro_pilot_processing_20260730:v1.0.0	parsimonious_FBA
LPLIPAL2G161	0.0	iML1515	micro_pilot_processing_20260730:v1.0.0	parsimonious_FBA
LPLIPAL2G181	0.0	iML1515	micro_pilot_processing_20260730:v1.0.0	parsimonious_FBA
2AGPE120tipp	0.0	iML1515	micro_pilot_processing_20260730:v1.0.0	parsimonious_FBA
HXCT	0.0	iML1515	micro_pilot_processing_20260730:v1.0.0	parsimonious_FBA
AACPS6	0.0	iML1515	micro_pilot_processing_20260730:v1.0.0	parsimonious_FBA
2AGPEAT160	0.0	iML1515	micro_pilot_processing_20260730:v1.0.0	parsimonious_FBA
AACPS7	0.06395560238655933	iML1515	micro_pilot_processing_20260730:v1.0.0	parsimonious_FBA
PANTS	0.0005538918072633014	iML1515	micro_pilot_processing_20260730:v1.0.0	parsimonious_FBA
G3PGabcpp	0.0	iML1515	micro_pilot_processing_20260730:v1.0.0	parsimonious_FBA
G3PIabcpp	0.0	iML1515	micro_pilot_processing_20260730:v1.0.0	parsimonious_FBA
DURADx	0.0	iML1515	micro_pilot_processing_20260730:v1.0.0	parsimonious_FBA
ECOAH7	0.22850584623248782	iML1515	micro_pilot_processing_20260730:v1.0.0	parsimonious_FBA
G1PPpp	0.0	iML1515	micro_pilot_processing_20260730:v1.0.0	parsimonious_FBA
GALCTND	0.0	iML1515	micro_pilot_processing_20260730:v1.0.0	parsimonious_FBA
GCALDD	0.0	iML1515	micro_pilot_processing_20260730:v1.0.0	parsimonious_FBA
HISTP	0.07785549263592023	iML1515	micro_pilot_processing_20260730:v1.0.0	parsimonious_FBA
G3PSabcpp	0.0	iML1515	micro_pilot_processing_20260730:v1.0.0	parsimonious_FBA
QMO2	0.0	iML1515	micro_pilot_processing_20260730:v1.0.0	parsimonious_FBA
QMO3	0.0	iML1515	micro_pilot_processing_20260730:v1.0.0	parsimonious_FBA
LPLIPAL2E141	0.0	iML1515	micro_pilot_processing_20260730:v1.0.0	parsimonious_FBA
LPLIPAL2E161	0.0	iML1515	micro_pilot_processing_20260730:v1.0.0	parsimonious_FBA
LDH_D	0.0	iML1515	micro_pilot_processing_20260730:v1.0.0	parsimonious_FBA
AMALT4	0.0	iML1515	micro_pilot_processing_20260730:v1.0.0	parsimonious_FBA
NTD11	0.0	iML1515	micro_pilot_processing_20260730:v1.0.0	parsimonious_FBA
LPLIPAL2E181	0.0	iML1515	micro_pilot_processing_20260730:v1.0.0	parsimonious_FBA
YUMPS	0.0	iML1515	micro_pilot_processing_20260730:v1.0.0	parsimonious_FBA
LPLIPAL2G180	0.0	iML1515	micro_pilot_processing_20260730:v1.0.0	parsimonious_FBA
LPLIPAL2G141	0.0	iML1515	micro_pilot_processing_20260730:v1.0.0	parsimonious_FBA
2AGPA120tipp	0.0	iML1515	micro_pilot_processing_20260730:v1.0.0	parsimonious_FBA
2AGPG180tipp	0.0	iML1515	micro_pilot_processing_20260730:v1.0.0	parsimonious_FBA
IPDDI	0.0	iML1515	micro_pilot_processing_20260730:v1.0.0	parsimonious_FBA
ORNDC	0.0	iML1515	micro_pilot_processing_20260730:v1.0.0	parsimonious_FBA
UPP3MT	0.00018326093919873975	iML1515	micro_pilot_processing_20260730:v1.0.0	parsimonious_FBA
KAS15	0.0	iML1515	micro_pilot_processing_20260730:v1.0.0	parsimonious_FBA
ALAALAtex	0.0	iML1515	micro_pilot_processing_20260730:v1.0.0	parsimonious_FBA
FACOAL181t2pp	0.0	iML1515	micro_pilot_processing_20260730:v1.0.0	parsimonious_FBA
T2DECAI	0.0	iML1515	micro_pilot_processing_20260730:v1.0.0	parsimonious_FBA
2AGPGAT180	0.0	iML1515	micro_pilot_processing_20260730:v1.0.0	parsimonious_FBA
2AGPGAT181	0.0	iML1515	micro_pilot_processing_20260730:v1.0.0	parsimonious_FBA
3OAS161	0.0	iML1515	micro_pilot_processing_20260730:v1.0.0	parsimonious_FBA
DHQS	0.3132028066658425	iML1515	micro_pilot_processing_20260730:v1.0.0	parsimonious_FBA
EAR141y	0.0	iML1515	micro_pilot_processing_20260730:v1.0.0	parsimonious_FBA
EAR161x	0.0	iML1515	micro_pilot_processing_20260730:v1.0.0	parsimonious_FBA
2AGPG141tipp	0.0	iML1515	micro_pilot_processing_20260730:v1.0.0	parsimonious_FBA
2AGPG161tipp	0.0	iML1515	micro_pilot_processing_20260730:v1.0.0	parsimonious_FBA
2AGPG181tipp	0.0	iML1515	micro_pilot_processing_20260730:v1.0.0	parsimonious_FBA
2AGPEAT140	0.0	iML1515	micro_pilot_processing_20260730:v1.0.0	parsimonious_FBA
2AGPEAT120	0.0	iML1515	micro_pilot_processing_20260730:v1.0.0	parsimonious_FBA
DASYN160	0.052442213336450126	iML1515	micro_pilot_processing_20260730:v1.0.0	parsimonious_FBA
DASYN161	0.06181070977979379	iML1515	micro_pilot_processing_20260730:v1.0.0	parsimonious_FBA
DASYN181	0.0	iML1515	micro_pilot_processing_20260730:v1.0.0	parsimonious_FBA
CDAPPA161	0.0	iML1515	micro_pilot_processing_20260730:v1.0.0	parsimonious_FBA
2AGPEAT161	0.0	iML1515	micro_pilot_processing_20260730:v1.0.0	parsimonious_FBA
2AGPEAT141	0.0	iML1515	micro_pilot_processing_20260730:v1.0.0	parsimonious_FBA
2AGPGAT160	0.0	iML1515	micro_pilot_processing_20260730:v1.0.0	parsimonious_FBA
PGSA180	0.0	iML1515	micro_pilot_processing_20260730:v1.0.0	parsimonious_FBA
PGCD	1.4117128424124639	iML1515	micro_pilot_processing_20260730:v1.0.0	parsimonious_FBA
PSSA140	0.0	iML1515	micro_pilot_processing_20260730:v1.0.0	parsimonious_FBA
2AGPGAT141	0.0	iML1515	micro_pilot_processing_20260730:v1.0.0	parsimonious_FBA
FACOAE180	0.0	iML1515	micro_pilot_processing_20260730:v1.0.0	parsimonious_FBA
LPLIPAL2ATG140	0.0	iML1515	micro_pilot_processing_20260730:v1.0.0	parsimonious_FBA
LPLIPAL2ATG141	0.0	iML1515	micro_pilot_processing_20260730:v1.0.0	parsimonious_FBA
LPLIPAL2ATG160	0.0	iML1515	micro_pilot_processing_20260730:v1.0.0	parsimonious_FBA
LPLIPAL2ATG180	0.0	iML1515	micro_pilot_processing_20260730:v1.0.0	parsimonious_FBA
LPLIPAL2ATG161	0.0	iML1515	micro_pilot_processing_20260730:v1.0.0	parsimonious_FBA
LPLIPAL2ATG181	0.0	iML1515	micro_pilot_processing_20260730:v1.0.0	parsimonious_FBA
FACOAE100	0.0	iML1515	micro_pilot_processing_20260730:v1.0.0	parsimonious_FBA
FACOAE80	0.0	iML1515	micro_pilot_processing_20260730:v1.0.0	parsimonious_FBA
FACOAE60	0.0	iML1515	micro_pilot_processing_20260730:v1.0.0	parsimonious_FBA
CLPNS180pp	0.0	iML1515	micro_pilot_processing_20260730:v1.0.0	parsimonious_FBA
PLIPA1E120pp	0.0	iML1515	micro_pilot_processing_20260730:v1.0.0	parsimonious_FBA
CLPNS181pp	0.0	iML1515	micro_pilot_processing_20260730:v1.0.0	parsimonious_FBA
EX_cys__L_e	0.0	iML1515	micro_pilot_processing_20260730:v1.0.0	parsimonious_FBA
PG161abcpp	0.0	iML1515	micro_pilot_processing_20260730:v1.0.0	parsimonious_FBA
PGP120abcpp	0.0	iML1515	micro_pilot_processing_20260730:v1.0.0	parsimonious_FBA
MALtex	0.0	iML1515	micro_pilot_processing_20260730:v1.0.0	parsimonious_FBA
NO3tex	0.0	iML1515	micro_pilot_processing_20260730:v1.0.0	parsimonious_FBA
3OAS141	0.0	iML1515	micro_pilot_processing_20260730:v1.0.0	parsimonious_FBA
3OAR121	0.0	iML1515	micro_pilot_processing_20260730:v1.0.0	parsimonious_FBA
CFAS160G	0.0	iML1515	micro_pilot_processing_20260730:v1.0.0	parsimonious_FBA
PGP161abcpp	0.0	iML1515	micro_pilot_processing_20260730:v1.0.0	parsimonious_FBA
PGP181abcpp	0.0	iML1515	micro_pilot_processing_20260730:v1.0.0	parsimonious_FBA
PA120abcpp	0.0	iML1515	micro_pilot_processing_20260730:v1.0.0	parsimonious_FBA
PLIPA1G120pp	0.0	iML1515	micro_pilot_processing_20260730:v1.0.0	parsimonious_FBA
URAt2pp	0.0	iML1515	micro_pilot_processing_20260730:v1.0.0	parsimonious_FBA
FACOAE141	0.0	iML1515	micro_pilot_processing_20260730:v1.0.0	parsimonious_FBA
CLPNS120pp	0.0	iML1515	micro_pilot_processing_20260730:v1.0.0	parsimonious_FBA
ALPATE160pp	0.0	iML1515	micro_pilot_processing_20260730:v1.0.0	parsimonious_FBA
FACOAE161	0.12362141955958758	iML1515	micro_pilot_processing_20260730:v1.0.0	parsimonious_FBA
EX_gsn_e	0.0	iML1515	micro_pilot_processing_20260730:v1.0.0	parsimonious_FBA
TTDCEAtexi	0.0	iML1515	micro_pilot_processing_20260730:v1.0.0	parsimonious_FBA
HDCEAtexi	0.0	iML1515	micro_pilot_processing_20260730:v1.0.0	parsimonious_FBA
ALPATG160pp	0.0	iML1515	micro_pilot_processing_20260730:v1.0.0	parsimonious_FBA
2AGPGAT120	0.0	iML1515	micro_pilot_processing_20260730:v1.0.0	parsimonious_FBA
LPLIPAL2ATE120	0.0	iML1515	micro_pilot_processing_20260730:v1.0.0	parsimonious_FBA
ALAALAD	0.0	iML1515	micro_pilot_processing_20260730:v1.0.0	parsimonious_FBA
2AGPEAT180	0.0	iML1515	micro_pilot_processing_20260730:v1.0.0	parsimonious_FBA
LPLIPAL2ATE140	0.0	iML1515	micro_pilot_processing_20260730:v1.0.0	parsimonious_FBA
EX_orot_e	0.0	iML1515	micro_pilot_processing_20260730:v1.0.0	parsimonious_FBA
LPLIPAL2ATE160	0.0	iML1515	micro_pilot_processing_20260730:v1.0.0	parsimonious_FBA
LPLIPAL2ATE180	0.0	iML1515	micro_pilot_processing_20260730:v1.0.0	parsimonious_FBA
LPLIPAL2ATE141	0.0	iML1515	micro_pilot_processing_20260730:v1.0.0	parsimonious_FBA
2AGPEAT181	0.0	iML1515	micro_pilot_processing_20260730:v1.0.0	parsimonious_FBA
2AGPGAT140	0.0	iML1515	micro_pilot_processing_20260730:v1.0.0	parsimonious_FBA
PLIPA1E181pp	0.0	iML1515	micro_pilot_processing_20260730:v1.0.0	parsimonious_FBA
PLIPA1G180pp	0.0	iML1515	micro_pilot_processing_20260730:v1.0.0	parsimonious_FBA
LPLIPAL2ATE161	0.0	iML1515	micro_pilot_processing_20260730:v1.0.0	parsimonious_FBA
LPLIPAL2ATE181	0.0	iML1515	micro_pilot_processing_20260730:v1.0.0	parsimonious_FBA
FACOAL141t2pp	0.0	iML1515	micro_pilot_processing_20260730:v1.0.0	parsimonious_FBA
FACOAL161t2pp	0.0	iML1515	micro_pilot_processing_20260730:v1.0.0	parsimonious_FBA
PA160abcpp	0.0	iML1515	micro_pilot_processing_20260730:v1.0.0	parsimonious_FBA
PLIPA1G181pp	0.0	iML1515	micro_pilot_processing_20260730:v1.0.0	parsimonious_FBA
ALAALAabcpp	0.0	iML1515	micro_pilot_processing_20260730:v1.0.0	parsimonious_FBA
HEXt2rpp	0.0	iML1515	micro_pilot_processing_20260730:v1.0.0	parsimonious_FBA
G3PEabcpp	0.0	iML1515	micro_pilot_processing_20260730:v1.0.0	parsimonious_FBA
G3PCabcpp	0.0	iML1515	micro_pilot_processing_20260730:v1.0.0	parsimonious_FBA
2AGPGAT161	0.0	iML1515	micro_pilot_processing_20260730:v1.0.0	parsimonious_FBA
PA181abcpp	0.0	iML1515	micro_pilot_processing_20260730:v1.0.0	parsimonious_FBA
12DGR141tipp	0.0	iML1515	micro_pilot_processing_20260730:v1.0.0	parsimonious_FBA
AMPTASEPG	0.0	iML1515	micro_pilot_processing_20260730:v1.0.0	parsimonious_FBA
ADSL1r	0.24596740872614134	iML1515	micro_pilot_processing_20260730:v1.0.0	parsimonious_FBA
PROGLYabcpp	0.0	iML1515	micro_pilot_processing_20260730:v1.0.0	parsimonious_FBA
GTHRDabcpp	0.0	iML1515	micro_pilot_processing_20260730:v1.0.0	parsimonious_FBA
PGPP140pp	0.0	iML1515	micro_pilot_processing_20260730:v1.0.0	parsimonious_FBA
PGPP141pp	0.0	iML1515	micro_pilot_processing_20260730:v1.0.0	parsimonious_FBA
PGPP160pp	0.0	iML1515	micro_pilot_processing_20260730:v1.0.0	parsimonious_FBA
2AGPG140tipp	0.0	iML1515	micro_pilot_processing_20260730:v1.0.0	parsimonious_FBA
PGPP180pp	0.0	iML1515	micro_pilot_processing_20260730:v1.0.0	parsimonious_FBA
2AGPG160tipp	0.0	iML1515	micro_pilot_processing_20260730:v1.0.0	parsimonious_FBA
SERD_D	0.0	iML1515	micro_pilot_processing_20260730:v1.0.0	parsimonious_FBA
CLPNH141pp	0.0	iML1515	micro_pilot_processing_20260730:v1.0.0	parsimonious_FBA
CLPNH160pp	0.0	iML1515	micro_pilot_processing_20260730:v1.0.0	parsimonious_FBA
CLPNH161pp	0.0	iML1515	micro_pilot_processing_20260730:v1.0.0	parsimonious_FBA
AICART	0.44585167652628066	iML1515	micro_pilot_processing_20260730:v1.0.0	parsimonious_FBA
CLPNH181pp	0.0	iML1515	micro_pilot_processing_20260730:v1.0.0	parsimonious_FBA
D_LACt2pp	0.0	iML1515	micro_pilot_processing_20260730:v1.0.0	parsimonious_FBA
PLIPA1E180pp	0.0	iML1515	micro_pilot_processing_20260730:v1.0.0	parsimonious_FBA
RIBtex	0.0	iML1515	micro_pilot_processing_20260730:v1.0.0	parsimonious_FBA
FLVRx	0.0	iML1515	micro_pilot_processing_20260730:v1.0.0	parsimonious_FBA
THMtex	0.0	iML1515	micro_pilot_processing_20260730:v1.0.0	parsimonious_FBA
XYLUtex	0.0	iML1515	micro_pilot_processing_20260730:v1.0.0	parsimonious_FBA
PLIPA1G140pp	0.0	iML1515	micro_pilot_processing_20260730:v1.0.0	parsimonious_FBA
PLIPA1G161pp	0.0	iML1515	micro_pilot_processing_20260730:v1.0.0	parsimonious_FBA
CLPNS160pp	0.0	iML1515	micro_pilot_processing_20260730:v1.0.0	parsimonious_FBA
CLPNS161pp	0.0	iML1515	micro_pilot_processing_20260730:v1.0.0	parsimonious_FBA
EX_manglyc_e	0.0	iML1515	micro_pilot_processing_20260730:v1.0.0	parsimonious_FBA
ALLtex	0.0	iML1515	micro_pilot_processing_20260730:v1.0.0	parsimonious_FBA
PG160abcpp	0.0	iML1515	micro_pilot_processing_20260730:v1.0.0	parsimonious_FBA
FRUpts2pp	0.0	iML1515	micro_pilot_processing_20260730:v1.0.0	parsimonious_FBA
PGP140abcpp	0.0	iML1515	micro_pilot_processing_20260730:v1.0.0	parsimonious_FBA
PAPA120pp	0.0	iML1515	micro_pilot_processing_20260730:v1.0.0	parsimonious_FBA
PAPA140pp	0.0	iML1515	micro_pilot_processing_20260730:v1.0.0	parsimonious_FBA
GGPTRCO	0.0	iML1515	micro_pilot_processing_20260730:v1.0.0	parsimonious_FBA
EX_metsox_R__L_e	0.0	iML1515	micro_pilot_processing_20260730:v1.0.0	parsimonious_FBA
PAPA141pp	0.0	iML1515	micro_pilot_processing_20260730:v1.0.0	parsimonious_FBA
34dhpactex	0.0	iML1515	micro_pilot_processing_20260730:v1.0.0	parsimonious_FBA
PAPA160pp	0.0	iML1515	micro_pilot_processing_20260730:v1.0.0	parsimonious_FBA
G6Pt6_2pp	0.0	iML1515	micro_pilot_processing_20260730:v1.0.0	parsimonious_FBA
PAPA161pp	0.0	iML1515	micro_pilot_processing_20260730:v1.0.0	parsimonious_FBA
MALTHXtexi	0.0	iML1515	micro_pilot_processing_20260730:v1.0.0	parsimonious_FBA
12PPDStpp	0.0	iML1515	micro_pilot_processing_20260730:v1.0.0	parsimonious_FBA
PAPA180pp	0.0	iML1515	micro_pilot_processing_20260730:v1.0.0	parsimonious_FBA
PROtex	0.0	iML1515	micro_pilot_processing_20260730:v1.0.0	parsimonious_FBA
HPYRI	0.0	iML1515	micro_pilot_processing_20260730:v1.0.0	parsimonious_FBA
FE3HOXUtex	0.0	iML1515	micro_pilot_processing_20260730:v1.0.0	parsimonious_FBA
HYD1pp	0.0	iML1515	micro_pilot_processing_20260730:v1.0.0	parsimonious_FBA
EX_cl_e	-0.00427745824452664	iML1515	micro_pilot_processing_20260730:v1.0.0	parsimonious_FBA
FE3DHBZStonex	0.0	iML1515	micro_pilot_processing_20260730:v1.0.0	parsimonious_FBA
AACTOOR	0.0	iML1515	micro_pilot_processing_20260730:v1.0.0	parsimonious_FBA
H2tpp	0.0	iML1515	micro_pilot_processing_20260730:v1.0.0	parsimonious_FBA
23DAPPAtex	0.0	iML1515	micro_pilot_processing_20260730:v1.0.0	parsimonious_FBA
ECAP3pp	0.0	iML1515	micro_pilot_processing_20260730:v1.0.0	parsimonious_FBA
FEOXAMtonex	0.0	iML1515	micro_pilot_processing_20260730:v1.0.0	parsimonious_FBA
TPRDCOAS	0.0	iML1515	micro_pilot_processing_20260730:v1.0.0	parsimonious_FBA
ACGAM1PPpp	0.0	iML1515	micro_pilot_processing_20260730:v1.0.0	parsimonious_FBA
EX_dgmp_e	0.0	iML1515	micro_pilot_processing_20260730:v1.0.0	parsimonious_FBA
GAMptspp	0.0	iML1515	micro_pilot_processing_20260730:v1.0.0	parsimonious_FBA
GSNt2pp	0.0	iML1515	micro_pilot_processing_20260730:v1.0.0	parsimonious_FBA
EX_4hoxpacd_e	0.0	iML1515	micro_pilot_processing_20260730:v1.0.0	parsimonious_FBA
FMNRx	0.0	iML1515	micro_pilot_processing_20260730:v1.0.0	parsimonious_FBA
EX_3hpppn_e	0.0	iML1515	micro_pilot_processing_20260730:v1.0.0	parsimonious_FBA
EX_man6p_e	0.0	iML1515	micro_pilot_processing_20260730:v1.0.0	parsimonious_FBA
GSNtex	0.0	iML1515	micro_pilot_processing_20260730:v1.0.0	parsimonious_FBA
SBTtex	0.0	iML1515	micro_pilot_processing_20260730:v1.0.0	parsimonious_FBA
FORtex	0.0	iML1515	micro_pilot_processing_20260730:v1.0.0	parsimonious_FBA
EX_tsul_e	0.0	iML1515	micro_pilot_processing_20260730:v1.0.0	parsimonious_FBA
PHEt2rpp	0.0	iML1515	micro_pilot_processing_20260730:v1.0.0	parsimonious_FBA
DHBS	0.0	iML1515	micro_pilot_processing_20260730:v1.0.0	parsimonious_FBA
THIORDXi	0.0	iML1515	micro_pilot_processing_20260730:v1.0.0	parsimonious_FBA
EX_n2o_e	0.0	iML1515	micro_pilot_processing_20260730:v1.0.0	parsimonious_FBA
PPPGO3	0.00018326093919873975	iML1515	micro_pilot_processing_20260730:v1.0.0	parsimonious_FBA
PFK	6.012950967181036	iML1515	micro_pilot_processing_20260730:v1.0.0	parsimonious_FBA
PDX5POi	0.0	iML1515	micro_pilot_processing_20260730:v1.0.0	parsimonious_FBA
PDX5PO2	0.00018326093919873978	iML1515	micro_pilot_processing_20260730:v1.0.0	parsimonious_FBA
MDDCP1pp	0.0	iML1515	micro_pilot_processing_20260730:v1.0.0	parsimonious_FBA
GUI2	0.0	iML1515	micro_pilot_processing_20260730:v1.0.0	parsimonious_FBA
OMBZLM	-7.356230467981316e-15	iML1515	micro_pilot_processing_20260730:v1.0.0	parsimonious_FBA
PLIPA1A181pp	0.0	iML1515	micro_pilot_processing_20260730:v1.0.0	parsimonious_FBA
PGM	-15.676309992393128	iML1515	micro_pilot_processing_20260730:v1.0.0	parsimonious_FBA
LPLIPAL2A141	0.0	iML1515	micro_pilot_processing_20260730:v1.0.0	parsimonious_FBA
HG2t3pp	0.0	iML1515	micro_pilot_processing_20260730:v1.0.0	parsimonious_FBA
CYTBO3_4pp	39.9996334781957	iML1515	micro_pilot_processing_20260730:v1.0.0	parsimonious_FBA
EX_maltttr_e	0.0	iML1515	micro_pilot_processing_20260730:v1.0.0	parsimonious_FBA
GLYCK	0.0	iML1515	micro_pilot_processing_20260730:v1.0.0	parsimonious_FBA
MLTG5	0.0	iML1515	micro_pilot_processing_20260730:v1.0.0	parsimonious_FBA
GPDDA3	0.0	iML1515	micro_pilot_processing_20260730:v1.0.0	parsimonious_FBA
EAR141x	0.0	iML1515	micro_pilot_processing_20260730:v1.0.0	parsimonious_FBA
EAR181x	0.0	iML1515	micro_pilot_processing_20260730:v1.0.0	parsimonious_FBA
TPI	8.233856515459006	iML1515	micro_pilot_processing_20260730:v1.0.0	parsimonious_FBA
EAR181y	0.0	iML1515	micro_pilot_processing_20260730:v1.0.0	parsimonious_FBA
G3PAT141	0.0	iML1515	micro_pilot_processing_20260730:v1.0.0	parsimonious_FBA
2DOXG6PP	0.0	iML1515	micro_pilot_processing_20260730:v1.0.0	parsimonious_FBA
OXAMTC	0.0	iML1515	micro_pilot_processing_20260730:v1.0.0	parsimonious_FBA
UDCPPtppi	0.0	iML1515	micro_pilot_processing_20260730:v1.0.0	parsimonious_FBA
AGMH	0.0	iML1515	micro_pilot_processing_20260730:v1.0.0	parsimonious_FBA
G3PAT181	0.0	iML1515	micro_pilot_processing_20260730:v1.0.0	parsimonious_FBA
DASYN140	0.0	iML1515	micro_pilot_processing_20260730:v1.0.0	parsimonious_FBA
MPTG	0.011418060489808477	iML1515	micro_pilot_processing_20260730:v1.0.0	parsimonious_FBA
DASYN180	0.0	iML1515	micro_pilot_processing_20260730:v1.0.0	parsimonious_FBA
MPTG2	0.0	iML1515	micro_pilot_processing_20260730:v1.0.0	parsimonious_FBA
DASYN141	0.0	iML1515	micro_pilot_processing_20260730:v1.0.0	parsimonious_FBA
RPI	-1.540025783103611	iML1515	micro_pilot_processing_20260730:v1.0.0	parsimonious_FBA
MCTP1App	0.011418060489808477	iML1515	micro_pilot_processing_20260730:v1.0.0	parsimonious_FBA
MCTP2App	0.0	iML1515	micro_pilot_processing_20260730:v1.0.0	parsimonious_FBA
CDAPPA160	0.0	iML1515	micro_pilot_processing_20260730:v1.0.0	parsimonious_FBA
CDAPPA141	0.0	iML1515	micro_pilot_processing_20260730:v1.0.0	parsimonious_FBA
MCTP1Bpp	0.0	iML1515	micro_pilot_processing_20260730:v1.0.0	parsimonious_FBA
PERD	-0.00036652187839746856	iML1515	micro_pilot_processing_20260730:v1.0.0	parsimonious_FBA
MELIBt3ipp	0.0	iML1515	micro_pilot_processing_20260730:v1.0.0	parsimonious_FBA
PGSA141	0.0	iML1515	micro_pilot_processing_20260730:v1.0.0	parsimonious_FBA
EX_alaala_e	0.0	iML1515	micro_pilot_processing_20260730:v1.0.0	parsimonious_FBA
EX_dtmp_e	0.0	iML1515	micro_pilot_processing_20260730:v1.0.0	parsimonious_FBA
5DOAN	0.00018490453506599304	iML1515	micro_pilot_processing_20260730:v1.0.0	parsimonious_FBA
DM_5drib_c	0.00018490453506599304	iML1515	micro_pilot_processing_20260730:v1.0.0	parsimonious_FBA
EX_lipoate_e	0.0	iML1515	micro_pilot_processing_20260730:v1.0.0	parsimonious_FBA
EX_pydx_e	0.0	iML1515	micro_pilot_processing_20260730:v1.0.0	parsimonious_FBA
EX_g1p_e	0.0	iML1515	micro_pilot_processing_20260730:v1.0.0	parsimonious_FBA
GLCtex_copy2	0.0	iML1515	micro_pilot_processing_20260730:v1.0.0	parsimonious_FBA
NAt3pp	0.0	iML1515	micro_pilot_processing_20260730:v1.0.0	parsimonious_FBA
MINOHPtexi	0.0	iML1515	micro_pilot_processing_20260730:v1.0.0	parsimonious_FBA
12PPDRtpp	0.0	iML1515	micro_pilot_processing_20260730:v1.0.0	parsimonious_FBA
SFGTHi	0.0	iML1515	micro_pilot_processing_20260730:v1.0.0	parsimonious_FBA
PYDAMK	0.0	iML1515	micro_pilot_processing_20260730:v1.0.0	parsimonious_FBA
DHORDfum	0.0	iML1515	micro_pilot_processing_20260730:v1.0.0	parsimonious_FBA
K2L4Aabcpp	0.015988900596639825	iML1515	micro_pilot_processing_20260730:v1.0.0	parsimonious_FBA
FACOAE120	0.06395560238655933	iML1515	micro_pilot_processing_20260730:v1.0.0	parsimonious_FBA
3OAR120	0.0	iML1515	micro_pilot_processing_20260730:v1.0.0	parsimonious_FBA
3HAD80	0.0	iML1515	micro_pilot_processing_20260730:v1.0.0	parsimonious_FBA
3HAD120	0.0	iML1515	micro_pilot_processing_20260730:v1.0.0	parsimonious_FBA
DSBCGT	0.0	iML1515	micro_pilot_processing_20260730:v1.0.0	parsimonious_FBA
DSBGGT	0.0	iML1515	micro_pilot_processing_20260730:v1.0.0	parsimonious_FBA
EAR180x	0.0	iML1515	micro_pilot_processing_20260730:v1.0.0	parsimonious_FBA
AKGtex	0.0	iML1515	micro_pilot_processing_20260730:v1.0.0	parsimonious_FBA
SO4t2pp	0.20694515564585841	iML1515	micro_pilot_processing_20260730:v1.0.0	parsimonious_FBA
EAR180y	0.0	iML1515	micro_pilot_processing_20260730:v1.0.0	parsimonious_FBA
AGPAT120	0.0	iML1515	micro_pilot_processing_20260730:v1.0.0	parsimonious_FBA
DHNAOT4	0.0	iML1515	micro_pilot_processing_20260730:v1.0.0	parsimonious_FBA
AMPMS2	0.0001832609391987398	iML1515	micro_pilot_processing_20260730:v1.0.0	parsimonious_FBA
DM_oxam_c	0.0	iML1515	micro_pilot_processing_20260730:v1.0.0	parsimonious_FBA
ALR4x	0.0	iML1515	micro_pilot_processing_20260730:v1.0.0	parsimonious_FBA
PGPP120	0.0	iML1515	micro_pilot_processing_20260730:v1.0.0	parsimonious_FBA
DAGK120	0.0	iML1515	micro_pilot_processing_20260730:v1.0.0	parsimonious_FBA
ALLTNtex	0.0	iML1515	micro_pilot_processing_20260730:v1.0.0	parsimonious_FBA
PSSA180	0.0	iML1515	micro_pilot_processing_20260730:v1.0.0	parsimonious_FBA
ASNtex	0.0	iML1515	micro_pilot_processing_20260730:v1.0.0	parsimonious_FBA
PSSA161	0.061810709779793784	iML1515	micro_pilot_processing_20260730:v1.0.0	parsimonious_FBA
PSSA141	0.0	iML1515	micro_pilot_processing_20260730:v1.0.0	parsimonious_FBA
PSD160	0.05244221333645013	iML1515	micro_pilot_processing_20260730:v1.0.0	parsimonious_FBA
PSD161	0.06181070977979379	iML1515	micro_pilot_processing_20260730:v1.0.0	parsimonious_FBA
PSD180	0.0	iML1515	micro_pilot_processing_20260730:v1.0.0	parsimonious_FBA
COLIPAabcpp	0.0	iML1515	micro_pilot_processing_20260730:v1.0.0	parsimonious_FBA
LPLIPAL1G141pp	0.0	iML1515	micro_pilot_processing_20260730:v1.0.0	parsimonious_FBA
LPLIPAL1G180pp	0.0	iML1515	micro_pilot_processing_20260730:v1.0.0	parsimonious_FBA
LPLIPAL1G181pp	0.0	iML1515	micro_pilot_processing_20260730:v1.0.0	parsimonious_FBA
ACONIs	0.0	iML1515	micro_pilot_processing_20260730:v1.0.0	parsimonious_FBA
ACONTb	5.280300235257247	iML1515	micro_pilot_processing_20260730:v1.0.0	parsimonious_FBA
GLCP2	0.0	iML1515	micro_pilot_processing_20260730:v1.0.0	parsimonious_FBA
F6Pt6_2pp	0.0	iML1515	micro_pilot_processing_20260730:v1.0.0	parsimonious_FBA
PPALtpp	0.0	iML1515	micro_pilot_processing_20260730:v1.0.0	parsimonious_FBA
PLIPA2A140pp	0.0	iML1515	micro_pilot_processing_20260730:v1.0.0	parsimonious_FBA
PLIPA2A141pp	0.0	iML1515	micro_pilot_processing_20260730:v1.0.0	parsimonious_FBA
PLIPA2A180pp	0.0	iML1515	micro_pilot_processing_20260730:v1.0.0	parsimonious_FBA
GAM6Pt6_2pp	0.0	iML1515	micro_pilot_processing_20260730:v1.0.0	parsimonious_FBA
PLIPA2E141pp	0.0	iML1515	micro_pilot_processing_20260730:v1.0.0	parsimonious_FBA
FE3HOXabcpp	0.0	iML1515	micro_pilot_processing_20260730:v1.0.0	parsimonious_FBA
PLIPA2E181pp	0.0	iML1515	micro_pilot_processing_20260730:v1.0.0	parsimonious_FBA
PLIPA2G140pp	0.0	iML1515	micro_pilot_processing_20260730:v1.0.0	parsimonious_FBA
PPALtex	0.0	iML1515	micro_pilot_processing_20260730:v1.0.0	parsimonious_FBA
CA2tex	0.004277458244526639	iML1515	micro_pilot_processing_20260730:v1.0.0	parsimonious_FBA
CUtex	0.0	iML1515	micro_pilot_processing_20260730:v1.0.0	parsimonious_FBA
3HAD161	0.0	iML1515	micro_pilot_processing_20260730:v1.0.0	parsimonious_FBA
PLIPA2G160pp	0.0	iML1515	micro_pilot_processing_20260730:v1.0.0	parsimonious_FBA
CU1Opp	0.0	iML1515	micro_pilot_processing_20260730:v1.0.0	parsimonious_FBA
PLIPA2G181pp	0.0	iML1515	micro_pilot_processing_20260730:v1.0.0	parsimonious_FBA
SUCDi	4.397178918025448	iML1515	micro_pilot_processing_20260730:v1.0.0	parsimonious_FBA
FADRx2	0.0	iML1515	micro_pilot_processing_20260730:v1.0.0	parsimonious_FBA
LPLIPAL1E141pp	0.0	iML1515	micro_pilot_processing_20260730:v1.0.0	parsimonious_FBA
LALDO2x	0.0	iML1515	micro_pilot_processing_20260730:v1.0.0	parsimonious_FBA
12PPDRtex	0.0	iML1515	micro_pilot_processing_20260730:v1.0.0	parsimonious_FBA
LPLIPAL1E160pp	0.0	iML1515	micro_pilot_processing_20260730:v1.0.0	parsimonious_FBA
LPLIPAL1E180pp	0.0	iML1515	micro_pilot_processing_20260730:v1.0.0	parsimonious_FBA
ASNS1	0.0	iML1515	micro_pilot_processing_20260730:v1.0.0	parsimonious_FBA
EAR80y	0.0	iML1515	micro_pilot_processing_20260730:v1.0.0	parsimonious_FBA
EAR120y	0.0	iML1515	micro_pilot_processing_20260730:v1.0.0	parsimonious_FBA
3OAR181	0.0	iML1515	micro_pilot_processing_20260730:v1.0.0	parsimonious_FBA
3HAD121	0.0	iML1515	micro_pilot_processing_20260730:v1.0.0	parsimonious_FBA
EAR121y	0.0	iML1515	micro_pilot_processing_20260730:v1.0.0	parsimonious_FBA
LPLIPAL1E181pp	0.0	iML1515	micro_pilot_processing_20260730:v1.0.0	parsimonious_FBA
LPLIPAL1G160pp	0.0	iML1515	micro_pilot_processing_20260730:v1.0.0	parsimonious_FBA
LPLIPAL1G161pp	0.0	iML1515	micro_pilot_processing_20260730:v1.0.0	parsimonious_FBA
GTHRDHpp	0.0	iML1515	micro_pilot_processing_20260730:v1.0.0	parsimonious_FBA
EX_o2_e	-20.0	iML1515	micro_pilot_processing_20260730:v1.0.0	parsimonious_FBA
PROGLYtex	0.0	iML1515	micro_pilot_processing_20260730:v1.0.0	parsimonious_FBA
EX_progly_e	0.0	iML1515	micro_pilot_processing_20260730:v1.0.0	parsimonious_FBA
MDDCP2pp	0.0	iML1515	micro_pilot_processing_20260730:v1.0.0	parsimonious_FBA
LPLIPAL1G120pp	0.0	iML1515	micro_pilot_processing_20260730:v1.0.0	parsimonious_FBA
PLIPA2E140pp	0.0	iML1515	micro_pilot_processing_20260730:v1.0.0	parsimonious_FBA
PLIPA2E160pp	0.0	iML1515	micro_pilot_processing_20260730:v1.0.0	parsimonious_FBA
PLIPA2A161pp	0.0	iML1515	micro_pilot_processing_20260730:v1.0.0	parsimonious_FBA
PLIPA2A181pp	0.0	iML1515	micro_pilot_processing_20260730:v1.0.0	parsimonious_FBA
F6Ptex	0.0	iML1515	micro_pilot_processing_20260730:v1.0.0	parsimonious_FBA
MDDCP3pp	0.0	iML1515	micro_pilot_processing_20260730:v1.0.0	parsimonious_FBA
EAR140x	0.0	iML1515	micro_pilot_processing_20260730:v1.0.0	parsimonious_FBA
EAR40y	0.0	iML1515	micro_pilot_processing_20260730:v1.0.0	parsimonious_FBA
GAMAN6Ptex	0.0	iML1515	micro_pilot_processing_20260730:v1.0.0	parsimonious_FBA
EX_gal_bD_e	0.0	iML1515	micro_pilot_processing_20260730:v1.0.0	parsimonious_FBA
3OAS181	0.0	iML1515	micro_pilot_processing_20260730:v1.0.0	parsimonious_FBA
EAR161y	0.0	iML1515	micro_pilot_processing_20260730:v1.0.0	parsimonious_FBA
G3PAT140	0.0	iML1515	micro_pilot_processing_20260730:v1.0.0	parsimonious_FBA
G3PAT160	0.05244221333645012	iML1515	micro_pilot_processing_20260730:v1.0.0	parsimonious_FBA
G3PAT161	0.061810709779793784	iML1515	micro_pilot_processing_20260730:v1.0.0	parsimonious_FBA
AGPAT160	0.05244221333645013	iML1515	micro_pilot_processing_20260730:v1.0.0	parsimonious_FBA
AGPAT140	0.0	iML1515	micro_pilot_processing_20260730:v1.0.0	parsimonious_FBA
PGSA160	0.0	iML1515	micro_pilot_processing_20260730:v1.0.0	parsimonious_FBA
MLDCP2Bpp	0.0	iML1515	micro_pilot_processing_20260730:v1.0.0	parsimonious_FBA
3OAS140	0.06395560238655933	iML1515	micro_pilot_processing_20260730:v1.0.0	parsimonious_FBA
3OAR140	0.06395560238655933	iML1515	micro_pilot_processing_20260730:v1.0.0	parsimonious_FBA
CDAPPA140	0.0	iML1515	micro_pilot_processing_20260730:v1.0.0	parsimonious_FBA
MLDCP1App	0.0	iML1515	micro_pilot_processing_20260730:v1.0.0	parsimonious_FBA
EAR160y	0.0	iML1515	micro_pilot_processing_20260730:v1.0.0	parsimonious_FBA
3OAR160	0.0	iML1515	micro_pilot_processing_20260730:v1.0.0	parsimonious_FBA
PDE4	0.0	iML1515	micro_pilot_processing_20260730:v1.0.0	parsimonious_FBA
PGSA161	0.0	iML1515	micro_pilot_processing_20260730:v1.0.0	parsimonious_FBA
3HAD181	0.0	iML1515	micro_pilot_processing_20260730:v1.0.0	parsimonious_FBA
PGPP160	0.0	iML1515	micro_pilot_processing_20260730:v1.0.0	parsimonious_FBA
EAR100y	0.0	iML1515	micro_pilot_processing_20260730:v1.0.0	parsimonious_FBA
3OAR141	0.0	iML1515	micro_pilot_processing_20260730:v1.0.0	parsimonious_FBA
3OAR161	0.0	iML1515	micro_pilot_processing_20260730:v1.0.0	parsimonious_FBA
3HAD141	0.0	iML1515	micro_pilot_processing_20260730:v1.0.0	parsimonious_FBA
EAR121x	0.0	iML1515	micro_pilot_processing_20260730:v1.0.0	parsimonious_FBA
PGPP180	0.0	iML1515	micro_pilot_processing_20260730:v1.0.0	parsimonious_FBA
PGPP161	0.0	iML1515	micro_pilot_processing_20260730:v1.0.0	parsimonious_FBA
PGPP181	0.0	iML1515	micro_pilot_processing_20260730:v1.0.0	parsimonious_FBA
PSD140	0.0	iML1515	micro_pilot_processing_20260730:v1.0.0	parsimonious_FBA
MICITDr	0.0	iML1515	micro_pilot_processing_20260730:v1.0.0	parsimonious_FBA
CDAPPA180	0.0	iML1515	micro_pilot_processing_20260730:v1.0.0	parsimonious_FBA
AGM4PH	0.0	iML1515	micro_pilot_processing_20260730:v1.0.0	parsimonious_FBA
NTP12	0.0	iML1515	micro_pilot_processing_20260730:v1.0.0	parsimonious_FBA
PE141abcpp	0.0	iML1515	micro_pilot_processing_20260730:v1.0.0	parsimonious_FBA
CDAPPA181	0.0	iML1515	micro_pilot_processing_20260730:v1.0.0	parsimonious_FBA
PGSA140	0.0	iML1515	micro_pilot_processing_20260730:v1.0.0	parsimonious_FBA
LPLIPAL1A141pp	0.0	iML1515	micro_pilot_processing_20260730:v1.0.0	parsimonious_FBA
LPLIPAL1A180pp	0.0	iML1515	micro_pilot_processing_20260730:v1.0.0	parsimonious_FBA
LPLIPAL1E140pp	0.0	iML1515	micro_pilot_processing_20260730:v1.0.0	parsimonious_FBA
LPLIPAL1E161pp	0.0	iML1515	micro_pilot_processing_20260730:v1.0.0	parsimonious_FBA
LPLIPAL1G140pp	0.0	iML1515	micro_pilot_processing_20260730:v1.0.0	parsimonious_FBA
PE160abcpp	0.05244221333645013	iML1515	micro_pilot_processing_20260730:v1.0.0	parsimonious_FBA
PE161abcpp	0.06181070977979378	iML1515	micro_pilot_processing_20260730:v1.0.0	parsimonious_FBA
PSD141	0.0	iML1515	micro_pilot_processing_20260730:v1.0.0	parsimonious_FBA
PG140abcpp	0.0	iML1515	micro_pilot_processing_20260730:v1.0.0	parsimonious_FBA
PG141abcpp	0.0	iML1515	micro_pilot_processing_20260730:v1.0.0	parsimonious_FBA
ACONTa	5.280300235257247	iML1515	micro_pilot_processing_20260730:v1.0.0	parsimonious_FBA
MLDCP2App	0.0	iML1515	micro_pilot_processing_20260730:v1.0.0	parsimonious_FBA
12DGR140tipp	0.0	iML1515	micro_pilot_processing_20260730:v1.0.0	parsimonious_FBA
PG180abcpp	0.0	iML1515	micro_pilot_processing_20260730:v1.0.0	parsimonious_FBA
12DGR160tipp	0.0	iML1515	micro_pilot_processing_20260730:v1.0.0	parsimonious_FBA
PG181abcpp	0.0	iML1515	micro_pilot_processing_20260730:v1.0.0	parsimonious_FBA
AM4PA	0.0	iML1515	micro_pilot_processing_20260730:v1.0.0	parsimonious_FBA
PGP141abcpp	0.0	iML1515	micro_pilot_processing_20260730:v1.0.0	parsimonious_FBA
PGP160abcpp	0.0	iML1515	micro_pilot_processing_20260730:v1.0.0	parsimonious_FBA
12DGR180tipp	0.0	iML1515	micro_pilot_processing_20260730:v1.0.0	parsimonious_FBA
PGPP120pp	0.0	iML1515	micro_pilot_processing_20260730:v1.0.0	parsimonious_FBA
PGPP181pp	0.0	iML1515	micro_pilot_processing_20260730:v1.0.0	parsimonious_FBA
CLPNH120pp	0.0	iML1515	micro_pilot_processing_20260730:v1.0.0	parsimonious_FBA
PGP180abcpp	0.0	iML1515	micro_pilot_processing_20260730:v1.0.0	parsimonious_FBA
EX_dump_e	0.0	iML1515	micro_pilot_processing_20260730:v1.0.0	parsimonious_FBA
PAPA181pp	0.0	iML1515	micro_pilot_processing_20260730:v1.0.0	parsimonious_FBA
PA140abcpp	0.0	iML1515	micro_pilot_processing_20260730:v1.0.0	parsimonious_FBA
CLPNH140pp	0.0	iML1515	micro_pilot_processing_20260730:v1.0.0	parsimonious_FBA
EX_12ppd__R_e	0.0	iML1515	micro_pilot_processing_20260730:v1.0.0	parsimonious_FBA
PGSA181	0.0	iML1515	micro_pilot_processing_20260730:v1.0.0	parsimonious_FBA
PGPP140	0.0	iML1515	micro_pilot_processing_20260730:v1.0.0	parsimonious_FBA
PGPP141	0.0	iML1515	micro_pilot_processing_20260730:v1.0.0	parsimonious_FBA
MDDCP5pp	0.0	iML1515	micro_pilot_processing_20260730:v1.0.0	parsimonious_FBA
MLTGY3pp	0.0	iML1515	micro_pilot_processing_20260730:v1.0.0	parsimonious_FBA
12DGR120tipp	0.0	iML1515	micro_pilot_processing_20260730:v1.0.0	parsimonious_FBA
MDDCP4pp	0.0	iML1515	micro_pilot_processing_20260730:v1.0.0	parsimonious_FBA
CLPNS140pp	0.0	iML1515	micro_pilot_processing_20260730:v1.0.0	parsimonious_FBA
CLPNS141pp	0.0	iML1515	micro_pilot_processing_20260730:v1.0.0	parsimonious_FBA
G3PAT180	0.0	iML1515	micro_pilot_processing_20260730:v1.0.0	parsimonious_FBA
EX_o2s_e	0.0	iML1515	micro_pilot_processing_20260730:v1.0.0	parsimonious_FBA
PLIPA1G160pp	0.0	iML1515	micro_pilot_processing_20260730:v1.0.0	parsimonious_FBA
PG120abcpp	0.0	iML1515	micro_pilot_processing_20260730:v1.0.0	parsimonious_FBA
EX_gal1p_e	0.0	iML1515	micro_pilot_processing_20260730:v1.0.0	parsimonious_FBA
PE140abcpp	0.0	iML1515	micro_pilot_processing_20260730:v1.0.0	parsimonious_FBA
CFAS160E	0.0	iML1515	micro_pilot_processing_20260730:v1.0.0	parsimonious_FBA
PLIPA1G141pp	0.0	iML1515	micro_pilot_processing_20260730:v1.0.0	parsimonious_FBA
LPLIPAL2E160	0.0	iML1515	micro_pilot_processing_20260730:v1.0.0	parsimonious_FBA
LPLIPAL2G140	0.0	iML1515	micro_pilot_processing_20260730:v1.0.0	parsimonious_FBA
LPLIPAL2G160	0.0	iML1515	micro_pilot_processing_20260730:v1.0.0	parsimonious_FBA
CFAS180E	0.0	iML1515	micro_pilot_processing_20260730:v1.0.0	parsimonious_FBA
EX_dcmp_e	0.0	iML1515	micro_pilot_processing_20260730:v1.0.0	parsimonious_FBA
CFAS180G	0.0	iML1515	micro_pilot_processing_20260730:v1.0.0	parsimonious_FBA
PAPA160	0.0	iML1515	micro_pilot_processing_20260730:v1.0.0	parsimonious_FBA
2AGPE140tipp	0.0	iML1515	micro_pilot_processing_20260730:v1.0.0	parsimonious_FBA
2AGPE160tipp	0.0	iML1515	micro_pilot_processing_20260730:v1.0.0	parsimonious_FBA
2AGPE180tipp	0.0	iML1515	micro_pilot_processing_20260730:v1.0.0	parsimonious_FBA
PAPA180	0.0	iML1515	micro_pilot_processing_20260730:v1.0.0	parsimonious_FBA
PAPA181	0.0	iML1515	micro_pilot_processing_20260730:v1.0.0	parsimonious_FBA
2AGPE141tipp	0.0	iML1515	micro_pilot_processing_20260730:v1.0.0	parsimonious_FBA
2AGPE161tipp	0.0	iML1515	micro_pilot_processing_20260730:v1.0.0	parsimonious_FBA
EX_23ccmp_e	0.0	iML1515	micro_pilot_processing_20260730:v1.0.0	parsimonious_FBA
2AGPA161tipp	0.0	iML1515	micro_pilot_processing_20260730:v1.0.0	parsimonious_FBA
2AGPA181tipp	0.0	iML1515	micro_pilot_processing_20260730:v1.0.0	parsimonious_FBA
2AGPG120tipp	0.0	iML1515	micro_pilot_processing_20260730:v1.0.0	parsimonious_FBA
LPLIPAL2G120	0.0	iML1515	micro_pilot_processing_20260730:v1.0.0	parsimonious_FBA
PA141abcpp	0.0	iML1515	micro_pilot_processing_20260730:v1.0.0	parsimonious_FBA
PETNT161pp	0.0	iML1515	micro_pilot_processing_20260730:v1.0.0	parsimonious_FBA
PSSA160	0.05244221333645012	iML1515	micro_pilot_processing_20260730:v1.0.0	parsimonious_FBA
PSSA181	0.0	iML1515	micro_pilot_processing_20260730:v1.0.0	parsimonious_FBA
DAGK140	0.0	iML1515	micro_pilot_processing_20260730:v1.0.0	parsimonious_FBA
DAGK160	0.0	iML1515	micro_pilot_processing_20260730:v1.0.0	parsimonious_FBA
DAGK141	0.0	iML1515	micro_pilot_processing_20260730:v1.0.0	parsimonious_FBA
DAGK161	0.0	iML1515	micro_pilot_processing_20260730:v1.0.0	parsimonious_FBA
AGPAT181	0.0	iML1515	micro_pilot_processing_20260730:v1.0.0	parsimonious_FBA
PA161abcpp	0.0	iML1515	micro_pilot_processing_20260730:v1.0.0	parsimonious_FBA
PA180abcpp	0.0	iML1515	micro_pilot_processing_20260730:v1.0.0	parsimonious_FBA
PGPP161pp	0.0	iML1515	micro_pilot_processing_20260730:v1.0.0	parsimonious_FBA
PE120abcpp	0.0	iML1515	micro_pilot_processing_20260730:v1.0.0	parsimonious_FBA
MDDEP3pp	0.0	iML1515	micro_pilot_processing_20260730:v1.0.0	parsimonious_FBA
MDDEP4pp	0.0	iML1515	micro_pilot_processing_20260730:v1.0.0	parsimonious_FBA
PE180abcpp	0.0	iML1515	micro_pilot_processing_20260730:v1.0.0	parsimonious_FBA
PAPA140	0.0	iML1515	micro_pilot_processing_20260730:v1.0.0	parsimonious_FBA
MLTGY1pp	0.0	iML1515	micro_pilot_processing_20260730:v1.0.0	parsimonious_FBA
EX_3cmp_e	0.0	iML1515	micro_pilot_processing_20260730:v1.0.0	parsimonious_FBA
CGLYtex	0.0	iML1515	micro_pilot_processing_20260730:v1.0.0	parsimonious_FBA
3HAD40	0.0	iML1515	micro_pilot_processing_20260730:v1.0.0	parsimonious_FBA
PLIPA1E141pp	0.0	iML1515	micro_pilot_processing_20260730:v1.0.0	parsimonious_FBA
3OAS60	0.0	iML1515	micro_pilot_processing_20260730:v1.0.0	parsimonious_FBA
3OAS160	0.0	iML1515	micro_pilot_processing_20260730:v1.0.0	parsimonious_FBA
PAPA141	0.0	iML1515	micro_pilot_processing_20260730:v1.0.0	parsimonious_FBA
PAPA161	0.0	iML1515	micro_pilot_processing_20260730:v1.0.0	parsimonious_FBA
GTHOXtex	0.0	iML1515	micro_pilot_processing_20260730:v1.0.0	parsimonious_FBA
DSBAO1	0.0	iML1515	micro_pilot_processing_20260730:v1.0.0	parsimonious_FBA
DSBAO2	0.0	iML1515	micro_pilot_processing_20260730:v1.0.0	parsimonious_FBA
DSBDR	0.0	iML1515	micro_pilot_processing_20260730:v1.0.0	parsimonious_FBA
TDSR1	0.0	iML1515	micro_pilot_processing_20260730:v1.0.0	parsimonious_FBA
CGLYabcpp	0.0	iML1515	micro_pilot_processing_20260730:v1.0.0	parsimonious_FBA
PLIPA2A120pp	0.0	iML1515	micro_pilot_processing_20260730:v1.0.0	parsimonious_FBA
PLIPA2A160pp	0.0	iML1515	micro_pilot_processing_20260730:v1.0.0	parsimonious_FBA
CLPNH180pp	0.0	iML1515	micro_pilot_processing_20260730:v1.0.0	parsimonious_FBA
3OAR60	0.0	iML1515	micro_pilot_processing_20260730:v1.0.0	parsimonious_FBA
3OAR80	0.0	iML1515	micro_pilot_processing_20260730:v1.0.0	parsimonious_FBA
MLDCP3App	0.0	iML1515	micro_pilot_processing_20260730:v1.0.0	parsimonious_FBA
MLDCP1Bpp	0.0	iML1515	micro_pilot_processing_20260730:v1.0.0	parsimonious_FBA
2AGPE181tipp	0.0	iML1515	micro_pilot_processing_20260730:v1.0.0	parsimonious_FBA
2AGPA140tipp	0.0	iML1515	micro_pilot_processing_20260730:v1.0.0	parsimonious_FBA
LPLIPAL2E120	0.0	iML1515	micro_pilot_processing_20260730:v1.0.0	parsimonious_FBA
EAR100x	0.0	iML1515	micro_pilot_processing_20260730:v1.0.0	parsimonious_FBA
EAR120x	0.0	iML1515	micro_pilot_processing_20260730:v1.0.0	parsimonious_FBA
EAR160x	0.0	iML1515	micro_pilot_processing_20260730:v1.0.0	parsimonious_FBA
2AGPA160tipp	0.0	iML1515	micro_pilot_processing_20260730:v1.0.0	parsimonious_FBA
ATHRDHr	0.0	iML1515	micro_pilot_processing_20260730:v1.0.0	parsimonious_FBA
2AGPA180tipp	0.0	iML1515	micro_pilot_processing_20260730:v1.0.0	parsimonious_FBA
2AGPA141tipp	0.0	iML1515	micro_pilot_processing_20260730:v1.0.0	parsimonious_FBA
EAR140y	0.0	iML1515	micro_pilot_processing_20260730:v1.0.0	parsimonious_FBA
3OAS121	0.0	iML1515	micro_pilot_processing_20260730:v1.0.0	parsimonious_FBA
3OAS80	0.0	iML1515	micro_pilot_processing_20260730:v1.0.0	parsimonious_FBA
3OAS100	0.0	iML1515	micro_pilot_processing_20260730:v1.0.0	parsimonious_FBA
3OAS120	0.0	iML1515	micro_pilot_processing_20260730:v1.0.0	parsimonious_FBA
LSERDHr	0.0	iML1515	micro_pilot_processing_20260730:v1.0.0	parsimonious_FBA
3OAR40	0.0	iML1515	micro_pilot_processing_20260730:v1.0.0	parsimonious_FBA
3OAR100	0.0	iML1515	micro_pilot_processing_20260730:v1.0.0	parsimonious_FBA
DSERDHr	0.0	iML1515	micro_pilot_processing_20260730:v1.0.0	parsimonious_FBA
3HAD60	0.0	iML1515	micro_pilot_processing_20260730:v1.0.0	parsimonious_FBA
3HAD100	0.0	iML1515	micro_pilot_processing_20260730:v1.0.0	parsimonious_FBA
3HAD140	0.0	iML1515	micro_pilot_processing_20260730:v1.0.0	parsimonious_FBA
3HAD160	0.0	iML1515	micro_pilot_processing_20260730:v1.0.0	parsimonious_FBA
EX_urate_e	0.0	iML1515	micro_pilot_processing_20260730:v1.0.0	parsimonious_FBA
PSD120	0.0	iML1515	micro_pilot_processing_20260730:v1.0.0	parsimonious_FBA
AGPAT180	0.0	iML1515	micro_pilot_processing_20260730:v1.0.0	parsimonious_FBA
AGPAT141	0.0	iML1515	micro_pilot_processing_20260730:v1.0.0	parsimonious_FBA
PAPA120	0.0	iML1515	micro_pilot_processing_20260730:v1.0.0	parsimonious_FBA
EX_skm_e	0.0	iML1515	micro_pilot_processing_20260730:v1.0.0	parsimonious_FBA
EX_cpgn_un_e	0.0	iML1515	micro_pilot_processing_20260730:v1.0.0	parsimonious_FBA
MDDEP1pp	0.0	iML1515	micro_pilot_processing_20260730:v1.0.0	parsimonious_FBA
MDDEP2pp	0.0	iML1515	micro_pilot_processing_20260730:v1.0.0	parsimonious_FBA
AGPAT161	0.061810709779793784	iML1515	micro_pilot_processing_20260730:v1.0.0	parsimonious_FBA
DASYN120	0.0	iML1515	micro_pilot_processing_20260730:v1.0.0	parsimonious_FBA
EAR40x	0.0	iML1515	micro_pilot_processing_20260730:v1.0.0	parsimonious_FBA
EAR60y	0.0	iML1515	micro_pilot_processing_20260730:v1.0.0	parsimonious_FBA
MLDEP1pp	0.0	iML1515	micro_pilot_processing_20260730:v1.0.0	parsimonious_FBA
PSD181	0.0	iML1515	micro_pilot_processing_20260730:v1.0.0	parsimonious_FBA
DAGK180	0.0	iML1515	micro_pilot_processing_20260730:v1.0.0	parsimonious_FBA
DAGK181	0.0	iML1515	micro_pilot_processing_20260730:v1.0.0	parsimonious_FBA
MLDEP2pp	0.0	iML1515	micro_pilot_processing_20260730:v1.0.0	parsimonious_FBA
EX_ag_e	0.0	iML1515	micro_pilot_processing_20260730:v1.0.0	parsimonious_FBA
MLTGY2pp	0.0	iML1515	micro_pilot_processing_20260730:v1.0.0	parsimonious_FBA
PLIPA2E120pp	0.0	iML1515	micro_pilot_processing_20260730:v1.0.0	parsimonious_FBA
PLIPA2G141pp	0.0	iML1515	micro_pilot_processing_20260730:v1.0.0	parsimonious_FBA
MLTGY4pp	0.0	iML1515	micro_pilot_processing_20260730:v1.0.0	parsimonious_FBA
EAR60x	0.0	iML1515	micro_pilot_processing_20260730:v1.0.0	parsimonious_FBA
PLIPA2G161pp	0.0	iML1515	micro_pilot_processing_20260730:v1.0.0	parsimonious_FBA
EX_cys__D_e	0.0	iML1515	micro_pilot_processing_20260730:v1.0.0	parsimonious_FBA
LPLIPAL1A120pp	0.0	iML1515	micro_pilot_processing_20260730:v1.0.0	parsimonious_FBA
LPLIPAL1A140pp	0.0	iML1515	micro_pilot_processing_20260730:v1.0.0	parsimonious_FBA
EAR80x	0.0	iML1515	micro_pilot_processing_20260730:v1.0.0	parsimonious_FBA
PE181abcpp	0.0	iML1515	micro_pilot_processing_20260730:v1.0.0	parsimonious_FBA
12DGR161tipp	0.0	iML1515	micro_pilot_processing_20260730:v1.0.0	parsimonious_FBA
12DGR181tipp	0.0	iML1515	micro_pilot_processing_20260730:v1.0.0	parsimonious_FBA
NTP11	0.0	iML1515	micro_pilot_processing_20260730:v1.0.0	parsimonious_FBA
LPLIPAL1A181pp	0.0	iML1515	micro_pilot_processing_20260730:v1.0.0	parsimonious_FBA
LPLIPAL1E120pp	0.0	iML1515	micro_pilot_processing_20260730:v1.0.0	parsimonious_FBA
3OAR180	0.0	iML1515	micro_pilot_processing_20260730:v1.0.0	parsimonious_FBA
G3PAT120	0.0	iML1515	micro_pilot_processing_20260730:v1.0.0	parsimonious_FBA
PGSA120	0.0	iML1515	micro_pilot_processing_20260730:v1.0.0	parsimonious_FBA
3OAS180	0.0	iML1515	micro_pilot_processing_20260730:v1.0.0	parsimonious_FBA
3HAD180	0.0	iML1515	micro_pilot_processing_20260730:v1.0.0	parsimonious_FBA
CDAPPA120	0.0	iML1515	micro_pilot_processing_20260730:v1.0.0	parsimonious_FBA
TDSR2	0.0	iML1515	micro_pilot_processing_20260730:v1.0.0	parsimonious_FBA
EX_acser_e	0.0	iML1515	micro_pilot_processing_20260730:v1.0.0	parsimonious_FBA
GTHRDtex	0.0	iML1515	micro_pilot_processing_20260730:v1.0.0	parsimonious_FBA
GTHRDabc2pp	0.0	iML1515	micro_pilot_processing_20260730:v1.0.0	parsimonious_FBA
OMMBLHX3	-7.356230467981316e-15	iML1515	micro_pilot_processing_20260730:v1.0.0	parsimonious_FBA
PSSA120	0.0	iML1515	micro_pilot_processing_20260730:v1.0.0	parsimonious_FBA
UM4PL	0.0	iML1515	micro_pilot_processing_20260730:v1.0.0	parsimonious_FBA
2MAHMP	0.0	iML1515	micro_pilot_processing_20260730:v1.0.0	parsimonious_FBA
EX_cu_e	0.0	iML1515	micro_pilot_processing_20260730:v1.0.0	parsimonious_FBA
ZN2tpp	0.00028023309536668277	iML1515	micro_pilot_processing_20260730:v1.0.0	parsimonious_FBA
NI2tpp	0.0002654407325614034	iML1515	micro_pilot_processing_20260730:v1.0.0	parsimonious_FBA
EX_arbtn_e	0.0	iML1515	micro_pilot_processing_20260730:v1.0.0	parsimonious_FBA
COBALT2t3pp	0.0	iML1515	micro_pilot_processing_20260730:v1.0.0	parsimonious_FBA
23DAPPAt2pp	0.0	iML1515	micro_pilot_processing_20260730:v1.0.0	parsimonious_FBA
NADHPO	0.0	iML1515	micro_pilot_processing_20260730:v1.0.0	parsimonious_FBA
ACOAD7f	-0.10488442667290025	iML1515	micro_pilot_processing_20260730:v1.0.0	parsimonious_FBA
ACOAD8f	0.0	iML1515	micro_pilot_processing_20260730:v1.0.0	parsimonious_FBA
PLIPA1A120pp	0.0	iML1515	micro_pilot_processing_20260730:v1.0.0	parsimonious_FBA
ACOAD5f	-0.29246144861904716	iML1515	micro_pilot_processing_20260730:v1.0.0	parsimonious_FBA
PLIPA1A140pp	0.0	iML1515	micro_pilot_processing_20260730:v1.0.0	parsimonious_FBA
EX_dopa_e	0.0	iML1515	micro_pilot_processing_20260730:v1.0.0	parsimonious_FBA
PLIPA1A141pp	0.0	iML1515	micro_pilot_processing_20260730:v1.0.0	parsimonious_FBA
PLIPA1A160pp	0.0	iML1515	micro_pilot_processing_20260730:v1.0.0	parsimonious_FBA
PLIPA1A161pp	0.0	iML1515	micro_pilot_processing_20260730:v1.0.0	parsimonious_FBA
PLIPA1A180pp	0.0	iML1515	micro_pilot_processing_20260730:v1.0.0	parsimonious_FBA
LPLIPAL2A120	0.0	iML1515	micro_pilot_processing_20260730:v1.0.0	parsimonious_FBA
CAt6pp	-0.004277458244526639	iML1515	micro_pilot_processing_20260730:v1.0.0	parsimonious_FBA
ACOAD3f	-0.29246144861904716	iML1515	micro_pilot_processing_20260730:v1.0.0	parsimonious_FBA
ACOAD2f	-0.29246144861904716	iML1515	micro_pilot_processing_20260730:v1.0.0	parsimonious_FBA
ACOAD4f	-0.29246144861904716	iML1515	micro_pilot_processing_20260730:v1.0.0	parsimonious_FBA
ACOAD6f	-0.2285058462324878	iML1515	micro_pilot_processing_20260730:v1.0.0	parsimonious_FBA
NADH16pp	35.32873585698639	iML1515	micro_pilot_processing_20260730:v1.0.0	parsimonious_FBA
NADH18pp	0.0	iML1515	micro_pilot_processing_20260730:v1.0.0	parsimonious_FBA
EX_tartr__D_e	0.0	iML1515	micro_pilot_processing_20260730:v1.0.0	parsimonious_FBA
GLYBt2pp	0.0	iML1515	micro_pilot_processing_20260730:v1.0.0	parsimonious_FBA
5DGLCNt2rpp	0.0	iML1515	micro_pilot_processing_20260730:v1.0.0	parsimonious_FBA
GALCTNt2pp	0.0	iML1515	micro_pilot_processing_20260730:v1.0.0	parsimonious_FBA
GALCTNLtex	0.0	iML1515	micro_pilot_processing_20260730:v1.0.0	parsimonious_FBA
EX_galctn__L_e	0.0	iML1515	micro_pilot_processing_20260730:v1.0.0	parsimonious_FBA
DSERt2pp	0.0	iML1515	micro_pilot_processing_20260730:v1.0.0	parsimonious_FBA
EX_hom__L_e	0.0	iML1515	micro_pilot_processing_20260730:v1.0.0	parsimonious_FBA
ALAt4pp	0.0	iML1515	micro_pilot_processing_20260730:v1.0.0	parsimonious_FBA
LYSt3pp	0.0	iML1515	micro_pilot_processing_20260730:v1.0.0	parsimonious_FBA
KDUI	0.0	iML1515	micro_pilot_processing_20260730:v1.0.0	parsimonious_FBA
EX_tungs_e	0.0	iML1515	micro_pilot_processing_20260730:v1.0.0	parsimonious_FBA
CA2t3pp	0.0	iML1515	micro_pilot_processing_20260730:v1.0.0	parsimonious_FBA
CTBTCAL2	0.0	iML1515	micro_pilot_processing_20260730:v1.0.0	parsimonious_FBA
OBTFL	0.0	iML1515	micro_pilot_processing_20260730:v1.0.0	parsimonious_FBA
NADH17pp	0.0	iML1515	micro_pilot_processing_20260730:v1.0.0	parsimonious_FBA
FA161ACPHi	0.0	iML1515	micro_pilot_processing_20260730:v1.0.0	parsimonious_FBA
BGLA1	0.0	iML1515	micro_pilot_processing_20260730:v1.0.0	parsimonious_FBA
FA141ACPHi	0.0	iML1515	micro_pilot_processing_20260730:v1.0.0	parsimonious_FBA
THRt2pp	0.0	iML1515	micro_pilot_processing_20260730:v1.0.0	parsimonious_FBA
ARGt3pp	0.0	iML1515	micro_pilot_processing_20260730:v1.0.0	parsimonious_FBA
FA160ACPHi	0.0	iML1515	micro_pilot_processing_20260730:v1.0.0	parsimonious_FBA
MALDtex	0.0	iML1515	micro_pilot_processing_20260730:v1.0.0	parsimonious_FBA
OROTtex	0.0	iML1515	micro_pilot_processing_20260730:v1.0.0	parsimonious_FBA
EX_crn__D_e	0.0	iML1515	micro_pilot_processing_20260730:v1.0.0	parsimonious_FBA
GDPMNP	0.0	iML1515	micro_pilot_processing_20260730:v1.0.0	parsimonious_FBA
OPHHX3	0.0001832609391913835	iML1515	micro_pilot_processing_20260730:v1.0.0	parsimonious_FBA
AMMQLT8	0.0	iML1515	micro_pilot_processing_20260730:v1.0.0	parsimonious_FBA
FA120ACPHi	0.0	iML1515	micro_pilot_processing_20260730:v1.0.0	parsimonious_FBA
FA80ACPHi	0.0	iML1515	micro_pilot_processing_20260730:v1.0.0	parsimonious_FBA
FA140ACPHi	0.0	iML1515	micro_pilot_processing_20260730:v1.0.0	parsimonious_FBA
PPAt4pp	0.0	iML1515	micro_pilot_processing_20260730:v1.0.0	parsimonious_FBA
OROTt2_2pp	0.0	iML1515	micro_pilot_processing_20260730:v1.0.0	parsimonious_FBA
MALDt2_2pp	0.0	iML1515	micro_pilot_processing_20260730:v1.0.0	parsimonious_FBA
FA100ACPHi	0.0	iML1515	micro_pilot_processing_20260730:v1.0.0	parsimonious_FBA
CRNDCAL2	0.0	iML1515	micro_pilot_processing_20260730:v1.0.0	parsimonious_FBA
5DGLCNtex	0.0	iML1515	micro_pilot_processing_20260730:v1.0.0	parsimonious_FBA
EX_LalaDgluMdapDala_e	0.0	iML1515	micro_pilot_processing_20260730:v1.0.0	parsimonious_FBA
EX_5dglcn_e	0.0	iML1515	micro_pilot_processing_20260730:v1.0.0	parsimonious_FBA
DTARTD	0.0	iML1515	micro_pilot_processing_20260730:v1.0.0	parsimonious_FBA
CRNCAL2	0.0	iML1515	micro_pilot_processing_20260730:v1.0.0	parsimonious_FBA
CHLt2pp	0.0	iML1515	micro_pilot_processing_20260730:v1.0.0	parsimonious_FBA
GLYt4pp	0.0	iML1515	micro_pilot_processing_20260730:v1.0.0	parsimonious_FBA
PLIPA2E161pp	0.0	iML1515	micro_pilot_processing_20260730:v1.0.0	parsimonious_FBA
PLIPA2E180pp	0.0	iML1515	micro_pilot_processing_20260730:v1.0.0	parsimonious_FBA
FRULYSE	0.0	iML1515	micro_pilot_processing_20260730:v1.0.0	parsimonious_FBA
FRULYSt2pp	0.0	iML1515	micro_pilot_processing_20260730:v1.0.0	parsimonious_FBA
EX_LalaDgluMdap_e	0.0	iML1515	micro_pilot_processing_20260730:v1.0.0	parsimonious_FBA
EX_psclys_e	0.0	iML1515	micro_pilot_processing_20260730:v1.0.0	parsimonious_FBA
TUNGStex	0.0	iML1515	micro_pilot_processing_20260730:v1.0.0	parsimonious_FBA
PLIPA2G120pp	0.0	iML1515	micro_pilot_processing_20260730:v1.0.0	parsimonious_FBA
PLIPA2G180pp	0.0	iML1515	micro_pilot_processing_20260730:v1.0.0	parsimonious_FBA
LPLIPAL1A161pp	0.0	iML1515	micro_pilot_processing_20260730:v1.0.0	parsimonious_FBA
LPLIPAL1A160pp	0.0	iML1515	micro_pilot_processing_20260730:v1.0.0	parsimonious_FBA
PSCLYSt2pp	0.0	iML1515	micro_pilot_processing_20260730:v1.0.0	parsimonious_FBA
LYSt2pp	0.0	iML1515	micro_pilot_processing_20260730:v1.0.0	parsimonious_FBA
COBALT2tpp	2.05449483406659e-05	iML1515	micro_pilot_processing_20260730:v1.0.0	parsimonious_FBA
OXCDC	0.0	iML1515	micro_pilot_processing_20260730:v1.0.0	parsimonious_FBA
LPLIPAL2A140	0.0	iML1515	micro_pilot_processing_20260730:v1.0.0	parsimonious_FBA
LPLIPAL2A160	0.0	iML1515	micro_pilot_processing_20260730:v1.0.0	parsimonious_FBA
LPLIPAL2A161	0.0	iML1515	micro_pilot_processing_20260730:v1.0.0	parsimonious_FBA
LPLIPAL2A180	0.0	iML1515	micro_pilot_processing_20260730:v1.0.0	parsimonious_FBA
GLYt2pp	0.0	iML1515	micro_pilot_processing_20260730:v1.0.0	parsimonious_FBA
ALAt2pp	0.0	iML1515	micro_pilot_processing_20260730:v1.0.0	parsimonious_FBA
EX_anhgm_e	0.0	iML1515	micro_pilot_processing_20260730:v1.0.0	parsimonious_FBA
BALAt2pp	0.0	iML1515	micro_pilot_processing_20260730:v1.0.0	parsimonious_FBA
DALAt2pp	0.011418060489808477	iML1515	micro_pilot_processing_20260730:v1.0.0	parsimonious_FBA
FE2tpp	0.006782298272134421	iML1515	micro_pilot_processing_20260730:v1.0.0	parsimonious_FBA
LPLIPAL2A181	0.0	iML1515	micro_pilot_processing_20260730:v1.0.0	parsimonious_FBA
DM_aacald_c	0.0	iML1515	micro_pilot_processing_20260730:v1.0.0	parsimonious_FBA
UM3PL	0.0	iML1515	micro_pilot_processing_20260730:v1.0.0	parsimonious_FBA
MN2tpp	0.0005678623721360053	iML1515	micro_pilot_processing_20260730:v1.0.0	parsimonious_FBA
MG2tpp	0.0	iML1515	micro_pilot_processing_20260730:v1.0.0	parsimonious_FBA
5MTRtex	0.0	iML1515	micro_pilot_processing_20260730:v1.0.0	parsimonious_FBA
NI2t3pp	0.0	iML1515	micro_pilot_processing_20260730:v1.0.0	parsimonious_FBA
PPAtex	0.0	iML1515	micro_pilot_processing_20260730:v1.0.0	parsimonious_FBA
GALCTNLt2pp	0.0	iML1515	micro_pilot_processing_20260730:v1.0.0	parsimonious_FBA
GALCTLO	0.0	iML1515	micro_pilot_processing_20260730:v1.0.0	parsimonious_FBA
THYMt3pp	0.0	iML1515	micro_pilot_processing_20260730:v1.0.0	parsimonious_FBA
CLt3_2pp	0.00213872912226332	iML1515	micro_pilot_processing_20260730:v1.0.0	parsimonious_FBA
EX_ppal_e	0.0	iML1515	micro_pilot_processing_20260730:v1.0.0	parsimonious_FBA
POR5	0.0893746342715059	iML1515	micro_pilot_processing_20260730:v1.0.0	parsimonious_FBA
HACD8	0.0	iML1515	micro_pilot_processing_20260730:v1.0.0	parsimonious_FBA
CTECOAI8	0.0	iML1515	micro_pilot_processing_20260730:v1.0.0	parsimonious_FBA
CTECOAI6	0.0	iML1515	micro_pilot_processing_20260730:v1.0.0	parsimonious_FBA
MTHTHFSs	0.0	iML1515	micro_pilot_processing_20260730:v1.0.0	parsimonious_FBA
SELGTHR	0.0	iML1515	micro_pilot_processing_20260730:v1.0.0	parsimonious_FBA
SELGTHR3	0.0	iML1515	micro_pilot_processing_20260730:v1.0.0	parsimonious_FBA
EX_slnt_e	0.0	iML1515	micro_pilot_processing_20260730:v1.0.0	parsimonious_FBA
MALCOAMT	1.6435958672142896e-06	iML1515	micro_pilot_processing_20260730:v1.0.0	parsimonious_FBA
PSCLYStex	0.0	iML1515	micro_pilot_processing_20260730:v1.0.0	parsimonious_FBA
THYMtex	0.0	iML1515	micro_pilot_processing_20260730:v1.0.0	parsimonious_FBA
CU2tpp	0.0005826547349412849	iML1515	micro_pilot_processing_20260730:v1.0.0	parsimonious_FBA
FE2t3pp	0.0	iML1515	micro_pilot_processing_20260730:v1.0.0	parsimonious_FBA
MN2t3pp	0.0	iML1515	micro_pilot_processing_20260730:v1.0.0	parsimonious_FBA
MG2t3_2pp	0.007129097074211067	iML1515	micro_pilot_processing_20260730:v1.0.0	parsimonious_FBA
CD2tpp	0.0	iML1515	micro_pilot_processing_20260730:v1.0.0	parsimonious_FBA
ETHAt2pp	0.0	iML1515	micro_pilot_processing_20260730:v1.0.0	parsimonious_FBA
FE3abcpp	0.0064165983398429775	iML1515	micro_pilot_processing_20260730:v1.0.0	parsimonious_FBA
THRA	0.0	iML1515	micro_pilot_processing_20260730:v1.0.0	parsimonious_FBA
OGMEACPS	1.6435958672142896e-06	iML1515	micro_pilot_processing_20260730:v1.0.0	parsimonious_FBA
OGMEACPR	1.6435958672142896e-06	iML1515	micro_pilot_processing_20260730:v1.0.0	parsimonious_FBA
OPMEACPS	1.6435958672532717e-06	iML1515	micro_pilot_processing_20260730:v1.0.0	parsimonious_FBA
LIPAabctex	0.0	iML1515	micro_pilot_processing_20260730:v1.0.0	parsimonious_FBA
DGUNC	0.0	iML1515	micro_pilot_processing_20260730:v1.0.0	parsimonious_FBA
XYLK2	0.0	iML1515	micro_pilot_processing_20260730:v1.0.0	parsimonious_FBA
GLDBRAN2	0.0	iML1515	micro_pilot_processing_20260730:v1.0.0	parsimonious_FBA
LALADGLUtex	0.0	iML1515	micro_pilot_processing_20260730:v1.0.0	parsimonious_FBA
S2FE2SR	0.0	iML1515	micro_pilot_processing_20260730:v1.0.0	parsimonious_FBA
CDGUNPD	0.0	iML1515	micro_pilot_processing_20260730:v1.0.0	parsimonious_FBA
ACACT8r	0.0	iML1515	micro_pilot_processing_20260730:v1.0.0	parsimonious_FBA
LALALGLUtpp	0.0	iML1515	micro_pilot_processing_20260730:v1.0.0	parsimonious_FBA
CTECOAI7	-0.1236214195595876	iML1515	micro_pilot_processing_20260730:v1.0.0	parsimonious_FBA
CLIPAabctex	0.0	iML1515	micro_pilot_processing_20260730:v1.0.0	parsimonious_FBA
3AMACHYD	0.0	iML1515	micro_pilot_processing_20260730:v1.0.0	parsimonious_FBA
K2L4Aabctex	0.015988900596639825	iML1515	micro_pilot_processing_20260730:v1.0.0	parsimonious_FBA
FDH4pp	0.0	iML1515	micro_pilot_processing_20260730:v1.0.0	parsimonious_FBA
FDH5pp	0.0	iML1515	micro_pilot_processing_20260730:v1.0.0	parsimonious_FBA
ACPPAT140	0.0	iML1515	micro_pilot_processing_20260730:v1.0.0	parsimonious_FBA
APG3PAT140	0.0	iML1515	micro_pilot_processing_20260730:v1.0.0	parsimonious_FBA
LDGUNPD	0.0	iML1515	micro_pilot_processing_20260730:v1.0.0	parsimonious_FBA
MPTAT	0.0	iML1515	micro_pilot_processing_20260730:v1.0.0	parsimonious_FBA
APG3PAT141	0.0	iML1515	micro_pilot_processing_20260730:v1.0.0	parsimonious_FBA
MOADSUx	0.0	iML1515	micro_pilot_processing_20260730:v1.0.0	parsimonious_FBA
3HPPtex	0.0	iML1515	micro_pilot_processing_20260730:v1.0.0	parsimonious_FBA
CMtpp	0.0	iML1515	micro_pilot_processing_20260730:v1.0.0	parsimonious_FBA
FUSAtpp	0.0	iML1515	micro_pilot_processing_20260730:v1.0.0	parsimonious_FBA
APG3PAT181	0.0	iML1515	micro_pilot_processing_20260730:v1.0.0	parsimonious_FBA
APH140	0.0	iML1515	micro_pilot_processing_20260730:v1.0.0	parsimonious_FBA
APH160	0.0	iML1515	micro_pilot_processing_20260730:v1.0.0	parsimonious_FBA
OPMEACPD	1.6435958672532715e-06	iML1515	micro_pilot_processing_20260730:v1.0.0	parsimonious_FBA
EPMEACPR	1.6435958672532713e-06	iML1515	micro_pilot_processing_20260730:v1.0.0	parsimonious_FBA
RFAMPtex	0.0	iML1515	micro_pilot_processing_20260730:v1.0.0	parsimonious_FBA
MINCYCtex	0.0	iML1515	micro_pilot_processing_20260730:v1.0.0	parsimonious_FBA
AOXSr2	1.6435958672532713e-06	iML1515	micro_pilot_processing_20260730:v1.0.0	parsimonious_FBA
MINCYCtpp	0.0	iML1515	micro_pilot_processing_20260730:v1.0.0	parsimonious_FBA
MEOHtrpp	-1.6435958672532715e-06	iML1515	micro_pilot_processing_20260730:v1.0.0	parsimonious_FBA
EX_LalaDglu_e	0.0	iML1515	micro_pilot_processing_20260730:v1.0.0	parsimonious_FBA
SCYSDS	0.0	iML1515	micro_pilot_processing_20260730:v1.0.0	parsimonious_FBA
DOXRBCNtex	0.0	iML1515	micro_pilot_processing_20260730:v1.0.0	parsimonious_FBA
DOXRBCNtpp	0.0	iML1515	micro_pilot_processing_20260730:v1.0.0	parsimonious_FBA
S2FE2SS	0.0	iML1515	micro_pilot_processing_20260730:v1.0.0	parsimonious_FBA
S4FE4SR	0.0	iML1515	micro_pilot_processing_20260730:v1.0.0	parsimonious_FBA
CCGS	0.0	iML1515	micro_pilot_processing_20260730:v1.0.0	parsimonious_FBA
SELtex	0.0	iML1515	micro_pilot_processing_20260730:v1.0.0	parsimonious_FBA
SELR	0.0	iML1515	micro_pilot_processing_20260730:v1.0.0	parsimonious_FBA
OGMEACPD	1.6435958672142896e-06	iML1515	micro_pilot_processing_20260730:v1.0.0	parsimonious_FBA
EGMEACPR	1.6435958672532715e-06	iML1515	micro_pilot_processing_20260730:v1.0.0	parsimonious_FBA
OPMEACPR	1.6435958672532715e-06	iML1515	micro_pilot_processing_20260730:v1.0.0	parsimonious_FBA
PMEACPE	1.6435958672532715e-06	iML1515	micro_pilot_processing_20260730:v1.0.0	parsimonious_FBA
ETOHtrpp	0.0	iML1515	micro_pilot_processing_20260730:v1.0.0	parsimonious_FBA
REPHACCOAI	0.0	iML1515	micro_pilot_processing_20260730:v1.0.0	parsimonious_FBA
ACPPAT141	0.0	iML1515	micro_pilot_processing_20260730:v1.0.0	parsimonious_FBA
ACPPAT161	0.0	iML1515	micro_pilot_processing_20260730:v1.0.0	parsimonious_FBA
ACPPAT180	0.0	iML1515	micro_pilot_processing_20260730:v1.0.0	parsimonious_FBA
APG3PAT160	8.565018302422141e-18	iML1515	micro_pilot_processing_20260730:v1.0.0	parsimonious_FBA
APG3PAT161	0.0	iML1515	micro_pilot_processing_20260730:v1.0.0	parsimonious_FBA
MEOHtex	-1.6435958672532715e-06	iML1515	micro_pilot_processing_20260730:v1.0.0	parsimonious_FBA
EX_5mtr_e	0.0	iML1515	micro_pilot_processing_20260730:v1.0.0	parsimonious_FBA
APG3PAT180	0.0	iML1515	micro_pilot_processing_20260730:v1.0.0	parsimonious_FBA
ICYSDS	0.0010823078785862793	iML1515	micro_pilot_processing_20260730:v1.0.0	parsimonious_FBA
MECDPDH5	0.001963275263375157	iML1515	micro_pilot_processing_20260730:v1.0.0	parsimonious_FBA
CDGR	0.0	iML1515	micro_pilot_processing_20260730:v1.0.0	parsimonious_FBA
RNTR1c2	0.021503164731274553	iML1515	micro_pilot_processing_20260730:v1.0.0	parsimonious_FBA
RNTR2c2	0.02220251477279082	iML1515	micro_pilot_processing_20260730:v1.0.0	parsimonious_FBA
I4FE4SR	0.0002136674627429253	iML1515	micro_pilot_processing_20260730:v1.0.0	parsimonious_FBA
S2FE2ST	0.0	iML1515	micro_pilot_processing_20260730:v1.0.0	parsimonious_FBA
BMOCOS	0.0	iML1515	micro_pilot_processing_20260730:v1.0.0	parsimonious_FBA
BWCOS	0.0	iML1515	micro_pilot_processing_20260730:v1.0.0	parsimonious_FBA
RNTR3c2	0.02220251477279082	iML1515	micro_pilot_processing_20260730:v1.0.0	parsimonious_FBA
RNTR4c2	0.021503164731274556	iML1515	micro_pilot_processing_20260730:v1.0.0	parsimonious_FBA
BWCOGDS1	0.0	iML1515	micro_pilot_processing_20260730:v1.0.0	parsimonious_FBA
BWCOGDS2	0.0	iML1515	micro_pilot_processing_20260730:v1.0.0	parsimonious_FBA
FLDR2	0.0	iML1515	micro_pilot_processing_20260730:v1.0.0	parsimonious_FBA
CDGS	0.0	iML1515	micro_pilot_processing_20260730:v1.0.0	parsimonious_FBA
5MTRtpp	0.0	iML1515	micro_pilot_processing_20260730:v1.0.0	parsimonious_FBA
TTRCYCtex	0.0	iML1515	micro_pilot_processing_20260730:v1.0.0	parsimonious_FBA
DHNPTE	0.0	iML1515	micro_pilot_processing_20260730:v1.0.0	parsimonious_FBA
DHMPTR	0.0	iML1515	micro_pilot_processing_20260730:v1.0.0	parsimonious_FBA
NOVBCNtpp	0.0	iML1515	micro_pilot_processing_20260730:v1.0.0	parsimonious_FBA
CMtex	0.0	iML1515	micro_pilot_processing_20260730:v1.0.0	parsimonious_FBA
TTRCYCtpp	0.0	iML1515	micro_pilot_processing_20260730:v1.0.0	parsimonious_FBA
LALALGLUtex	0.0	iML1515	micro_pilot_processing_20260730:v1.0.0	parsimonious_FBA
CBMD	0.0	iML1515	micro_pilot_processing_20260730:v1.0.0	parsimonious_FBA
LALADGLUtpp	0.0	iML1515	micro_pilot_processing_20260730:v1.0.0	parsimonious_FBA
I2FE2SS	0.00023503420901721785	iML1515	micro_pilot_processing_20260730:v1.0.0	parsimonious_FBA
I2FE2ST	2.3010342141545803e-05	iML1515	micro_pilot_processing_20260730:v1.0.0	parsimonious_FBA
FESR	-7.408620372295238e-11	iML1515	micro_pilot_processing_20260730:v1.0.0	parsimonious_FBA
OXCOAHDH	0.0	iML1515	micro_pilot_processing_20260730:v1.0.0	parsimonious_FBA
DHACOAH	0.0	iML1515	micro_pilot_processing_20260730:v1.0.0	parsimonious_FBA
I2FE2SS2	0.0002136674627429253	iML1515	micro_pilot_processing_20260730:v1.0.0	parsimonious_FBA
MSAR	0.0	iML1515	micro_pilot_processing_20260730:v1.0.0	parsimonious_FBA
I4FE4ST	0.0002136674627429253	iML1515	micro_pilot_processing_20260730:v1.0.0	parsimonious_FBA
S4FE4ST	0.0	iML1515	micro_pilot_processing_20260730:v1.0.0	parsimonious_FBA
THFAT	0.0	iML1515	micro_pilot_processing_20260730:v1.0.0	parsimonious_FBA
FOMETRi	0.0	iML1515	micro_pilot_processing_20260730:v1.0.0	parsimonious_FBA
SLNTtex	0.0	iML1515	micro_pilot_processing_20260730:v1.0.0	parsimonious_FBA
S2FE2SS2	0.0	iML1515	micro_pilot_processing_20260730:v1.0.0	parsimonious_FBA
BTS5	1.6435958672532717e-06	iML1515	micro_pilot_processing_20260730:v1.0.0	parsimonious_FBA
SELGTHR2	0.0	iML1515	micro_pilot_processing_20260730:v1.0.0	parsimonious_FBA
EX_LalaLglu_e	0.0	iML1515	micro_pilot_processing_20260730:v1.0.0	parsimonious_FBA
GDPTPDP	0.0	iML1515	micro_pilot_processing_20260730:v1.0.0	parsimonious_FBA
LIPOS	0.0	iML1515	micro_pilot_processing_20260730:v1.0.0	parsimonious_FBA
COLIPAKpp	0.0	iML1515	micro_pilot_processing_20260730:v1.0.0	parsimonious_FBA
ACPPAT120	0.0	iML1515	micro_pilot_processing_20260730:v1.0.0	parsimonious_FBA
3HPPtpp	0.0	iML1515	micro_pilot_processing_20260730:v1.0.0	parsimonious_FBA
MPTSS	0.0	iML1515	micro_pilot_processing_20260730:v1.0.0	parsimonious_FBA
CPMPS	0.0	iML1515	micro_pilot_processing_20260730:v1.0.0	parsimonious_FBA
LIPOCT	0.0	iML1515	micro_pilot_processing_20260730:v1.0.0	parsimonious_FBA
LIPATPT	0.0	iML1515	micro_pilot_processing_20260730:v1.0.0	parsimonious_FBA
LIPAMPL	0.0	iML1515	micro_pilot_processing_20260730:v1.0.0	parsimonious_FBA
ALDD19xr	0.0	iML1515	micro_pilot_processing_20260730:v1.0.0	parsimonious_FBA
MMM	0.0	iML1515	micro_pilot_processing_20260730:v1.0.0	parsimonious_FBA
MOGDS	0.0	iML1515	micro_pilot_processing_20260730:v1.0.0	parsimonious_FBA
CPH4S	0.0	iML1515	micro_pilot_processing_20260730:v1.0.0	parsimonious_FBA
WCOS	0.0	iML1515	micro_pilot_processing_20260730:v1.0.0	parsimonious_FBA
RFAMPtpp	0.0	iML1515	micro_pilot_processing_20260730:v1.0.0	parsimonious_FBA
SHCHCS3	0.0	iML1515	micro_pilot_processing_20260730:v1.0.0	parsimonious_FBA
VPAMTr	0.0	iML1515	micro_pilot_processing_20260730:v1.0.0	parsimonious_FBA
ACOLIPAabctex	0.0	iML1515	micro_pilot_processing_20260730:v1.0.0	parsimonious_FBA
PYK4	0.0	iML1515	micro_pilot_processing_20260730:v1.0.0	parsimonious_FBA
NADPHXD	0.0	iML1515	micro_pilot_processing_20260730:v1.0.0	parsimonious_FBA
NADHHR	0.0	iML1515	micro_pilot_processing_20260730:v1.0.0	parsimonious_FBA
ECA4COLIPAabctex	0.0	iML1515	micro_pilot_processing_20260730:v1.0.0	parsimonious_FBA
EX_ttrcyc_e	0.0	iML1515	micro_pilot_processing_20260730:v1.0.0	parsimonious_FBA
COLIPAPabctex	0.0	iML1515	micro_pilot_processing_20260730:v1.0.0	parsimonious_FBA
NADPHXE	0.0	iML1515	micro_pilot_processing_20260730:v1.0.0	parsimonious_FBA
ALAtpp	0.0	iML1515	micro_pilot_processing_20260730:v1.0.0	parsimonious_FBA
CH4tex	0.0	iML1515	micro_pilot_processing_20260730:v1.0.0	parsimonious_FBA
EX_mincyc_e	0.0	iML1515	micro_pilot_processing_20260730:v1.0.0	parsimonious_FBA
TARTRDtex	0.0	iML1515	micro_pilot_processing_20260730:v1.0.0	parsimonious_FBA
DM_4crsol_c	0.00018326093919873978	iML1515	micro_pilot_processing_20260730:v1.0.0	parsimonious_FBA
3OXCOAT	0.0	iML1515	micro_pilot_processing_20260730:v1.0.0	parsimonious_FBA
BTNt2ipp	0.0	iML1515	micro_pilot_processing_20260730:v1.0.0	parsimonious_FBA
URACPAH	0.0	iML1515	micro_pilot_processing_20260730:v1.0.0	parsimonious_FBA
BTNtex	0.0	iML1515	micro_pilot_processing_20260730:v1.0.0	parsimonious_FBA
DHBSZ3FEabcpp	0.0	iML1515	micro_pilot_processing_20260730:v1.0.0	parsimonious_FBA
FE3DHBZS3R	0.0	iML1515	micro_pilot_processing_20260730:v1.0.0	parsimonious_FBA
DXYLONtpp	0.0	iML1515	micro_pilot_processing_20260730:v1.0.0	parsimonious_FBA
DXYLTD	0.0	iML1515	micro_pilot_processing_20260730:v1.0.0	parsimonious_FBA
2DDARAA	0.0	iML1515	micro_pilot_processing_20260730:v1.0.0	parsimonious_FBA
2DGLCptspp	0.0	iML1515	micro_pilot_processing_20260730:v1.0.0	parsimonious_FBA
2DGULRGx	0.0	iML1515	micro_pilot_processing_20260730:v1.0.0	parsimonious_FBA
2DGULRGy	0.0	iML1515	micro_pilot_processing_20260730:v1.0.0	parsimonious_FBA
AP4AS	0.0	iML1515	micro_pilot_processing_20260730:v1.0.0	parsimonious_FBA
ARBTptspp	0.0	iML1515	micro_pilot_processing_20260730:v1.0.0	parsimonious_FBA
ARBTtex	0.0	iML1515	micro_pilot_processing_20260730:v1.0.0	parsimonious_FBA
EX_arbt_e	0.0	iML1515	micro_pilot_processing_20260730:v1.0.0	parsimonious_FBA
GNP	0.0	iML1515	micro_pilot_processing_20260730:v1.0.0	parsimonious_FBA
ALLTAMH2	0.0	iML1515	micro_pilot_processing_20260730:v1.0.0	parsimonious_FBA
UGCIAMH	0.0	iML1515	micro_pilot_processing_20260730:v1.0.0	parsimonious_FBA
DMSOtpp	0.0	iML1515	micro_pilot_processing_20260730:v1.0.0	parsimonious_FBA
POAACR	0.0	iML1515	micro_pilot_processing_20260730:v1.0.0	parsimonious_FBA
PYDXtex	0.0	iML1515	micro_pilot_processing_20260730:v1.0.0	parsimonious_FBA
PYDXtpp	0.0	iML1515	micro_pilot_processing_20260730:v1.0.0	parsimonious_FBA
SUCASPtpp	0.0	iML1515	micro_pilot_processing_20260730:v1.0.0	parsimonious_FBA
METGLCUR	0.0	iML1515	micro_pilot_processing_20260730:v1.0.0	parsimonious_FBA
ACOAD1fr	0.29246144861904705	iML1515	micro_pilot_processing_20260730:v1.0.0	parsimonious_FBA
23DOGULNt4pp	0.0	iML1515	micro_pilot_processing_20260730:v1.0.0	parsimonious_FBA
FE3DCITexs	0.0	iML1515	micro_pilot_processing_20260730:v1.0.0	parsimonious_FBA
SUCMALtpp	0.0	iML1515	micro_pilot_processing_20260730:v1.0.0	parsimonious_FBA
PYDXNtex	0.0	iML1515	micro_pilot_processing_20260730:v1.0.0	parsimonious_FBA
FEENTERES	0.0	iML1515	micro_pilot_processing_20260730:v1.0.0	parsimonious_FBA
PYDXNtpp	0.0	iML1515	micro_pilot_processing_20260730:v1.0.0	parsimonious_FBA
FEENTERR4	0.0	iML1515	micro_pilot_processing_20260730:v1.0.0	parsimonious_FBA
ACPPAT160	0.0	iML1515	micro_pilot_processing_20260730:v1.0.0	parsimonious_FBA
DXYLONtex	0.0	iML1515	micro_pilot_processing_20260730:v1.0.0	parsimonious_FBA
PYDAMtex	0.0	iML1515	micro_pilot_processing_20260730:v1.0.0	parsimonious_FBA
PYDAMtpp	0.0	iML1515	micro_pilot_processing_20260730:v1.0.0	parsimonious_FBA
PSURItex	0.0	iML1515	micro_pilot_processing_20260730:v1.0.0	parsimonious_FBA
ALR2x	0.0	iML1515	micro_pilot_processing_20260730:v1.0.0	parsimonious_FBA
OMPHHXy	-7.356230467981314e-15	iML1515	micro_pilot_processing_20260730:v1.0.0	parsimonious_FBA
CHLt3pp	0.0	iML1515	micro_pilot_processing_20260730:v1.0.0	parsimonious_FBA
13PPDH2	0.0	iML1515	micro_pilot_processing_20260730:v1.0.0	parsimonious_FBA
TARTt2_3pp	0.0	iML1515	micro_pilot_processing_20260730:v1.0.0	parsimonious_FBA
SUCTARTtpp	0.0	iML1515	micro_pilot_processing_20260730:v1.0.0	parsimonious_FBA
APCS	0.0	iML1515	micro_pilot_processing_20260730:v1.0.0	parsimonious_FBA
CHTBSptspp	0.0	iML1515	micro_pilot_processing_20260730:v1.0.0	parsimonious_FBA
GLYBt3pp	0.0	iML1515	micro_pilot_processing_20260730:v1.0.0	parsimonious_FBA
AI2tpp	-1.6200488088913487e-15	iML1515	micro_pilot_processing_20260730:v1.0.0	parsimonious_FBA
ACPPAT181	0.0	iML1515	micro_pilot_processing_20260730:v1.0.0	parsimonious_FBA
Ftpp	0.0	iML1515	micro_pilot_processing_20260730:v1.0.0	parsimonious_FBA
SQVOSI	0.0	iML1515	micro_pilot_processing_20260730:v1.0.0	parsimonious_FBA
6D6SPA	0.0	iML1515	micro_pilot_processing_20260730:v1.0.0	parsimonious_FBA
CHTBStex	0.0	iML1515	micro_pilot_processing_20260730:v1.0.0	parsimonious_FBA
TRPtipp	0.0	iML1515	micro_pilot_processing_20260730:v1.0.0	parsimonious_FBA
TYRtipp	0.0	iML1515	micro_pilot_processing_20260730:v1.0.0	parsimonious_FBA
ThDPAT	0.0	iML1515	micro_pilot_processing_20260730:v1.0.0	parsimonious_FBA
GHBDHx	0.0	iML1515	micro_pilot_processing_20260730:v1.0.0	parsimonious_FBA
DHPStr	0.0	iML1515	micro_pilot_processing_20260730:v1.0.0	parsimonious_FBA
SQtr	0.0	iML1515	micro_pilot_processing_20260730:v1.0.0	parsimonious_FBA
DHPStex	0.0	iML1515	micro_pilot_processing_20260730:v1.0.0	parsimonious_FBA
APPLDHr	0.0	iML1515	micro_pilot_processing_20260730:v1.0.0	parsimonious_FBA
SPMDt3pp	0.0	iML1515	micro_pilot_processing_20260730:v1.0.0	parsimonious_FBA
FMNtex	0.0	iML1515	micro_pilot_processing_20260730:v1.0.0	parsimonious_FBA
APH141	0.0	iML1515	micro_pilot_processing_20260730:v1.0.0	parsimonious_FBA
EX_dxylnt_e	0.0	iML1515	micro_pilot_processing_20260730:v1.0.0	parsimonious_FBA
AI2K	0.0003681654742426251	iML1515	micro_pilot_processing_20260730:v1.0.0	parsimonious_FBA
PHEtipp	0.0	iML1515	micro_pilot_processing_20260730:v1.0.0	parsimonious_FBA
G2PP	0.0	iML1515	micro_pilot_processing_20260730:v1.0.0	parsimonious_FBA
MALt3pp	0.0	iML1515	micro_pilot_processing_20260730:v1.0.0	parsimonious_FBA
CITt3pp	0.0	iML1515	micro_pilot_processing_20260730:v1.0.0	parsimonious_FBA
APH161	0.0	iML1515	micro_pilot_processing_20260730:v1.0.0	parsimonious_FBA
DHNPA2r	0.0005497828175962083	iML1515	micro_pilot_processing_20260730:v1.0.0	parsimonious_FBA
QUIN2tpp	0.0	iML1515	micro_pilot_processing_20260730:v1.0.0	parsimonious_FBA
GLYC2Pabcpp	0.0	iML1515	micro_pilot_processing_20260730:v1.0.0	parsimonious_FBA
CRNDtex	0.0	iML1515	micro_pilot_processing_20260730:v1.0.0	parsimonious_FBA
SHGO	0.0	iML1515	micro_pilot_processing_20260730:v1.0.0	parsimonious_FBA
CLBtex	0.0	iML1515	micro_pilot_processing_20260730:v1.0.0	parsimonious_FBA
ACOXT	0.0	iML1515	micro_pilot_processing_20260730:v1.0.0	parsimonious_FBA
EX_mththf_e	0.0	iML1515	micro_pilot_processing_20260730:v1.0.0	parsimonious_FBA
2HESR	0.0	iML1515	micro_pilot_processing_20260730:v1.0.0	parsimonious_FBA
CHOLID	0.0	iML1515	micro_pilot_processing_20260730:v1.0.0	parsimonious_FBA
CHOLATEtpp	0.0	iML1515	micro_pilot_processing_20260730:v1.0.0	parsimonious_FBA
NADHXD	0.0	iML1515	micro_pilot_processing_20260730:v1.0.0	parsimonious_FBA
NADPHHR	0.0	iML1515	micro_pilot_processing_20260730:v1.0.0	parsimonious_FBA
NADPHHS	0.0	iML1515	micro_pilot_processing_20260730:v1.0.0	parsimonious_FBA
4ABZGLUH	0.0	iML1515	micro_pilot_processing_20260730:v1.0.0	parsimonious_FBA
4ABZGLUtr	0.0	iML1515	micro_pilot_processing_20260730:v1.0.0	parsimonious_FBA
NADHHS	0.0	iML1515	micro_pilot_processing_20260730:v1.0.0	parsimonious_FBA
APH180	0.0	iML1515	micro_pilot_processing_20260730:v1.0.0	parsimonious_FBA
NADHXE	0.0	iML1515	micro_pilot_processing_20260730:v1.0.0	parsimonious_FBA
SELabcpp	0.0	iML1515	micro_pilot_processing_20260730:v1.0.0	parsimonious_FBA
PHDA	0.0	iML1515	micro_pilot_processing_20260730:v1.0.0	parsimonious_FBA
TEO2M	0.0	iML1515	micro_pilot_processing_20260730:v1.0.0	parsimonious_FBA
PACOAT	0.0	iML1515	micro_pilot_processing_20260730:v1.0.0	parsimonious_FBA
CYSItpp	0.0	iML1515	micro_pilot_processing_20260730:v1.0.0	parsimonious_FBA
PYK2	0.34949669060653643	iML1515	micro_pilot_processing_20260730:v1.0.0	parsimonious_FBA
PYK3	0.6492318727360669	iML1515	micro_pilot_processing_20260730:v1.0.0	parsimonious_FBA
APH181	0.0	iML1515	micro_pilot_processing_20260730:v1.0.0	parsimonious_FBA
DHPTDNR	0.0	iML1515	micro_pilot_processing_20260730:v1.0.0	parsimonious_FBA
DHPTDNRN	0.0	iML1515	micro_pilot_processing_20260730:v1.0.0	parsimonious_FBA
GTHPi	0.0	iML1515	micro_pilot_processing_20260730:v1.0.0	parsimonious_FBA
SEPHCHCS	0.0	iML1515	micro_pilot_processing_20260730:v1.0.0	parsimonious_FBA
DHNCOAS	0.0	iML1515	micro_pilot_processing_20260730:v1.0.0	parsimonious_FBA
PCNO	0.0	iML1515	micro_pilot_processing_20260730:v1.0.0	parsimonious_FBA
PYK6	0.0	iML1515	micro_pilot_processing_20260730:v1.0.0	parsimonious_FBA
DHNCOAT	0.0	iML1515	micro_pilot_processing_20260730:v1.0.0	parsimonious_FBA
FADt	0.0	iML1515	micro_pilot_processing_20260730:v1.0.0	parsimonious_FBA
HPACOAT	0.0	iML1515	micro_pilot_processing_20260730:v1.0.0	parsimonious_FBA
PUACGAMtr	0.0	iML1515	micro_pilot_processing_20260730:v1.0.0	parsimonious_FBA
DC6PDA	0.0	iML1515	micro_pilot_processing_20260730:v1.0.0	parsimonious_FBA
5DGLCNR	0.0	iML1515	micro_pilot_processing_20260730:v1.0.0	parsimonious_FBA
PIt2rpp	0.7927112175636539	iML1515	micro_pilot_processing_20260730:v1.0.0	parsimonious_FBA
FADtex	0.0	iML1515	micro_pilot_processing_20260730:v1.0.0	parsimonious_FBA
AI2abcpp	0.0	iML1515	micro_pilot_processing_20260730:v1.0.0	parsimonious_FBA
PAI2I	0.00036816547424262515	iML1515	micro_pilot_processing_20260730:v1.0.0	parsimonious_FBA
4HBZt3pp	0.0	iML1515	micro_pilot_processing_20260730:v1.0.0	parsimonious_FBA
CURR	0.0	iML1515	micro_pilot_processing_20260730:v1.0.0	parsimonious_FBA
LKDRA	0.0	iML1515	micro_pilot_processing_20260730:v1.0.0	parsimonious_FBA
LEUt2rpp	0.0	iML1515	micro_pilot_processing_20260730:v1.0.0	parsimonious_FBA
LCTStpp	0.0	iML1515	micro_pilot_processing_20260730:v1.0.0	parsimonious_FBA
ILEt3pp	0.0	iML1515	micro_pilot_processing_20260730:v1.0.0	parsimonious_FBA
METNA	0.0	iML1515	micro_pilot_processing_20260730:v1.0.0	parsimonious_FBA
METt3pp	0.0	iML1515	micro_pilot_processing_20260730:v1.0.0	parsimonious_FBA
FESD1s	-3.704310186147619e-11	iML1515	micro_pilot_processing_20260730:v1.0.0	parsimonious_FBA
GSNt3pp	0.0	iML1515	micro_pilot_processing_20260730:v1.0.0	parsimonious_FBA
CLtipp	0.0	iML1515	micro_pilot_processing_20260730:v1.0.0	parsimonious_FBA
5DKGR	0.0	iML1515	micro_pilot_processing_20260730:v1.0.0	parsimonious_FBA
XYHDL	0.0	iML1515	micro_pilot_processing_20260730:v1.0.0	parsimonious_FBA
2DGLCtex	0.0	iML1515	micro_pilot_processing_20260730:v1.0.0	parsimonious_FBA
E4PP	0.0	iML1515	micro_pilot_processing_20260730:v1.0.0	parsimonious_FBA
PUACGAMS	0.0	iML1515	micro_pilot_processing_20260730:v1.0.0	parsimonious_FBA
PItpp	0.0	iML1515	micro_pilot_processing_20260730:v1.0.0	parsimonious_FBA
RU5PP	0.0	iML1515	micro_pilot_processing_20260730:v1.0.0	parsimonious_FBA
EX_doxrbcn_e	0.0	iML1515	micro_pilot_processing_20260730:v1.0.0	parsimonious_FBA
6D6SFK	0.0	iML1515	micro_pilot_processing_20260730:v1.0.0	parsimonious_FBA
3SLAR	0.0	iML1515	micro_pilot_processing_20260730:v1.0.0	parsimonious_FBA
LEUt3pp	0.0	iML1515	micro_pilot_processing_20260730:v1.0.0	parsimonious_FBA
INSt3pp	0.0	iML1515	micro_pilot_processing_20260730:v1.0.0	parsimonious_FBA
INDOLEt2rpp	0.0	iML1515	micro_pilot_processing_20260730:v1.0.0	parsimonious_FBA
SQtex	0.0	iML1515	micro_pilot_processing_20260730:v1.0.0	parsimonious_FBA
ILEt2rpp	0.0	iML1515	micro_pilot_processing_20260730:v1.0.0	parsimonious_FBA
GLYtpp	0.0	iML1515	micro_pilot_processing_20260730:v1.0.0	parsimonious_FBA
EX_dhps_e	0.0	iML1515	micro_pilot_processing_20260730:v1.0.0	parsimonious_FBA
MOX	0.0	iML1515	micro_pilot_processing_20260730:v1.0.0	parsimonious_FBA
URATEtex	0.0	iML1515	micro_pilot_processing_20260730:v1.0.0	parsimonious_FBA
EX_cs1_e	0.0	iML1515	micro_pilot_processing_20260730:v1.0.0	parsimonious_FBA
EX_fusa_e	0.0	iML1515	micro_pilot_processing_20260730:v1.0.0	parsimonious_FBA
CBL1tonex	0.0	iML1515	micro_pilot_processing_20260730:v1.0.0	parsimonious_FBA
CBItonex	0.0	iML1515	micro_pilot_processing_20260730:v1.0.0	parsimonious_FBA
ARHGDx	0.0	iML1515	micro_pilot_processing_20260730:v1.0.0	parsimonious_FBA
CPL	0.0	iML1515	micro_pilot_processing_20260730:v1.0.0	parsimonious_FBA
EX_mepn_e	0.0	iML1515	micro_pilot_processing_20260730:v1.0.0	parsimonious_FBA
PSURItpp	0.0	iML1515	micro_pilot_processing_20260730:v1.0.0	parsimonious_FBA
CYSTA	0.0	iML1515	micro_pilot_processing_20260730:v1.0.0	parsimonious_FBA
FE3DCITR5	0.0	iML1515	micro_pilot_processing_20260730:v1.0.0	parsimonious_FBA
CH4t2pp	0.0	iML1515	micro_pilot_processing_20260730:v1.0.0	parsimonious_FBA
EX_cm_e	0.0	iML1515	micro_pilot_processing_20260730:v1.0.0	parsimonious_FBA
4HTHRA	-0.0005497828175962084	iML1515	micro_pilot_processing_20260730:v1.0.0	parsimonious_FBA
EX_novbcn_e	0.0	iML1515	micro_pilot_processing_20260730:v1.0.0	parsimonious_FBA
I2FE2SR	1.6435958672532715e-06	iML1515	micro_pilot_processing_20260730:v1.0.0	parsimonious_FBA
GAPP	0.0	iML1515	micro_pilot_processing_20260730:v1.0.0	parsimonious_FBA
TYRL	0.00018326093919873975	iML1515	micro_pilot_processing_20260730:v1.0.0	parsimonious_FBA
METGLCURt2pp	0.0	iML1515	micro_pilot_processing_20260730:v1.0.0	parsimonious_FBA
METGLCURtex	0.0	iML1515	micro_pilot_processing_20260730:v1.0.0	parsimonious_FBA
INOSTO	0.0	iML1515	micro_pilot_processing_20260730:v1.0.0	parsimonious_FBA
THZPSN3	0.00018326093919873975	iML1515	micro_pilot_processing_20260730:v1.0.0	parsimonious_FBA
HPYRP	0.0	iML1515	micro_pilot_processing_20260730:v1.0.0	parsimonious_FBA
PSURIK	0.0	iML1515	micro_pilot_processing_20260730:v1.0.0	parsimonious_FBA
FMNt	0.0	iML1515	micro_pilot_processing_20260730:v1.0.0	parsimonious_FBA
AI2tex	0.0	iML1515	micro_pilot_processing_20260730:v1.0.0	parsimonious_FBA
PAI2T	0.00036816547424262515	iML1515	micro_pilot_processing_20260730:v1.0.0	parsimonious_FBA
CUt2pp	0.0	iML1515	micro_pilot_processing_20260730:v1.0.0	parsimonious_FBA
Ftex	0.0	iML1515	micro_pilot_processing_20260730:v1.0.0	parsimonious_FBA
APG3PAT120	0.0	iML1515	micro_pilot_processing_20260730:v1.0.0	parsimonious_FBA
CYSItex	0.0	iML1515	micro_pilot_processing_20260730:v1.0.0	parsimonious_FBA
SERtpp	0.0	iML1515	micro_pilot_processing_20260730:v1.0.0	parsimonious_FBA
QUINDHyi	0.0	iML1515	micro_pilot_processing_20260730:v1.0.0	parsimonious_FBA
DHCURR	0.0	iML1515	micro_pilot_processing_20260730:v1.0.0	parsimonious_FBA
RHMND	0.0	iML1515	micro_pilot_processing_20260730:v1.0.0	parsimonious_FBA
3HBZCT	0.0	iML1515	micro_pilot_processing_20260730:v1.0.0	parsimonious_FBA
CXSAMS	0.0	iML1515	micro_pilot_processing_20260730:v1.0.0	parsimonious_FBA
EX_2dglc_e	0.0	iML1515	micro_pilot_processing_20260730:v1.0.0	parsimonious_FBA
THRt2rpp	0.0	iML1515	micro_pilot_processing_20260730:v1.0.0	parsimonious_FBA
SERt2rpp	0.0	iML1515	micro_pilot_processing_20260730:v1.0.0	parsimonious_FBA
DHGLYH	0.0	iML1515	micro_pilot_processing_20260730:v1.0.0	parsimonious_FBA
PNSPA	0.0	iML1515	micro_pilot_processing_20260730:v1.0.0	parsimonious_FBA
4HTHRK	0.0005497828175962084	iML1515	micro_pilot_processing_20260730:v1.0.0	parsimonious_FBA
ACOAD1f	0.0	iML1515	micro_pilot_processing_20260730:v1.0.0	parsimonious_FBA
AMPNTAT	0.0	iML1515	micro_pilot_processing_20260730:v1.0.0	parsimonious_FBA
EX_sq_e	0.0	iML1515	micro_pilot_processing_20260730:v1.0.0	parsimonious_FBA
APH120	0.0	iML1515	micro_pilot_processing_20260730:v1.0.0	parsimonious_FBA
URATEtpp	0.0	iML1515	micro_pilot_processing_20260730:v1.0.0	parsimonious_FBA
CS1tex	0.0	iML1515	micro_pilot_processing_20260730:v1.0.0	parsimonious_FBA
ADOCBLtonex	0.0	iML1515	micro_pilot_processing_20260730:v1.0.0	parsimonious_FBA
SQGH	0.0	iML1515	micro_pilot_processing_20260730:v1.0.0	parsimonious_FBA
URAtpp	0.0	iML1515	micro_pilot_processing_20260730:v1.0.0	parsimonious_FBA
ASPtpp	0.0	iML1515	micro_pilot_processing_20260730:v1.0.0	parsimonious_FBA
FUMt1pp	0.0	iML1515	micro_pilot_processing_20260730:v1.0.0	parsimonious_FBA
SUCCt1pp	0.0	iML1515	micro_pilot_processing_20260730:v1.0.0	parsimonious_FBA
QUINDH	0.0	iML1515	micro_pilot_processing_20260730:v1.0.0	parsimonious_FBA
PETNT181pp	0.0	iML1515	micro_pilot_processing_20260730:v1.0.0	parsimonious_FBA
ARMEPNS	0.0	iML1515	micro_pilot_processing_20260730:v1.0.0	parsimonious_FBA
LCARSyi	0.0	iML1515	micro_pilot_processing_20260730:v1.0.0	parsimonious_FBA
MOCDS	0.0	iML1515	micro_pilot_processing_20260730:v1.0.0	parsimonious_FBA
BIOMASS_Ec_iML1515_core_75p37M	0.8217979336266358	iML1515	micro_pilot_processing_20260730:v1.0.0	parsimonious_FBA
BIOMASS_Ec_iML1515_WT_75p37M	0.0	iML1515	micro_pilot_processing_20260730:v1.0.0	parsimonious_FBA
RPNTPH	0.0	iML1515	micro_pilot_processing_20260730:v1.0.0	parsimonious_FBA
PRCPD	0.0	iML1515	micro_pilot_processing_20260730:v1.0.0	parsimonious_FBA
FUSAtex	0.0	iML1515	micro_pilot_processing_20260730:v1.0.0	parsimonious_FBA
MEPNtex	0.0	iML1515	micro_pilot_processing_20260730:v1.0.0	parsimonious_FBA
UDPGPT	0.0	iML1515	micro_pilot_processing_20260730:v1.0.0	parsimonious_FBA
MEPNabcpp	0.0	iML1515	micro_pilot_processing_20260730:v1.0.0	parsimonious_FBA
OMMBLHXy	0.0	iML1515	micro_pilot_processing_20260730:v1.0.0	parsimonious_FBA
OPHHXy	0.0	iML1515	micro_pilot_processing_20260730:v1.0.0	parsimonious_FBA
PROD3	0.0	iML1515	micro_pilot_processing_20260730:v1.0.0	parsimonious_FBA
NOVBCNtex	0.0	iML1515	micro_pilot_processing_20260730:v1.0.0	parsimonious_FBA
F1PP	0.0	iML1515	micro_pilot_processing_20260730:v1.0.0	parsimonious_FBA
ACP1p	0.0	iML1515	micro_pilot_processing_20260730:v1.0.0	parsimonious_FBA
EX_4abzglu_e	0.0	iML1515	micro_pilot_processing_20260730:v1.0.0	parsimonious_FBA
EX_rfamp_e	0.0	iML1515	micro_pilot_processing_20260730:v1.0.0	parsimonious_FBA
3HPADHi	0.0	iML1515	micro_pilot_processing_20260730:v1.0.0	parsimonious_FBA
4ABZGLUtex	0.0	iML1515	micro_pilot_processing_20260730:v1.0.0	parsimonious_FBA
QUIN2tex	0.0	iML1515	micro_pilot_processing_20260730:v1.0.0	parsimonious_FBA
2HPTCOAT	0.0	iML1515	micro_pilot_processing_20260730:v1.0.0	parsimonious_FBA
EX_metglcur_e	0.0	iML1515	micro_pilot_processing_20260730:v1.0.0	parsimonious_FBA
EX_quin_e	0.0	iML1515	micro_pilot_processing_20260730:v1.0.0	parsimonious_FBA
MC6PH	0.0	iML1515	micro_pilot_processing_20260730:v1.0.0	parsimonious_FBA
FORCT	0.0	iML1515	micro_pilot_processing_20260730:v1.0.0	parsimonious_FBA
SLNTabcpp	0.0	iML1515	micro_pilot_processing_20260730:v1.0.0	parsimonious_FBA
VALt2rpp	0.0	iML1515	micro_pilot_processing_20260730:v1.0.0	parsimonious_FBA
DHPTDCs2	0.0	iML1515	micro_pilot_processing_20260730:v1.0.0	parsimonious_FBA
VALt3pp	0.0	iML1515	micro_pilot_processing_20260730:v1.0.0	parsimonious_FBA
MN2tipp	0.0	iML1515	micro_pilot_processing_20260730:v1.0.0	parsimonious_FBA
EX_3hpp_e	0.0	iML1515	micro_pilot_processing_20260730:v1.0.0	parsimonious_FBA
PACCOAE	0.0	iML1515	micro_pilot_processing_20260730:v1.0.0	parsimonious_FBA
OXDHCOAT	0.0	iML1515	micro_pilot_processing_20260730:v1.0.0	parsimonious_FBA
HADPCOADH3	0.0	iML1515	micro_pilot_processing_20260730:v1.0.0	parsimonious_FBA
O16A4COLIPAabctex	0.0	iML1515	micro_pilot_processing_20260730:v1.0.0	parsimonious_FBA
COLIPAabctex	0.0	iML1515	micro_pilot_processing_20260730:v1.0.0	parsimonious_FBA
ENLIPAabctex	0.0	iML1515	micro_pilot_processing_20260730:v1.0.0	parsimonious_FBA
DM_mththf_c	-1.6200488088913092e-15	iML1515	micro_pilot_processing_20260730:v1.0.0	parsimonious_FBA
PYROX	0.0	iML1515	micro_pilot_processing_20260730:v1.0.0	parsimonious_FBA
BMOGDS1	0.0	iML1515	micro_pilot_processing_20260730:v1.0.0	parsimonious_FBA
MPTS	0.0	iML1515	micro_pilot_processing_20260730:v1.0.0	parsimonious_FBA
MOCOS	0.0	iML1515	micro_pilot_processing_20260730:v1.0.0	parsimonious_FBA
BMOGDS2	0.0	iML1515	micro_pilot_processing_20260730:v1.0.0	parsimonious_FBA
FESD2s	0.0	iML1515	micro_pilot_processing_20260730:v1.0.0	parsimonious_FBA
OCTNLL	0.0	iML1515	micro_pilot_processing_20260730:v1.0.0	parsimonious_FBA
