reaction_id	pfba_flux	model_id	upstream_baseline	analysis_method
r_0001	0.0	yeast_GEM_v9_1_0	micro_pilot_processing_20260730:v1.0.0	parsimonious_FBA
r_0002	0.0	yeast_GEM_v9_1_0	micro_pilot_processing_20260730:v1.0.0	parsimonious_FBA
r_0003	0.0	yeast_GEM_v9_1_0	micro_pilot_processing_20260730:v1.0.0	parsimonious_FBA
r_0004	0.0	yeast_GEM_v9_1_0	micro_pilot_processing_20260730:v1.0.0	parsimonious_FBA
r_0005	0.5686082967082978	yeast_GEM_v9_1_0	micro_pilot_processing_20260730:v1.0.0	parsimonious_FBA
r_0006	0.18998228340379528	yeast_GEM_v9_1_0	micro_pilot_processing_20260730:v1.0.0	parsimonious_FBA
r_0007	0.06428679189284826	yeast_GEM_v9_1_0	micro_pilot_processing_20260730:v1.0.0	parsimonious_FBA
r_0012	0.0	yeast_GEM_v9_1_0	micro_pilot_processing_20260730:v1.0.0	parsimonious_FBA
r_0013	0.0001461638929715048	yeast_GEM_v9_1_0	micro_pilot_processing_20260730:v1.0.0	parsimonious_FBA
r_0014	0.0007692836002319716	yeast_GEM_v9_1_0	micro_pilot_processing_20260730:v1.0.0	parsimonious_FBA
r_0015	0.0007692836002319715	yeast_GEM_v9_1_0	micro_pilot_processing_20260730:v1.0.0	parsimonious_FBA
r_0016	0.2042373552328211	yeast_GEM_v9_1_0	micro_pilot_processing_20260730:v1.0.0	parsimonious_FBA
r_0017	0.0	yeast_GEM_v9_1_0	micro_pilot_processing_20260730:v1.0.0	parsimonious_FBA
r_0018	0.2534017483411473	yeast_GEM_v9_1_0	micro_pilot_processing_20260730:v1.0.0	parsimonious_FBA
r_0019	0.00014616389297150484	yeast_GEM_v9_1_0	micro_pilot_processing_20260730:v1.0.0	parsimonious_FBA
r_0020	0.2573444755303543	yeast_GEM_v9_1_0	micro_pilot_processing_20260730:v1.0.0	parsimonious_FBA
r_0021	0.0	yeast_GEM_v9_1_0	micro_pilot_processing_20260730:v1.0.0	parsimonious_FBA
r_0022	0.0	yeast_GEM_v9_1_0	micro_pilot_processing_20260730:v1.0.0	parsimonious_FBA
r_0023	-0.2788832327937826	yeast_GEM_v9_1_0	micro_pilot_processing_20260730:v1.0.0	parsimonious_FBA
r_0024	0.0	yeast_GEM_v9_1_0	micro_pilot_processing_20260730:v1.0.0	parsimonious_FBA
r_0025	0.27888323279378263	yeast_GEM_v9_1_0	micro_pilot_processing_20260730:v1.0.0	parsimonious_FBA
r_0026	0.0001461638929715048	yeast_GEM_v9_1_0	micro_pilot_processing_20260730:v1.0.0	parsimonious_FBA
r_0027	0.2534017483411473	yeast_GEM_v9_1_0	micro_pilot_processing_20260730:v1.0.0	parsimonious_FBA
r_0028	0.0	yeast_GEM_v9_1_0	micro_pilot_processing_20260730:v1.0.0	parsimonious_FBA
r_0029	0.2788832327937825	yeast_GEM_v9_1_0	micro_pilot_processing_20260730:v1.0.0	parsimonious_FBA
r_0030	0.0	yeast_GEM_v9_1_0	micro_pilot_processing_20260730:v1.0.0	parsimonious_FBA
r_0032	0.09173643050075535	yeast_GEM_v9_1_0	micro_pilot_processing_20260730:v1.0.0	parsimonious_FBA
r_0033	0.0	yeast_GEM_v9_1_0	micro_pilot_processing_20260730:v1.0.0	parsimonious_FBA
r_0034	0.0	yeast_GEM_v9_1_0	micro_pilot_processing_20260730:v1.0.0	parsimonious_FBA
r_0035	0.0	yeast_GEM_v9_1_0	micro_pilot_processing_20260730:v1.0.0	parsimonious_FBA
r_0036	0.0	yeast_GEM_v9_1_0	micro_pilot_processing_20260730:v1.0.0	parsimonious_FBA
r_0037	0.0	yeast_GEM_v9_1_0	micro_pilot_processing_20260730:v1.0.0	parsimonious_FBA
r_0038	0.0015385672004639434	yeast_GEM_v9_1_0	micro_pilot_processing_20260730:v1.0.0	parsimonious_FBA
r_0039	0.2573444755303543	yeast_GEM_v9_1_0	micro_pilot_processing_20260730:v1.0.0	parsimonious_FBA
r_0040	0.25734447553035433	yeast_GEM_v9_1_0	micro_pilot_processing_20260730:v1.0.0	parsimonious_FBA
r_0041	0.0	yeast_GEM_v9_1_0	micro_pilot_processing_20260730:v1.0.0	parsimonious_FBA
r_0042	0.0	yeast_GEM_v9_1_0	micro_pilot_processing_20260730:v1.0.0	parsimonious_FBA
r_0043	0.0	yeast_GEM_v9_1_0	micro_pilot_processing_20260730:v1.0.0	parsimonious_FBA
r_0044	0.0	yeast_GEM_v9_1_0	micro_pilot_processing_20260730:v1.0.0	parsimonious_FBA
r_0045	0.0046695515683497025	yeast_GEM_v9_1_0	micro_pilot_processing_20260730:v1.0.0	parsimonious_FBA
r_0057	0.0	yeast_GEM_v9_1_0	micro_pilot_processing_20260730:v1.0.0	parsimonious_FBA
r_0058	0.0046695515683497025	yeast_GEM_v9_1_0	micro_pilot_processing_20260730:v1.0.0	parsimonious_FBA
r_0059	0.0	yeast_GEM_v9_1_0	micro_pilot_processing_20260730:v1.0.0	parsimonious_FBA
r_0060	-0.2788832327937826	yeast_GEM_v9_1_0	micro_pilot_processing_20260730:v1.0.0	parsimonious_FBA
r_0061	0.2788832327937826	yeast_GEM_v9_1_0	micro_pilot_processing_20260730:v1.0.0	parsimonious_FBA
r_0062	0.0	yeast_GEM_v9_1_0	micro_pilot_processing_20260730:v1.0.0	parsimonious_FBA
r_0063	0.00014616389297150484	yeast_GEM_v9_1_0	micro_pilot_processing_20260730:v1.0.0	parsimonious_FBA
r_0064	0.0	yeast_GEM_v9_1_0	micro_pilot_processing_20260730:v1.0.0	parsimonious_FBA
r_0065	0.25734447553035433	yeast_GEM_v9_1_0	micro_pilot_processing_20260730:v1.0.0	parsimonious_FBA
r_0066	4.8772583622534584e-05	yeast_GEM_v9_1_0	micro_pilot_processing_20260730:v1.0.0	parsimonious_FBA
r_0067	4.877258362253458e-05	yeast_GEM_v9_1_0	micro_pilot_processing_20260730:v1.0.0	parsimonious_FBA
r_0068	0.0	yeast_GEM_v9_1_0	micro_pilot_processing_20260730:v1.0.0	parsimonious_FBA
r_0069	0.0	yeast_GEM_v9_1_0	micro_pilot_processing_20260730:v1.0.0	parsimonious_FBA
r_0070	0.0	yeast_GEM_v9_1_0	micro_pilot_processing_20260730:v1.0.0	parsimonious_FBA
r_0072	0.0	yeast_GEM_v9_1_0	micro_pilot_processing_20260730:v1.0.0	parsimonious_FBA
r_0073	0.0	yeast_GEM_v9_1_0	micro_pilot_processing_20260730:v1.0.0	parsimonious_FBA
r_0074	0.0	yeast_GEM_v9_1_0	micro_pilot_processing_20260730:v1.0.0	parsimonious_FBA
r_0075	0.00014616389297150478	yeast_GEM_v9_1_0	micro_pilot_processing_20260730:v1.0.0	parsimonious_FBA
r_0076	0.0	yeast_GEM_v9_1_0	micro_pilot_processing_20260730:v1.0.0	parsimonious_FBA
r_0077	0.0	yeast_GEM_v9_1_0	micro_pilot_processing_20260730:v1.0.0	parsimonious_FBA
r_0078	0.0	yeast_GEM_v9_1_0	micro_pilot_processing_20260730:v1.0.0	parsimonious_FBA
r_0079	0.07877792305230878	yeast_GEM_v9_1_0	micro_pilot_processing_20260730:v1.0.0	parsimonious_FBA
r_0080	0.17048808877856492	yeast_GEM_v9_1_0	micro_pilot_processing_20260730:v1.0.0	parsimonious_FBA
r_0081	6.154268964176745e-06	yeast_GEM_v9_1_0	micro_pilot_processing_20260730:v1.0.0	parsimonious_FBA
r_0082	0.0	yeast_GEM_v9_1_0	micro_pilot_processing_20260730:v1.0.0	parsimonious_FBA
r_0083	0.0	yeast_GEM_v9_1_0	micro_pilot_processing_20260730:v1.0.0	parsimonious_FBA
r_0084	0.0	yeast_GEM_v9_1_0	micro_pilot_processing_20260730:v1.0.0	parsimonious_FBA
r_0085	0.0	yeast_GEM_v9_1_0	micro_pilot_processing_20260730:v1.0.0	parsimonious_FBA
r_0086	0.0001461638929715048	yeast_GEM_v9_1_0	micro_pilot_processing_20260730:v1.0.0	parsimonious_FBA
r_0087	0.0001461638929715048	yeast_GEM_v9_1_0	micro_pilot_processing_20260730:v1.0.0	parsimonious_FBA
r_0088	0.0	yeast_GEM_v9_1_0	micro_pilot_processing_20260730:v1.0.0	parsimonious_FBA
r_0089	0.0	yeast_GEM_v9_1_0	micro_pilot_processing_20260730:v1.0.0	parsimonious_FBA
r_0090	0.0	yeast_GEM_v9_1_0	micro_pilot_processing_20260730:v1.0.0	parsimonious_FBA
r_0091	4.796401639895799	yeast_GEM_v9_1_0	micro_pilot_processing_20260730:v1.0.0	parsimonious_FBA
r_0092	0.0	yeast_GEM_v9_1_0	micro_pilot_processing_20260730:v1.0.0	parsimonious_FBA
r_0093	0.0	yeast_GEM_v9_1_0	micro_pilot_processing_20260730:v1.0.0	parsimonious_FBA
r_0094	0.0	yeast_GEM_v9_1_0	micro_pilot_processing_20260730:v1.0.0	parsimonious_FBA
r_0095	0.0	yeast_GEM_v9_1_0	micro_pilot_processing_20260730:v1.0.0	parsimonious_FBA
r_0096	0.5210495243813236	yeast_GEM_v9_1_0	micro_pilot_processing_20260730:v1.0.0	parsimonious_FBA
r_0097	0.5210495243813236	yeast_GEM_v9_1_0	micro_pilot_processing_20260730:v1.0.0	parsimonious_FBA
r_0099	0.0	yeast_GEM_v9_1_0	micro_pilot_processing_20260730:v1.0.0	parsimonious_FBA
r_0100	0.0	yeast_GEM_v9_1_0	micro_pilot_processing_20260730:v1.0.0	parsimonious_FBA
r_0101	0.0	yeast_GEM_v9_1_0	micro_pilot_processing_20260730:v1.0.0	parsimonious_FBA
r_0102	0.0	yeast_GEM_v9_1_0	micro_pilot_processing_20260730:v1.0.0	parsimonious_FBA
r_0103	0.0	yeast_GEM_v9_1_0	micro_pilot_processing_20260730:v1.0.0	parsimonious_FBA
r_0104	0.1702175367784211	yeast_GEM_v9_1_0	micro_pilot_processing_20260730:v1.0.0	parsimonious_FBA
r_0105	0.0	yeast_GEM_v9_1_0	micro_pilot_processing_20260730:v1.0.0	parsimonious_FBA
r_0106	0.0	yeast_GEM_v9_1_0	micro_pilot_processing_20260730:v1.0.0	parsimonious_FBA
r_0107	0.0	yeast_GEM_v9_1_0	micro_pilot_processing_20260730:v1.0.0	parsimonious_FBA
r_0108	0.0	yeast_GEM_v9_1_0	micro_pilot_processing_20260730:v1.0.0	parsimonious_FBA
r_0109	0.9108073325888812	yeast_GEM_v9_1_0	micro_pilot_processing_20260730:v1.0.0	parsimonious_FBA
r_0111	0.0	yeast_GEM_v9_1_0	micro_pilot_processing_20260730:v1.0.0	parsimonious_FBA
r_0112	1.1465580255445904	yeast_GEM_v9_1_0	micro_pilot_processing_20260730:v1.0.0	parsimonious_FBA
r_0113	0.0	yeast_GEM_v9_1_0	micro_pilot_processing_20260730:v1.0.0	parsimonious_FBA
r_0114	0.0	yeast_GEM_v9_1_0	micro_pilot_processing_20260730:v1.0.0	parsimonious_FBA
r_0115	0.14946888856498128	yeast_GEM_v9_1_0	micro_pilot_processing_20260730:v1.0.0	parsimonious_FBA
r_0116	0.0	yeast_GEM_v9_1_0	micro_pilot_processing_20260730:v1.0.0	parsimonious_FBA
r_0117	0.0	yeast_GEM_v9_1_0	micro_pilot_processing_20260730:v1.0.0	parsimonious_FBA
r_0118	0.14946888856498128	yeast_GEM_v9_1_0	micro_pilot_processing_20260730:v1.0.0	parsimonious_FBA
r_0119	0.0	yeast_GEM_v9_1_0	micro_pilot_processing_20260730:v1.0.0	parsimonious_FBA
r_0120	0.0	yeast_GEM_v9_1_0	micro_pilot_processing_20260730:v1.0.0	parsimonious_FBA
r_0121	0.0	yeast_GEM_v9_1_0	micro_pilot_processing_20260730:v1.0.0	parsimonious_FBA
r_0122	0.0	yeast_GEM_v9_1_0	micro_pilot_processing_20260730:v1.0.0	parsimonious_FBA
r_0123	0.0	yeast_GEM_v9_1_0	micro_pilot_processing_20260730:v1.0.0	parsimonious_FBA
r_0124	0.0	yeast_GEM_v9_1_0	micro_pilot_processing_20260730:v1.0.0	parsimonious_FBA
r_0125	0.0	yeast_GEM_v9_1_0	micro_pilot_processing_20260730:v1.0.0	parsimonious_FBA
r_0126	0.0	yeast_GEM_v9_1_0	micro_pilot_processing_20260730:v1.0.0	parsimonious_FBA
r_0127	0.00791941502251006	yeast_GEM_v9_1_0	micro_pilot_processing_20260730:v1.0.0	parsimonious_FBA
r_0128	0.0	yeast_GEM_v9_1_0	micro_pilot_processing_20260730:v1.0.0	parsimonious_FBA
r_0129	0.0	yeast_GEM_v9_1_0	micro_pilot_processing_20260730:v1.0.0	parsimonious_FBA
r_0130	0.0	yeast_GEM_v9_1_0	micro_pilot_processing_20260730:v1.0.0	parsimonious_FBA
r_0131	0.0	yeast_GEM_v9_1_0	micro_pilot_processing_20260730:v1.0.0	parsimonious_FBA
r_0132	0.0	yeast_GEM_v9_1_0	micro_pilot_processing_20260730:v1.0.0	parsimonious_FBA
r_0133	0.0	yeast_GEM_v9_1_0	micro_pilot_processing_20260730:v1.0.0	parsimonious_FBA
r_0134	0.0	yeast_GEM_v9_1_0	micro_pilot_processing_20260730:v1.0.0	parsimonious_FBA
r_0135	0.0	yeast_GEM_v9_1_0	micro_pilot_processing_20260730:v1.0.0	parsimonious_FBA
r_0137	0.0	yeast_GEM_v9_1_0	micro_pilot_processing_20260730:v1.0.0	parsimonious_FBA
r_0138	0.0	yeast_GEM_v9_1_0	micro_pilot_processing_20260730:v1.0.0	parsimonious_FBA
r_0139	0.0	yeast_GEM_v9_1_0	micro_pilot_processing_20260730:v1.0.0	parsimonious_FBA
r_0140	0.0	yeast_GEM_v9_1_0	micro_pilot_processing_20260730:v1.0.0	parsimonious_FBA
r_0142	0.10793958644171896	yeast_GEM_v9_1_0	micro_pilot_processing_20260730:v1.0.0	parsimonious_FBA
r_0143	0.0	yeast_GEM_v9_1_0	micro_pilot_processing_20260730:v1.0.0	parsimonious_FBA
r_0144	0.10779342254874745	yeast_GEM_v9_1_0	micro_pilot_processing_20260730:v1.0.0	parsimonious_FBA
r_0145	0.0001461638929715048	yeast_GEM_v9_1_0	micro_pilot_processing_20260730:v1.0.0	parsimonious_FBA
r_0146	0.0	yeast_GEM_v9_1_0	micro_pilot_processing_20260730:v1.0.0	parsimonious_FBA
r_0147	0.0	yeast_GEM_v9_1_0	micro_pilot_processing_20260730:v1.0.0	parsimonious_FBA
r_0148	5.494197559114529	yeast_GEM_v9_1_0	micro_pilot_processing_20260730:v1.0.0	parsimonious_FBA
r_0149	0.0	yeast_GEM_v9_1_0	micro_pilot_processing_20260730:v1.0.0	parsimonious_FBA
r_0150	0.0	yeast_GEM_v9_1_0	micro_pilot_processing_20260730:v1.0.0	parsimonious_FBA
r_0151	0.07877699991192917	yeast_GEM_v9_1_0	micro_pilot_processing_20260730:v1.0.0	parsimonious_FBA
r_0152	0.10613953801140834	yeast_GEM_v9_1_0	micro_pilot_processing_20260730:v1.0.0	parsimonious_FBA
r_0153	0.10613953801140835	yeast_GEM_v9_1_0	micro_pilot_processing_20260730:v1.0.0	parsimonious_FBA
r_0154	0.09173643050075535	yeast_GEM_v9_1_0	micro_pilot_processing_20260730:v1.0.0	parsimonious_FBA
r_0155	0.0	yeast_GEM_v9_1_0	micro_pilot_processing_20260730:v1.0.0	parsimonious_FBA
r_0156	0.0	yeast_GEM_v9_1_0	micro_pilot_processing_20260730:v1.0.0	parsimonious_FBA
r_0157	0.26750809498118205	yeast_GEM_v9_1_0	micro_pilot_processing_20260730:v1.0.0	parsimonious_FBA
r_0158	0.0	yeast_GEM_v9_1_0	micro_pilot_processing_20260730:v1.0.0	parsimonious_FBA
r_0159	0.0	yeast_GEM_v9_1_0	micro_pilot_processing_20260730:v1.0.0	parsimonious_FBA
r_0160	0.0	yeast_GEM_v9_1_0	micro_pilot_processing_20260730:v1.0.0	parsimonious_FBA
r_0161	0.0	yeast_GEM_v9_1_0	micro_pilot_processing_20260730:v1.0.0	parsimonious_FBA
r_0162	0.0	yeast_GEM_v9_1_0	micro_pilot_processing_20260730:v1.0.0	parsimonious_FBA
r_0163	0.0	yeast_GEM_v9_1_0	micro_pilot_processing_20260730:v1.0.0	parsimonious_FBA
r_0164	0.0	yeast_GEM_v9_1_0	micro_pilot_processing_20260730:v1.0.0	parsimonious_FBA
r_0165	0.0	yeast_GEM_v9_1_0	micro_pilot_processing_20260730:v1.0.0	parsimonious_FBA
r_0166	0.0	yeast_GEM_v9_1_0	micro_pilot_processing_20260730:v1.0.0	parsimonious_FBA
r_0167	0.0	yeast_GEM_v9_1_0	micro_pilot_processing_20260730:v1.0.0	parsimonious_FBA
r_0168	0.0	yeast_GEM_v9_1_0	micro_pilot_processing_20260730:v1.0.0	parsimonious_FBA
r_0169	0.0	yeast_GEM_v9_1_0	micro_pilot_processing_20260730:v1.0.0	parsimonious_FBA
r_0170	0.0	yeast_GEM_v9_1_0	micro_pilot_processing_20260730:v1.0.0	parsimonious_FBA
r_0171	0.0	yeast_GEM_v9_1_0	micro_pilot_processing_20260730:v1.0.0	parsimonious_FBA
r_0172	0.00014616389297150484	yeast_GEM_v9_1_0	micro_pilot_processing_20260730:v1.0.0	parsimonious_FBA
r_0173	1.0548225181842148	yeast_GEM_v9_1_0	micro_pilot_processing_20260730:v1.0.0	parsimonious_FBA
r_0174	0.0	yeast_GEM_v9_1_0	micro_pilot_processing_20260730:v1.0.0	parsimonious_FBA
r_0175	0.0	yeast_GEM_v9_1_0	micro_pilot_processing_20260730:v1.0.0	parsimonious_FBA
r_0176	0.0	yeast_GEM_v9_1_0	micro_pilot_processing_20260730:v1.0.0	parsimonious_FBA
r_0177	0.0	yeast_GEM_v9_1_0	micro_pilot_processing_20260730:v1.0.0	parsimonious_FBA
r_0178	0.0	yeast_GEM_v9_1_0	micro_pilot_processing_20260730:v1.0.0	parsimonious_FBA
r_0179	0.0	yeast_GEM_v9_1_0	micro_pilot_processing_20260730:v1.0.0	parsimonious_FBA
r_0180	0.0	yeast_GEM_v9_1_0	micro_pilot_processing_20260730:v1.0.0	parsimonious_FBA
r_0181	0.0	yeast_GEM_v9_1_0	micro_pilot_processing_20260730:v1.0.0	parsimonious_FBA
r_0182	0.0	yeast_GEM_v9_1_0	micro_pilot_processing_20260730:v1.0.0	parsimonious_FBA
r_0183	0.0	yeast_GEM_v9_1_0	micro_pilot_processing_20260730:v1.0.0	parsimonious_FBA
r_0184	0.0	yeast_GEM_v9_1_0	micro_pilot_processing_20260730:v1.0.0	parsimonious_FBA
r_0185	0.0	yeast_GEM_v9_1_0	micro_pilot_processing_20260730:v1.0.0	parsimonious_FBA
r_0186	0.0	yeast_GEM_v9_1_0	micro_pilot_processing_20260730:v1.0.0	parsimonious_FBA
r_0187	0.0	yeast_GEM_v9_1_0	micro_pilot_processing_20260730:v1.0.0	parsimonious_FBA
r_0188	0.0	yeast_GEM_v9_1_0	micro_pilot_processing_20260730:v1.0.0	parsimonious_FBA
r_0189	0.0	yeast_GEM_v9_1_0	micro_pilot_processing_20260730:v1.0.0	parsimonious_FBA
r_0190	0.0	yeast_GEM_v9_1_0	micro_pilot_processing_20260730:v1.0.0	parsimonious_FBA
r_0191	0.0	yeast_GEM_v9_1_0	micro_pilot_processing_20260730:v1.0.0	parsimonious_FBA
r_0192	0.0	yeast_GEM_v9_1_0	micro_pilot_processing_20260730:v1.0.0	parsimonious_FBA
r_0193	0.0	yeast_GEM_v9_1_0	micro_pilot_processing_20260730:v1.0.0	parsimonious_FBA
r_0194	0.0	yeast_GEM_v9_1_0	micro_pilot_processing_20260730:v1.0.0	parsimonious_FBA
r_0195	0.10504567864750665	yeast_GEM_v9_1_0	micro_pilot_processing_20260730:v1.0.0	parsimonious_FBA
r_0198	0.0	yeast_GEM_v9_1_0	micro_pilot_processing_20260730:v1.0.0	parsimonious_FBA
r_0199	0.0	yeast_GEM_v9_1_0	micro_pilot_processing_20260730:v1.0.0	parsimonious_FBA
r_0200	0.0	yeast_GEM_v9_1_0	micro_pilot_processing_20260730:v1.0.0	parsimonious_FBA
r_0201	0.0	yeast_GEM_v9_1_0	micro_pilot_processing_20260730:v1.0.0	parsimonious_FBA
r_0202	0.034340678152730196	yeast_GEM_v9_1_0	micro_pilot_processing_20260730:v1.0.0	parsimonious_FBA
r_0203	0.034340678152730196	yeast_GEM_v9_1_0	micro_pilot_processing_20260730:v1.0.0	parsimonious_FBA
r_0204	0.0	yeast_GEM_v9_1_0	micro_pilot_processing_20260730:v1.0.0	parsimonious_FBA
r_0205	0.0	yeast_GEM_v9_1_0	micro_pilot_processing_20260730:v1.0.0	parsimonious_FBA
r_0206	0.0	yeast_GEM_v9_1_0	micro_pilot_processing_20260730:v1.0.0	parsimonious_FBA
r_0207	0.14946888856498128	yeast_GEM_v9_1_0	micro_pilot_processing_20260730:v1.0.0	parsimonious_FBA
r_0208	0.14946888856498128	yeast_GEM_v9_1_0	micro_pilot_processing_20260730:v1.0.0	parsimonious_FBA
r_0209	0.14946888856498128	yeast_GEM_v9_1_0	micro_pilot_processing_20260730:v1.0.0	parsimonious_FBA
r_0210	0.0	yeast_GEM_v9_1_0	micro_pilot_processing_20260730:v1.0.0	parsimonious_FBA
r_0211	0.14729324832790894	yeast_GEM_v9_1_0	micro_pilot_processing_20260730:v1.0.0	parsimonious_FBA
r_0212	0.1472932483279089	yeast_GEM_v9_1_0	micro_pilot_processing_20260730:v1.0.0	parsimonious_FBA
r_0213	0.0	yeast_GEM_v9_1_0	micro_pilot_processing_20260730:v1.0.0	parsimonious_FBA
r_0214	0.08251977420596426	yeast_GEM_v9_1_0	micro_pilot_processing_20260730:v1.0.0	parsimonious_FBA
r_0215	0.2726502664756802	yeast_GEM_v9_1_0	micro_pilot_processing_20260730:v1.0.0	parsimonious_FBA
r_0216	-1.0217536860245358	yeast_GEM_v9_1_0	micro_pilot_processing_20260730:v1.0.0	parsimonious_FBA
r_0217	0.0	yeast_GEM_v9_1_0	micro_pilot_processing_20260730:v1.0.0	parsimonious_FBA
r_0218	2.872300438597338e-17	yeast_GEM_v9_1_0	micro_pilot_processing_20260730:v1.0.0	parsimonious_FBA
r_0219	0.27265026647568014	yeast_GEM_v9_1_0	micro_pilot_processing_20260730:v1.0.0	parsimonious_FBA
r_0220	0.18490497052666352	yeast_GEM_v9_1_0	micro_pilot_processing_20260730:v1.0.0	parsimonious_FBA
r_0221	0.0	yeast_GEM_v9_1_0	micro_pilot_processing_20260730:v1.0.0	parsimonious_FBA
r_0222	0.0	yeast_GEM_v9_1_0	micro_pilot_processing_20260730:v1.0.0	parsimonious_FBA
r_0223	0.0	yeast_GEM_v9_1_0	micro_pilot_processing_20260730:v1.0.0	parsimonious_FBA
r_0224	0.0	yeast_GEM_v9_1_0	micro_pilot_processing_20260730:v1.0.0	parsimonious_FBA
r_0225	0.06428679189284828	yeast_GEM_v9_1_0	micro_pilot_processing_20260730:v1.0.0	parsimonious_FBA
r_0226	51.80677745343241	yeast_GEM_v9_1_0	micro_pilot_processing_20260730:v1.0.0	parsimonious_FBA
r_0227	4.589966552308688	yeast_GEM_v9_1_0	micro_pilot_processing_20260730:v1.0.0	parsimonious_FBA
r_0228	0.0	yeast_GEM_v9_1_0	micro_pilot_processing_20260730:v1.0.0	parsimonious_FBA
r_0229	0.0	yeast_GEM_v9_1_0	micro_pilot_processing_20260730:v1.0.0	parsimonious_FBA
r_0230	0.0	yeast_GEM_v9_1_0	micro_pilot_processing_20260730:v1.0.0	parsimonious_FBA
r_0231	0.028369204821259934	yeast_GEM_v9_1_0	micro_pilot_processing_20260730:v1.0.0	parsimonious_FBA
r_0233	0.0	yeast_GEM_v9_1_0	micro_pilot_processing_20260730:v1.0.0	parsimonious_FBA
r_0234	0.02836920482125993	yeast_GEM_v9_1_0	micro_pilot_processing_20260730:v1.0.0	parsimonious_FBA
r_0235	0.028369204821259927	yeast_GEM_v9_1_0	micro_pilot_processing_20260730:v1.0.0	parsimonious_FBA
r_0236	0.02836920482125993	yeast_GEM_v9_1_0	micro_pilot_processing_20260730:v1.0.0	parsimonious_FBA
r_0237	0.028369204821259923	yeast_GEM_v9_1_0	micro_pilot_processing_20260730:v1.0.0	parsimonious_FBA
r_0238	0.02836920482125993	yeast_GEM_v9_1_0	micro_pilot_processing_20260730:v1.0.0	parsimonious_FBA
r_0239	0.02836920482125993	yeast_GEM_v9_1_0	micro_pilot_processing_20260730:v1.0.0	parsimonious_FBA
r_0240	0.02836920482125993	yeast_GEM_v9_1_0	micro_pilot_processing_20260730:v1.0.0	parsimonious_FBA
r_0241	0.02836920482125993	yeast_GEM_v9_1_0	micro_pilot_processing_20260730:v1.0.0	parsimonious_FBA
r_0242	0.0	yeast_GEM_v9_1_0	micro_pilot_processing_20260730:v1.0.0	parsimonious_FBA
r_0243	0.0	yeast_GEM_v9_1_0	micro_pilot_processing_20260730:v1.0.0	parsimonious_FBA
r_0244	0.02836920482125993	yeast_GEM_v9_1_0	micro_pilot_processing_20260730:v1.0.0	parsimonious_FBA
r_0249	0.0	yeast_GEM_v9_1_0	micro_pilot_processing_20260730:v1.0.0	parsimonious_FBA
r_0250	0.2319886627709455	yeast_GEM_v9_1_0	micro_pilot_processing_20260730:v1.0.0	parsimonious_FBA
r_0252	0.0	yeast_GEM_v9_1_0	micro_pilot_processing_20260730:v1.0.0	parsimonious_FBA
r_0253	0.0	yeast_GEM_v9_1_0	micro_pilot_processing_20260730:v1.0.0	parsimonious_FBA
r_0254	0.0	yeast_GEM_v9_1_0	micro_pilot_processing_20260730:v1.0.0	parsimonious_FBA
r_0255	7.30819464857524e-05	yeast_GEM_v9_1_0	micro_pilot_processing_20260730:v1.0.0	parsimonious_FBA
r_0256	0.0	yeast_GEM_v9_1_0	micro_pilot_processing_20260730:v1.0.0	parsimonious_FBA
r_0259	0.0	yeast_GEM_v9_1_0	micro_pilot_processing_20260730:v1.0.0	parsimonious_FBA
r_0260	0.0	yeast_GEM_v9_1_0	micro_pilot_processing_20260730:v1.0.0	parsimonious_FBA
r_0261	0.0	yeast_GEM_v9_1_0	micro_pilot_processing_20260730:v1.0.0	parsimonious_FBA
r_0262	0.0	yeast_GEM_v9_1_0	micro_pilot_processing_20260730:v1.0.0	parsimonious_FBA
r_0263	0.0	yeast_GEM_v9_1_0	micro_pilot_processing_20260730:v1.0.0	parsimonious_FBA
r_0264	0.0	yeast_GEM_v9_1_0	micro_pilot_processing_20260730:v1.0.0	parsimonious_FBA
r_0265	0.0	yeast_GEM_v9_1_0	micro_pilot_processing_20260730:v1.0.0	parsimonious_FBA
r_0266	0.0	yeast_GEM_v9_1_0	micro_pilot_processing_20260730:v1.0.0	parsimonious_FBA
r_0267	0.0	yeast_GEM_v9_1_0	micro_pilot_processing_20260730:v1.0.0	parsimonious_FBA
r_0268	0.0	yeast_GEM_v9_1_0	micro_pilot_processing_20260730:v1.0.0	parsimonious_FBA
r_0269	0.0	yeast_GEM_v9_1_0	micro_pilot_processing_20260730:v1.0.0	parsimonious_FBA
r_0270	0.0	yeast_GEM_v9_1_0	micro_pilot_processing_20260730:v1.0.0	parsimonious_FBA
r_0271	0.0	yeast_GEM_v9_1_0	micro_pilot_processing_20260730:v1.0.0	parsimonious_FBA
r_0272	0.018162786326383244	yeast_GEM_v9_1_0	micro_pilot_processing_20260730:v1.0.0	parsimonious_FBA
r_0273	0.0	yeast_GEM_v9_1_0	micro_pilot_processing_20260730:v1.0.0	parsimonious_FBA
r_0274	0.0	yeast_GEM_v9_1_0	micro_pilot_processing_20260730:v1.0.0	parsimonious_FBA
r_0278	0.22295502479400175	yeast_GEM_v9_1_0	micro_pilot_processing_20260730:v1.0.0	parsimonious_FBA
r_0279	0.25734447553035433	yeast_GEM_v9_1_0	micro_pilot_processing_20260730:v1.0.0	parsimonious_FBA
r_0280	0.0	yeast_GEM_v9_1_0	micro_pilot_processing_20260730:v1.0.0	parsimonious_FBA
r_0281	0.0	yeast_GEM_v9_1_0	micro_pilot_processing_20260730:v1.0.0	parsimonious_FBA
r_0282	0.0	yeast_GEM_v9_1_0	micro_pilot_processing_20260730:v1.0.0	parsimonious_FBA
r_0283	0.0	yeast_GEM_v9_1_0	micro_pilot_processing_20260730:v1.0.0	parsimonious_FBA
r_0284	0.0	yeast_GEM_v9_1_0	micro_pilot_processing_20260730:v1.0.0	parsimonious_FBA
r_0285	0.0	yeast_GEM_v9_1_0	micro_pilot_processing_20260730:v1.0.0	parsimonious_FBA
r_0286	0.0	yeast_GEM_v9_1_0	micro_pilot_processing_20260730:v1.0.0	parsimonious_FBA
r_0287	0.0	yeast_GEM_v9_1_0	micro_pilot_processing_20260730:v1.0.0	parsimonious_FBA
r_0288	0.0	yeast_GEM_v9_1_0	micro_pilot_processing_20260730:v1.0.0	parsimonious_FBA
r_0289	0.0	yeast_GEM_v9_1_0	micro_pilot_processing_20260730:v1.0.0	parsimonious_FBA
r_0290	0.0	yeast_GEM_v9_1_0	micro_pilot_processing_20260730:v1.0.0	parsimonious_FBA
r_0291	0.0	yeast_GEM_v9_1_0	micro_pilot_processing_20260730:v1.0.0	parsimonious_FBA
r_0292	0.0	yeast_GEM_v9_1_0	micro_pilot_processing_20260730:v1.0.0	parsimonious_FBA
r_0293	0.0	yeast_GEM_v9_1_0	micro_pilot_processing_20260730:v1.0.0	parsimonious_FBA
r_0294	0.0	yeast_GEM_v9_1_0	micro_pilot_processing_20260730:v1.0.0	parsimonious_FBA
r_0295	0.0	yeast_GEM_v9_1_0	micro_pilot_processing_20260730:v1.0.0	parsimonious_FBA
r_0296	0.0	yeast_GEM_v9_1_0	micro_pilot_processing_20260730:v1.0.0	parsimonious_FBA
r_0297	0.0	yeast_GEM_v9_1_0	micro_pilot_processing_20260730:v1.0.0	parsimonious_FBA
r_0298	0.0	yeast_GEM_v9_1_0	micro_pilot_processing_20260730:v1.0.0	parsimonious_FBA
r_0299	0.0	yeast_GEM_v9_1_0	micro_pilot_processing_20260730:v1.0.0	parsimonious_FBA
r_0300	5.675841904463542	yeast_GEM_v9_1_0	micro_pilot_processing_20260730:v1.0.0	parsimonious_FBA
r_0301	2.872300438597338e-17	yeast_GEM_v9_1_0	micro_pilot_processing_20260730:v1.0.0	parsimonious_FBA
r_0302	0.0	yeast_GEM_v9_1_0	micro_pilot_processing_20260730:v1.0.0	parsimonious_FBA
r_0303	0.0	yeast_GEM_v9_1_0	micro_pilot_processing_20260730:v1.0.0	parsimonious_FBA
r_0304	7.692836205220933e-07	yeast_GEM_v9_1_0	micro_pilot_processing_20260730:v1.0.0	parsimonious_FBA
r_0306	0.0	yeast_GEM_v9_1_0	micro_pilot_processing_20260730:v1.0.0	parsimonious_FBA
r_0307	0.03790740382138307	yeast_GEM_v9_1_0	micro_pilot_processing_20260730:v1.0.0	parsimonious_FBA
r_0308	0.0	yeast_GEM_v9_1_0	micro_pilot_processing_20260730:v1.0.0	parsimonious_FBA
r_0309	0.029040841130558354	yeast_GEM_v9_1_0	micro_pilot_processing_20260730:v1.0.0	parsimonious_FBA
r_0310	0.029040841130558357	yeast_GEM_v9_1_0	micro_pilot_processing_20260730:v1.0.0	parsimonious_FBA
r_0311	0.0	yeast_GEM_v9_1_0	micro_pilot_processing_20260730:v1.0.0	parsimonious_FBA
r_0312	0.0	yeast_GEM_v9_1_0	micro_pilot_processing_20260730:v1.0.0	parsimonious_FBA
r_0313	0.028893907953964376	yeast_GEM_v9_1_0	micro_pilot_processing_20260730:v1.0.0	parsimonious_FBA
r_0314	0.0	yeast_GEM_v9_1_0	micro_pilot_processing_20260730:v1.0.0	parsimonious_FBA
r_0315	0.0	yeast_GEM_v9_1_0	micro_pilot_processing_20260730:v1.0.0	parsimonious_FBA
r_0317	0.028369204821259937	yeast_GEM_v9_1_0	micro_pilot_processing_20260730:v1.0.0	parsimonious_FBA
r_0318	0.0	yeast_GEM_v9_1_0	micro_pilot_processing_20260730:v1.0.0	parsimonious_FBA
r_0319	0.0	yeast_GEM_v9_1_0	micro_pilot_processing_20260730:v1.0.0	parsimonious_FBA
r_0320	0.0	yeast_GEM_v9_1_0	micro_pilot_processing_20260730:v1.0.0	parsimonious_FBA
r_0321	0.0	yeast_GEM_v9_1_0	micro_pilot_processing_20260730:v1.0.0	parsimonious_FBA
r_0322	0.0	yeast_GEM_v9_1_0	micro_pilot_processing_20260730:v1.0.0	parsimonious_FBA
r_0323	0.0	yeast_GEM_v9_1_0	micro_pilot_processing_20260730:v1.0.0	parsimonious_FBA
r_0326	0.00276942099329929	yeast_GEM_v9_1_0	micro_pilot_processing_20260730:v1.0.0	parsimonious_FBA
r_0327	0.0	yeast_GEM_v9_1_0	micro_pilot_processing_20260730:v1.0.0	parsimonious_FBA
r_0328	0.0	yeast_GEM_v9_1_0	micro_pilot_processing_20260730:v1.0.0	parsimonious_FBA
r_0329	0.0	yeast_GEM_v9_1_0	micro_pilot_processing_20260730:v1.0.0	parsimonious_FBA
r_0330	-0.0018462807816080594	yeast_GEM_v9_1_0	micro_pilot_processing_20260730:v1.0.0	parsimonious_FBA
r_0331	0.0	yeast_GEM_v9_1_0	micro_pilot_processing_20260730:v1.0.0	parsimonious_FBA
r_0332	0.0	yeast_GEM_v9_1_0	micro_pilot_processing_20260730:v1.0.0	parsimonious_FBA
r_0334	0.0	yeast_GEM_v9_1_0	micro_pilot_processing_20260730:v1.0.0	parsimonious_FBA
r_0335	0.0	yeast_GEM_v9_1_0	micro_pilot_processing_20260730:v1.0.0	parsimonious_FBA
r_0340	0.0	yeast_GEM_v9_1_0	micro_pilot_processing_20260730:v1.0.0	parsimonious_FBA
r_0341	0.0	yeast_GEM_v9_1_0	micro_pilot_processing_20260730:v1.0.0	parsimonious_FBA
r_0342	0.0	yeast_GEM_v9_1_0	micro_pilot_processing_20260730:v1.0.0	parsimonious_FBA
r_0343	0.0	yeast_GEM_v9_1_0	micro_pilot_processing_20260730:v1.0.0	parsimonious_FBA
r_0344	0.0028181935769218246	yeast_GEM_v9_1_0	micro_pilot_processing_20260730:v1.0.0	parsimonious_FBA
r_0345	0.0	yeast_GEM_v9_1_0	micro_pilot_processing_20260730:v1.0.0	parsimonious_FBA
r_0346	4.8772583622534584e-05	yeast_GEM_v9_1_0	micro_pilot_processing_20260730:v1.0.0	parsimonious_FBA
r_0347	4.877258362253459e-05	yeast_GEM_v9_1_0	micro_pilot_processing_20260730:v1.0.0	parsimonious_FBA
r_0348	4.877258362253459e-05	yeast_GEM_v9_1_0	micro_pilot_processing_20260730:v1.0.0	parsimonious_FBA
r_0349	-0.08251977420596425	yeast_GEM_v9_1_0	micro_pilot_processing_20260730:v1.0.0	parsimonious_FBA
r_0350	4.8772583622534584e-05	yeast_GEM_v9_1_0	micro_pilot_processing_20260730:v1.0.0	parsimonious_FBA
r_0351	0.0	yeast_GEM_v9_1_0	micro_pilot_processing_20260730:v1.0.0	parsimonious_FBA
r_0352	0.5210495243813236	yeast_GEM_v9_1_0	micro_pilot_processing_20260730:v1.0.0	parsimonious_FBA
r_0353	0.2042373552328211	yeast_GEM_v9_1_0	micro_pilot_processing_20260730:v1.0.0	parsimonious_FBA
r_0354	0.0	yeast_GEM_v9_1_0	micro_pilot_processing_20260730:v1.0.0	parsimonious_FBA
r_0355	0.05673917892614039	yeast_GEM_v9_1_0	micro_pilot_processing_20260730:v1.0.0	parsimonious_FBA
r_0356	0.0	yeast_GEM_v9_1_0	micro_pilot_processing_20260730:v1.0.0	parsimonious_FBA
r_0357	0.0	yeast_GEM_v9_1_0	micro_pilot_processing_20260730:v1.0.0	parsimonious_FBA
r_0358	0.0	yeast_GEM_v9_1_0	micro_pilot_processing_20260730:v1.0.0	parsimonious_FBA
r_0359	0.0	yeast_GEM_v9_1_0	micro_pilot_processing_20260730:v1.0.0	parsimonious_FBA
r_0360	0.0	yeast_GEM_v9_1_0	micro_pilot_processing_20260730:v1.0.0	parsimonious_FBA
r_0361	0.5400678743148705	yeast_GEM_v9_1_0	micro_pilot_processing_20260730:v1.0.0	parsimonious_FBA
r_0362	0.5400678743148705	yeast_GEM_v9_1_0	micro_pilot_processing_20260730:v1.0.0	parsimonious_FBA
r_0363	0.0	yeast_GEM_v9_1_0	micro_pilot_processing_20260730:v1.0.0	parsimonious_FBA
r_0364	0.0	yeast_GEM_v9_1_0	micro_pilot_processing_20260730:v1.0.0	parsimonious_FBA
r_0365	0.0	yeast_GEM_v9_1_0	micro_pilot_processing_20260730:v1.0.0	parsimonious_FBA
r_0366	13.30209340615223	yeast_GEM_v9_1_0	micro_pilot_processing_20260730:v1.0.0	parsimonious_FBA
r_0368	0.0	yeast_GEM_v9_1_0	micro_pilot_processing_20260730:v1.0.0	parsimonious_FBA
r_0369	0.0	yeast_GEM_v9_1_0	micro_pilot_processing_20260730:v1.0.0	parsimonious_FBA
r_0370	0.0	yeast_GEM_v9_1_0	micro_pilot_processing_20260730:v1.0.0	parsimonious_FBA
r_0373	0.0	yeast_GEM_v9_1_0	micro_pilot_processing_20260730:v1.0.0	parsimonious_FBA
r_0399	0.0	yeast_GEM_v9_1_0	micro_pilot_processing_20260730:v1.0.0	parsimonious_FBA
r_0400	0.0	yeast_GEM_v9_1_0	micro_pilot_processing_20260730:v1.0.0	parsimonious_FBA
r_0402	0.0	yeast_GEM_v9_1_0	micro_pilot_processing_20260730:v1.0.0	parsimonious_FBA
r_0410	0.0	yeast_GEM_v9_1_0	micro_pilot_processing_20260730:v1.0.0	parsimonious_FBA
r_0412	0.0	yeast_GEM_v9_1_0	micro_pilot_processing_20260730:v1.0.0	parsimonious_FBA
r_0436	7.692836205220932e-07	yeast_GEM_v9_1_0	micro_pilot_processing_20260730:v1.0.0	parsimonious_FBA
r_0437	0.0	yeast_GEM_v9_1_0	micro_pilot_processing_20260730:v1.0.0	parsimonious_FBA
r_0438	78.31296655254914	yeast_GEM_v9_1_0	micro_pilot_processing_20260730:v1.0.0	parsimonious_FBA
r_0439	39.15648327627457	yeast_GEM_v9_1_0	micro_pilot_processing_20260730:v1.0.0	parsimonious_FBA
r_0440	7.692836030306087e-06	yeast_GEM_v9_1_0	micro_pilot_processing_20260730:v1.0.0	parsimonious_FBA
r_0441	0.0	yeast_GEM_v9_1_0	micro_pilot_processing_20260730:v1.0.0	parsimonious_FBA
r_0442	0.0	yeast_GEM_v9_1_0	micro_pilot_processing_20260730:v1.0.0	parsimonious_FBA
r_0443	0.0	yeast_GEM_v9_1_0	micro_pilot_processing_20260730:v1.0.0	parsimonious_FBA
r_0445	0.0	yeast_GEM_v9_1_0	micro_pilot_processing_20260730:v1.0.0	parsimonious_FBA
r_0446	0.035541543666899586	yeast_GEM_v9_1_0	micro_pilot_processing_20260730:v1.0.0	parsimonious_FBA
r_0447	0.0	yeast_GEM_v9_1_0	micro_pilot_processing_20260730:v1.0.0	parsimonious_FBA
r_0448	0.0	yeast_GEM_v9_1_0	micro_pilot_processing_20260730:v1.0.0	parsimonious_FBA
r_0449	0.0	yeast_GEM_v9_1_0	micro_pilot_processing_20260730:v1.0.0	parsimonious_FBA
r_0450	6.3298482478884885	yeast_GEM_v9_1_0	micro_pilot_processing_20260730:v1.0.0	parsimonious_FBA
r_0451	4.622710426935868	yeast_GEM_v9_1_0	micro_pilot_processing_20260730:v1.0.0	parsimonious_FBA
r_0452	0.33438542648831815	yeast_GEM_v9_1_0	micro_pilot_processing_20260730:v1.0.0	parsimonious_FBA
r_0453	0.08251977420596425	yeast_GEM_v9_1_0	micro_pilot_processing_20260730:v1.0.0	parsimonious_FBA
r_0454	0.0	yeast_GEM_v9_1_0	micro_pilot_processing_20260730:v1.0.0	parsimonious_FBA
r_0455	0.0	yeast_GEM_v9_1_0	micro_pilot_processing_20260730:v1.0.0	parsimonious_FBA
r_0457	0.0	yeast_GEM_v9_1_0	micro_pilot_processing_20260730:v1.0.0	parsimonious_FBA
r_0458	0.0	yeast_GEM_v9_1_0	micro_pilot_processing_20260730:v1.0.0	parsimonious_FBA
r_0459	0.0	yeast_GEM_v9_1_0	micro_pilot_processing_20260730:v1.0.0	parsimonious_FBA
r_0460	7.692836224643476e-07	yeast_GEM_v9_1_0	micro_pilot_processing_20260730:v1.0.0	parsimonious_FBA
r_0461	0.0	yeast_GEM_v9_1_0	micro_pilot_processing_20260730:v1.0.0	parsimonious_FBA
r_0462	0.05673917892614039	yeast_GEM_v9_1_0	micro_pilot_processing_20260730:v1.0.0	parsimonious_FBA
r_0463	0.0	yeast_GEM_v9_1_0	micro_pilot_processing_20260730:v1.0.0	parsimonious_FBA
r_0464	0.0	yeast_GEM_v9_1_0	micro_pilot_processing_20260730:v1.0.0	parsimonious_FBA
r_0465	0.0	yeast_GEM_v9_1_0	micro_pilot_processing_20260730:v1.0.0	parsimonious_FBA
r_0466	4.796401639895799	yeast_GEM_v9_1_0	micro_pilot_processing_20260730:v1.0.0	parsimonious_FBA
r_0467	3.953779555846438	yeast_GEM_v9_1_0	micro_pilot_processing_20260730:v1.0.0	parsimonious_FBA
r_0468	0.1383334652073632	yeast_GEM_v9_1_0	micro_pilot_processing_20260730:v1.0.0	parsimonious_FBA
r_0469	0.0	yeast_GEM_v9_1_0	micro_pilot_processing_20260730:v1.0.0	parsimonious_FBA
r_0470	0.0	yeast_GEM_v9_1_0	micro_pilot_processing_20260730:v1.0.0	parsimonious_FBA
r_0471	4.254913329917063	yeast_GEM_v9_1_0	micro_pilot_processing_20260730:v1.0.0	parsimonious_FBA
r_0472	0.0	yeast_GEM_v9_1_0	micro_pilot_processing_20260730:v1.0.0	parsimonious_FBA
r_0473	0.1383334652073632	yeast_GEM_v9_1_0	micro_pilot_processing_20260730:v1.0.0	parsimonious_FBA
r_0475	0.0	yeast_GEM_v9_1_0	micro_pilot_processing_20260730:v1.0.0	parsimonious_FBA
r_0476	0.8038638464342578	yeast_GEM_v9_1_0	micro_pilot_processing_20260730:v1.0.0	parsimonious_FBA
r_0477	0.018162786326383244	yeast_GEM_v9_1_0	micro_pilot_processing_20260730:v1.0.0	parsimonious_FBA
r_0478	0.10859233177310304	yeast_GEM_v9_1_0	micro_pilot_processing_20260730:v1.0.0	parsimonious_FBA
r_0479	0.22808283340260735	yeast_GEM_v9_1_0	micro_pilot_processing_20260730:v1.0.0	parsimonious_FBA
r_0480	0.0	yeast_GEM_v9_1_0	micro_pilot_processing_20260730:v1.0.0	parsimonious_FBA
r_0481	0.0	yeast_GEM_v9_1_0	micro_pilot_processing_20260730:v1.0.0	parsimonious_FBA
r_0482	0.0	yeast_GEM_v9_1_0	micro_pilot_processing_20260730:v1.0.0	parsimonious_FBA
r_0483	0.0	yeast_GEM_v9_1_0	micro_pilot_processing_20260730:v1.0.0	parsimonious_FBA
r_0484	0.0	yeast_GEM_v9_1_0	micro_pilot_processing_20260730:v1.0.0	parsimonious_FBA
r_0485	7.692836224643476e-07	yeast_GEM_v9_1_0	micro_pilot_processing_20260730:v1.0.0	parsimonious_FBA
r_0486	13.979086364268351	yeast_GEM_v9_1_0	micro_pilot_processing_20260730:v1.0.0	parsimonious_FBA
r_0487	0.0	yeast_GEM_v9_1_0	micro_pilot_processing_20260730:v1.0.0	parsimonious_FBA
r_0488	0.0	yeast_GEM_v9_1_0	micro_pilot_processing_20260730:v1.0.0	parsimonious_FBA
r_0489	0.0	yeast_GEM_v9_1_0	micro_pilot_processing_20260730:v1.0.0	parsimonious_FBA
r_0490	0.0	yeast_GEM_v9_1_0	micro_pilot_processing_20260730:v1.0.0	parsimonious_FBA
r_0491	0.053428248237713805	yeast_GEM_v9_1_0	micro_pilot_processing_20260730:v1.0.0	parsimonious_FBA
r_0492	0.0	yeast_GEM_v9_1_0	micro_pilot_processing_20260730:v1.0.0	parsimonious_FBA
r_0497	0.0	yeast_GEM_v9_1_0	micro_pilot_processing_20260730:v1.0.0	parsimonious_FBA
r_0499	0.07877792305230878	yeast_GEM_v9_1_0	micro_pilot_processing_20260730:v1.0.0	parsimonious_FBA
r_0500	0.0	yeast_GEM_v9_1_0	micro_pilot_processing_20260730:v1.0.0	parsimonious_FBA
r_0501	0.0	yeast_GEM_v9_1_0	micro_pilot_processing_20260730:v1.0.0	parsimonious_FBA
r_0502	0.3595576809620508	yeast_GEM_v9_1_0	micro_pilot_processing_20260730:v1.0.0	parsimonious_FBA
r_0503	0.0001461638929715048	yeast_GEM_v9_1_0	micro_pilot_processing_20260730:v1.0.0	parsimonious_FBA
r_0504	0.0	yeast_GEM_v9_1_0	micro_pilot_processing_20260730:v1.0.0	parsimonious_FBA
r_0505	4.622716581204832	yeast_GEM_v9_1_0	micro_pilot_processing_20260730:v1.0.0	parsimonious_FBA
r_0506	0.0	yeast_GEM_v9_1_0	micro_pilot_processing_20260730:v1.0.0	parsimonious_FBA
r_0507	0.0	yeast_GEM_v9_1_0	micro_pilot_processing_20260730:v1.0.0	parsimonious_FBA
r_0508	0.0	yeast_GEM_v9_1_0	micro_pilot_processing_20260730:v1.0.0	parsimonious_FBA
r_0509	0.0	yeast_GEM_v9_1_0	micro_pilot_processing_20260730:v1.0.0	parsimonious_FBA
r_0510	0.274549632021301	yeast_GEM_v9_1_0	micro_pilot_processing_20260730:v1.0.0	parsimonious_FBA
r_0511	0.0	yeast_GEM_v9_1_0	micro_pilot_processing_20260730:v1.0.0	parsimonious_FBA
r_0512	0.2182834455983551	yeast_GEM_v9_1_0	micro_pilot_processing_20260730:v1.0.0	parsimonious_FBA
r_0514	0.03692425379336913	yeast_GEM_v9_1_0	micro_pilot_processing_20260730:v1.0.0	parsimonious_FBA
r_0518	0.0	yeast_GEM_v9_1_0	micro_pilot_processing_20260730:v1.0.0	parsimonious_FBA
r_0519	0.0	yeast_GEM_v9_1_0	micro_pilot_processing_20260730:v1.0.0	parsimonious_FBA
r_0520	0.0	yeast_GEM_v9_1_0	micro_pilot_processing_20260730:v1.0.0	parsimonious_FBA
r_0521	0.0	yeast_GEM_v9_1_0	micro_pilot_processing_20260730:v1.0.0	parsimonious_FBA
r_0522	0.0	yeast_GEM_v9_1_0	micro_pilot_processing_20260730:v1.0.0	parsimonious_FBA
r_0523	0.0	yeast_GEM_v9_1_0	micro_pilot_processing_20260730:v1.0.0	parsimonious_FBA
r_0524	4.87725836225346e-05	yeast_GEM_v9_1_0	micro_pilot_processing_20260730:v1.0.0	parsimonious_FBA
r_0525	0.0007692836002319717	yeast_GEM_v9_1_0	micro_pilot_processing_20260730:v1.0.0	parsimonious_FBA
r_0526	0.0	yeast_GEM_v9_1_0	micro_pilot_processing_20260730:v1.0.0	parsimonious_FBA
r_0527	0.0	yeast_GEM_v9_1_0	micro_pilot_processing_20260730:v1.0.0	parsimonious_FBA
r_0528	0.0026643369654624984	yeast_GEM_v9_1_0	micro_pilot_processing_20260730:v1.0.0	parsimonious_FBA
r_0529	0.0	yeast_GEM_v9_1_0	micro_pilot_processing_20260730:v1.0.0	parsimonious_FBA
r_0530	7.692836205220933e-07	yeast_GEM_v9_1_0	micro_pilot_processing_20260730:v1.0.0	parsimonious_FBA
r_0531	7.692836205220933e-07	yeast_GEM_v9_1_0	micro_pilot_processing_20260730:v1.0.0	parsimonious_FBA
r_0532	0.0	yeast_GEM_v9_1_0	micro_pilot_processing_20260730:v1.0.0	parsimonious_FBA
r_0533	0.0	yeast_GEM_v9_1_0	micro_pilot_processing_20260730:v1.0.0	parsimonious_FBA
r_0534	9.999999999999998	yeast_GEM_v9_1_0	micro_pilot_processing_20260730:v1.0.0	parsimonious_FBA
r_0535	2.3083987106472265e-13	yeast_GEM_v9_1_0	micro_pilot_processing_20260730:v1.0.0	parsimonious_FBA
r_0536	0.06428679189284828	yeast_GEM_v9_1_0	micro_pilot_processing_20260730:v1.0.0	parsimonious_FBA
r_0537	0.06428679189284828	yeast_GEM_v9_1_0	micro_pilot_processing_20260730:v1.0.0	parsimonious_FBA
r_0538	0.06428679189284826	yeast_GEM_v9_1_0	micro_pilot_processing_20260730:v1.0.0	parsimonious_FBA
r_0539	0.06428679189284828	yeast_GEM_v9_1_0	micro_pilot_processing_20260730:v1.0.0	parsimonious_FBA
r_0540	0.0	yeast_GEM_v9_1_0	micro_pilot_processing_20260730:v1.0.0	parsimonious_FBA
r_0541	0.0	yeast_GEM_v9_1_0	micro_pilot_processing_20260730:v1.0.0	parsimonious_FBA
r_0542	0.2534017483411473	yeast_GEM_v9_1_0	micro_pilot_processing_20260730:v1.0.0	parsimonious_FBA
r_0543	0.0	yeast_GEM_v9_1_0	micro_pilot_processing_20260730:v1.0.0	parsimonious_FBA
r_0544	0.0	yeast_GEM_v9_1_0	micro_pilot_processing_20260730:v1.0.0	parsimonious_FBA
r_0545	0.2534017483411473	yeast_GEM_v9_1_0	micro_pilot_processing_20260730:v1.0.0	parsimonious_FBA
r_0546	0.2726502664756802	yeast_GEM_v9_1_0	micro_pilot_processing_20260730:v1.0.0	parsimonious_FBA
r_0547	0.0	yeast_GEM_v9_1_0	micro_pilot_processing_20260730:v1.0.0	parsimonious_FBA
r_0548	0.18091475911530447	yeast_GEM_v9_1_0	micro_pilot_processing_20260730:v1.0.0	parsimonious_FBA
r_0549	0.09173550736037572	yeast_GEM_v9_1_0	micro_pilot_processing_20260730:v1.0.0	parsimonious_FBA
r_0550	0.0	yeast_GEM_v9_1_0	micro_pilot_processing_20260730:v1.0.0	parsimonious_FBA
r_0551	0.0	yeast_GEM_v9_1_0	micro_pilot_processing_20260730:v1.0.0	parsimonious_FBA
r_0552	0.0	yeast_GEM_v9_1_0	micro_pilot_processing_20260730:v1.0.0	parsimonious_FBA
r_0553	0.0	yeast_GEM_v9_1_0	micro_pilot_processing_20260730:v1.0.0	parsimonious_FBA
r_0554	0.0	yeast_GEM_v9_1_0	micro_pilot_processing_20260730:v1.0.0	parsimonious_FBA
r_0555	0.0	yeast_GEM_v9_1_0	micro_pilot_processing_20260730:v1.0.0	parsimonious_FBA
r_0556	0.0	yeast_GEM_v9_1_0	micro_pilot_processing_20260730:v1.0.0	parsimonious_FBA
r_0557	7.692836205220933e-07	yeast_GEM_v9_1_0	micro_pilot_processing_20260730:v1.0.0	parsimonious_FBA
r_0558	0.17021753677842116	yeast_GEM_v9_1_0	micro_pilot_processing_20260730:v1.0.0	parsimonious_FBA
r_0560	0.17021753677842114	yeast_GEM_v9_1_0	micro_pilot_processing_20260730:v1.0.0	parsimonious_FBA
r_0561	9.231403796094838e-07	yeast_GEM_v9_1_0	micro_pilot_processing_20260730:v1.0.0	parsimonious_FBA
r_0562	0.0	yeast_GEM_v9_1_0	micro_pilot_processing_20260730:v1.0.0	parsimonious_FBA
r_0563	0.06428679189284826	yeast_GEM_v9_1_0	micro_pilot_processing_20260730:v1.0.0	parsimonious_FBA
r_0564	0.06428679189284826	yeast_GEM_v9_1_0	micro_pilot_processing_20260730:v1.0.0	parsimonious_FBA
r_0565	0.03692425379336913	yeast_GEM_v9_1_0	micro_pilot_processing_20260730:v1.0.0	parsimonious_FBA
r_0566	0.034340678152730196	yeast_GEM_v9_1_0	micro_pilot_processing_20260730:v1.0.0	parsimonious_FBA
r_0567	0.0	yeast_GEM_v9_1_0	micro_pilot_processing_20260730:v1.0.0	parsimonious_FBA
r_0568	0.0	yeast_GEM_v9_1_0	micro_pilot_processing_20260730:v1.0.0	parsimonious_FBA
r_0569	7.405872397352403	yeast_GEM_v9_1_0	micro_pilot_processing_20260730:v1.0.0	parsimonious_FBA
r_0570	0.14306379180477746	yeast_GEM_v9_1_0	micro_pilot_processing_20260730:v1.0.0	parsimonious_FBA
r_0571	0.0	yeast_GEM_v9_1_0	micro_pilot_processing_20260730:v1.0.0	parsimonious_FBA
r_0572	0.0	yeast_GEM_v9_1_0	micro_pilot_processing_20260730:v1.0.0	parsimonious_FBA
r_0573	0.0	yeast_GEM_v9_1_0	micro_pilot_processing_20260730:v1.0.0	parsimonious_FBA
r_0574	0.0	yeast_GEM_v9_1_0	micro_pilot_processing_20260730:v1.0.0	parsimonious_FBA
r_0575	0.0	yeast_GEM_v9_1_0	micro_pilot_processing_20260730:v1.0.0	parsimonious_FBA
r_0596	0.0	yeast_GEM_v9_1_0	micro_pilot_processing_20260730:v1.0.0	parsimonious_FBA
r_0597	0.0	yeast_GEM_v9_1_0	micro_pilot_processing_20260730:v1.0.0	parsimonious_FBA
r_0598	0.0	yeast_GEM_v9_1_0	micro_pilot_processing_20260730:v1.0.0	parsimonious_FBA
r_0599	0.0	yeast_GEM_v9_1_0	micro_pilot_processing_20260730:v1.0.0	parsimonious_FBA
r_0600	0.0	yeast_GEM_v9_1_0	micro_pilot_processing_20260730:v1.0.0	parsimonious_FBA
r_0601	0.0	yeast_GEM_v9_1_0	micro_pilot_processing_20260730:v1.0.0	parsimonious_FBA
r_0602	0.0	yeast_GEM_v9_1_0	micro_pilot_processing_20260730:v1.0.0	parsimonious_FBA
r_0603	0.0	yeast_GEM_v9_1_0	micro_pilot_processing_20260730:v1.0.0	parsimonious_FBA
r_0604	0.0	yeast_GEM_v9_1_0	micro_pilot_processing_20260730:v1.0.0	parsimonious_FBA
r_0605	0.0	yeast_GEM_v9_1_0	micro_pilot_processing_20260730:v1.0.0	parsimonious_FBA
r_0606	0.0	yeast_GEM_v9_1_0	micro_pilot_processing_20260730:v1.0.0	parsimonious_FBA
r_0607	0.0	yeast_GEM_v9_1_0	micro_pilot_processing_20260730:v1.0.0	parsimonious_FBA
r_0608	0.0	yeast_GEM_v9_1_0	micro_pilot_processing_20260730:v1.0.0	parsimonious_FBA
r_0609	0.0	yeast_GEM_v9_1_0	micro_pilot_processing_20260730:v1.0.0	parsimonious_FBA
r_0610	0.0	yeast_GEM_v9_1_0	micro_pilot_processing_20260730:v1.0.0	parsimonious_FBA
r_0611	0.0	yeast_GEM_v9_1_0	micro_pilot_processing_20260730:v1.0.0	parsimonious_FBA
r_0612	0.0	yeast_GEM_v9_1_0	micro_pilot_processing_20260730:v1.0.0	parsimonious_FBA
r_0613	0.0	yeast_GEM_v9_1_0	micro_pilot_processing_20260730:v1.0.0	parsimonious_FBA
r_0614	0.0	yeast_GEM_v9_1_0	micro_pilot_processing_20260730:v1.0.0	parsimonious_FBA
r_0615	0.0	yeast_GEM_v9_1_0	micro_pilot_processing_20260730:v1.0.0	parsimonious_FBA
r_0616	0.0	yeast_GEM_v9_1_0	micro_pilot_processing_20260730:v1.0.0	parsimonious_FBA
r_0617	0.0	yeast_GEM_v9_1_0	micro_pilot_processing_20260730:v1.0.0	parsimonious_FBA
r_0618	0.0	yeast_GEM_v9_1_0	micro_pilot_processing_20260730:v1.0.0	parsimonious_FBA
r_0619	0.0	yeast_GEM_v9_1_0	micro_pilot_processing_20260730:v1.0.0	parsimonious_FBA
r_0620	0.0	yeast_GEM_v9_1_0	micro_pilot_processing_20260730:v1.0.0	parsimonious_FBA
r_0621	0.0	yeast_GEM_v9_1_0	micro_pilot_processing_20260730:v1.0.0	parsimonious_FBA
r_0622	0.0	yeast_GEM_v9_1_0	micro_pilot_processing_20260730:v1.0.0	parsimonious_FBA
r_0623	0.0	yeast_GEM_v9_1_0	micro_pilot_processing_20260730:v1.0.0	parsimonious_FBA
r_0624	0.0	yeast_GEM_v9_1_0	micro_pilot_processing_20260730:v1.0.0	parsimonious_FBA
r_0625	0.0	yeast_GEM_v9_1_0	micro_pilot_processing_20260730:v1.0.0	parsimonious_FBA
r_0626	0.0	yeast_GEM_v9_1_0	micro_pilot_processing_20260730:v1.0.0	parsimonious_FBA
r_0627	0.0	yeast_GEM_v9_1_0	micro_pilot_processing_20260730:v1.0.0	parsimonious_FBA
r_0628	0.0	yeast_GEM_v9_1_0	micro_pilot_processing_20260730:v1.0.0	parsimonious_FBA
r_0629	0.0	yeast_GEM_v9_1_0	micro_pilot_processing_20260730:v1.0.0	parsimonious_FBA
r_0630	0.0	yeast_GEM_v9_1_0	micro_pilot_processing_20260730:v1.0.0	parsimonious_FBA
r_0631	0.0	yeast_GEM_v9_1_0	micro_pilot_processing_20260730:v1.0.0	parsimonious_FBA
r_0632	0.0	yeast_GEM_v9_1_0	micro_pilot_processing_20260730:v1.0.0	parsimonious_FBA
r_0633	0.0	yeast_GEM_v9_1_0	micro_pilot_processing_20260730:v1.0.0	parsimonious_FBA
r_0634	0.0	yeast_GEM_v9_1_0	micro_pilot_processing_20260730:v1.0.0	parsimonious_FBA
r_0635	0.0	yeast_GEM_v9_1_0	micro_pilot_processing_20260730:v1.0.0	parsimonious_FBA
r_0636	0.0	yeast_GEM_v9_1_0	micro_pilot_processing_20260730:v1.0.0	parsimonious_FBA
r_0637	0.0	yeast_GEM_v9_1_0	micro_pilot_processing_20260730:v1.0.0	parsimonious_FBA
r_0638	0.0	yeast_GEM_v9_1_0	micro_pilot_processing_20260730:v1.0.0	parsimonious_FBA
r_0639	0.0	yeast_GEM_v9_1_0	micro_pilot_processing_20260730:v1.0.0	parsimonious_FBA
r_0640	0.0	yeast_GEM_v9_1_0	micro_pilot_processing_20260730:v1.0.0	parsimonious_FBA
r_0641	0.0	yeast_GEM_v9_1_0	micro_pilot_processing_20260730:v1.0.0	parsimonious_FBA
r_0642	0.0	yeast_GEM_v9_1_0	micro_pilot_processing_20260730:v1.0.0	parsimonious_FBA
r_0643	0.0	yeast_GEM_v9_1_0	micro_pilot_processing_20260730:v1.0.0	parsimonious_FBA
r_0644	0.0	yeast_GEM_v9_1_0	micro_pilot_processing_20260730:v1.0.0	parsimonious_FBA
r_0645	0.0	yeast_GEM_v9_1_0	micro_pilot_processing_20260730:v1.0.0	parsimonious_FBA
r_0646	0.0	yeast_GEM_v9_1_0	micro_pilot_processing_20260730:v1.0.0	parsimonious_FBA
r_0647	0.0	yeast_GEM_v9_1_0	micro_pilot_processing_20260730:v1.0.0	parsimonious_FBA
r_0648	0.0	yeast_GEM_v9_1_0	micro_pilot_processing_20260730:v1.0.0	parsimonious_FBA
r_0649	0.0	yeast_GEM_v9_1_0	micro_pilot_processing_20260730:v1.0.0	parsimonious_FBA
r_0650	0.0	yeast_GEM_v9_1_0	micro_pilot_processing_20260730:v1.0.0	parsimonious_FBA
r_0651	0.0	yeast_GEM_v9_1_0	micro_pilot_processing_20260730:v1.0.0	parsimonious_FBA
r_0652	0.0	yeast_GEM_v9_1_0	micro_pilot_processing_20260730:v1.0.0	parsimonious_FBA
r_0653	0.0	yeast_GEM_v9_1_0	micro_pilot_processing_20260730:v1.0.0	parsimonious_FBA
r_0654	0.0	yeast_GEM_v9_1_0	micro_pilot_processing_20260730:v1.0.0	parsimonious_FBA
r_0655	0.0	yeast_GEM_v9_1_0	micro_pilot_processing_20260730:v1.0.0	parsimonious_FBA
r_0656	0.0	yeast_GEM_v9_1_0	micro_pilot_processing_20260730:v1.0.0	parsimonious_FBA
r_0657	0.0	yeast_GEM_v9_1_0	micro_pilot_processing_20260730:v1.0.0	parsimonious_FBA
r_0658	4.543741660754062	yeast_GEM_v9_1_0	micro_pilot_processing_20260730:v1.0.0	parsimonious_FBA
r_0659	0.25734447553035356	yeast_GEM_v9_1_0	micro_pilot_processing_20260730:v1.0.0	parsimonious_FBA
r_0661	0.0	yeast_GEM_v9_1_0	micro_pilot_processing_20260730:v1.0.0	parsimonious_FBA
r_0662	0.0	yeast_GEM_v9_1_0	micro_pilot_processing_20260730:v1.0.0	parsimonious_FBA
r_0663	-0.20423735523282113	yeast_GEM_v9_1_0	micro_pilot_processing_20260730:v1.0.0	parsimonious_FBA
r_0664	0.0	yeast_GEM_v9_1_0	micro_pilot_processing_20260730:v1.0.0	parsimonious_FBA
r_0665	0.2042373552328211	yeast_GEM_v9_1_0	micro_pilot_processing_20260730:v1.0.0	parsimonious_FBA
r_0666	0.0	yeast_GEM_v9_1_0	micro_pilot_processing_20260730:v1.0.0	parsimonious_FBA
r_0667	0.05673917892614039	yeast_GEM_v9_1_0	micro_pilot_processing_20260730:v1.0.0	parsimonious_FBA
r_0668	0.0	yeast_GEM_v9_1_0	micro_pilot_processing_20260730:v1.0.0	parsimonious_FBA
r_0669	0.2042373552328211	yeast_GEM_v9_1_0	micro_pilot_processing_20260730:v1.0.0	parsimonious_FBA
r_0670	0.0	yeast_GEM_v9_1_0	micro_pilot_processing_20260730:v1.0.0	parsimonious_FBA
r_0671	0.0046695515683497025	yeast_GEM_v9_1_0	micro_pilot_processing_20260730:v1.0.0	parsimonious_FBA
r_0672	0.0	yeast_GEM_v9_1_0	micro_pilot_processing_20260730:v1.0.0	parsimonious_FBA
r_0673	0.0	yeast_GEM_v9_1_0	micro_pilot_processing_20260730:v1.0.0	parsimonious_FBA
r_0674	0.0	yeast_GEM_v9_1_0	micro_pilot_processing_20260730:v1.0.0	parsimonious_FBA
r_0675	0.0	yeast_GEM_v9_1_0	micro_pilot_processing_20260730:v1.0.0	parsimonious_FBA
r_0676	0.0	yeast_GEM_v9_1_0	micro_pilot_processing_20260730:v1.0.0	parsimonious_FBA
r_0678	0.2534017483411473	yeast_GEM_v9_1_0	micro_pilot_processing_20260730:v1.0.0	parsimonious_FBA
r_0679	0.0	yeast_GEM_v9_1_0	micro_pilot_processing_20260730:v1.0.0	parsimonious_FBA
r_0680	0.0	yeast_GEM_v9_1_0	micro_pilot_processing_20260730:v1.0.0	parsimonious_FBA
r_0681	0.0	yeast_GEM_v9_1_0	micro_pilot_processing_20260730:v1.0.0	parsimonious_FBA
r_0682	0.0	yeast_GEM_v9_1_0	micro_pilot_processing_20260730:v1.0.0	parsimonious_FBA
r_0683	0.0	yeast_GEM_v9_1_0	micro_pilot_processing_20260730:v1.0.0	parsimonious_FBA
r_0687	0.0	yeast_GEM_v9_1_0	micro_pilot_processing_20260730:v1.0.0	parsimonious_FBA
r_0688	0.0	yeast_GEM_v9_1_0	micro_pilot_processing_20260730:v1.0.0	parsimonious_FBA
r_0689	0.0	yeast_GEM_v9_1_0	micro_pilot_processing_20260730:v1.0.0	parsimonious_FBA
r_0690	0.0	yeast_GEM_v9_1_0	micro_pilot_processing_20260730:v1.0.0	parsimonious_FBA
r_0691	0.0	yeast_GEM_v9_1_0	micro_pilot_processing_20260730:v1.0.0	parsimonious_FBA
r_0692	0.0	yeast_GEM_v9_1_0	micro_pilot_processing_20260730:v1.0.0	parsimonious_FBA
r_0693	0.0	yeast_GEM_v9_1_0	micro_pilot_processing_20260730:v1.0.0	parsimonious_FBA
r_0694	0.004669551568349702	yeast_GEM_v9_1_0	micro_pilot_processing_20260730:v1.0.0	parsimonious_FBA
r_0695	0.0	yeast_GEM_v9_1_0	micro_pilot_processing_20260730:v1.0.0	parsimonious_FBA
r_0696	0.0	yeast_GEM_v9_1_0	micro_pilot_processing_20260730:v1.0.0	parsimonious_FBA
r_0697	0.0	yeast_GEM_v9_1_0	micro_pilot_processing_20260730:v1.0.0	parsimonious_FBA
r_0698	0.028369204821259937	yeast_GEM_v9_1_0	micro_pilot_processing_20260730:v1.0.0	parsimonious_FBA
r_0699	-0.2788832327937825	yeast_GEM_v9_1_0	micro_pilot_processing_20260730:v1.0.0	parsimonious_FBA
r_0700	0.0	yeast_GEM_v9_1_0	micro_pilot_processing_20260730:v1.0.0	parsimonious_FBA
r_0701	0.2788832327937825	yeast_GEM_v9_1_0	micro_pilot_processing_20260730:v1.0.0	parsimonious_FBA
r_0702	0.0	yeast_GEM_v9_1_0	micro_pilot_processing_20260730:v1.0.0	parsimonious_FBA
r_0703	0.0	yeast_GEM_v9_1_0	micro_pilot_processing_20260730:v1.0.0	parsimonious_FBA
r_0704	0.0	yeast_GEM_v9_1_0	micro_pilot_processing_20260730:v1.0.0	parsimonious_FBA
r_0705	0.0	yeast_GEM_v9_1_0	micro_pilot_processing_20260730:v1.0.0	parsimonious_FBA
r_0706	0.0	yeast_GEM_v9_1_0	micro_pilot_processing_20260730:v1.0.0	parsimonious_FBA
r_0707	0.0	yeast_GEM_v9_1_0	micro_pilot_processing_20260730:v1.0.0	parsimonious_FBA
r_0708	0.0	yeast_GEM_v9_1_0	micro_pilot_processing_20260730:v1.0.0	parsimonious_FBA
r_0711	0.2534017483411473	yeast_GEM_v9_1_0	micro_pilot_processing_20260730:v1.0.0	parsimonious_FBA
r_0712	0.0	yeast_GEM_v9_1_0	micro_pilot_processing_20260730:v1.0.0	parsimonious_FBA
r_0713	4.822957466963953	yeast_GEM_v9_1_0	micro_pilot_processing_20260730:v1.0.0	parsimonious_FBA
r_0714	0.0	yeast_GEM_v9_1_0	micro_pilot_processing_20260730:v1.0.0	parsimonious_FBA
r_0715	0.0	yeast_GEM_v9_1_0	micro_pilot_processing_20260730:v1.0.0	parsimonious_FBA
r_0716	0.0	yeast_GEM_v9_1_0	micro_pilot_processing_20260730:v1.0.0	parsimonious_FBA
r_0717	-2.872300438597338e-17	yeast_GEM_v9_1_0	micro_pilot_processing_20260730:v1.0.0	parsimonious_FBA
r_0718	0.13413838646023304	yeast_GEM_v9_1_0	micro_pilot_processing_20260730:v1.0.0	parsimonious_FBA
r_0719	0.0	yeast_GEM_v9_1_0	micro_pilot_processing_20260730:v1.0.0	parsimonious_FBA
r_0721	0.0	yeast_GEM_v9_1_0	micro_pilot_processing_20260730:v1.0.0	parsimonious_FBA
r_0722	0.5400678743148706	yeast_GEM_v9_1_0	micro_pilot_processing_20260730:v1.0.0	parsimonious_FBA
r_0723	-0.5400678743146398	yeast_GEM_v9_1_0	micro_pilot_processing_20260730:v1.0.0	parsimonious_FBA
r_0724	0.0	yeast_GEM_v9_1_0	micro_pilot_processing_20260730:v1.0.0	parsimonious_FBA
r_0725	0.1863001711901866	yeast_GEM_v9_1_0	micro_pilot_processing_20260730:v1.0.0	parsimonious_FBA
r_0726	0.10793958644171896	yeast_GEM_v9_1_0	micro_pilot_processing_20260730:v1.0.0	parsimonious_FBA
r_0727	0.17048808877856492	yeast_GEM_v9_1_0	micro_pilot_processing_20260730:v1.0.0	parsimonious_FBA
r_0728	0.0	yeast_GEM_v9_1_0	micro_pilot_processing_20260730:v1.0.0	parsimonious_FBA
r_0729	0.06269466622981745	yeast_GEM_v9_1_0	micro_pilot_processing_20260730:v1.0.0	parsimonious_FBA
r_0730	0.0	yeast_GEM_v9_1_0	micro_pilot_processing_20260730:v1.0.0	parsimonious_FBA
r_0731	0.1863001711901866	yeast_GEM_v9_1_0	micro_pilot_processing_20260730:v1.0.0	parsimonious_FBA
r_0732	0.0	yeast_GEM_v9_1_0	micro_pilot_processing_20260730:v1.0.0	parsimonious_FBA
r_0733	0.0	yeast_GEM_v9_1_0	micro_pilot_processing_20260730:v1.0.0	parsimonious_FBA
r_0734	0.0	yeast_GEM_v9_1_0	micro_pilot_processing_20260730:v1.0.0	parsimonious_FBA
r_0735	0.17021753677842116	yeast_GEM_v9_1_0	micro_pilot_processing_20260730:v1.0.0	parsimonious_FBA
r_0736	0.0	yeast_GEM_v9_1_0	micro_pilot_processing_20260730:v1.0.0	parsimonious_FBA
r_0737	0.0	yeast_GEM_v9_1_0	micro_pilot_processing_20260730:v1.0.0	parsimonious_FBA
r_0738	0.0	yeast_GEM_v9_1_0	micro_pilot_processing_20260730:v1.0.0	parsimonious_FBA
r_0739	0.17021753677842116	yeast_GEM_v9_1_0	micro_pilot_processing_20260730:v1.0.0	parsimonious_FBA
r_0747	0.0	yeast_GEM_v9_1_0	micro_pilot_processing_20260730:v1.0.0	parsimonious_FBA
r_0748	0.0	yeast_GEM_v9_1_0	micro_pilot_processing_20260730:v1.0.0	parsimonious_FBA
r_0749	0.0	yeast_GEM_v9_1_0	micro_pilot_processing_20260730:v1.0.0	parsimonious_FBA
r_0750	0.0	yeast_GEM_v9_1_0	micro_pilot_processing_20260730:v1.0.0	parsimonious_FBA
r_0751	0.0	yeast_GEM_v9_1_0	micro_pilot_processing_20260730:v1.0.0	parsimonious_FBA
r_0752	0.0	yeast_GEM_v9_1_0	micro_pilot_processing_20260730:v1.0.0	parsimonious_FBA
r_0753	0.0	yeast_GEM_v9_1_0	micro_pilot_processing_20260730:v1.0.0	parsimonious_FBA
r_0754	0.0	yeast_GEM_v9_1_0	micro_pilot_processing_20260730:v1.0.0	parsimonious_FBA
r_0755	0.0	yeast_GEM_v9_1_0	micro_pilot_processing_20260730:v1.0.0	parsimonious_FBA
r_0756	0.0	yeast_GEM_v9_1_0	micro_pilot_processing_20260730:v1.0.0	parsimonious_FBA
r_0757	0.006587234829355392	yeast_GEM_v9_1_0	micro_pilot_processing_20260730:v1.0.0	parsimonious_FBA
r_0758	0.006587234829355392	yeast_GEM_v9_1_0	micro_pilot_processing_20260730:v1.0.0	parsimonious_FBA
r_0759	0.14946888856498128	yeast_GEM_v9_1_0	micro_pilot_processing_20260730:v1.0.0	parsimonious_FBA
r_0760	0.01816278632638324	yeast_GEM_v9_1_0	micro_pilot_processing_20260730:v1.0.0	parsimonious_FBA
r_0761	0.0	yeast_GEM_v9_1_0	micro_pilot_processing_20260730:v1.0.0	parsimonious_FBA
r_0762	0.0046695515683497025	yeast_GEM_v9_1_0	micro_pilot_processing_20260730:v1.0.0	parsimonious_FBA
r_0763	0.0	yeast_GEM_v9_1_0	micro_pilot_processing_20260730:v1.0.0	parsimonious_FBA
r_0764	0.0	yeast_GEM_v9_1_0	micro_pilot_processing_20260730:v1.0.0	parsimonious_FBA
r_0765	0.0	yeast_GEM_v9_1_0	micro_pilot_processing_20260730:v1.0.0	parsimonious_FBA
r_0766	0.0	yeast_GEM_v9_1_0	micro_pilot_processing_20260730:v1.0.0	parsimonious_FBA
r_0767	0.0	yeast_GEM_v9_1_0	micro_pilot_processing_20260730:v1.0.0	parsimonious_FBA
r_0768	0.004670474708729313	yeast_GEM_v9_1_0	micro_pilot_processing_20260730:v1.0.0	parsimonious_FBA
r_0769	0.0	yeast_GEM_v9_1_0	micro_pilot_processing_20260730:v1.0.0	parsimonious_FBA
r_0770	13.355518504758397	yeast_GEM_v9_1_0	micro_pilot_processing_20260730:v1.0.0	parsimonious_FBA
r_0771	0.0025155574798632644	yeast_GEM_v9_1_0	micro_pilot_processing_20260730:v1.0.0	parsimonious_FBA
r_0772	0.0	yeast_GEM_v9_1_0	micro_pilot_processing_20260730:v1.0.0	parsimonious_FBA
r_0773	21.095734570374347	yeast_GEM_v9_1_0	micro_pilot_processing_20260730:v1.0.0	parsimonious_FBA
r_0774	9.231403796094833e-07	yeast_GEM_v9_1_0	micro_pilot_processing_20260730:v1.0.0	parsimonious_FBA
r_0775	0.0	yeast_GEM_v9_1_0	micro_pilot_processing_20260730:v1.0.0	parsimonious_FBA
r_0781	9.231403796094833e-07	yeast_GEM_v9_1_0	micro_pilot_processing_20260730:v1.0.0	parsimonious_FBA
r_0782	0.0	yeast_GEM_v9_1_0	micro_pilot_processing_20260730:v1.0.0	parsimonious_FBA
r_0783	0.0	yeast_GEM_v9_1_0	micro_pilot_processing_20260730:v1.0.0	parsimonious_FBA
r_0784	0.0	yeast_GEM_v9_1_0	micro_pilot_processing_20260730:v1.0.0	parsimonious_FBA
r_0785	0.004670474708729312	yeast_GEM_v9_1_0	micro_pilot_processing_20260730:v1.0.0	parsimonious_FBA
r_0786	0.0046695515683497025	yeast_GEM_v9_1_0	micro_pilot_processing_20260730:v1.0.0	parsimonious_FBA
r_0787	0.0	yeast_GEM_v9_1_0	micro_pilot_processing_20260730:v1.0.0	parsimonious_FBA
r_0788	0.0	yeast_GEM_v9_1_0	micro_pilot_processing_20260730:v1.0.0	parsimonious_FBA
r_0789	0.0	yeast_GEM_v9_1_0	micro_pilot_processing_20260730:v1.0.0	parsimonious_FBA
r_0790	0.0	yeast_GEM_v9_1_0	micro_pilot_processing_20260730:v1.0.0	parsimonious_FBA
r_0791	0.0	yeast_GEM_v9_1_0	micro_pilot_processing_20260730:v1.0.0	parsimonious_FBA
r_0792	0.0	yeast_GEM_v9_1_0	micro_pilot_processing_20260730:v1.0.0	parsimonious_FBA
r_0793	0.0	yeast_GEM_v9_1_0	micro_pilot_processing_20260730:v1.0.0	parsimonious_FBA
r_0795	0.009083787884977929	yeast_GEM_v9_1_0	micro_pilot_processing_20260730:v1.0.0	parsimonious_FBA
r_0796	0.0	yeast_GEM_v9_1_0	micro_pilot_processing_20260730:v1.0.0	parsimonious_FBA
r_0797	0.0	yeast_GEM_v9_1_0	micro_pilot_processing_20260730:v1.0.0	parsimonious_FBA
r_0798	0.0	yeast_GEM_v9_1_0	micro_pilot_processing_20260730:v1.0.0	parsimonious_FBA
r_0799	0.0	yeast_GEM_v9_1_0	micro_pilot_processing_20260730:v1.0.0	parsimonious_FBA
r_0800	0.6470254685101334	yeast_GEM_v9_1_0	micro_pilot_processing_20260730:v1.0.0	parsimonious_FBA
r_0801	0.0	yeast_GEM_v9_1_0	micro_pilot_processing_20260730:v1.0.0	parsimonious_FBA
r_0802	0.0	yeast_GEM_v9_1_0	micro_pilot_processing_20260730:v1.0.0	parsimonious_FBA
r_0803	0.0	yeast_GEM_v9_1_0	micro_pilot_processing_20260730:v1.0.0	parsimonious_FBA
r_0804	0.0	yeast_GEM_v9_1_0	micro_pilot_processing_20260730:v1.0.0	parsimonious_FBA
r_0805	0.0	yeast_GEM_v9_1_0	micro_pilot_processing_20260730:v1.0.0	parsimonious_FBA
r_0806	0.0	yeast_GEM_v9_1_0	micro_pilot_processing_20260730:v1.0.0	parsimonious_FBA
r_0807	0.0	yeast_GEM_v9_1_0	micro_pilot_processing_20260730:v1.0.0	parsimonious_FBA
r_0810	0.0	yeast_GEM_v9_1_0	micro_pilot_processing_20260730:v1.0.0	parsimonious_FBA
r_0811	1.1942560809286673	yeast_GEM_v9_1_0	micro_pilot_processing_20260730:v1.0.0	parsimonious_FBA
r_0812	0.0	yeast_GEM_v9_1_0	micro_pilot_processing_20260730:v1.0.0	parsimonious_FBA
r_0813	0.09173550736037572	yeast_GEM_v9_1_0	micro_pilot_processing_20260730:v1.0.0	parsimonious_FBA
r_0815	0.0	yeast_GEM_v9_1_0	micro_pilot_processing_20260730:v1.0.0	parsimonious_FBA
r_0816	0.14946888856498125	yeast_GEM_v9_1_0	micro_pilot_processing_20260730:v1.0.0	parsimonious_FBA
r_0817	0.0	yeast_GEM_v9_1_0	micro_pilot_processing_20260730:v1.0.0	parsimonious_FBA
r_0818	0.14946888856498128	yeast_GEM_v9_1_0	micro_pilot_processing_20260730:v1.0.0	parsimonious_FBA
r_0819	0.0	yeast_GEM_v9_1_0	micro_pilot_processing_20260730:v1.0.0	parsimonious_FBA
r_0820	-0.08251977420596425	yeast_GEM_v9_1_0	micro_pilot_processing_20260730:v1.0.0	parsimonious_FBA
r_0821	0.08251977420596424	yeast_GEM_v9_1_0	micro_pilot_processing_20260730:v1.0.0	parsimonious_FBA
r_0831	4.622716581204832	yeast_GEM_v9_1_0	micro_pilot_processing_20260730:v1.0.0	parsimonious_FBA
r_0832	4.622716581204831	yeast_GEM_v9_1_0	micro_pilot_processing_20260730:v1.0.0	parsimonious_FBA
r_0841	0.00014616389297150486	yeast_GEM_v9_1_0	micro_pilot_processing_20260730:v1.0.0	parsimonious_FBA
r_0842	0.00014616389297150484	yeast_GEM_v9_1_0	micro_pilot_processing_20260730:v1.0.0	parsimonious_FBA
r_0843	0.00014616389297150484	yeast_GEM_v9_1_0	micro_pilot_processing_20260730:v1.0.0	parsimonious_FBA
r_0844	0.0	yeast_GEM_v9_1_0	micro_pilot_processing_20260730:v1.0.0	parsimonious_FBA
r_0845	0.0	yeast_GEM_v9_1_0	micro_pilot_processing_20260730:v1.0.0	parsimonious_FBA
r_0847	0.0	yeast_GEM_v9_1_0	micro_pilot_processing_20260730:v1.0.0	parsimonious_FBA
r_0848	0.0	yeast_GEM_v9_1_0	micro_pilot_processing_20260730:v1.0.0	parsimonious_FBA
r_0849	0.0	yeast_GEM_v9_1_0	micro_pilot_processing_20260730:v1.0.0	parsimonious_FBA
r_0850	0.0	yeast_GEM_v9_1_0	micro_pilot_processing_20260730:v1.0.0	parsimonious_FBA
r_0851	-0.1283133988032042	yeast_GEM_v9_1_0	micro_pilot_processing_20260730:v1.0.0	parsimonious_FBA
r_0852	0.12831339880320414	yeast_GEM_v9_1_0	micro_pilot_processing_20260730:v1.0.0	parsimonious_FBA
r_0853	0.0	yeast_GEM_v9_1_0	micro_pilot_processing_20260730:v1.0.0	parsimonious_FBA
r_0854	0.0	yeast_GEM_v9_1_0	micro_pilot_processing_20260730:v1.0.0	parsimonious_FBA
r_0855	0.07877792305230878	yeast_GEM_v9_1_0	micro_pilot_processing_20260730:v1.0.0	parsimonious_FBA
r_0882	0.018162786326383244	yeast_GEM_v9_1_0	micro_pilot_processing_20260730:v1.0.0	parsimonious_FBA
r_0883	0.09173643050075533	yeast_GEM_v9_1_0	micro_pilot_processing_20260730:v1.0.0	parsimonious_FBA
r_0884	0.0	yeast_GEM_v9_1_0	micro_pilot_processing_20260730:v1.0.0	parsimonious_FBA
r_0885	0.0	yeast_GEM_v9_1_0	micro_pilot_processing_20260730:v1.0.0	parsimonious_FBA
r_0886	6.3298482478884885	yeast_GEM_v9_1_0	micro_pilot_processing_20260730:v1.0.0	parsimonious_FBA
r_0888	1.1381858907809008	yeast_GEM_v9_1_0	micro_pilot_processing_20260730:v1.0.0	parsimonious_FBA
r_0889	4.796401639895799	yeast_GEM_v9_1_0	micro_pilot_processing_20260730:v1.0.0	parsimonious_FBA
r_0890	0.0	yeast_GEM_v9_1_0	micro_pilot_processing_20260730:v1.0.0	parsimonious_FBA
r_0891	0.6769929581161253	yeast_GEM_v9_1_0	micro_pilot_processing_20260730:v1.0.0	parsimonious_FBA
r_0892	13.979086364268353	yeast_GEM_v9_1_0	micro_pilot_processing_20260730:v1.0.0	parsimonious_FBA
r_0893	13.302093406152228	yeast_GEM_v9_1_0	micro_pilot_processing_20260730:v1.0.0	parsimonious_FBA
r_0902	-0.5400678743148706	yeast_GEM_v9_1_0	micro_pilot_processing_20260730:v1.0.0	parsimonious_FBA
r_0903	9.231403796094837e-07	yeast_GEM_v9_1_0	micro_pilot_processing_20260730:v1.0.0	parsimonious_FBA
r_0904	0.1702175367784212	yeast_GEM_v9_1_0	micro_pilot_processing_20260730:v1.0.0	parsimonious_FBA
r_0905	0.00014616389297150484	yeast_GEM_v9_1_0	micro_pilot_processing_20260730:v1.0.0	parsimonious_FBA
r_0906	0.0001461638929715049	yeast_GEM_v9_1_0	micro_pilot_processing_20260730:v1.0.0	parsimonious_FBA
r_0907	-0.0001461638929715048	yeast_GEM_v9_1_0	micro_pilot_processing_20260730:v1.0.0	parsimonious_FBA
r_0908	0.07877699991192917	yeast_GEM_v9_1_0	micro_pilot_processing_20260730:v1.0.0	parsimonious_FBA
r_0909	0.06428679189284828	yeast_GEM_v9_1_0	micro_pilot_processing_20260730:v1.0.0	parsimonious_FBA
r_0910	0.06428679189284828	yeast_GEM_v9_1_0	micro_pilot_processing_20260730:v1.0.0	parsimonious_FBA
r_0911	0.07877699991192917	yeast_GEM_v9_1_0	micro_pilot_processing_20260730:v1.0.0	parsimonious_FBA
r_0912	0.14306379180477746	yeast_GEM_v9_1_0	micro_pilot_processing_20260730:v1.0.0	parsimonious_FBA
r_0913	0.0343406781527302	yeast_GEM_v9_1_0	micro_pilot_processing_20260730:v1.0.0	parsimonious_FBA
r_0914	0.07877792305230878	yeast_GEM_v9_1_0	micro_pilot_processing_20260730:v1.0.0	parsimonious_FBA
r_0915	0.07877792305230878	yeast_GEM_v9_1_0	micro_pilot_processing_20260730:v1.0.0	parsimonious_FBA
r_0916	0.26459564201258085	yeast_GEM_v9_1_0	micro_pilot_processing_20260730:v1.0.0	parsimonious_FBA
r_0917	0.6769929581161253	yeast_GEM_v9_1_0	micro_pilot_processing_20260730:v1.0.0	parsimonious_FBA
r_0918	0.6769929581161253	yeast_GEM_v9_1_0	micro_pilot_processing_20260730:v1.0.0	parsimonious_FBA
r_0919	0.0	yeast_GEM_v9_1_0	micro_pilot_processing_20260730:v1.0.0	parsimonious_FBA
r_0920	0.0	yeast_GEM_v9_1_0	micro_pilot_processing_20260730:v1.0.0	parsimonious_FBA
r_0921	0.0	yeast_GEM_v9_1_0	micro_pilot_processing_20260730:v1.0.0	parsimonious_FBA
r_0922	0.0	yeast_GEM_v9_1_0	micro_pilot_processing_20260730:v1.0.0	parsimonious_FBA
r_0929	0.0	yeast_GEM_v9_1_0	micro_pilot_processing_20260730:v1.0.0	parsimonious_FBA
r_0935	3.077134482088373e-06	yeast_GEM_v9_1_0	micro_pilot_processing_20260730:v1.0.0	parsimonious_FBA
r_0936	0.0	yeast_GEM_v9_1_0	micro_pilot_processing_20260730:v1.0.0	parsimonious_FBA
r_0937	0.0001461638929715048	yeast_GEM_v9_1_0	micro_pilot_processing_20260730:v1.0.0	parsimonious_FBA
r_0938	0.12831339880320422	yeast_GEM_v9_1_0	micro_pilot_processing_20260730:v1.0.0	parsimonious_FBA
r_0939	0.09464162599079756	yeast_GEM_v9_1_0	micro_pilot_processing_20260730:v1.0.0	parsimonious_FBA
r_0940	0.0	yeast_GEM_v9_1_0	micro_pilot_processing_20260730:v1.0.0	parsimonious_FBA
r_0941	0.1383334652073632	yeast_GEM_v9_1_0	micro_pilot_processing_20260730:v1.0.0	parsimonious_FBA
r_0942	3.8464181026104664e-07	yeast_GEM_v9_1_0	micro_pilot_processing_20260730:v1.0.0	parsimonious_FBA
r_0943	0.0	yeast_GEM_v9_1_0	micro_pilot_processing_20260730:v1.0.0	parsimonious_FBA
r_0949	0.0	yeast_GEM_v9_1_0	micro_pilot_processing_20260730:v1.0.0	parsimonious_FBA
r_0950	0.0	yeast_GEM_v9_1_0	micro_pilot_processing_20260730:v1.0.0	parsimonious_FBA
r_0951	0.0	yeast_GEM_v9_1_0	micro_pilot_processing_20260730:v1.0.0	parsimonious_FBA
r_0953	0.0	yeast_GEM_v9_1_0	micro_pilot_processing_20260730:v1.0.0	parsimonious_FBA
r_0954	0.0	yeast_GEM_v9_1_0	micro_pilot_processing_20260730:v1.0.0	parsimonious_FBA
r_0955	0.0	yeast_GEM_v9_1_0	micro_pilot_processing_20260730:v1.0.0	parsimonious_FBA
r_0956	0.0	yeast_GEM_v9_1_0	micro_pilot_processing_20260730:v1.0.0	parsimonious_FBA
r_0957	0.1383334652073632	yeast_GEM_v9_1_0	micro_pilot_processing_20260730:v1.0.0	parsimonious_FBA
r_0958	1.8746381235241238	yeast_GEM_v9_1_0	micro_pilot_processing_20260730:v1.0.0	parsimonious_FBA
r_0959	2.8533397254219426	yeast_GEM_v9_1_0	micro_pilot_processing_20260730:v1.0.0	parsimonious_FBA
r_0960	-5.606806569201381e-29	yeast_GEM_v9_1_0	micro_pilot_processing_20260730:v1.0.0	parsimonious_FBA
r_0961	6.7187794959337355	yeast_GEM_v9_1_0	micro_pilot_processing_20260730:v1.0.0	parsimonious_FBA
r_0962	12.787404455091519	yeast_GEM_v9_1_0	micro_pilot_processing_20260730:v1.0.0	parsimonious_FBA
r_0963	0.0	yeast_GEM_v9_1_0	micro_pilot_processing_20260730:v1.0.0	parsimonious_FBA
r_0964	0.0	yeast_GEM_v9_1_0	micro_pilot_processing_20260730:v1.0.0	parsimonious_FBA
r_0965	0.0	yeast_GEM_v9_1_0	micro_pilot_processing_20260730:v1.0.0	parsimonious_FBA
r_0966	0.0	yeast_GEM_v9_1_0	micro_pilot_processing_20260730:v1.0.0	parsimonious_FBA
r_0967	0.0015385672004639432	yeast_GEM_v9_1_0	micro_pilot_processing_20260730:v1.0.0	parsimonious_FBA
r_0968	0.0007692836002319715	yeast_GEM_v9_1_0	micro_pilot_processing_20260730:v1.0.0	parsimonious_FBA
r_0969	0.0	yeast_GEM_v9_1_0	micro_pilot_processing_20260730:v1.0.0	parsimonious_FBA
r_0970	0.0	yeast_GEM_v9_1_0	micro_pilot_processing_20260730:v1.0.0	parsimonious_FBA
r_0971	0.0	yeast_GEM_v9_1_0	micro_pilot_processing_20260730:v1.0.0	parsimonious_FBA
r_0972	0.0	yeast_GEM_v9_1_0	micro_pilot_processing_20260730:v1.0.0	parsimonious_FBA
r_0973	0.0	yeast_GEM_v9_1_0	micro_pilot_processing_20260730:v1.0.0	parsimonious_FBA
r_0974	0.00276942099329929	yeast_GEM_v9_1_0	micro_pilot_processing_20260730:v1.0.0	parsimonious_FBA
r_0975	0.0	yeast_GEM_v9_1_0	micro_pilot_processing_20260730:v1.0.0	parsimonious_FBA
r_0976	0.00461570177490735	yeast_GEM_v9_1_0	micro_pilot_processing_20260730:v1.0.0	parsimonious_FBA
r_0977	0.0	yeast_GEM_v9_1_0	micro_pilot_processing_20260730:v1.0.0	parsimonious_FBA
r_0978	0.0018462807816080596	yeast_GEM_v9_1_0	micro_pilot_processing_20260730:v1.0.0	parsimonious_FBA
r_0979	0.0	yeast_GEM_v9_1_0	micro_pilot_processing_20260730:v1.0.0	parsimonious_FBA
r_0982	1.860563720012262	yeast_GEM_v9_1_0	micro_pilot_processing_20260730:v1.0.0	parsimonious_FBA
r_0983	0.0	yeast_GEM_v9_1_0	micro_pilot_processing_20260730:v1.0.0	parsimonious_FBA
r_0984	2.9342993526830643	yeast_GEM_v9_1_0	micro_pilot_processing_20260730:v1.0.0	parsimonious_FBA
r_0985	0.0	yeast_GEM_v9_1_0	micro_pilot_processing_20260730:v1.0.0	parsimonious_FBA
r_0986	0.0	yeast_GEM_v9_1_0	micro_pilot_processing_20260730:v1.0.0	parsimonious_FBA
r_0987	0.0	yeast_GEM_v9_1_0	micro_pilot_processing_20260730:v1.0.0	parsimonious_FBA
r_0988	0.2534017483411473	yeast_GEM_v9_1_0	micro_pilot_processing_20260730:v1.0.0	parsimonious_FBA
r_0989	0.2534017483411473	yeast_GEM_v9_1_0	micro_pilot_processing_20260730:v1.0.0	parsimonious_FBA
r_0990	0.0	yeast_GEM_v9_1_0	micro_pilot_processing_20260730:v1.0.0	parsimonious_FBA
r_0992	0.0	yeast_GEM_v9_1_0	micro_pilot_processing_20260730:v1.0.0	parsimonious_FBA
r_0993	0.0	yeast_GEM_v9_1_0	micro_pilot_processing_20260730:v1.0.0	parsimonious_FBA
r_0995	0.21364980099378036	yeast_GEM_v9_1_0	micro_pilot_processing_20260730:v1.0.0	parsimonious_FBA
r_0996	0.25734447553035433	yeast_GEM_v9_1_0	micro_pilot_processing_20260730:v1.0.0	parsimonious_FBA
r_0997	0.2573444755303544	yeast_GEM_v9_1_0	micro_pilot_processing_20260730:v1.0.0	parsimonious_FBA
r_0998	0.0	yeast_GEM_v9_1_0	micro_pilot_processing_20260730:v1.0.0	parsimonious_FBA
r_0999	0.0	yeast_GEM_v9_1_0	micro_pilot_processing_20260730:v1.0.0	parsimonious_FBA
r_1000	0.0	yeast_GEM_v9_1_0	micro_pilot_processing_20260730:v1.0.0	parsimonious_FBA
r_1001	0.0	yeast_GEM_v9_1_0	micro_pilot_processing_20260730:v1.0.0	parsimonious_FBA
r_1002	0.0001461638929715048	yeast_GEM_v9_1_0	micro_pilot_processing_20260730:v1.0.0	parsimonious_FBA
r_1003	0.0	yeast_GEM_v9_1_0	micro_pilot_processing_20260730:v1.0.0	parsimonious_FBA
r_1004	0.0	yeast_GEM_v9_1_0	micro_pilot_processing_20260730:v1.0.0	parsimonious_FBA
r_1005	0.0	yeast_GEM_v9_1_0	micro_pilot_processing_20260730:v1.0.0	parsimonious_FBA
r_1006	0.0	yeast_GEM_v9_1_0	micro_pilot_processing_20260730:v1.0.0	parsimonious_FBA
r_1007	0.0	yeast_GEM_v9_1_0	micro_pilot_processing_20260730:v1.0.0	parsimonious_FBA
r_1008	0.0	yeast_GEM_v9_1_0	micro_pilot_processing_20260730:v1.0.0	parsimonious_FBA
r_1009	0.0	yeast_GEM_v9_1_0	micro_pilot_processing_20260730:v1.0.0	parsimonious_FBA
r_1010	0.0	yeast_GEM_v9_1_0	micro_pilot_processing_20260730:v1.0.0	parsimonious_FBA
r_1011	0.028369204821259937	yeast_GEM_v9_1_0	micro_pilot_processing_20260730:v1.0.0	parsimonious_FBA
r_1012	0.028369204821259934	yeast_GEM_v9_1_0	micro_pilot_processing_20260730:v1.0.0	parsimonious_FBA
r_1021	4.705230201141832	yeast_GEM_v9_1_0	micro_pilot_processing_20260730:v1.0.0	parsimonious_FBA
r_1022	4.6227104269358685	yeast_GEM_v9_1_0	micro_pilot_processing_20260730:v1.0.0	parsimonious_FBA
r_1023	0.0	yeast_GEM_v9_1_0	micro_pilot_processing_20260730:v1.0.0	parsimonious_FBA
r_1024	0.0	yeast_GEM_v9_1_0	micro_pilot_processing_20260730:v1.0.0	parsimonious_FBA
r_1025	0.09173643050075535	yeast_GEM_v9_1_0	micro_pilot_processing_20260730:v1.0.0	parsimonious_FBA
r_1026	0.0	yeast_GEM_v9_1_0	micro_pilot_processing_20260730:v1.0.0	parsimonious_FBA
r_1027	0.09173643050075532	yeast_GEM_v9_1_0	micro_pilot_processing_20260730:v1.0.0	parsimonious_FBA
r_1028	0.0	yeast_GEM_v9_1_0	micro_pilot_processing_20260730:v1.0.0	parsimonious_FBA
r_1029	0.0	yeast_GEM_v9_1_0	micro_pilot_processing_20260730:v1.0.0	parsimonious_FBA
r_1030	0.0	yeast_GEM_v9_1_0	micro_pilot_processing_20260730:v1.0.0	parsimonious_FBA
r_1031	0.0	yeast_GEM_v9_1_0	micro_pilot_processing_20260730:v1.0.0	parsimonious_FBA
r_1032	0.0	yeast_GEM_v9_1_0	micro_pilot_processing_20260730:v1.0.0	parsimonious_FBA
r_1033	0.0	yeast_GEM_v9_1_0	micro_pilot_processing_20260730:v1.0.0	parsimonious_FBA
r_1034	0.0	yeast_GEM_v9_1_0	micro_pilot_processing_20260730:v1.0.0	parsimonious_FBA
r_1035	0.0	yeast_GEM_v9_1_0	micro_pilot_processing_20260730:v1.0.0	parsimonious_FBA
r_1036	9.231403796094838e-07	yeast_GEM_v9_1_0	micro_pilot_processing_20260730:v1.0.0	parsimonious_FBA
r_1037	0.0	yeast_GEM_v9_1_0	micro_pilot_processing_20260730:v1.0.0	parsimonious_FBA
r_1038	0.10096783405057004	yeast_GEM_v9_1_0	micro_pilot_processing_20260730:v1.0.0	parsimonious_FBA
r_1039	0.0	yeast_GEM_v9_1_0	micro_pilot_processing_20260730:v1.0.0	parsimonious_FBA
r_1040	0.0	yeast_GEM_v9_1_0	micro_pilot_processing_20260730:v1.0.0	parsimonious_FBA
r_1041	0.1809147591153045	yeast_GEM_v9_1_0	micro_pilot_processing_20260730:v1.0.0	parsimonious_FBA
r_1042	0.18091475911530447	yeast_GEM_v9_1_0	micro_pilot_processing_20260730:v1.0.0	parsimonious_FBA
r_1043	0.0	yeast_GEM_v9_1_0	micro_pilot_processing_20260730:v1.0.0	parsimonious_FBA
r_1045	0.00276942099329929	yeast_GEM_v9_1_0	micro_pilot_processing_20260730:v1.0.0	parsimonious_FBA
r_1046	0.0	yeast_GEM_v9_1_0	micro_pilot_processing_20260730:v1.0.0	parsimonious_FBA
r_1047	0.0	yeast_GEM_v9_1_0	micro_pilot_processing_20260730:v1.0.0	parsimonious_FBA
r_1048	1.5958219141067096	yeast_GEM_v9_1_0	micro_pilot_processing_20260730:v1.0.0	parsimonious_FBA
r_1049	1.5958219141067096	yeast_GEM_v9_1_0	micro_pilot_processing_20260730:v1.0.0	parsimonious_FBA
r_1050	1.338477438576355	yeast_GEM_v9_1_0	micro_pilot_processing_20260730:v1.0.0	parsimonious_FBA
r_1051	0.10504567864750666	yeast_GEM_v9_1_0	micro_pilot_processing_20260730:v1.0.0	parsimonious_FBA
r_1054	6.276419999650774	yeast_GEM_v9_1_0	micro_pilot_processing_20260730:v1.0.0	parsimonious_FBA
r_1055	0.034340678152730196	yeast_GEM_v9_1_0	micro_pilot_processing_20260730:v1.0.0	parsimonious_FBA
r_1056	0.0	yeast_GEM_v9_1_0	micro_pilot_processing_20260730:v1.0.0	parsimonious_FBA
r_1057	0.029671126584380498	yeast_GEM_v9_1_0	micro_pilot_processing_20260730:v1.0.0	parsimonious_FBA
r_1058	0.0	yeast_GEM_v9_1_0	micro_pilot_processing_20260730:v1.0.0	parsimonious_FBA
r_1063	0.09464162599079755	yeast_GEM_v9_1_0	micro_pilot_processing_20260730:v1.0.0	parsimonious_FBA
r_1065	0.0	yeast_GEM_v9_1_0	micro_pilot_processing_20260730:v1.0.0	parsimonious_FBA
r_1066	0.09464162599079756	yeast_GEM_v9_1_0	micro_pilot_processing_20260730:v1.0.0	parsimonious_FBA
r_1067	0.0	yeast_GEM_v9_1_0	micro_pilot_processing_20260730:v1.0.0	parsimonious_FBA
r_1068	0.0	yeast_GEM_v9_1_0	micro_pilot_processing_20260730:v1.0.0	parsimonious_FBA
r_1069	0.018162786326383247	yeast_GEM_v9_1_0	micro_pilot_processing_20260730:v1.0.0	parsimonious_FBA
r_1070	0.0	yeast_GEM_v9_1_0	micro_pilot_processing_20260730:v1.0.0	parsimonious_FBA
r_1071	0.0	yeast_GEM_v9_1_0	micro_pilot_processing_20260730:v1.0.0	parsimonious_FBA
r_1072	0.03790740382138307	yeast_GEM_v9_1_0	micro_pilot_processing_20260730:v1.0.0	parsimonious_FBA
r_1073	0.0	yeast_GEM_v9_1_0	micro_pilot_processing_20260730:v1.0.0	parsimonious_FBA
r_1074	0.0	yeast_GEM_v9_1_0	micro_pilot_processing_20260730:v1.0.0	parsimonious_FBA
r_1075	0.0	yeast_GEM_v9_1_0	micro_pilot_processing_20260730:v1.0.0	parsimonious_FBA
r_1076	0.0	yeast_GEM_v9_1_0	micro_pilot_processing_20260730:v1.0.0	parsimonious_FBA
r_1077	0.0	yeast_GEM_v9_1_0	micro_pilot_processing_20260730:v1.0.0	parsimonious_FBA
r_1078	0.0	yeast_GEM_v9_1_0	micro_pilot_processing_20260730:v1.0.0	parsimonious_FBA
r_1079	0.0	yeast_GEM_v9_1_0	micro_pilot_processing_20260730:v1.0.0	parsimonious_FBA
r_1080	0.0	yeast_GEM_v9_1_0	micro_pilot_processing_20260730:v1.0.0	parsimonious_FBA
r_1081	7.692836205220933e-07	yeast_GEM_v9_1_0	micro_pilot_processing_20260730:v1.0.0	parsimonious_FBA
r_1082	0.0	yeast_GEM_v9_1_0	micro_pilot_processing_20260730:v1.0.0	parsimonious_FBA
r_1083	7.692836205220934e-07	yeast_GEM_v9_1_0	micro_pilot_processing_20260730:v1.0.0	parsimonious_FBA
r_1084	1.1381858907809008	yeast_GEM_v9_1_0	micro_pilot_processing_20260730:v1.0.0	parsimonious_FBA
r_1085	0.0	yeast_GEM_v9_1_0	micro_pilot_processing_20260730:v1.0.0	parsimonious_FBA
r_1086	0.0	yeast_GEM_v9_1_0	micro_pilot_processing_20260730:v1.0.0	parsimonious_FBA
r_1087	0.0	yeast_GEM_v9_1_0	micro_pilot_processing_20260730:v1.0.0	parsimonious_FBA
r_1088	-0.2420201276945695	yeast_GEM_v9_1_0	micro_pilot_processing_20260730:v1.0.0	parsimonious_FBA
r_1089	0.2420201276945695	yeast_GEM_v9_1_0	micro_pilot_processing_20260730:v1.0.0	parsimonious_FBA
r_1090	0.0	yeast_GEM_v9_1_0	micro_pilot_processing_20260730:v1.0.0	parsimonious_FBA
r_1091	0.0	yeast_GEM_v9_1_0	micro_pilot_processing_20260730:v1.0.0	parsimonious_FBA
r_1092	0.0	yeast_GEM_v9_1_0	micro_pilot_processing_20260730:v1.0.0	parsimonious_FBA
r_1093	0.0	yeast_GEM_v9_1_0	micro_pilot_processing_20260730:v1.0.0	parsimonious_FBA
r_1094	0.0	yeast_GEM_v9_1_0	micro_pilot_processing_20260730:v1.0.0	parsimonious_FBA
r_1095	0.0	yeast_GEM_v9_1_0	micro_pilot_processing_20260730:v1.0.0	parsimonious_FBA
r_1096	0.0	yeast_GEM_v9_1_0	micro_pilot_processing_20260730:v1.0.0	parsimonious_FBA
r_1097	0.0	yeast_GEM_v9_1_0	micro_pilot_processing_20260730:v1.0.0	parsimonious_FBA
r_1098	0.0	yeast_GEM_v9_1_0	micro_pilot_processing_20260730:v1.0.0	parsimonious_FBA
r_1099	0.25340174834114737	yeast_GEM_v9_1_0	micro_pilot_processing_20260730:v1.0.0	parsimonious_FBA
r_1100	0.0	yeast_GEM_v9_1_0	micro_pilot_processing_20260730:v1.0.0	parsimonious_FBA
r_1101	0.0	yeast_GEM_v9_1_0	micro_pilot_processing_20260730:v1.0.0	parsimonious_FBA
r_1102	0.0	yeast_GEM_v9_1_0	micro_pilot_processing_20260730:v1.0.0	parsimonious_FBA
r_1103	0.0	yeast_GEM_v9_1_0	micro_pilot_processing_20260730:v1.0.0	parsimonious_FBA
r_1104	0.0	yeast_GEM_v9_1_0	micro_pilot_processing_20260730:v1.0.0	parsimonious_FBA
r_1106	0.0	yeast_GEM_v9_1_0	micro_pilot_processing_20260730:v1.0.0	parsimonious_FBA
r_1107	0.0	yeast_GEM_v9_1_0	micro_pilot_processing_20260730:v1.0.0	parsimonious_FBA
r_1108	0.0	yeast_GEM_v9_1_0	micro_pilot_processing_20260730:v1.0.0	parsimonious_FBA
r_1109	0.0	yeast_GEM_v9_1_0	micro_pilot_processing_20260730:v1.0.0	parsimonious_FBA
r_1110	56.280018991803296	yeast_GEM_v9_1_0	micro_pilot_processing_20260730:v1.0.0	parsimonious_FBA
r_1111	0.0	yeast_GEM_v9_1_0	micro_pilot_processing_20260730:v1.0.0	parsimonious_FBA
r_1112	0.0	yeast_GEM_v9_1_0	micro_pilot_processing_20260730:v1.0.0	parsimonious_FBA
r_1113	0.0	yeast_GEM_v9_1_0	micro_pilot_processing_20260730:v1.0.0	parsimonious_FBA
r_1114	0.0	yeast_GEM_v9_1_0	micro_pilot_processing_20260730:v1.0.0	parsimonious_FBA
r_1115	5.064101034173753	yeast_GEM_v9_1_0	micro_pilot_processing_20260730:v1.0.0	parsimonious_FBA
r_1116	0.0	yeast_GEM_v9_1_0	micro_pilot_processing_20260730:v1.0.0	parsimonious_FBA
r_1118	0.0	yeast_GEM_v9_1_0	micro_pilot_processing_20260730:v1.0.0	parsimonious_FBA
r_1119	0.0	yeast_GEM_v9_1_0	micro_pilot_processing_20260730:v1.0.0	parsimonious_FBA
r_1120	0.0	yeast_GEM_v9_1_0	micro_pilot_processing_20260730:v1.0.0	parsimonious_FBA
r_1121	0.0	yeast_GEM_v9_1_0	micro_pilot_processing_20260730:v1.0.0	parsimonious_FBA
r_1122	0.0	yeast_GEM_v9_1_0	micro_pilot_processing_20260730:v1.0.0	parsimonious_FBA
r_1123	0.0	yeast_GEM_v9_1_0	micro_pilot_processing_20260730:v1.0.0	parsimonious_FBA
r_1124	0.0	yeast_GEM_v9_1_0	micro_pilot_processing_20260730:v1.0.0	parsimonious_FBA
r_1125	0.0	yeast_GEM_v9_1_0	micro_pilot_processing_20260730:v1.0.0	parsimonious_FBA
r_1126	0.0	yeast_GEM_v9_1_0	micro_pilot_processing_20260730:v1.0.0	parsimonious_FBA
r_1127	-0.25734447553035433	yeast_GEM_v9_1_0	micro_pilot_processing_20260730:v1.0.0	parsimonious_FBA
r_1128	0.25734447553035356	yeast_GEM_v9_1_0	micro_pilot_processing_20260730:v1.0.0	parsimonious_FBA
r_1129	0.1702175367784192	yeast_GEM_v9_1_0	micro_pilot_processing_20260730:v1.0.0	parsimonious_FBA
r_1130	0.0	yeast_GEM_v9_1_0	micro_pilot_processing_20260730:v1.0.0	parsimonious_FBA
r_1131	0.0	yeast_GEM_v9_1_0	micro_pilot_processing_20260730:v1.0.0	parsimonious_FBA
r_1132	0.0	yeast_GEM_v9_1_0	micro_pilot_processing_20260730:v1.0.0	parsimonious_FBA
r_1133	0.0	yeast_GEM_v9_1_0	micro_pilot_processing_20260730:v1.0.0	parsimonious_FBA
r_1134	0.0	yeast_GEM_v9_1_0	micro_pilot_processing_20260730:v1.0.0	parsimonious_FBA
r_1135	0.0	yeast_GEM_v9_1_0	micro_pilot_processing_20260730:v1.0.0	parsimonious_FBA
r_1136	0.0	yeast_GEM_v9_1_0	micro_pilot_processing_20260730:v1.0.0	parsimonious_FBA
r_1137	0.0	yeast_GEM_v9_1_0	micro_pilot_processing_20260730:v1.0.0	parsimonious_FBA
r_1138	0.0	yeast_GEM_v9_1_0	micro_pilot_processing_20260730:v1.0.0	parsimonious_FBA
r_1139	2.308398710647227e-13	yeast_GEM_v9_1_0	micro_pilot_processing_20260730:v1.0.0	parsimonious_FBA
r_1146	0.0	yeast_GEM_v9_1_0	micro_pilot_processing_20260730:v1.0.0	parsimonious_FBA
r_1147	0.0	yeast_GEM_v9_1_0	micro_pilot_processing_20260730:v1.0.0	parsimonious_FBA
r_1148	0.0	yeast_GEM_v9_1_0	micro_pilot_processing_20260730:v1.0.0	parsimonious_FBA
r_1149	0.0	yeast_GEM_v9_1_0	micro_pilot_processing_20260730:v1.0.0	parsimonious_FBA
r_1151	0.0	yeast_GEM_v9_1_0	micro_pilot_processing_20260730:v1.0.0	parsimonious_FBA
r_1161	0.0	yeast_GEM_v9_1_0	micro_pilot_processing_20260730:v1.0.0	parsimonious_FBA
r_1162	0.0	yeast_GEM_v9_1_0	micro_pilot_processing_20260730:v1.0.0	parsimonious_FBA
r_1164	0.0	yeast_GEM_v9_1_0	micro_pilot_processing_20260730:v1.0.0	parsimonious_FBA
r_1165	0.0	yeast_GEM_v9_1_0	micro_pilot_processing_20260730:v1.0.0	parsimonious_FBA
r_1166	10.0	yeast_GEM_v9_1_0	micro_pilot_processing_20260730:v1.0.0	parsimonious_FBA
r_1167	0.0	yeast_GEM_v9_1_0	micro_pilot_processing_20260730:v1.0.0	parsimonious_FBA
r_1168	0.0	yeast_GEM_v9_1_0	micro_pilot_processing_20260730:v1.0.0	parsimonious_FBA
r_1169	0.0	yeast_GEM_v9_1_0	micro_pilot_processing_20260730:v1.0.0	parsimonious_FBA
r_1170	0.0	yeast_GEM_v9_1_0	micro_pilot_processing_20260730:v1.0.0	parsimonious_FBA
r_1171	0.0	yeast_GEM_v9_1_0	micro_pilot_processing_20260730:v1.0.0	parsimonious_FBA
r_1172	0.0	yeast_GEM_v9_1_0	micro_pilot_processing_20260730:v1.0.0	parsimonious_FBA
r_1173	-0.06263462951139208	yeast_GEM_v9_1_0	micro_pilot_processing_20260730:v1.0.0	parsimonious_FBA
r_1174	0.0	yeast_GEM_v9_1_0	micro_pilot_processing_20260730:v1.0.0	parsimonious_FBA
r_1175	0.0	yeast_GEM_v9_1_0	micro_pilot_processing_20260730:v1.0.0	parsimonious_FBA
r_1176	0.0	yeast_GEM_v9_1_0	micro_pilot_processing_20260730:v1.0.0	parsimonious_FBA
r_1177	0.0	yeast_GEM_v9_1_0	micro_pilot_processing_20260730:v1.0.0	parsimonious_FBA
r_1178	2.415550610418935e-05	yeast_GEM_v9_1_0	micro_pilot_processing_20260730:v1.0.0	parsimonious_FBA
r_1179	7.692836205220931e-07	yeast_GEM_v9_1_0	micro_pilot_processing_20260730:v1.0.0	parsimonious_FBA
r_1180	0.0	yeast_GEM_v9_1_0	micro_pilot_processing_20260730:v1.0.0	parsimonious_FBA
r_1181	0.0	yeast_GEM_v9_1_0	micro_pilot_processing_20260730:v1.0.0	parsimonious_FBA
r_1182	0.0	yeast_GEM_v9_1_0	micro_pilot_processing_20260730:v1.0.0	parsimonious_FBA
r_1183	0.0	yeast_GEM_v9_1_0	micro_pilot_processing_20260730:v1.0.0	parsimonious_FBA
r_1184	0.0	yeast_GEM_v9_1_0	micro_pilot_processing_20260730:v1.0.0	parsimonious_FBA
r_1185	0.0	yeast_GEM_v9_1_0	micro_pilot_processing_20260730:v1.0.0	parsimonious_FBA
r_1186	0.0	yeast_GEM_v9_1_0	micro_pilot_processing_20260730:v1.0.0	parsimonious_FBA
r_1187	0.0	yeast_GEM_v9_1_0	micro_pilot_processing_20260730:v1.0.0	parsimonious_FBA
r_1188	0.0	yeast_GEM_v9_1_0	micro_pilot_processing_20260730:v1.0.0	parsimonious_FBA
r_1189	0.0	yeast_GEM_v9_1_0	micro_pilot_processing_20260730:v1.0.0	parsimonious_FBA
r_1190	0.0	yeast_GEM_v9_1_0	micro_pilot_processing_20260730:v1.0.0	parsimonious_FBA
r_1191	0.0	yeast_GEM_v9_1_0	micro_pilot_processing_20260730:v1.0.0	parsimonious_FBA
r_1192	0.0	yeast_GEM_v9_1_0	micro_pilot_processing_20260730:v1.0.0	parsimonious_FBA
r_1193	0.0	yeast_GEM_v9_1_0	micro_pilot_processing_20260730:v1.0.0	parsimonious_FBA
r_1194	0.5409579048245321	yeast_GEM_v9_1_0	micro_pilot_processing_20260730:v1.0.0	parsimonious_FBA
r_1195	0.0	yeast_GEM_v9_1_0	micro_pilot_processing_20260730:v1.0.0	parsimonious_FBA
r_1196	0.0	yeast_GEM_v9_1_0	micro_pilot_processing_20260730:v1.0.0	parsimonious_FBA
r_1197	0.0	yeast_GEM_v9_1_0	micro_pilot_processing_20260730:v1.0.0	parsimonious_FBA
r_1198	0.0	yeast_GEM_v9_1_0	micro_pilot_processing_20260730:v1.0.0	parsimonious_FBA
r_1199	0.0	yeast_GEM_v9_1_0	micro_pilot_processing_20260730:v1.0.0	parsimonious_FBA
r_1200	0.0	yeast_GEM_v9_1_0	micro_pilot_processing_20260730:v1.0.0	parsimonious_FBA
r_1201	0.0	yeast_GEM_v9_1_0	micro_pilot_processing_20260730:v1.0.0	parsimonious_FBA
r_1202	0.0	yeast_GEM_v9_1_0	micro_pilot_processing_20260730:v1.0.0	parsimonious_FBA
r_1203	0.0	yeast_GEM_v9_1_0	micro_pilot_processing_20260730:v1.0.0	parsimonious_FBA
r_1204	0.0	yeast_GEM_v9_1_0	micro_pilot_processing_20260730:v1.0.0	parsimonious_FBA
r_1205	0.0	yeast_GEM_v9_1_0	micro_pilot_processing_20260730:v1.0.0	parsimonious_FBA
r_1206	0.0	yeast_GEM_v9_1_0	micro_pilot_processing_20260730:v1.0.0	parsimonious_FBA
r_1207	0.0	yeast_GEM_v9_1_0	micro_pilot_processing_20260730:v1.0.0	parsimonious_FBA
r_1208	0.0	yeast_GEM_v9_1_0	micro_pilot_processing_20260730:v1.0.0	parsimonious_FBA
r_1209	0.0	yeast_GEM_v9_1_0	micro_pilot_processing_20260730:v1.0.0	parsimonious_FBA
r_1210	0.0	yeast_GEM_v9_1_0	micro_pilot_processing_20260730:v1.0.0	parsimonious_FBA
r_1211	0.0	yeast_GEM_v9_1_0	micro_pilot_processing_20260730:v1.0.0	parsimonious_FBA
r_1212	0.0	yeast_GEM_v9_1_0	micro_pilot_processing_20260730:v1.0.0	parsimonious_FBA
r_1213	0.0	yeast_GEM_v9_1_0	micro_pilot_processing_20260730:v1.0.0	parsimonious_FBA
r_1214	0.0	yeast_GEM_v9_1_0	micro_pilot_processing_20260730:v1.0.0	parsimonious_FBA
r_1215	0.0	yeast_GEM_v9_1_0	micro_pilot_processing_20260730:v1.0.0	parsimonious_FBA
r_1216	0.0	yeast_GEM_v9_1_0	micro_pilot_processing_20260730:v1.0.0	parsimonious_FBA
r_1217	0.0	yeast_GEM_v9_1_0	micro_pilot_processing_20260730:v1.0.0	parsimonious_FBA
r_1218	0.0	yeast_GEM_v9_1_0	micro_pilot_processing_20260730:v1.0.0	parsimonious_FBA
r_1219	0.0	yeast_GEM_v9_1_0	micro_pilot_processing_20260730:v1.0.0	parsimonious_FBA
r_1220	0.0	yeast_GEM_v9_1_0	micro_pilot_processing_20260730:v1.0.0	parsimonious_FBA
r_1221	0.0	yeast_GEM_v9_1_0	micro_pilot_processing_20260730:v1.0.0	parsimonious_FBA
r_1222	0.0	yeast_GEM_v9_1_0	micro_pilot_processing_20260730:v1.0.0	parsimonious_FBA
r_1223	0.0	yeast_GEM_v9_1_0	micro_pilot_processing_20260730:v1.0.0	parsimonious_FBA
r_1224	0.0	yeast_GEM_v9_1_0	micro_pilot_processing_20260730:v1.0.0	parsimonious_FBA
r_1225	0.0	yeast_GEM_v9_1_0	micro_pilot_processing_20260730:v1.0.0	parsimonious_FBA
r_1226	0.0	yeast_GEM_v9_1_0	micro_pilot_processing_20260730:v1.0.0	parsimonious_FBA
r_1227	0.0	yeast_GEM_v9_1_0	micro_pilot_processing_20260730:v1.0.0	parsimonious_FBA
r_1228	0.0	yeast_GEM_v9_1_0	micro_pilot_processing_20260730:v1.0.0	parsimonious_FBA
r_1229	-3.483093744513959e-15	yeast_GEM_v9_1_0	micro_pilot_processing_20260730:v1.0.0	parsimonious_FBA
r_1230	0.0	yeast_GEM_v9_1_0	micro_pilot_processing_20260730:v1.0.0	parsimonious_FBA
r_1231	0.0	yeast_GEM_v9_1_0	micro_pilot_processing_20260730:v1.0.0	parsimonious_FBA
r_1232	0.0	yeast_GEM_v9_1_0	micro_pilot_processing_20260730:v1.0.0	parsimonious_FBA
r_1235	0.0	yeast_GEM_v9_1_0	micro_pilot_processing_20260730:v1.0.0	parsimonious_FBA
r_1236	0.0	yeast_GEM_v9_1_0	micro_pilot_processing_20260730:v1.0.0	parsimonious_FBA
r_1237	0.14946888856498125	yeast_GEM_v9_1_0	micro_pilot_processing_20260730:v1.0.0	parsimonious_FBA
r_1238	0.0	yeast_GEM_v9_1_0	micro_pilot_processing_20260730:v1.0.0	parsimonious_FBA
r_1239	0.0	yeast_GEM_v9_1_0	micro_pilot_processing_20260730:v1.0.0	parsimonious_FBA
r_1241	0.0	yeast_GEM_v9_1_0	micro_pilot_processing_20260730:v1.0.0	parsimonious_FBA
r_1242	0.0	yeast_GEM_v9_1_0	micro_pilot_processing_20260730:v1.0.0	parsimonious_FBA
r_1243	0.0	yeast_GEM_v9_1_0	micro_pilot_processing_20260730:v1.0.0	parsimonious_FBA
r_1244	0.21481072169833498	yeast_GEM_v9_1_0	micro_pilot_processing_20260730:v1.0.0	parsimonious_FBA
r_1245	0.0	yeast_GEM_v9_1_0	micro_pilot_processing_20260730:v1.0.0	parsimonious_FBA
r_1249	0.0027924994985915733	yeast_GEM_v9_1_0	micro_pilot_processing_20260730:v1.0.0	parsimonious_FBA
r_1250	0.0	yeast_GEM_v9_1_0	micro_pilot_processing_20260730:v1.0.0	parsimonious_FBA
r_1251	0.0	yeast_GEM_v9_1_0	micro_pilot_processing_20260730:v1.0.0	parsimonious_FBA
r_1252	0.0	yeast_GEM_v9_1_0	micro_pilot_processing_20260730:v1.0.0	parsimonious_FBA
r_1253	0.0	yeast_GEM_v9_1_0	micro_pilot_processing_20260730:v1.0.0	parsimonious_FBA
r_1254	0.0	yeast_GEM_v9_1_0	micro_pilot_processing_20260730:v1.0.0	parsimonious_FBA
r_1255	0.0	yeast_GEM_v9_1_0	micro_pilot_processing_20260730:v1.0.0	parsimonious_FBA
r_1256	0.0	yeast_GEM_v9_1_0	micro_pilot_processing_20260730:v1.0.0	parsimonious_FBA
r_1257	0.0	yeast_GEM_v9_1_0	micro_pilot_processing_20260730:v1.0.0	parsimonious_FBA
r_1258	-0.0030540559516083507	yeast_GEM_v9_1_0	micro_pilot_processing_20260730:v1.0.0	parsimonious_FBA
r_1259	0.0	yeast_GEM_v9_1_0	micro_pilot_processing_20260730:v1.0.0	parsimonious_FBA
r_1260	0.0	yeast_GEM_v9_1_0	micro_pilot_processing_20260730:v1.0.0	parsimonious_FBA
r_1261	0.0	yeast_GEM_v9_1_0	micro_pilot_processing_20260730:v1.0.0	parsimonious_FBA
r_1262	0.0	yeast_GEM_v9_1_0	micro_pilot_processing_20260730:v1.0.0	parsimonious_FBA
r_1263	0.0	yeast_GEM_v9_1_0	micro_pilot_processing_20260730:v1.0.0	parsimonious_FBA
r_1264	0.0	yeast_GEM_v9_1_0	micro_pilot_processing_20260730:v1.0.0	parsimonious_FBA
r_1265	0.08251977420596425	yeast_GEM_v9_1_0	micro_pilot_processing_20260730:v1.0.0	parsimonious_FBA
r_1266	0.10712210260614576	yeast_GEM_v9_1_0	micro_pilot_processing_20260730:v1.0.0	parsimonious_FBA
r_1267	0.0	yeast_GEM_v9_1_0	micro_pilot_processing_20260730:v1.0.0	parsimonious_FBA
r_1268	0.0	yeast_GEM_v9_1_0	micro_pilot_processing_20260730:v1.0.0	parsimonious_FBA
r_1269	0.0	yeast_GEM_v9_1_0	micro_pilot_processing_20260730:v1.0.0	parsimonious_FBA
r_1270	0.0	yeast_GEM_v9_1_0	micro_pilot_processing_20260730:v1.0.0	parsimonious_FBA
r_1271	0.0	yeast_GEM_v9_1_0	micro_pilot_processing_20260730:v1.0.0	parsimonious_FBA
r_1272	0.0	yeast_GEM_v9_1_0	micro_pilot_processing_20260730:v1.0.0	parsimonious_FBA
r_1273	0.0	yeast_GEM_v9_1_0	micro_pilot_processing_20260730:v1.0.0	parsimonious_FBA
r_1274	0.0	yeast_GEM_v9_1_0	micro_pilot_processing_20260730:v1.0.0	parsimonious_FBA
r_1275	0.0	yeast_GEM_v9_1_0	micro_pilot_processing_20260730:v1.0.0	parsimonious_FBA
r_1276	0.0	yeast_GEM_v9_1_0	micro_pilot_processing_20260730:v1.0.0	parsimonious_FBA
r_1277	-34.25454582239577	yeast_GEM_v9_1_0	micro_pilot_processing_20260730:v1.0.0	parsimonious_FBA
r_1278	0.0	yeast_GEM_v9_1_0	micro_pilot_processing_20260730:v1.0.0	parsimonious_FBA
r_1449	0.0	yeast_GEM_v9_1_0	micro_pilot_processing_20260730:v1.0.0	parsimonious_FBA
r_1450	0.0	yeast_GEM_v9_1_0	micro_pilot_processing_20260730:v1.0.0	parsimonious_FBA
r_1451	0.0	yeast_GEM_v9_1_0	micro_pilot_processing_20260730:v1.0.0	parsimonious_FBA
r_1452	0.0	yeast_GEM_v9_1_0	micro_pilot_processing_20260730:v1.0.0	parsimonious_FBA
r_1453	0.0	yeast_GEM_v9_1_0	micro_pilot_processing_20260730:v1.0.0	parsimonious_FBA
r_1454	0.0	yeast_GEM_v9_1_0	micro_pilot_processing_20260730:v1.0.0	parsimonious_FBA
r_1455	0.0	yeast_GEM_v9_1_0	micro_pilot_processing_20260730:v1.0.0	parsimonious_FBA
r_1456	0.0	yeast_GEM_v9_1_0	micro_pilot_processing_20260730:v1.0.0	parsimonious_FBA
r_1457	0.0	yeast_GEM_v9_1_0	micro_pilot_processing_20260730:v1.0.0	parsimonious_FBA
r_1458	0.0	yeast_GEM_v9_1_0	micro_pilot_processing_20260730:v1.0.0	parsimonious_FBA
r_1479	0.0	yeast_GEM_v9_1_0	micro_pilot_processing_20260730:v1.0.0	parsimonious_FBA
r_1480	0.0	yeast_GEM_v9_1_0	micro_pilot_processing_20260730:v1.0.0	parsimonious_FBA
r_1481	0.0	yeast_GEM_v9_1_0	micro_pilot_processing_20260730:v1.0.0	parsimonious_FBA
r_1482	0.0	yeast_GEM_v9_1_0	micro_pilot_processing_20260730:v1.0.0	parsimonious_FBA
r_1483	0.0	yeast_GEM_v9_1_0	micro_pilot_processing_20260730:v1.0.0	parsimonious_FBA
r_1484	0.0	yeast_GEM_v9_1_0	micro_pilot_processing_20260730:v1.0.0	parsimonious_FBA
r_1485	0.0	yeast_GEM_v9_1_0	micro_pilot_processing_20260730:v1.0.0	parsimonious_FBA
r_1486	0.0	yeast_GEM_v9_1_0	micro_pilot_processing_20260730:v1.0.0	parsimonious_FBA
r_1487	0.0	yeast_GEM_v9_1_0	micro_pilot_processing_20260730:v1.0.0	parsimonious_FBA
r_1488	0.0	yeast_GEM_v9_1_0	micro_pilot_processing_20260730:v1.0.0	parsimonious_FBA
r_1509	0.0	yeast_GEM_v9_1_0	micro_pilot_processing_20260730:v1.0.0	parsimonious_FBA
r_1510	0.0	yeast_GEM_v9_1_0	micro_pilot_processing_20260730:v1.0.0	parsimonious_FBA
r_1511	0.0	yeast_GEM_v9_1_0	micro_pilot_processing_20260730:v1.0.0	parsimonious_FBA
r_1512	0.0	yeast_GEM_v9_1_0	micro_pilot_processing_20260730:v1.0.0	parsimonious_FBA
r_1513	0.0	yeast_GEM_v9_1_0	micro_pilot_processing_20260730:v1.0.0	parsimonious_FBA
r_1514	0.0	yeast_GEM_v9_1_0	micro_pilot_processing_20260730:v1.0.0	parsimonious_FBA
r_1515	0.0	yeast_GEM_v9_1_0	micro_pilot_processing_20260730:v1.0.0	parsimonious_FBA
r_1516	0.0	yeast_GEM_v9_1_0	micro_pilot_processing_20260730:v1.0.0	parsimonious_FBA
r_1517	0.0	yeast_GEM_v9_1_0	micro_pilot_processing_20260730:v1.0.0	parsimonious_FBA
r_1518	0.0	yeast_GEM_v9_1_0	micro_pilot_processing_20260730:v1.0.0	parsimonious_FBA
r_1542	0.0	yeast_GEM_v9_1_0	micro_pilot_processing_20260730:v1.0.0	parsimonious_FBA
r_1543	0.0	yeast_GEM_v9_1_0	micro_pilot_processing_20260730:v1.0.0	parsimonious_FBA
r_1545	0.0	yeast_GEM_v9_1_0	micro_pilot_processing_20260730:v1.0.0	parsimonious_FBA
r_1546	0.0	yeast_GEM_v9_1_0	micro_pilot_processing_20260730:v1.0.0	parsimonious_FBA
r_1547	0.0	yeast_GEM_v9_1_0	micro_pilot_processing_20260730:v1.0.0	parsimonious_FBA
r_1548	0.0	yeast_GEM_v9_1_0	micro_pilot_processing_20260730:v1.0.0	parsimonious_FBA
r_1549	0.0	yeast_GEM_v9_1_0	micro_pilot_processing_20260730:v1.0.0	parsimonious_FBA
r_1550	0.0	yeast_GEM_v9_1_0	micro_pilot_processing_20260730:v1.0.0	parsimonious_FBA
r_1551	0.0	yeast_GEM_v9_1_0	micro_pilot_processing_20260730:v1.0.0	parsimonious_FBA
r_1552	0.0	yeast_GEM_v9_1_0	micro_pilot_processing_20260730:v1.0.0	parsimonious_FBA
r_1553	0.0	yeast_GEM_v9_1_0	micro_pilot_processing_20260730:v1.0.0	parsimonious_FBA
r_1554	0.0	yeast_GEM_v9_1_0	micro_pilot_processing_20260730:v1.0.0	parsimonious_FBA
r_1560	0.0	yeast_GEM_v9_1_0	micro_pilot_processing_20260730:v1.0.0	parsimonious_FBA
r_1562	0.0	yeast_GEM_v9_1_0	micro_pilot_processing_20260730:v1.0.0	parsimonious_FBA
r_1563	0.0	yeast_GEM_v9_1_0	micro_pilot_processing_20260730:v1.0.0	parsimonious_FBA
r_1564	0.0	yeast_GEM_v9_1_0	micro_pilot_processing_20260730:v1.0.0	parsimonious_FBA
r_1565	0.0	yeast_GEM_v9_1_0	micro_pilot_processing_20260730:v1.0.0	parsimonious_FBA
r_1566	0.0	yeast_GEM_v9_1_0	micro_pilot_processing_20260730:v1.0.0	parsimonious_FBA
r_1567	-0.2573444755303543	yeast_GEM_v9_1_0	micro_pilot_processing_20260730:v1.0.0	parsimonious_FBA
r_1568	-0.00014616389297150484	yeast_GEM_v9_1_0	micro_pilot_processing_20260730:v1.0.0	parsimonious_FBA
r_1572	0.0	yeast_GEM_v9_1_0	micro_pilot_processing_20260730:v1.0.0	parsimonious_FBA
r_1573	0.0	yeast_GEM_v9_1_0	micro_pilot_processing_20260730:v1.0.0	parsimonious_FBA
r_1574	-0.2788832327937826	yeast_GEM_v9_1_0	micro_pilot_processing_20260730:v1.0.0	parsimonious_FBA
r_1575	0.0	yeast_GEM_v9_1_0	micro_pilot_processing_20260730:v1.0.0	parsimonious_FBA
r_1576	0.0	yeast_GEM_v9_1_0	micro_pilot_processing_20260730:v1.0.0	parsimonious_FBA
r_1577	0.0	yeast_GEM_v9_1_0	micro_pilot_processing_20260730:v1.0.0	parsimonious_FBA
r_1578	0.0	yeast_GEM_v9_1_0	micro_pilot_processing_20260730:v1.0.0	parsimonious_FBA
r_1579	0.0	yeast_GEM_v9_1_0	micro_pilot_processing_20260730:v1.0.0	parsimonious_FBA
r_1580	0.0	yeast_GEM_v9_1_0	micro_pilot_processing_20260730:v1.0.0	parsimonious_FBA
r_1581	0.0	yeast_GEM_v9_1_0	micro_pilot_processing_20260730:v1.0.0	parsimonious_FBA
r_1582	0.0	yeast_GEM_v9_1_0	micro_pilot_processing_20260730:v1.0.0	parsimonious_FBA
r_1583	0.0	yeast_GEM_v9_1_0	micro_pilot_processing_20260730:v1.0.0	parsimonious_FBA
r_1585	0.2042373552328211	yeast_GEM_v9_1_0	micro_pilot_processing_20260730:v1.0.0	parsimonious_FBA
r_1586	0.0	yeast_GEM_v9_1_0	micro_pilot_processing_20260730:v1.0.0	parsimonious_FBA
r_1587	0.0	yeast_GEM_v9_1_0	micro_pilot_processing_20260730:v1.0.0	parsimonious_FBA
r_1588	0.0	yeast_GEM_v9_1_0	micro_pilot_processing_20260730:v1.0.0	parsimonious_FBA
r_1589	0.0	yeast_GEM_v9_1_0	micro_pilot_processing_20260730:v1.0.0	parsimonious_FBA
r_1590	0.0	yeast_GEM_v9_1_0	micro_pilot_processing_20260730:v1.0.0	parsimonious_FBA
r_1591	0.0	yeast_GEM_v9_1_0	micro_pilot_processing_20260730:v1.0.0	parsimonious_FBA
r_1595	0.0	yeast_GEM_v9_1_0	micro_pilot_processing_20260730:v1.0.0	parsimonious_FBA
r_1596	-0.20423735523282113	yeast_GEM_v9_1_0	micro_pilot_processing_20260730:v1.0.0	parsimonious_FBA
r_1597	0.0	yeast_GEM_v9_1_0	micro_pilot_processing_20260730:v1.0.0	parsimonious_FBA
r_1598	0.0	yeast_GEM_v9_1_0	micro_pilot_processing_20260730:v1.0.0	parsimonious_FBA
r_1599	0.0	yeast_GEM_v9_1_0	micro_pilot_processing_20260730:v1.0.0	parsimonious_FBA
r_1600	0.0	yeast_GEM_v9_1_0	micro_pilot_processing_20260730:v1.0.0	parsimonious_FBA
r_1601	0.0	yeast_GEM_v9_1_0	micro_pilot_processing_20260730:v1.0.0	parsimonious_FBA
r_1603	9.231403796094839e-07	yeast_GEM_v9_1_0	micro_pilot_processing_20260730:v1.0.0	parsimonious_FBA
r_1604	0.0	yeast_GEM_v9_1_0	micro_pilot_processing_20260730:v1.0.0	parsimonious_FBA
r_1605	0.0	yeast_GEM_v9_1_0	micro_pilot_processing_20260730:v1.0.0	parsimonious_FBA
r_1606	4.8772583622534584e-05	yeast_GEM_v9_1_0	micro_pilot_processing_20260730:v1.0.0	parsimonious_FBA
r_1607	0.0	yeast_GEM_v9_1_0	micro_pilot_processing_20260730:v1.0.0	parsimonious_FBA
r_1608	0.0	yeast_GEM_v9_1_0	micro_pilot_processing_20260730:v1.0.0	parsimonious_FBA
r_1609	0.0	yeast_GEM_v9_1_0	micro_pilot_processing_20260730:v1.0.0	parsimonious_FBA
r_1610	0.0	yeast_GEM_v9_1_0	micro_pilot_processing_20260730:v1.0.0	parsimonious_FBA
r_1611	0.0	yeast_GEM_v9_1_0	micro_pilot_processing_20260730:v1.0.0	parsimonious_FBA
r_1613	0.0	yeast_GEM_v9_1_0	micro_pilot_processing_20260730:v1.0.0	parsimonious_FBA
r_1614	0.0	yeast_GEM_v9_1_0	micro_pilot_processing_20260730:v1.0.0	parsimonious_FBA
r_1615	0.0	yeast_GEM_v9_1_0	micro_pilot_processing_20260730:v1.0.0	parsimonious_FBA
r_1616	0.0	yeast_GEM_v9_1_0	micro_pilot_processing_20260730:v1.0.0	parsimonious_FBA
r_1617	0.0	yeast_GEM_v9_1_0	micro_pilot_processing_20260730:v1.0.0	parsimonious_FBA
r_1618	0.0	yeast_GEM_v9_1_0	micro_pilot_processing_20260730:v1.0.0	parsimonious_FBA
r_1619	0.0	yeast_GEM_v9_1_0	micro_pilot_processing_20260730:v1.0.0	parsimonious_FBA
r_1620	0.0	yeast_GEM_v9_1_0	micro_pilot_processing_20260730:v1.0.0	parsimonious_FBA
r_1621	0.0	yeast_GEM_v9_1_0	micro_pilot_processing_20260730:v1.0.0	parsimonious_FBA
r_1622	-6.1542689641767455e-06	yeast_GEM_v9_1_0	micro_pilot_processing_20260730:v1.0.0	parsimonious_FBA
r_1623	0.0	yeast_GEM_v9_1_0	micro_pilot_processing_20260730:v1.0.0	parsimonious_FBA
r_1624	0.0	yeast_GEM_v9_1_0	micro_pilot_processing_20260730:v1.0.0	parsimonious_FBA
r_1625	0.0	yeast_GEM_v9_1_0	micro_pilot_processing_20260730:v1.0.0	parsimonious_FBA
r_1627	0.0	yeast_GEM_v9_1_0	micro_pilot_processing_20260730:v1.0.0	parsimonious_FBA
r_1628	0.0	yeast_GEM_v9_1_0	micro_pilot_processing_20260730:v1.0.0	parsimonious_FBA
r_1629	0.0	yeast_GEM_v9_1_0	micro_pilot_processing_20260730:v1.0.0	parsimonious_FBA
r_1630	0.0	yeast_GEM_v9_1_0	micro_pilot_processing_20260730:v1.0.0	parsimonious_FBA
r_1631	0.0	yeast_GEM_v9_1_0	micro_pilot_processing_20260730:v1.0.0	parsimonious_FBA
r_1632	0.0	yeast_GEM_v9_1_0	micro_pilot_processing_20260730:v1.0.0	parsimonious_FBA
r_1633	0.0	yeast_GEM_v9_1_0	micro_pilot_processing_20260730:v1.0.0	parsimonious_FBA
r_1634	0.0	yeast_GEM_v9_1_0	micro_pilot_processing_20260730:v1.0.0	parsimonious_FBA
r_1635	0.0	yeast_GEM_v9_1_0	micro_pilot_processing_20260730:v1.0.0	parsimonious_FBA
r_1637	0.0	yeast_GEM_v9_1_0	micro_pilot_processing_20260730:v1.0.0	parsimonious_FBA
r_1638	0.0	yeast_GEM_v9_1_0	micro_pilot_processing_20260730:v1.0.0	parsimonious_FBA
r_1639	0.0	yeast_GEM_v9_1_0	micro_pilot_processing_20260730:v1.0.0	parsimonious_FBA
r_1640	0.0	yeast_GEM_v9_1_0	micro_pilot_processing_20260730:v1.0.0	parsimonious_FBA
r_1641	0.0	yeast_GEM_v9_1_0	micro_pilot_processing_20260730:v1.0.0	parsimonious_FBA
r_1642	0.0	yeast_GEM_v9_1_0	micro_pilot_processing_20260730:v1.0.0	parsimonious_FBA
r_1643	0.0	yeast_GEM_v9_1_0	micro_pilot_processing_20260730:v1.0.0	parsimonious_FBA
r_1644	0.0	yeast_GEM_v9_1_0	micro_pilot_processing_20260730:v1.0.0	parsimonious_FBA
r_1645	0.0	yeast_GEM_v9_1_0	micro_pilot_processing_20260730:v1.0.0	parsimonious_FBA
r_1647	2.872300438597338e-17	yeast_GEM_v9_1_0	micro_pilot_processing_20260730:v1.0.0	parsimonious_FBA
r_1648	0.0	yeast_GEM_v9_1_0	micro_pilot_processing_20260730:v1.0.0	parsimonious_FBA
r_1649	0.0	yeast_GEM_v9_1_0	micro_pilot_processing_20260730:v1.0.0	parsimonious_FBA
r_1650	0.0	yeast_GEM_v9_1_0	micro_pilot_processing_20260730:v1.0.0	parsimonious_FBA
r_1651	0.0	yeast_GEM_v9_1_0	micro_pilot_processing_20260730:v1.0.0	parsimonious_FBA
r_1652	0.0	yeast_GEM_v9_1_0	micro_pilot_processing_20260730:v1.0.0	parsimonious_FBA
r_1654	-5.064101034173753	yeast_GEM_v9_1_0	micro_pilot_processing_20260730:v1.0.0	parsimonious_FBA
r_1656	0.0	yeast_GEM_v9_1_0	micro_pilot_processing_20260730:v1.0.0	parsimonious_FBA
r_1657	0.0	yeast_GEM_v9_1_0	micro_pilot_processing_20260730:v1.0.0	parsimonious_FBA
r_1658	0.0	yeast_GEM_v9_1_0	micro_pilot_processing_20260730:v1.0.0	parsimonious_FBA
r_1659	2.872300438597338e-17	yeast_GEM_v9_1_0	micro_pilot_processing_20260730:v1.0.0	parsimonious_FBA
r_1660	0.0	yeast_GEM_v9_1_0	micro_pilot_processing_20260730:v1.0.0	parsimonious_FBA
r_1661	0.0	yeast_GEM_v9_1_0	micro_pilot_processing_20260730:v1.0.0	parsimonious_FBA
r_1663	0.0	yeast_GEM_v9_1_0	micro_pilot_processing_20260730:v1.0.0	parsimonious_FBA
r_1664	0.0	yeast_GEM_v9_1_0	micro_pilot_processing_20260730:v1.0.0	parsimonious_FBA
r_1665	0.0	yeast_GEM_v9_1_0	micro_pilot_processing_20260730:v1.0.0	parsimonious_FBA
r_1667	3.017434118883951	yeast_GEM_v9_1_0	micro_pilot_processing_20260730:v1.0.0	parsimonious_FBA
r_1668	0.0	yeast_GEM_v9_1_0	micro_pilot_processing_20260730:v1.0.0	parsimonious_FBA
r_1669	0.0	yeast_GEM_v9_1_0	micro_pilot_processing_20260730:v1.0.0	parsimonious_FBA
r_1671	0.0	yeast_GEM_v9_1_0	micro_pilot_processing_20260730:v1.0.0	parsimonious_FBA
r_1672	24.654330771616607	yeast_GEM_v9_1_0	micro_pilot_processing_20260730:v1.0.0	parsimonious_FBA
r_1673	0.0	yeast_GEM_v9_1_0	micro_pilot_processing_20260730:v1.0.0	parsimonious_FBA
r_1674	0.0	yeast_GEM_v9_1_0	micro_pilot_processing_20260730:v1.0.0	parsimonious_FBA
r_1675	0.0	yeast_GEM_v9_1_0	micro_pilot_processing_20260730:v1.0.0	parsimonious_FBA
r_1676	0.0	yeast_GEM_v9_1_0	micro_pilot_processing_20260730:v1.0.0	parsimonious_FBA
r_1677	0.0	yeast_GEM_v9_1_0	micro_pilot_processing_20260730:v1.0.0	parsimonious_FBA
r_1678	0.0	yeast_GEM_v9_1_0	micro_pilot_processing_20260730:v1.0.0	parsimonious_FBA
r_1679	0.0	yeast_GEM_v9_1_0	micro_pilot_processing_20260730:v1.0.0	parsimonious_FBA
r_1680	0.0	yeast_GEM_v9_1_0	micro_pilot_processing_20260730:v1.0.0	parsimonious_FBA
r_1681	0.0	yeast_GEM_v9_1_0	micro_pilot_processing_20260730:v1.0.0	parsimonious_FBA
r_1682	0.028369204821259923	yeast_GEM_v9_1_0	micro_pilot_processing_20260730:v1.0.0	parsimonious_FBA
r_1683	0.0	yeast_GEM_v9_1_0	micro_pilot_processing_20260730:v1.0.0	parsimonious_FBA
r_1684	0.0	yeast_GEM_v9_1_0	micro_pilot_processing_20260730:v1.0.0	parsimonious_FBA
r_1685	0.0	yeast_GEM_v9_1_0	micro_pilot_processing_20260730:v1.0.0	parsimonious_FBA
r_1686	0.0	yeast_GEM_v9_1_0	micro_pilot_processing_20260730:v1.0.0	parsimonious_FBA
r_1687	0.0	yeast_GEM_v9_1_0	micro_pilot_processing_20260730:v1.0.0	parsimonious_FBA
r_1688	0.0	yeast_GEM_v9_1_0	micro_pilot_processing_20260730:v1.0.0	parsimonious_FBA
r_1689	2.872300438597337e-17	yeast_GEM_v9_1_0	micro_pilot_processing_20260730:v1.0.0	parsimonious_FBA
r_1690	0.0	yeast_GEM_v9_1_0	micro_pilot_processing_20260730:v1.0.0	parsimonious_FBA
r_1691	0.0	yeast_GEM_v9_1_0	micro_pilot_processing_20260730:v1.0.0	parsimonious_FBA
r_1694	0.0	yeast_GEM_v9_1_0	micro_pilot_processing_20260730:v1.0.0	parsimonious_FBA
r_1695	0.0	yeast_GEM_v9_1_0	micro_pilot_processing_20260730:v1.0.0	parsimonious_FBA
r_1696	-17.87282667475624	yeast_GEM_v9_1_0	micro_pilot_processing_20260730:v1.0.0	parsimonious_FBA
r_1697	24.654330771616607	yeast_GEM_v9_1_0	micro_pilot_processing_20260730:v1.0.0	parsimonious_FBA
r_1698	0.0	yeast_GEM_v9_1_0	micro_pilot_processing_20260730:v1.0.0	parsimonious_FBA
r_1699	0.0	yeast_GEM_v9_1_0	micro_pilot_processing_20260730:v1.0.0	parsimonious_FBA
r_1700	0.0	yeast_GEM_v9_1_0	micro_pilot_processing_20260730:v1.0.0	parsimonious_FBA
r_1702	0.0	yeast_GEM_v9_1_0	micro_pilot_processing_20260730:v1.0.0	parsimonious_FBA
r_1703	0.013699489659885275	yeast_GEM_v9_1_0	micro_pilot_processing_20260730:v1.0.0	parsimonious_FBA
r_1704	-0.00461570177490735	yeast_GEM_v9_1_0	micro_pilot_processing_20260730:v1.0.0	parsimonious_FBA
r_1705	0.0	yeast_GEM_v9_1_0	micro_pilot_processing_20260730:v1.0.0	parsimonious_FBA
r_1706	0.0	yeast_GEM_v9_1_0	micro_pilot_processing_20260730:v1.0.0	parsimonious_FBA
r_1707	0.0	yeast_GEM_v9_1_0	micro_pilot_processing_20260730:v1.0.0	parsimonious_FBA
r_1708	0.25734447553035433	yeast_GEM_v9_1_0	micro_pilot_processing_20260730:v1.0.0	parsimonious_FBA
r_1709	0.0	yeast_GEM_v9_1_0	micro_pilot_processing_20260730:v1.0.0	parsimonious_FBA
r_1710	0.0	yeast_GEM_v9_1_0	micro_pilot_processing_20260730:v1.0.0	parsimonious_FBA
r_1711	0.0	yeast_GEM_v9_1_0	micro_pilot_processing_20260730:v1.0.0	parsimonious_FBA
r_1712	0.0	yeast_GEM_v9_1_0	micro_pilot_processing_20260730:v1.0.0	parsimonious_FBA
r_1713	0.0	yeast_GEM_v9_1_0	micro_pilot_processing_20260730:v1.0.0	parsimonious_FBA
r_1714	-10.0	yeast_GEM_v9_1_0	micro_pilot_processing_20260730:v1.0.0	parsimonious_FBA
r_1715	-2.308398710647227e-13	yeast_GEM_v9_1_0	micro_pilot_processing_20260730:v1.0.0	parsimonious_FBA
r_1716	0.0	yeast_GEM_v9_1_0	micro_pilot_processing_20260730:v1.0.0	parsimonious_FBA
r_1717	0.0	yeast_GEM_v9_1_0	micro_pilot_processing_20260730:v1.0.0	parsimonious_FBA
r_1718	0.0	yeast_GEM_v9_1_0	micro_pilot_processing_20260730:v1.0.0	parsimonious_FBA
r_1719	0.0	yeast_GEM_v9_1_0	micro_pilot_processing_20260730:v1.0.0	parsimonious_FBA
r_1720	0.0	yeast_GEM_v9_1_0	micro_pilot_processing_20260730:v1.0.0	parsimonious_FBA
r_1721	0.0	yeast_GEM_v9_1_0	micro_pilot_processing_20260730:v1.0.0	parsimonious_FBA
r_1722	0.0	yeast_GEM_v9_1_0	micro_pilot_processing_20260730:v1.0.0	parsimonious_FBA
r_1723	0.0	yeast_GEM_v9_1_0	micro_pilot_processing_20260730:v1.0.0	parsimonious_FBA
r_1724	0.0	yeast_GEM_v9_1_0	micro_pilot_processing_20260730:v1.0.0	parsimonious_FBA
r_1725	0.0	yeast_GEM_v9_1_0	micro_pilot_processing_20260730:v1.0.0	parsimonious_FBA
r_1726	0.0	yeast_GEM_v9_1_0	micro_pilot_processing_20260730:v1.0.0	parsimonious_FBA
r_1727	0.0	yeast_GEM_v9_1_0	micro_pilot_processing_20260730:v1.0.0	parsimonious_FBA
r_1728	0.0	yeast_GEM_v9_1_0	micro_pilot_processing_20260730:v1.0.0	parsimonious_FBA
r_1729	-0.00276942099329929	yeast_GEM_v9_1_0	micro_pilot_processing_20260730:v1.0.0	parsimonious_FBA
r_1730	0.0	yeast_GEM_v9_1_0	micro_pilot_processing_20260730:v1.0.0	parsimonious_FBA
r_1731	0.0	yeast_GEM_v9_1_0	micro_pilot_processing_20260730:v1.0.0	parsimonious_FBA
r_1732	0.0	yeast_GEM_v9_1_0	micro_pilot_processing_20260730:v1.0.0	parsimonious_FBA
r_1733	0.0	yeast_GEM_v9_1_0	micro_pilot_processing_20260730:v1.0.0	parsimonious_FBA
r_1734	0.0	yeast_GEM_v9_1_0	micro_pilot_processing_20260730:v1.0.0	parsimonious_FBA
r_1735	0.0	yeast_GEM_v9_1_0	micro_pilot_processing_20260730:v1.0.0	parsimonious_FBA
r_1736	0.0001461638929715049	yeast_GEM_v9_1_0	micro_pilot_processing_20260730:v1.0.0	parsimonious_FBA
r_1737	0.0	yeast_GEM_v9_1_0	micro_pilot_processing_20260730:v1.0.0	parsimonious_FBA
r_1738	4.877258362253459e-05	yeast_GEM_v9_1_0	micro_pilot_processing_20260730:v1.0.0	parsimonious_FBA
r_1739	0.0	yeast_GEM_v9_1_0	micro_pilot_processing_20260730:v1.0.0	parsimonious_FBA
r_1743	0.0	yeast_GEM_v9_1_0	micro_pilot_processing_20260730:v1.0.0	parsimonious_FBA
r_1744	4.87725836225346e-05	yeast_GEM_v9_1_0	micro_pilot_processing_20260730:v1.0.0	parsimonious_FBA
r_1745	-4.877258362253459e-05	yeast_GEM_v9_1_0	micro_pilot_processing_20260730:v1.0.0	parsimonious_FBA
r_1746	0.0	yeast_GEM_v9_1_0	micro_pilot_processing_20260730:v1.0.0	parsimonious_FBA
r_1747	0.0	yeast_GEM_v9_1_0	micro_pilot_processing_20260730:v1.0.0	parsimonious_FBA
r_1748	-0.5400678743148705	yeast_GEM_v9_1_0	micro_pilot_processing_20260730:v1.0.0	parsimonious_FBA
r_1749	0.0	yeast_GEM_v9_1_0	micro_pilot_processing_20260730:v1.0.0	parsimonious_FBA
r_1750	0.0	yeast_GEM_v9_1_0	micro_pilot_processing_20260730:v1.0.0	parsimonious_FBA
r_1751	0.0	yeast_GEM_v9_1_0	micro_pilot_processing_20260730:v1.0.0	parsimonious_FBA
r_1752	0.0	yeast_GEM_v9_1_0	micro_pilot_processing_20260730:v1.0.0	parsimonious_FBA
r_1753	0.0	yeast_GEM_v9_1_0	micro_pilot_processing_20260730:v1.0.0	parsimonious_FBA
r_1754	0.028369204821259927	yeast_GEM_v9_1_0	micro_pilot_processing_20260730:v1.0.0	parsimonious_FBA
r_1757	0.0	yeast_GEM_v9_1_0	micro_pilot_processing_20260730:v1.0.0	parsimonious_FBA
r_1758	0.02044978979874987	yeast_GEM_v9_1_0	micro_pilot_processing_20260730:v1.0.0	parsimonious_FBA
r_1759	0.0	yeast_GEM_v9_1_0	micro_pilot_processing_20260730:v1.0.0	parsimonious_FBA
r_1761	1.7985172072377285	yeast_GEM_v9_1_0	micro_pilot_processing_20260730:v1.0.0	parsimonious_FBA
r_1762	1.7985172072377285	yeast_GEM_v9_1_0	micro_pilot_processing_20260730:v1.0.0	parsimonious_FBA
r_1763	0.0	yeast_GEM_v9_1_0	micro_pilot_processing_20260730:v1.0.0	parsimonious_FBA
r_1764	0.0	yeast_GEM_v9_1_0	micro_pilot_processing_20260730:v1.0.0	parsimonious_FBA
r_1765	0.0	yeast_GEM_v9_1_0	micro_pilot_processing_20260730:v1.0.0	parsimonious_FBA
r_1766	7.692836205220934e-07	yeast_GEM_v9_1_0	micro_pilot_processing_20260730:v1.0.0	parsimonious_FBA
r_1770	0.0	yeast_GEM_v9_1_0	micro_pilot_processing_20260730:v1.0.0	parsimonious_FBA
r_1771	0.0	yeast_GEM_v9_1_0	micro_pilot_processing_20260730:v1.0.0	parsimonious_FBA
r_1772	0.0	yeast_GEM_v9_1_0	micro_pilot_processing_20260730:v1.0.0	parsimonious_FBA
r_1774	0.0	yeast_GEM_v9_1_0	micro_pilot_processing_20260730:v1.0.0	parsimonious_FBA
r_1775	0.0	yeast_GEM_v9_1_0	micro_pilot_processing_20260730:v1.0.0	parsimonious_FBA
r_1776	0.0	yeast_GEM_v9_1_0	micro_pilot_processing_20260730:v1.0.0	parsimonious_FBA
r_1777	0.0	yeast_GEM_v9_1_0	micro_pilot_processing_20260730:v1.0.0	parsimonious_FBA
r_1788	0.0	yeast_GEM_v9_1_0	micro_pilot_processing_20260730:v1.0.0	parsimonious_FBA
r_1790	0.0	yeast_GEM_v9_1_0	micro_pilot_processing_20260730:v1.0.0	parsimonious_FBA
r_1791	0.0	yeast_GEM_v9_1_0	micro_pilot_processing_20260730:v1.0.0	parsimonious_FBA
r_1792	0.0	yeast_GEM_v9_1_0	micro_pilot_processing_20260730:v1.0.0	parsimonious_FBA
r_1793	0.0	yeast_GEM_v9_1_0	micro_pilot_processing_20260730:v1.0.0	parsimonious_FBA
r_1794	0.0	yeast_GEM_v9_1_0	micro_pilot_processing_20260730:v1.0.0	parsimonious_FBA
r_1795	0.0	yeast_GEM_v9_1_0	micro_pilot_processing_20260730:v1.0.0	parsimonious_FBA
r_1796	0.0	yeast_GEM_v9_1_0	micro_pilot_processing_20260730:v1.0.0	parsimonious_FBA
r_1797	0.0	yeast_GEM_v9_1_0	micro_pilot_processing_20260730:v1.0.0	parsimonious_FBA
r_1798	0.0	yeast_GEM_v9_1_0	micro_pilot_processing_20260730:v1.0.0	parsimonious_FBA
r_1800	0.0	yeast_GEM_v9_1_0	micro_pilot_processing_20260730:v1.0.0	parsimonious_FBA
r_1801	0.0	yeast_GEM_v9_1_0	micro_pilot_processing_20260730:v1.0.0	parsimonious_FBA
r_1802	0.0	yeast_GEM_v9_1_0	micro_pilot_processing_20260730:v1.0.0	parsimonious_FBA
r_1803	0.0	yeast_GEM_v9_1_0	micro_pilot_processing_20260730:v1.0.0	parsimonious_FBA
r_1805	0.0	yeast_GEM_v9_1_0	micro_pilot_processing_20260730:v1.0.0	parsimonious_FBA
r_1806	0.0	yeast_GEM_v9_1_0	micro_pilot_processing_20260730:v1.0.0	parsimonious_FBA
r_1807	0.0	yeast_GEM_v9_1_0	micro_pilot_processing_20260730:v1.0.0	parsimonious_FBA
r_1808	0.0	yeast_GEM_v9_1_0	micro_pilot_processing_20260730:v1.0.0	parsimonious_FBA
r_1809	1.888082101630378e-29	yeast_GEM_v9_1_0	micro_pilot_processing_20260730:v1.0.0	parsimonious_FBA
r_1810	0.06263462951139208	yeast_GEM_v9_1_0	micro_pilot_processing_20260730:v1.0.0	parsimonious_FBA
r_1811	-0.00014000962400732804	yeast_GEM_v9_1_0	micro_pilot_processing_20260730:v1.0.0	parsimonious_FBA
r_1812	-4.877258362253459e-05	yeast_GEM_v9_1_0	micro_pilot_processing_20260730:v1.0.0	parsimonious_FBA
r_1813	-4.969572400214408e-05	yeast_GEM_v9_1_0	micro_pilot_processing_20260730:v1.0.0	parsimonious_FBA
r_1814	4.969572400214408e-05	yeast_GEM_v9_1_0	micro_pilot_processing_20260730:v1.0.0	parsimonious_FBA
r_1815	0.0	yeast_GEM_v9_1_0	micro_pilot_processing_20260730:v1.0.0	parsimonious_FBA
r_1816	0.0	yeast_GEM_v9_1_0	micro_pilot_processing_20260730:v1.0.0	parsimonious_FBA
r_1817	-2.872300438597337e-17	yeast_GEM_v9_1_0	micro_pilot_processing_20260730:v1.0.0	parsimonious_FBA
r_1818	0.0	yeast_GEM_v9_1_0	micro_pilot_processing_20260730:v1.0.0	parsimonious_FBA
r_1819	0.0	yeast_GEM_v9_1_0	micro_pilot_processing_20260730:v1.0.0	parsimonious_FBA
r_1820	0.0	yeast_GEM_v9_1_0	micro_pilot_processing_20260730:v1.0.0	parsimonious_FBA
r_1821	0.0	yeast_GEM_v9_1_0	micro_pilot_processing_20260730:v1.0.0	parsimonious_FBA
r_1822	0.0	yeast_GEM_v9_1_0	micro_pilot_processing_20260730:v1.0.0	parsimonious_FBA
r_1823	0.0	yeast_GEM_v9_1_0	micro_pilot_processing_20260730:v1.0.0	parsimonious_FBA
r_1824	0.0	yeast_GEM_v9_1_0	micro_pilot_processing_20260730:v1.0.0	parsimonious_FBA
r_1825	0.05673840964251985	yeast_GEM_v9_1_0	micro_pilot_processing_20260730:v1.0.0	parsimonious_FBA
r_1826	0.0	yeast_GEM_v9_1_0	micro_pilot_processing_20260730:v1.0.0	parsimonious_FBA
r_1827	0.0	yeast_GEM_v9_1_0	micro_pilot_processing_20260730:v1.0.0	parsimonious_FBA
r_1829	0.0	yeast_GEM_v9_1_0	micro_pilot_processing_20260730:v1.0.0	parsimonious_FBA
r_1830	0.0	yeast_GEM_v9_1_0	micro_pilot_processing_20260730:v1.0.0	parsimonious_FBA
r_1831	0.0	yeast_GEM_v9_1_0	micro_pilot_processing_20260730:v1.0.0	parsimonious_FBA
r_1832	4.433746687662927	yeast_GEM_v9_1_0	micro_pilot_processing_20260730:v1.0.0	parsimonious_FBA
r_1833	0.0	yeast_GEM_v9_1_0	micro_pilot_processing_20260730:v1.0.0	parsimonious_FBA
r_1834	0.0	yeast_GEM_v9_1_0	micro_pilot_processing_20260730:v1.0.0	parsimonious_FBA
r_1835	0.0	yeast_GEM_v9_1_0	micro_pilot_processing_20260730:v1.0.0	parsimonious_FBA
r_1836	0.0	yeast_GEM_v9_1_0	micro_pilot_processing_20260730:v1.0.0	parsimonious_FBA
r_1837	0.0	yeast_GEM_v9_1_0	micro_pilot_processing_20260730:v1.0.0	parsimonious_FBA
r_1838	0.2534017483411473	yeast_GEM_v9_1_0	micro_pilot_processing_20260730:v1.0.0	parsimonious_FBA
r_1839	0.0	yeast_GEM_v9_1_0	micro_pilot_processing_20260730:v1.0.0	parsimonious_FBA
r_1840	-0.17021753677842114	yeast_GEM_v9_1_0	micro_pilot_processing_20260730:v1.0.0	parsimonious_FBA
r_1841	0.0	yeast_GEM_v9_1_0	micro_pilot_processing_20260730:v1.0.0	parsimonious_FBA
r_1842	0.0	yeast_GEM_v9_1_0	micro_pilot_processing_20260730:v1.0.0	parsimonious_FBA
r_1843	0.0	yeast_GEM_v9_1_0	micro_pilot_processing_20260730:v1.0.0	parsimonious_FBA
r_1844	0.0	yeast_GEM_v9_1_0	micro_pilot_processing_20260730:v1.0.0	parsimonious_FBA
r_1845	0.0	yeast_GEM_v9_1_0	micro_pilot_processing_20260730:v1.0.0	parsimonious_FBA
r_1846	0.0	yeast_GEM_v9_1_0	micro_pilot_processing_20260730:v1.0.0	parsimonious_FBA
r_1847	0.0	yeast_GEM_v9_1_0	micro_pilot_processing_20260730:v1.0.0	parsimonious_FBA
r_1848	0.0	yeast_GEM_v9_1_0	micro_pilot_processing_20260730:v1.0.0	parsimonious_FBA
r_1849	0.0	yeast_GEM_v9_1_0	micro_pilot_processing_20260730:v1.0.0	parsimonious_FBA
r_1850	0.0	yeast_GEM_v9_1_0	micro_pilot_processing_20260730:v1.0.0	parsimonious_FBA
r_1851	0.0	yeast_GEM_v9_1_0	micro_pilot_processing_20260730:v1.0.0	parsimonious_FBA
r_1852	0.0	yeast_GEM_v9_1_0	micro_pilot_processing_20260730:v1.0.0	parsimonious_FBA
r_1853	0.0	yeast_GEM_v9_1_0	micro_pilot_processing_20260730:v1.0.0	parsimonious_FBA
r_1854	0.0	yeast_GEM_v9_1_0	micro_pilot_processing_20260730:v1.0.0	parsimonious_FBA
r_1855	0.0	yeast_GEM_v9_1_0	micro_pilot_processing_20260730:v1.0.0	parsimonious_FBA
r_1856	0.0	yeast_GEM_v9_1_0	micro_pilot_processing_20260730:v1.0.0	parsimonious_FBA
r_1857	0.0	yeast_GEM_v9_1_0	micro_pilot_processing_20260730:v1.0.0	parsimonious_FBA
r_1858	0.0	yeast_GEM_v9_1_0	micro_pilot_processing_20260730:v1.0.0	parsimonious_FBA
r_1859	0.0	yeast_GEM_v9_1_0	micro_pilot_processing_20260730:v1.0.0	parsimonious_FBA
r_1860	0.0	yeast_GEM_v9_1_0	micro_pilot_processing_20260730:v1.0.0	parsimonious_FBA
r_1861	-2.415550610418935e-05	yeast_GEM_v9_1_0	micro_pilot_processing_20260730:v1.0.0	parsimonious_FBA
r_1862	0.0	yeast_GEM_v9_1_0	micro_pilot_processing_20260730:v1.0.0	parsimonious_FBA
r_1863	0.0	yeast_GEM_v9_1_0	micro_pilot_processing_20260730:v1.0.0	parsimonious_FBA
r_1864	0.0	yeast_GEM_v9_1_0	micro_pilot_processing_20260730:v1.0.0	parsimonious_FBA
r_1865	0.0	yeast_GEM_v9_1_0	micro_pilot_processing_20260730:v1.0.0	parsimonious_FBA
r_1866	0.0	yeast_GEM_v9_1_0	micro_pilot_processing_20260730:v1.0.0	parsimonious_FBA
r_1867	0.0	yeast_GEM_v9_1_0	micro_pilot_processing_20260730:v1.0.0	parsimonious_FBA
r_1868	0.0	yeast_GEM_v9_1_0	micro_pilot_processing_20260730:v1.0.0	parsimonious_FBA
r_1869	0.0	yeast_GEM_v9_1_0	micro_pilot_processing_20260730:v1.0.0	parsimonious_FBA
r_1870	0.0	yeast_GEM_v9_1_0	micro_pilot_processing_20260730:v1.0.0	parsimonious_FBA
r_1871	0.0	yeast_GEM_v9_1_0	micro_pilot_processing_20260730:v1.0.0	parsimonious_FBA
r_1872	0.0	yeast_GEM_v9_1_0	micro_pilot_processing_20260730:v1.0.0	parsimonious_FBA
r_1873	0.0	yeast_GEM_v9_1_0	micro_pilot_processing_20260730:v1.0.0	parsimonious_FBA
r_1874	0.0	yeast_GEM_v9_1_0	micro_pilot_processing_20260730:v1.0.0	parsimonious_FBA
r_1875	0.0	yeast_GEM_v9_1_0	micro_pilot_processing_20260730:v1.0.0	parsimonious_FBA
r_1876	0.0	yeast_GEM_v9_1_0	micro_pilot_processing_20260730:v1.0.0	parsimonious_FBA
r_1877	0.0	yeast_GEM_v9_1_0	micro_pilot_processing_20260730:v1.0.0	parsimonious_FBA
r_1878	0.0	yeast_GEM_v9_1_0	micro_pilot_processing_20260730:v1.0.0	parsimonious_FBA
r_1879	0.0	yeast_GEM_v9_1_0	micro_pilot_processing_20260730:v1.0.0	parsimonious_FBA
r_1880	0.0	yeast_GEM_v9_1_0	micro_pilot_processing_20260730:v1.0.0	parsimonious_FBA
r_1881	0.0	yeast_GEM_v9_1_0	micro_pilot_processing_20260730:v1.0.0	parsimonious_FBA
r_1882	0.0	yeast_GEM_v9_1_0	micro_pilot_processing_20260730:v1.0.0	parsimonious_FBA
r_1883	0.0	yeast_GEM_v9_1_0	micro_pilot_processing_20260730:v1.0.0	parsimonious_FBA
r_1884	0.0	yeast_GEM_v9_1_0	micro_pilot_processing_20260730:v1.0.0	parsimonious_FBA
r_1885	0.0	yeast_GEM_v9_1_0	micro_pilot_processing_20260730:v1.0.0	parsimonious_FBA
r_1886	0.0	yeast_GEM_v9_1_0	micro_pilot_processing_20260730:v1.0.0	parsimonious_FBA
r_1887	0.1383334652073632	yeast_GEM_v9_1_0	micro_pilot_processing_20260730:v1.0.0	parsimonious_FBA
r_1889	0.0	yeast_GEM_v9_1_0	micro_pilot_processing_20260730:v1.0.0	parsimonious_FBA
r_1890	0.0	yeast_GEM_v9_1_0	micro_pilot_processing_20260730:v1.0.0	parsimonious_FBA
r_1891	0.0	yeast_GEM_v9_1_0	micro_pilot_processing_20260730:v1.0.0	parsimonious_FBA
r_1892	0.0	yeast_GEM_v9_1_0	micro_pilot_processing_20260730:v1.0.0	parsimonious_FBA
r_1893	0.0	yeast_GEM_v9_1_0	micro_pilot_processing_20260730:v1.0.0	parsimonious_FBA
r_1895	0.0	yeast_GEM_v9_1_0	micro_pilot_processing_20260730:v1.0.0	parsimonious_FBA
r_1896	0.0	yeast_GEM_v9_1_0	micro_pilot_processing_20260730:v1.0.0	parsimonious_FBA
r_1897	0.0	yeast_GEM_v9_1_0	micro_pilot_processing_20260730:v1.0.0	parsimonious_FBA
r_1898	0.0	yeast_GEM_v9_1_0	micro_pilot_processing_20260730:v1.0.0	parsimonious_FBA
r_1899	0.0	yeast_GEM_v9_1_0	micro_pilot_processing_20260730:v1.0.0	parsimonious_FBA
r_1900	0.0	yeast_GEM_v9_1_0	micro_pilot_processing_20260730:v1.0.0	parsimonious_FBA
r_1901	0.0	yeast_GEM_v9_1_0	micro_pilot_processing_20260730:v1.0.0	parsimonious_FBA
r_1902	0.0	yeast_GEM_v9_1_0	micro_pilot_processing_20260730:v1.0.0	parsimonious_FBA
r_1903	0.0	yeast_GEM_v9_1_0	micro_pilot_processing_20260730:v1.0.0	parsimonious_FBA
r_1904	0.0	yeast_GEM_v9_1_0	micro_pilot_processing_20260730:v1.0.0	parsimonious_FBA
r_1905	0.0	yeast_GEM_v9_1_0	micro_pilot_processing_20260730:v1.0.0	parsimonious_FBA
r_1906	0.0	yeast_GEM_v9_1_0	micro_pilot_processing_20260730:v1.0.0	parsimonious_FBA
r_1907	0.0	yeast_GEM_v9_1_0	micro_pilot_processing_20260730:v1.0.0	parsimonious_FBA
r_1908	0.0	yeast_GEM_v9_1_0	micro_pilot_processing_20260730:v1.0.0	parsimonious_FBA
r_1909	0.0	yeast_GEM_v9_1_0	micro_pilot_processing_20260730:v1.0.0	parsimonious_FBA
r_1910	0.0	yeast_GEM_v9_1_0	micro_pilot_processing_20260730:v1.0.0	parsimonious_FBA
r_1911	0.0	yeast_GEM_v9_1_0	micro_pilot_processing_20260730:v1.0.0	parsimonious_FBA
r_1912	0.0	yeast_GEM_v9_1_0	micro_pilot_processing_20260730:v1.0.0	parsimonious_FBA
r_1913	0.0	yeast_GEM_v9_1_0	micro_pilot_processing_20260730:v1.0.0	parsimonious_FBA
r_1914	0.0	yeast_GEM_v9_1_0	micro_pilot_processing_20260730:v1.0.0	parsimonious_FBA
r_1915	0.0	yeast_GEM_v9_1_0	micro_pilot_processing_20260730:v1.0.0	parsimonious_FBA
r_1916	0.0	yeast_GEM_v9_1_0	micro_pilot_processing_20260730:v1.0.0	parsimonious_FBA
r_1919	0.0	yeast_GEM_v9_1_0	micro_pilot_processing_20260730:v1.0.0	parsimonious_FBA
r_1920	0.0	yeast_GEM_v9_1_0	micro_pilot_processing_20260730:v1.0.0	parsimonious_FBA
r_1921	0.0	yeast_GEM_v9_1_0	micro_pilot_processing_20260730:v1.0.0	parsimonious_FBA
r_1922	0.0	yeast_GEM_v9_1_0	micro_pilot_processing_20260730:v1.0.0	parsimonious_FBA
r_1923	0.0	yeast_GEM_v9_1_0	micro_pilot_processing_20260730:v1.0.0	parsimonious_FBA
r_1924	0.0	yeast_GEM_v9_1_0	micro_pilot_processing_20260730:v1.0.0	parsimonious_FBA
r_1925	0.0	yeast_GEM_v9_1_0	micro_pilot_processing_20260730:v1.0.0	parsimonious_FBA
r_1926	0.0	yeast_GEM_v9_1_0	micro_pilot_processing_20260730:v1.0.0	parsimonious_FBA
r_1927	0.0	yeast_GEM_v9_1_0	micro_pilot_processing_20260730:v1.0.0	parsimonious_FBA
r_1928	0.0	yeast_GEM_v9_1_0	micro_pilot_processing_20260730:v1.0.0	parsimonious_FBA
r_1929	0.0	yeast_GEM_v9_1_0	micro_pilot_processing_20260730:v1.0.0	parsimonious_FBA
r_1930	0.0	yeast_GEM_v9_1_0	micro_pilot_processing_20260730:v1.0.0	parsimonious_FBA
r_1931	0.0	yeast_GEM_v9_1_0	micro_pilot_processing_20260730:v1.0.0	parsimonious_FBA
r_1932	-0.5400678743148705	yeast_GEM_v9_1_0	micro_pilot_processing_20260730:v1.0.0	parsimonious_FBA
r_1935	0.0	yeast_GEM_v9_1_0	micro_pilot_processing_20260730:v1.0.0	parsimonious_FBA
r_1936	0.0	yeast_GEM_v9_1_0	micro_pilot_processing_20260730:v1.0.0	parsimonious_FBA
r_1937	0.0	yeast_GEM_v9_1_0	micro_pilot_processing_20260730:v1.0.0	parsimonious_FBA
r_1938	0.0	yeast_GEM_v9_1_0	micro_pilot_processing_20260730:v1.0.0	parsimonious_FBA
r_1939	0.0	yeast_GEM_v9_1_0	micro_pilot_processing_20260730:v1.0.0	parsimonious_FBA
r_1940	0.0	yeast_GEM_v9_1_0	micro_pilot_processing_20260730:v1.0.0	parsimonious_FBA
r_1941	0.0	yeast_GEM_v9_1_0	micro_pilot_processing_20260730:v1.0.0	parsimonious_FBA
r_1942	0.0	yeast_GEM_v9_1_0	micro_pilot_processing_20260730:v1.0.0	parsimonious_FBA
r_1943	0.0	yeast_GEM_v9_1_0	micro_pilot_processing_20260730:v1.0.0	parsimonious_FBA
r_1944	0.0	yeast_GEM_v9_1_0	micro_pilot_processing_20260730:v1.0.0	parsimonious_FBA
r_1945	0.0	yeast_GEM_v9_1_0	micro_pilot_processing_20260730:v1.0.0	parsimonious_FBA
r_1946	0.0	yeast_GEM_v9_1_0	micro_pilot_processing_20260730:v1.0.0	parsimonious_FBA
r_1947	0.0	yeast_GEM_v9_1_0	micro_pilot_processing_20260730:v1.0.0	parsimonious_FBA
r_1952	0.0	yeast_GEM_v9_1_0	micro_pilot_processing_20260730:v1.0.0	parsimonious_FBA
r_1963	-0.05673840964251986	yeast_GEM_v9_1_0	micro_pilot_processing_20260730:v1.0.0	parsimonious_FBA
r_1964	0.05673840964251986	yeast_GEM_v9_1_0	micro_pilot_processing_20260730:v1.0.0	parsimonious_FBA
r_1965	0.0	yeast_GEM_v9_1_0	micro_pilot_processing_20260730:v1.0.0	parsimonious_FBA
r_1966	0.0	yeast_GEM_v9_1_0	micro_pilot_processing_20260730:v1.0.0	parsimonious_FBA
r_1967	0.0	yeast_GEM_v9_1_0	micro_pilot_processing_20260730:v1.0.0	parsimonious_FBA
r_1968	0.0	yeast_GEM_v9_1_0	micro_pilot_processing_20260730:v1.0.0	parsimonious_FBA
r_1970	0.0	yeast_GEM_v9_1_0	micro_pilot_processing_20260730:v1.0.0	parsimonious_FBA
r_1971	0.0	yeast_GEM_v9_1_0	micro_pilot_processing_20260730:v1.0.0	parsimonious_FBA
r_1972	0.0	yeast_GEM_v9_1_0	micro_pilot_processing_20260730:v1.0.0	parsimonious_FBA
r_1974	0.0	yeast_GEM_v9_1_0	micro_pilot_processing_20260730:v1.0.0	parsimonious_FBA
r_1975	0.0	yeast_GEM_v9_1_0	micro_pilot_processing_20260730:v1.0.0	parsimonious_FBA
r_1976	0.0	yeast_GEM_v9_1_0	micro_pilot_processing_20260730:v1.0.0	parsimonious_FBA
r_1977	0.028369204821259934	yeast_GEM_v9_1_0	micro_pilot_processing_20260730:v1.0.0	parsimonious_FBA
r_1978	19.578243561346337	yeast_GEM_v9_1_0	micro_pilot_processing_20260730:v1.0.0	parsimonious_FBA
r_1979	20.0	yeast_GEM_v9_1_0	micro_pilot_processing_20260730:v1.0.0	parsimonious_FBA
r_1980	0.0	yeast_GEM_v9_1_0	micro_pilot_processing_20260730:v1.0.0	parsimonious_FBA
r_1981	0.0	yeast_GEM_v9_1_0	micro_pilot_processing_20260730:v1.0.0	parsimonious_FBA
r_1984	0.0	yeast_GEM_v9_1_0	micro_pilot_processing_20260730:v1.0.0	parsimonious_FBA
r_1987	0.0	yeast_GEM_v9_1_0	micro_pilot_processing_20260730:v1.0.0	parsimonious_FBA
r_1988	0.0	yeast_GEM_v9_1_0	micro_pilot_processing_20260730:v1.0.0	parsimonious_FBA
r_1989	0.0	yeast_GEM_v9_1_0	micro_pilot_processing_20260730:v1.0.0	parsimonious_FBA
r_1990	0.0	yeast_GEM_v9_1_0	micro_pilot_processing_20260730:v1.0.0	parsimonious_FBA
r_1991	0.0	yeast_GEM_v9_1_0	micro_pilot_processing_20260730:v1.0.0	parsimonious_FBA
r_1992	-20.0	yeast_GEM_v9_1_0	micro_pilot_processing_20260730:v1.0.0	parsimonious_FBA
r_1993	0.0	yeast_GEM_v9_1_0	micro_pilot_processing_20260730:v1.0.0	parsimonious_FBA
r_1994	0.0	yeast_GEM_v9_1_0	micro_pilot_processing_20260730:v1.0.0	parsimonious_FBA
r_1995	0.0	yeast_GEM_v9_1_0	micro_pilot_processing_20260730:v1.0.0	parsimonious_FBA
r_1996	0.0	yeast_GEM_v9_1_0	micro_pilot_processing_20260730:v1.0.0	parsimonious_FBA
r_1997	0.0	yeast_GEM_v9_1_0	micro_pilot_processing_20260730:v1.0.0	parsimonious_FBA
r_1998	0.0	yeast_GEM_v9_1_0	micro_pilot_processing_20260730:v1.0.0	parsimonious_FBA
r_1999	0.0	yeast_GEM_v9_1_0	micro_pilot_processing_20260730:v1.0.0	parsimonious_FBA
r_2000	0.0	yeast_GEM_v9_1_0	micro_pilot_processing_20260730:v1.0.0	parsimonious_FBA
r_2001	0.0	yeast_GEM_v9_1_0	micro_pilot_processing_20260730:v1.0.0	parsimonious_FBA
r_2002	0.0	yeast_GEM_v9_1_0	micro_pilot_processing_20260730:v1.0.0	parsimonious_FBA
r_2003	0.0	yeast_GEM_v9_1_0	micro_pilot_processing_20260730:v1.0.0	parsimonious_FBA
r_2004	0.0	yeast_GEM_v9_1_0	micro_pilot_processing_20260730:v1.0.0	parsimonious_FBA
r_2005	-0.214810721698335	yeast_GEM_v9_1_0	micro_pilot_processing_20260730:v1.0.0	parsimonious_FBA
r_2008	0.0	yeast_GEM_v9_1_0	micro_pilot_processing_20260730:v1.0.0	parsimonious_FBA
r_2020	-0.002792499498591573	yeast_GEM_v9_1_0	micro_pilot_processing_20260730:v1.0.0	parsimonious_FBA
r_2022	7.692836205220934e-07	yeast_GEM_v9_1_0	micro_pilot_processing_20260730:v1.0.0	parsimonious_FBA
r_2023	0.0	yeast_GEM_v9_1_0	micro_pilot_processing_20260730:v1.0.0	parsimonious_FBA
r_2024	0.0	yeast_GEM_v9_1_0	micro_pilot_processing_20260730:v1.0.0	parsimonious_FBA
r_2025	0.0	yeast_GEM_v9_1_0	micro_pilot_processing_20260730:v1.0.0	parsimonious_FBA
r_2026	0.0	yeast_GEM_v9_1_0	micro_pilot_processing_20260730:v1.0.0	parsimonious_FBA
r_2027	0.0	yeast_GEM_v9_1_0	micro_pilot_processing_20260730:v1.0.0	parsimonious_FBA
r_2028	0.0	yeast_GEM_v9_1_0	micro_pilot_processing_20260730:v1.0.0	parsimonious_FBA
r_2029	0.0	yeast_GEM_v9_1_0	micro_pilot_processing_20260730:v1.0.0	parsimonious_FBA
r_2030	0.0007692836002319716	yeast_GEM_v9_1_0	micro_pilot_processing_20260730:v1.0.0	parsimonious_FBA
r_2031	0.0	yeast_GEM_v9_1_0	micro_pilot_processing_20260730:v1.0.0	parsimonious_FBA
r_2032	7.405871628068782	yeast_GEM_v9_1_0	micro_pilot_processing_20260730:v1.0.0	parsimonious_FBA
r_2033	0.0	yeast_GEM_v9_1_0	micro_pilot_processing_20260730:v1.0.0	parsimonious_FBA
r_2034	7.830977513468971	yeast_GEM_v9_1_0	micro_pilot_processing_20260730:v1.0.0	parsimonious_FBA
r_2036	0.0	yeast_GEM_v9_1_0	micro_pilot_processing_20260730:v1.0.0	parsimonious_FBA
r_2037	0.0	yeast_GEM_v9_1_0	micro_pilot_processing_20260730:v1.0.0	parsimonious_FBA
r_2038	0.0	yeast_GEM_v9_1_0	micro_pilot_processing_20260730:v1.0.0	parsimonious_FBA
r_2039	0.0	yeast_GEM_v9_1_0	micro_pilot_processing_20260730:v1.0.0	parsimonious_FBA
r_2040	0.0	yeast_GEM_v9_1_0	micro_pilot_processing_20260730:v1.0.0	parsimonious_FBA
r_2041	0.0	yeast_GEM_v9_1_0	micro_pilot_processing_20260730:v1.0.0	parsimonious_FBA
r_2042	0.0	yeast_GEM_v9_1_0	micro_pilot_processing_20260730:v1.0.0	parsimonious_FBA
r_2043	0.0	yeast_GEM_v9_1_0	micro_pilot_processing_20260730:v1.0.0	parsimonious_FBA
r_2044	0.0	yeast_GEM_v9_1_0	micro_pilot_processing_20260730:v1.0.0	parsimonious_FBA
r_2045	0.0001461638929715048	yeast_GEM_v9_1_0	micro_pilot_processing_20260730:v1.0.0	parsimonious_FBA
r_2046	0.0	yeast_GEM_v9_1_0	micro_pilot_processing_20260730:v1.0.0	parsimonious_FBA
r_2049	-0.003054055951608351	yeast_GEM_v9_1_0	micro_pilot_processing_20260730:v1.0.0	parsimonious_FBA
r_2050	0.0	yeast_GEM_v9_1_0	micro_pilot_processing_20260730:v1.0.0	parsimonious_FBA
r_2051	0.0	yeast_GEM_v9_1_0	micro_pilot_processing_20260730:v1.0.0	parsimonious_FBA
r_2052	0.0	yeast_GEM_v9_1_0	micro_pilot_processing_20260730:v1.0.0	parsimonious_FBA
r_2053	0.028369204821259934	yeast_GEM_v9_1_0	micro_pilot_processing_20260730:v1.0.0	parsimonious_FBA
r_2054	0.028369204821259937	yeast_GEM_v9_1_0	micro_pilot_processing_20260730:v1.0.0	parsimonious_FBA
r_2055	0.0	yeast_GEM_v9_1_0	micro_pilot_processing_20260730:v1.0.0	parsimonious_FBA
r_2056	0.0	yeast_GEM_v9_1_0	micro_pilot_processing_20260730:v1.0.0	parsimonious_FBA
r_2057	0.0	yeast_GEM_v9_1_0	micro_pilot_processing_20260730:v1.0.0	parsimonious_FBA
r_2058	0.0	yeast_GEM_v9_1_0	micro_pilot_processing_20260730:v1.0.0	parsimonious_FBA
r_2060	-0.10712210260614576	yeast_GEM_v9_1_0	micro_pilot_processing_20260730:v1.0.0	parsimonious_FBA
r_2061	0.0	yeast_GEM_v9_1_0	micro_pilot_processing_20260730:v1.0.0	parsimonious_FBA
r_2062	0.0	yeast_GEM_v9_1_0	micro_pilot_processing_20260730:v1.0.0	parsimonious_FBA
r_2063	0.0	yeast_GEM_v9_1_0	micro_pilot_processing_20260730:v1.0.0	parsimonious_FBA
r_2064	0.0	yeast_GEM_v9_1_0	micro_pilot_processing_20260730:v1.0.0	parsimonious_FBA
r_2065	0.0	yeast_GEM_v9_1_0	micro_pilot_processing_20260730:v1.0.0	parsimonious_FBA
r_2066	0.0	yeast_GEM_v9_1_0	micro_pilot_processing_20260730:v1.0.0	parsimonious_FBA
r_2067	0.0	yeast_GEM_v9_1_0	micro_pilot_processing_20260730:v1.0.0	parsimonious_FBA
r_2068	0.0	yeast_GEM_v9_1_0	micro_pilot_processing_20260730:v1.0.0	parsimonious_FBA
r_2069	9.231403796094836e-07	yeast_GEM_v9_1_0	micro_pilot_processing_20260730:v1.0.0	parsimonious_FBA
r_2072	0.0	yeast_GEM_v9_1_0	micro_pilot_processing_20260730:v1.0.0	parsimonious_FBA
r_2073	0.0	yeast_GEM_v9_1_0	micro_pilot_processing_20260730:v1.0.0	parsimonious_FBA
r_2074	0.0	yeast_GEM_v9_1_0	micro_pilot_processing_20260730:v1.0.0	parsimonious_FBA
r_2075	0.0	yeast_GEM_v9_1_0	micro_pilot_processing_20260730:v1.0.0	parsimonious_FBA
r_2079	0.0	yeast_GEM_v9_1_0	micro_pilot_processing_20260730:v1.0.0	parsimonious_FBA
r_2080	0.0	yeast_GEM_v9_1_0	micro_pilot_processing_20260730:v1.0.0	parsimonious_FBA
r_2082	0.0	yeast_GEM_v9_1_0	micro_pilot_processing_20260730:v1.0.0	parsimonious_FBA
r_2083	0.0	yeast_GEM_v9_1_0	micro_pilot_processing_20260730:v1.0.0	parsimonious_FBA
r_2084	0.0	yeast_GEM_v9_1_0	micro_pilot_processing_20260730:v1.0.0	parsimonious_FBA
r_2085	0.0	yeast_GEM_v9_1_0	micro_pilot_processing_20260730:v1.0.0	parsimonious_FBA
r_2086	0.0	yeast_GEM_v9_1_0	micro_pilot_processing_20260730:v1.0.0	parsimonious_FBA
r_2087	0.0	yeast_GEM_v9_1_0	micro_pilot_processing_20260730:v1.0.0	parsimonious_FBA
r_2089	0.0	yeast_GEM_v9_1_0	micro_pilot_processing_20260730:v1.0.0	parsimonious_FBA
r_2090	0.0	yeast_GEM_v9_1_0	micro_pilot_processing_20260730:v1.0.0	parsimonious_FBA
r_2091	0.0	yeast_GEM_v9_1_0	micro_pilot_processing_20260730:v1.0.0	parsimonious_FBA
r_2092	0.0	yeast_GEM_v9_1_0	micro_pilot_processing_20260730:v1.0.0	parsimonious_FBA
r_2093	-0.24202012769456951	yeast_GEM_v9_1_0	micro_pilot_processing_20260730:v1.0.0	parsimonious_FBA
r_2094	-0.02836920482125994	yeast_GEM_v9_1_0	micro_pilot_processing_20260730:v1.0.0	parsimonious_FBA
r_2095	0.0	yeast_GEM_v9_1_0	micro_pilot_processing_20260730:v1.0.0	parsimonious_FBA
r_2096	-52.41886210677604	yeast_GEM_v9_1_0	micro_pilot_processing_20260730:v1.0.0	parsimonious_FBA
r_2097	0.0	yeast_GEM_v9_1_0	micro_pilot_processing_20260730:v1.0.0	parsimonious_FBA
r_2098	0.0	yeast_GEM_v9_1_0	micro_pilot_processing_20260730:v1.0.0	parsimonious_FBA
r_2099	0.0	yeast_GEM_v9_1_0	micro_pilot_processing_20260730:v1.0.0	parsimonious_FBA
r_2100	34.25454582239577	yeast_GEM_v9_1_0	micro_pilot_processing_20260730:v1.0.0	parsimonious_FBA
r_2101	0.0	yeast_GEM_v9_1_0	micro_pilot_processing_20260730:v1.0.0	parsimonious_FBA
r_2102	0.0	yeast_GEM_v9_1_0	micro_pilot_processing_20260730:v1.0.0	parsimonious_FBA
r_2103	0.0	yeast_GEM_v9_1_0	micro_pilot_processing_20260730:v1.0.0	parsimonious_FBA
r_2104	0.0	yeast_GEM_v9_1_0	micro_pilot_processing_20260730:v1.0.0	parsimonious_FBA
r_2105	0.0	yeast_GEM_v9_1_0	micro_pilot_processing_20260730:v1.0.0	parsimonious_FBA
r_2106	0.0	yeast_GEM_v9_1_0	micro_pilot_processing_20260730:v1.0.0	parsimonious_FBA
r_2107	0.0	yeast_GEM_v9_1_0	micro_pilot_processing_20260730:v1.0.0	parsimonious_FBA
r_2108	0.7692836224643476	yeast_GEM_v9_1_0	micro_pilot_processing_20260730:v1.0.0	parsimonious_FBA
r_2111	0.7692836224643474	yeast_GEM_v9_1_0	micro_pilot_processing_20260730:v1.0.0	parsimonious_FBA
r_2112	0.0	yeast_GEM_v9_1_0	micro_pilot_processing_20260730:v1.0.0	parsimonious_FBA
r_2113	0.0	yeast_GEM_v9_1_0	micro_pilot_processing_20260730:v1.0.0	parsimonious_FBA
r_2114	0.0046695515683497025	yeast_GEM_v9_1_0	micro_pilot_processing_20260730:v1.0.0	parsimonious_FBA
r_2115	1.7985172072377285	yeast_GEM_v9_1_0	micro_pilot_processing_20260730:v1.0.0	parsimonious_FBA
r_2116	0.0	yeast_GEM_v9_1_0	micro_pilot_processing_20260730:v1.0.0	parsimonious_FBA
r_2117	0.0	yeast_GEM_v9_1_0	micro_pilot_processing_20260730:v1.0.0	parsimonious_FBA
r_2118	0.0	yeast_GEM_v9_1_0	micro_pilot_processing_20260730:v1.0.0	parsimonious_FBA
r_2119	0.0	yeast_GEM_v9_1_0	micro_pilot_processing_20260730:v1.0.0	parsimonious_FBA
r_2125	0.0	yeast_GEM_v9_1_0	micro_pilot_processing_20260730:v1.0.0	parsimonious_FBA
r_2126	0.0	yeast_GEM_v9_1_0	micro_pilot_processing_20260730:v1.0.0	parsimonious_FBA
r_2129	0.0	yeast_GEM_v9_1_0	micro_pilot_processing_20260730:v1.0.0	parsimonious_FBA
r_2131	0.874755768179126	yeast_GEM_v9_1_0	micro_pilot_processing_20260730:v1.0.0	parsimonious_FBA
r_2132	1.1872698639879062	yeast_GEM_v9_1_0	micro_pilot_processing_20260730:v1.0.0	parsimonious_FBA
r_2134	0.0	yeast_GEM_v9_1_0	micro_pilot_processing_20260730:v1.0.0	parsimonious_FBA
r_2136	0.0	yeast_GEM_v9_1_0	micro_pilot_processing_20260730:v1.0.0	parsimonious_FBA
r_2137	0.0	yeast_GEM_v9_1_0	micro_pilot_processing_20260730:v1.0.0	parsimonious_FBA
r_2139	0.0	yeast_GEM_v9_1_0	micro_pilot_processing_20260730:v1.0.0	parsimonious_FBA
r_2140	0.0960118615627191	yeast_GEM_v9_1_0	micro_pilot_processing_20260730:v1.0.0	parsimonious_FBA
r_2141	0.029840537706230946	yeast_GEM_v9_1_0	micro_pilot_processing_20260730:v1.0.0	parsimonious_FBA
r_2142	0.0	yeast_GEM_v9_1_0	micro_pilot_processing_20260730:v1.0.0	parsimonious_FBA
r_2143	0.0	yeast_GEM_v9_1_0	micro_pilot_processing_20260730:v1.0.0	parsimonious_FBA
r_2144	0.0	yeast_GEM_v9_1_0	micro_pilot_processing_20260730:v1.0.0	parsimonious_FBA
r_2145	0.0	yeast_GEM_v9_1_0	micro_pilot_processing_20260730:v1.0.0	parsimonious_FBA
r_2146	0.0	yeast_GEM_v9_1_0	micro_pilot_processing_20260730:v1.0.0	parsimonious_FBA
r_2147	0.0	yeast_GEM_v9_1_0	micro_pilot_processing_20260730:v1.0.0	parsimonious_FBA
r_2148	0.0	yeast_GEM_v9_1_0	micro_pilot_processing_20260730:v1.0.0	parsimonious_FBA
r_2149	0.0	yeast_GEM_v9_1_0	micro_pilot_processing_20260730:v1.0.0	parsimonious_FBA
r_2150	0.0	yeast_GEM_v9_1_0	micro_pilot_processing_20260730:v1.0.0	parsimonious_FBA
r_2151	0.0	yeast_GEM_v9_1_0	micro_pilot_processing_20260730:v1.0.0	parsimonious_FBA
r_2152	0.0	yeast_GEM_v9_1_0	micro_pilot_processing_20260730:v1.0.0	parsimonious_FBA
r_2153	0.0	yeast_GEM_v9_1_0	micro_pilot_processing_20260730:v1.0.0	parsimonious_FBA
r_2154	0.0	yeast_GEM_v9_1_0	micro_pilot_processing_20260730:v1.0.0	parsimonious_FBA
r_2155	0.0	yeast_GEM_v9_1_0	micro_pilot_processing_20260730:v1.0.0	parsimonious_FBA
r_2156	0.0	yeast_GEM_v9_1_0	micro_pilot_processing_20260730:v1.0.0	parsimonious_FBA
r_2157	0.0	yeast_GEM_v9_1_0	micro_pilot_processing_20260730:v1.0.0	parsimonious_FBA
r_2158	0.0	yeast_GEM_v9_1_0	micro_pilot_processing_20260730:v1.0.0	parsimonious_FBA
r_2159	0.0	yeast_GEM_v9_1_0	micro_pilot_processing_20260730:v1.0.0	parsimonious_FBA
r_2160	0.0	yeast_GEM_v9_1_0	micro_pilot_processing_20260730:v1.0.0	parsimonious_FBA
r_2161	0.0	yeast_GEM_v9_1_0	micro_pilot_processing_20260730:v1.0.0	parsimonious_FBA
r_2162	0.0	yeast_GEM_v9_1_0	micro_pilot_processing_20260730:v1.0.0	parsimonious_FBA
r_2163	0.0	yeast_GEM_v9_1_0	micro_pilot_processing_20260730:v1.0.0	parsimonious_FBA
r_2164	0.0	yeast_GEM_v9_1_0	micro_pilot_processing_20260730:v1.0.0	parsimonious_FBA
r_2165	0.0	yeast_GEM_v9_1_0	micro_pilot_processing_20260730:v1.0.0	parsimonious_FBA
r_2166	0.0	yeast_GEM_v9_1_0	micro_pilot_processing_20260730:v1.0.0	parsimonious_FBA
r_2167	0.0	yeast_GEM_v9_1_0	micro_pilot_processing_20260730:v1.0.0	parsimonious_FBA
r_2168	0.0	yeast_GEM_v9_1_0	micro_pilot_processing_20260730:v1.0.0	parsimonious_FBA
r_2169	0.0	yeast_GEM_v9_1_0	micro_pilot_processing_20260730:v1.0.0	parsimonious_FBA
r_2170	0.0	yeast_GEM_v9_1_0	micro_pilot_processing_20260730:v1.0.0	parsimonious_FBA
r_2171	0.0	yeast_GEM_v9_1_0	micro_pilot_processing_20260730:v1.0.0	parsimonious_FBA
r_2172	0.0	yeast_GEM_v9_1_0	micro_pilot_processing_20260730:v1.0.0	parsimonious_FBA
r_2173	0.0	yeast_GEM_v9_1_0	micro_pilot_processing_20260730:v1.0.0	parsimonious_FBA
r_2174	0.0	yeast_GEM_v9_1_0	micro_pilot_processing_20260730:v1.0.0	parsimonious_FBA
r_2175	0.0	yeast_GEM_v9_1_0	micro_pilot_processing_20260730:v1.0.0	parsimonious_FBA
r_2176	0.0	yeast_GEM_v9_1_0	micro_pilot_processing_20260730:v1.0.0	parsimonious_FBA
r_2177	0.0	yeast_GEM_v9_1_0	micro_pilot_processing_20260730:v1.0.0	parsimonious_FBA
r_2178	0.0	yeast_GEM_v9_1_0	micro_pilot_processing_20260730:v1.0.0	parsimonious_FBA
r_2179	0.0	yeast_GEM_v9_1_0	micro_pilot_processing_20260730:v1.0.0	parsimonious_FBA
r_2180	0.0	yeast_GEM_v9_1_0	micro_pilot_processing_20260730:v1.0.0	parsimonious_FBA
r_2181	0.0	yeast_GEM_v9_1_0	micro_pilot_processing_20260730:v1.0.0	parsimonious_FBA
r_2182	0.07175443556807773	yeast_GEM_v9_1_0	micro_pilot_processing_20260730:v1.0.0	parsimonious_FBA
r_2183	0.023712080223596926	yeast_GEM_v9_1_0	micro_pilot_processing_20260730:v1.0.0	parsimonious_FBA
r_2184	0.0	yeast_GEM_v9_1_0	micro_pilot_processing_20260730:v1.0.0	parsimonious_FBA
r_2185	0.0	yeast_GEM_v9_1_0	micro_pilot_processing_20260730:v1.0.0	parsimonious_FBA
r_2186	0.0	yeast_GEM_v9_1_0	micro_pilot_processing_20260730:v1.0.0	parsimonious_FBA
r_2187	0.0	yeast_GEM_v9_1_0	micro_pilot_processing_20260730:v1.0.0	parsimonious_FBA
r_2188	0.0	yeast_GEM_v9_1_0	micro_pilot_processing_20260730:v1.0.0	parsimonious_FBA
r_2189	0.0	yeast_GEM_v9_1_0	micro_pilot_processing_20260730:v1.0.0	parsimonious_FBA
r_2190	0.0	yeast_GEM_v9_1_0	micro_pilot_processing_20260730:v1.0.0	parsimonious_FBA
r_2191	0.0	yeast_GEM_v9_1_0	micro_pilot_processing_20260730:v1.0.0	parsimonious_FBA
r_2192	0.0	yeast_GEM_v9_1_0	micro_pilot_processing_20260730:v1.0.0	parsimonious_FBA
r_2193	0.0	yeast_GEM_v9_1_0	micro_pilot_processing_20260730:v1.0.0	parsimonious_FBA
r_2194	0.0	yeast_GEM_v9_1_0	micro_pilot_processing_20260730:v1.0.0	parsimonious_FBA
r_2195	0.0	yeast_GEM_v9_1_0	micro_pilot_processing_20260730:v1.0.0	parsimonious_FBA
r_2196	0.0	yeast_GEM_v9_1_0	micro_pilot_processing_20260730:v1.0.0	parsimonious_FBA
r_2197	-0.004493267346687971	yeast_GEM_v9_1_0	micro_pilot_processing_20260730:v1.0.0	parsimonious_FBA
r_2198	0.0	yeast_GEM_v9_1_0	micro_pilot_processing_20260730:v1.0.0	parsimonious_FBA
r_2199	0.0	yeast_GEM_v9_1_0	micro_pilot_processing_20260730:v1.0.0	parsimonious_FBA
r_2200	0.0	yeast_GEM_v9_1_0	micro_pilot_processing_20260730:v1.0.0	parsimonious_FBA
r_2201	0.0	yeast_GEM_v9_1_0	micro_pilot_processing_20260730:v1.0.0	parsimonious_FBA
r_2202	0.0	yeast_GEM_v9_1_0	micro_pilot_processing_20260730:v1.0.0	parsimonious_FBA
r_2203	0.0	yeast_GEM_v9_1_0	micro_pilot_processing_20260730:v1.0.0	parsimonious_FBA
r_2204	0.0	yeast_GEM_v9_1_0	micro_pilot_processing_20260730:v1.0.0	parsimonious_FBA
r_2205	0.0	yeast_GEM_v9_1_0	micro_pilot_processing_20260730:v1.0.0	parsimonious_FBA
r_2206	0.0	yeast_GEM_v9_1_0	micro_pilot_processing_20260730:v1.0.0	parsimonious_FBA
r_2207	0.0	yeast_GEM_v9_1_0	micro_pilot_processing_20260730:v1.0.0	parsimonious_FBA
r_2208	0.0	yeast_GEM_v9_1_0	micro_pilot_processing_20260730:v1.0.0	parsimonious_FBA
r_2209	0.0	yeast_GEM_v9_1_0	micro_pilot_processing_20260730:v1.0.0	parsimonious_FBA
r_2210	0.0	yeast_GEM_v9_1_0	micro_pilot_processing_20260730:v1.0.0	parsimonious_FBA
r_2211	0.0	yeast_GEM_v9_1_0	micro_pilot_processing_20260730:v1.0.0	parsimonious_FBA
r_2212	0.0	yeast_GEM_v9_1_0	micro_pilot_processing_20260730:v1.0.0	parsimonious_FBA
r_2213	0.0	yeast_GEM_v9_1_0	micro_pilot_processing_20260730:v1.0.0	parsimonious_FBA
r_2214	0.0	yeast_GEM_v9_1_0	micro_pilot_processing_20260730:v1.0.0	parsimonious_FBA
r_2215	0.0	yeast_GEM_v9_1_0	micro_pilot_processing_20260730:v1.0.0	parsimonious_FBA
r_2216	0.0	yeast_GEM_v9_1_0	micro_pilot_processing_20260730:v1.0.0	parsimonious_FBA
r_2217	0.0	yeast_GEM_v9_1_0	micro_pilot_processing_20260730:v1.0.0	parsimonious_FBA
r_2218	0.0	yeast_GEM_v9_1_0	micro_pilot_processing_20260730:v1.0.0	parsimonious_FBA
r_2219	0.0	yeast_GEM_v9_1_0	micro_pilot_processing_20260730:v1.0.0	parsimonious_FBA
r_2220	0.0	yeast_GEM_v9_1_0	micro_pilot_processing_20260730:v1.0.0	parsimonious_FBA
r_2221	0.0	yeast_GEM_v9_1_0	micro_pilot_processing_20260730:v1.0.0	parsimonious_FBA
r_2222	0.0	yeast_GEM_v9_1_0	micro_pilot_processing_20260730:v1.0.0	parsimonious_FBA
r_2223	0.0	yeast_GEM_v9_1_0	micro_pilot_processing_20260730:v1.0.0	parsimonious_FBA
r_2224	0.0	yeast_GEM_v9_1_0	micro_pilot_processing_20260730:v1.0.0	parsimonious_FBA
r_2225	0.0	yeast_GEM_v9_1_0	micro_pilot_processing_20260730:v1.0.0	parsimonious_FBA
r_2226	0.0	yeast_GEM_v9_1_0	micro_pilot_processing_20260730:v1.0.0	parsimonious_FBA
r_2227	0.0	yeast_GEM_v9_1_0	micro_pilot_processing_20260730:v1.0.0	parsimonious_FBA
r_2228	0.0	yeast_GEM_v9_1_0	micro_pilot_processing_20260730:v1.0.0	parsimonious_FBA
r_2229	0.0	yeast_GEM_v9_1_0	micro_pilot_processing_20260730:v1.0.0	parsimonious_FBA
r_2230	0.0	yeast_GEM_v9_1_0	micro_pilot_processing_20260730:v1.0.0	parsimonious_FBA
r_2231	0.0	yeast_GEM_v9_1_0	micro_pilot_processing_20260730:v1.0.0	parsimonious_FBA
r_2232	0.0	yeast_GEM_v9_1_0	micro_pilot_processing_20260730:v1.0.0	parsimonious_FBA
r_2233	0.0	yeast_GEM_v9_1_0	micro_pilot_processing_20260730:v1.0.0	parsimonious_FBA
r_2234	0.0	yeast_GEM_v9_1_0	micro_pilot_processing_20260730:v1.0.0	parsimonious_FBA
r_2235	0.0	yeast_GEM_v9_1_0	micro_pilot_processing_20260730:v1.0.0	parsimonious_FBA
r_2236	0.0	yeast_GEM_v9_1_0	micro_pilot_processing_20260730:v1.0.0	parsimonious_FBA
r_2237	0.0	yeast_GEM_v9_1_0	micro_pilot_processing_20260730:v1.0.0	parsimonious_FBA
r_2238	0.0	yeast_GEM_v9_1_0	micro_pilot_processing_20260730:v1.0.0	parsimonious_FBA
r_2239	0.0	yeast_GEM_v9_1_0	micro_pilot_processing_20260730:v1.0.0	parsimonious_FBA
r_2240	0.0	yeast_GEM_v9_1_0	micro_pilot_processing_20260730:v1.0.0	parsimonious_FBA
r_2241	0.0	yeast_GEM_v9_1_0	micro_pilot_processing_20260730:v1.0.0	parsimonious_FBA
r_2242	0.0	yeast_GEM_v9_1_0	micro_pilot_processing_20260730:v1.0.0	parsimonious_FBA
r_2243	0.0	yeast_GEM_v9_1_0	micro_pilot_processing_20260730:v1.0.0	parsimonious_FBA
r_2244	0.0	yeast_GEM_v9_1_0	micro_pilot_processing_20260730:v1.0.0	parsimonious_FBA
r_2245	0.0	yeast_GEM_v9_1_0	micro_pilot_processing_20260730:v1.0.0	parsimonious_FBA
r_2246	0.0	yeast_GEM_v9_1_0	micro_pilot_processing_20260730:v1.0.0	parsimonious_FBA
r_2247	0.0	yeast_GEM_v9_1_0	micro_pilot_processing_20260730:v1.0.0	parsimonious_FBA
r_2248	0.0	yeast_GEM_v9_1_0	micro_pilot_processing_20260730:v1.0.0	parsimonious_FBA
r_2249	0.0	yeast_GEM_v9_1_0	micro_pilot_processing_20260730:v1.0.0	parsimonious_FBA
r_2250	0.0	yeast_GEM_v9_1_0	micro_pilot_processing_20260730:v1.0.0	parsimonious_FBA
r_2251	0.0	yeast_GEM_v9_1_0	micro_pilot_processing_20260730:v1.0.0	parsimonious_FBA
r_2252	0.0	yeast_GEM_v9_1_0	micro_pilot_processing_20260730:v1.0.0	parsimonious_FBA
r_2253	0.0	yeast_GEM_v9_1_0	micro_pilot_processing_20260730:v1.0.0	parsimonious_FBA
r_2254	0.0	yeast_GEM_v9_1_0	micro_pilot_processing_20260730:v1.0.0	parsimonious_FBA
r_2255	0.0	yeast_GEM_v9_1_0	micro_pilot_processing_20260730:v1.0.0	parsimonious_FBA
r_2256	0.0	yeast_GEM_v9_1_0	micro_pilot_processing_20260730:v1.0.0	parsimonious_FBA
r_2257	0.0	yeast_GEM_v9_1_0	micro_pilot_processing_20260730:v1.0.0	parsimonious_FBA
r_2258	0.0	yeast_GEM_v9_1_0	micro_pilot_processing_20260730:v1.0.0	parsimonious_FBA
r_2259	0.0	yeast_GEM_v9_1_0	micro_pilot_processing_20260730:v1.0.0	parsimonious_FBA
r_2260	0.0	yeast_GEM_v9_1_0	micro_pilot_processing_20260730:v1.0.0	parsimonious_FBA
r_2261	0.0	yeast_GEM_v9_1_0	micro_pilot_processing_20260730:v1.0.0	parsimonious_FBA
r_2262	0.0	yeast_GEM_v9_1_0	micro_pilot_processing_20260730:v1.0.0	parsimonious_FBA
r_2263	0.0	yeast_GEM_v9_1_0	micro_pilot_processing_20260730:v1.0.0	parsimonious_FBA
r_2264	0.0	yeast_GEM_v9_1_0	micro_pilot_processing_20260730:v1.0.0	parsimonious_FBA
r_2265	0.0	yeast_GEM_v9_1_0	micro_pilot_processing_20260730:v1.0.0	parsimonious_FBA
r_2266	0.0	yeast_GEM_v9_1_0	micro_pilot_processing_20260730:v1.0.0	parsimonious_FBA
r_2267	0.0	yeast_GEM_v9_1_0	micro_pilot_processing_20260730:v1.0.0	parsimonious_FBA
r_2268	0.0	yeast_GEM_v9_1_0	micro_pilot_processing_20260730:v1.0.0	parsimonious_FBA
r_2269	0.0	yeast_GEM_v9_1_0	micro_pilot_processing_20260730:v1.0.0	parsimonious_FBA
r_2270	0.0	yeast_GEM_v9_1_0	micro_pilot_processing_20260730:v1.0.0	parsimonious_FBA
r_2271	0.0	yeast_GEM_v9_1_0	micro_pilot_processing_20260730:v1.0.0	parsimonious_FBA
r_2272	0.0	yeast_GEM_v9_1_0	micro_pilot_processing_20260730:v1.0.0	parsimonious_FBA
r_2273	0.0	yeast_GEM_v9_1_0	micro_pilot_processing_20260730:v1.0.0	parsimonious_FBA
r_2274	0.0	yeast_GEM_v9_1_0	micro_pilot_processing_20260730:v1.0.0	parsimonious_FBA
r_2275	0.0	yeast_GEM_v9_1_0	micro_pilot_processing_20260730:v1.0.0	parsimonious_FBA
r_2276	0.0	yeast_GEM_v9_1_0	micro_pilot_processing_20260730:v1.0.0	parsimonious_FBA
r_2277	0.0	yeast_GEM_v9_1_0	micro_pilot_processing_20260730:v1.0.0	parsimonious_FBA
r_2278	0.0	yeast_GEM_v9_1_0	micro_pilot_processing_20260730:v1.0.0	parsimonious_FBA
r_2279	0.0	yeast_GEM_v9_1_0	micro_pilot_processing_20260730:v1.0.0	parsimonious_FBA
r_2280	0.0	yeast_GEM_v9_1_0	micro_pilot_processing_20260730:v1.0.0	parsimonious_FBA
r_2281	0.0	yeast_GEM_v9_1_0	micro_pilot_processing_20260730:v1.0.0	parsimonious_FBA
r_2282	0.0	yeast_GEM_v9_1_0	micro_pilot_processing_20260730:v1.0.0	parsimonious_FBA
r_2283	0.0	yeast_GEM_v9_1_0	micro_pilot_processing_20260730:v1.0.0	parsimonious_FBA
r_2284	0.0	yeast_GEM_v9_1_0	micro_pilot_processing_20260730:v1.0.0	parsimonious_FBA
r_2285	0.0	yeast_GEM_v9_1_0	micro_pilot_processing_20260730:v1.0.0	parsimonious_FBA
r_2286	0.0	yeast_GEM_v9_1_0	micro_pilot_processing_20260730:v1.0.0	parsimonious_FBA
r_2287	0.0	yeast_GEM_v9_1_0	micro_pilot_processing_20260730:v1.0.0	parsimonious_FBA
r_2288	0.0	yeast_GEM_v9_1_0	micro_pilot_processing_20260730:v1.0.0	parsimonious_FBA
r_2289	0.0	yeast_GEM_v9_1_0	micro_pilot_processing_20260730:v1.0.0	parsimonious_FBA
r_2290	0.0	yeast_GEM_v9_1_0	micro_pilot_processing_20260730:v1.0.0	parsimonious_FBA
r_2291	0.0	yeast_GEM_v9_1_0	micro_pilot_processing_20260730:v1.0.0	parsimonious_FBA
r_2292	0.0	yeast_GEM_v9_1_0	micro_pilot_processing_20260730:v1.0.0	parsimonious_FBA
r_2293	0.0	yeast_GEM_v9_1_0	micro_pilot_processing_20260730:v1.0.0	parsimonious_FBA
r_2294	0.0	yeast_GEM_v9_1_0	micro_pilot_processing_20260730:v1.0.0	parsimonious_FBA
r_2295	0.0	yeast_GEM_v9_1_0	micro_pilot_processing_20260730:v1.0.0	parsimonious_FBA
r_2296	0.0	yeast_GEM_v9_1_0	micro_pilot_processing_20260730:v1.0.0	parsimonious_FBA
r_2297	0.0	yeast_GEM_v9_1_0	micro_pilot_processing_20260730:v1.0.0	parsimonious_FBA
r_2298	0.0	yeast_GEM_v9_1_0	micro_pilot_processing_20260730:v1.0.0	parsimonious_FBA
r_2299	0.0	yeast_GEM_v9_1_0	micro_pilot_processing_20260730:v1.0.0	parsimonious_FBA
r_2300	0.0	yeast_GEM_v9_1_0	micro_pilot_processing_20260730:v1.0.0	parsimonious_FBA
r_2301	0.0	yeast_GEM_v9_1_0	micro_pilot_processing_20260730:v1.0.0	parsimonious_FBA
r_2302	0.0	yeast_GEM_v9_1_0	micro_pilot_processing_20260730:v1.0.0	parsimonious_FBA
r_2303	0.0	yeast_GEM_v9_1_0	micro_pilot_processing_20260730:v1.0.0	parsimonious_FBA
r_2304	0.0	yeast_GEM_v9_1_0	micro_pilot_processing_20260730:v1.0.0	parsimonious_FBA
r_2305	0.0	yeast_GEM_v9_1_0	micro_pilot_processing_20260730:v1.0.0	parsimonious_FBA
r_2308	0.024257425994641348	yeast_GEM_v9_1_0	micro_pilot_processing_20260730:v1.0.0	parsimonious_FBA
r_2309	0.023042364760438448	yeast_GEM_v9_1_0	micro_pilot_processing_20260730:v1.0.0	parsimonious_FBA
r_2310	0.006128457482634021	yeast_GEM_v9_1_0	micro_pilot_processing_20260730:v1.0.0	parsimonious_FBA
r_2311	0.0	yeast_GEM_v9_1_0	micro_pilot_processing_20260730:v1.0.0	parsimonious_FBA
r_2312	0.0	yeast_GEM_v9_1_0	micro_pilot_processing_20260730:v1.0.0	parsimonious_FBA
r_2313	0.0	yeast_GEM_v9_1_0	micro_pilot_processing_20260730:v1.0.0	parsimonious_FBA
r_2314	0.0	yeast_GEM_v9_1_0	micro_pilot_processing_20260730:v1.0.0	parsimonious_FBA
r_2315	0.0	yeast_GEM_v9_1_0	micro_pilot_processing_20260730:v1.0.0	parsimonious_FBA
r_2316	0.0	yeast_GEM_v9_1_0	micro_pilot_processing_20260730:v1.0.0	parsimonious_FBA
r_2317	0.0	yeast_GEM_v9_1_0	micro_pilot_processing_20260730:v1.0.0	parsimonious_FBA
r_2318	0.0	yeast_GEM_v9_1_0	micro_pilot_processing_20260730:v1.0.0	parsimonious_FBA
r_2319	0.0	yeast_GEM_v9_1_0	micro_pilot_processing_20260730:v1.0.0	parsimonious_FBA
r_2320	0.0	yeast_GEM_v9_1_0	micro_pilot_processing_20260730:v1.0.0	parsimonious_FBA
r_2321	0.0	yeast_GEM_v9_1_0	micro_pilot_processing_20260730:v1.0.0	parsimonious_FBA
r_2322	0.0	yeast_GEM_v9_1_0	micro_pilot_processing_20260730:v1.0.0	parsimonious_FBA
r_2323	0.0	yeast_GEM_v9_1_0	micro_pilot_processing_20260730:v1.0.0	parsimonious_FBA
r_2324	0.0	yeast_GEM_v9_1_0	micro_pilot_processing_20260730:v1.0.0	parsimonious_FBA
r_2325	0.0	yeast_GEM_v9_1_0	micro_pilot_processing_20260730:v1.0.0	parsimonious_FBA
r_2326	0.0	yeast_GEM_v9_1_0	micro_pilot_processing_20260730:v1.0.0	parsimonious_FBA
r_2327	0.0	yeast_GEM_v9_1_0	micro_pilot_processing_20260730:v1.0.0	parsimonious_FBA
r_2328	0.0	yeast_GEM_v9_1_0	micro_pilot_processing_20260730:v1.0.0	parsimonious_FBA
r_2329	0.0	yeast_GEM_v9_1_0	micro_pilot_processing_20260730:v1.0.0	parsimonious_FBA
r_2330	0.0	yeast_GEM_v9_1_0	micro_pilot_processing_20260730:v1.0.0	parsimonious_FBA
r_2331	0.0	yeast_GEM_v9_1_0	micro_pilot_processing_20260730:v1.0.0	parsimonious_FBA
r_2332	0.00958542447673388	yeast_GEM_v9_1_0	micro_pilot_processing_20260730:v1.0.0	parsimonious_FBA
r_2333	0.014672001517907474	yeast_GEM_v9_1_0	micro_pilot_processing_20260730:v1.0.0	parsimonious_FBA
r_2334	0.021921701077259065	yeast_GEM_v9_1_0	micro_pilot_processing_20260730:v1.0.0	parsimonious_FBA
r_2335	0.0011206636831793814	yeast_GEM_v9_1_0	micro_pilot_processing_20260730:v1.0.0	parsimonious_FBA
r_2336	0.00612845748263402	yeast_GEM_v9_1_0	micro_pilot_processing_20260730:v1.0.0	parsimonious_FBA
r_2337	0.0	yeast_GEM_v9_1_0	micro_pilot_processing_20260730:v1.0.0	parsimonious_FBA
r_2338	0.0	yeast_GEM_v9_1_0	micro_pilot_processing_20260730:v1.0.0	parsimonious_FBA
r_2339	0.0	yeast_GEM_v9_1_0	micro_pilot_processing_20260730:v1.0.0	parsimonious_FBA
r_2340	0.0	yeast_GEM_v9_1_0	micro_pilot_processing_20260730:v1.0.0	parsimonious_FBA
r_2341	0.0	yeast_GEM_v9_1_0	micro_pilot_processing_20260730:v1.0.0	parsimonious_FBA
r_2342	0.0	yeast_GEM_v9_1_0	micro_pilot_processing_20260730:v1.0.0	parsimonious_FBA
r_2343	0.0	yeast_GEM_v9_1_0	micro_pilot_processing_20260730:v1.0.0	parsimonious_FBA
r_2344	0.0	yeast_GEM_v9_1_0	micro_pilot_processing_20260730:v1.0.0	parsimonious_FBA
r_2345	1.8880821016303784e-29	yeast_GEM_v9_1_0	micro_pilot_processing_20260730:v1.0.0	parsimonious_FBA
r_2346	0.006583220424324348	yeast_GEM_v9_1_0	micro_pilot_processing_20260730:v1.0.0	parsimonious_FBA
r_2347	0.0	yeast_GEM_v9_1_0	micro_pilot_processing_20260730:v1.0.0	parsimonious_FBA
r_2348	0.0	yeast_GEM_v9_1_0	micro_pilot_processing_20260730:v1.0.0	parsimonious_FBA
r_2349	0.0	yeast_GEM_v9_1_0	micro_pilot_processing_20260730:v1.0.0	parsimonious_FBA
r_2350	0.0	yeast_GEM_v9_1_0	micro_pilot_processing_20260730:v1.0.0	parsimonious_FBA
r_2351	0.0	yeast_GEM_v9_1_0	micro_pilot_processing_20260730:v1.0.0	parsimonious_FBA
r_2352	0.0	yeast_GEM_v9_1_0	micro_pilot_processing_20260730:v1.0.0	parsimonious_FBA
r_2353	0.0	yeast_GEM_v9_1_0	micro_pilot_processing_20260730:v1.0.0	parsimonious_FBA
r_2354	0.0	yeast_GEM_v9_1_0	micro_pilot_processing_20260730:v1.0.0	parsimonious_FBA
r_2355	0.0	yeast_GEM_v9_1_0	micro_pilot_processing_20260730:v1.0.0	parsimonious_FBA
r_2356	0.0	yeast_GEM_v9_1_0	micro_pilot_processing_20260730:v1.0.0	parsimonious_FBA
r_2357	0.0	yeast_GEM_v9_1_0	micro_pilot_processing_20260730:v1.0.0	parsimonious_FBA
r_2358	0.0	yeast_GEM_v9_1_0	micro_pilot_processing_20260730:v1.0.0	parsimonious_FBA
r_2359	0.0	yeast_GEM_v9_1_0	micro_pilot_processing_20260730:v1.0.0	parsimonious_FBA
r_2360	0.0	yeast_GEM_v9_1_0	micro_pilot_processing_20260730:v1.0.0	parsimonious_FBA
r_2361	0.0	yeast_GEM_v9_1_0	micro_pilot_processing_20260730:v1.0.0	parsimonious_FBA
r_2362	0.0	yeast_GEM_v9_1_0	micro_pilot_processing_20260730:v1.0.0	parsimonious_FBA
r_2363	0.0	yeast_GEM_v9_1_0	micro_pilot_processing_20260730:v1.0.0	parsimonious_FBA
r_2364	0.0	yeast_GEM_v9_1_0	micro_pilot_processing_20260730:v1.0.0	parsimonious_FBA
r_2365	0.0	yeast_GEM_v9_1_0	micro_pilot_processing_20260730:v1.0.0	parsimonious_FBA
r_2366	0.0	yeast_GEM_v9_1_0	micro_pilot_processing_20260730:v1.0.0	parsimonious_FBA
r_2367	0.0	yeast_GEM_v9_1_0	micro_pilot_processing_20260730:v1.0.0	parsimonious_FBA
r_2368	0.0	yeast_GEM_v9_1_0	micro_pilot_processing_20260730:v1.0.0	parsimonious_FBA
r_2369	0.0	yeast_GEM_v9_1_0	micro_pilot_processing_20260730:v1.0.0	parsimonious_FBA
r_2370	0.0	yeast_GEM_v9_1_0	micro_pilot_processing_20260730:v1.0.0	parsimonious_FBA
r_2371	0.0	yeast_GEM_v9_1_0	micro_pilot_processing_20260730:v1.0.0	parsimonious_FBA
r_2372	0.0	yeast_GEM_v9_1_0	micro_pilot_processing_20260730:v1.0.0	parsimonious_FBA
r_2373	0.0	yeast_GEM_v9_1_0	micro_pilot_processing_20260730:v1.0.0	parsimonious_FBA
r_2374	0.0	yeast_GEM_v9_1_0	micro_pilot_processing_20260730:v1.0.0	parsimonious_FBA
r_2375	0.0	yeast_GEM_v9_1_0	micro_pilot_processing_20260730:v1.0.0	parsimonious_FBA
r_2376	0.0	yeast_GEM_v9_1_0	micro_pilot_processing_20260730:v1.0.0	parsimonious_FBA
r_2377	0.0	yeast_GEM_v9_1_0	micro_pilot_processing_20260730:v1.0.0	parsimonious_FBA
r_2378	0.006583220424324348	yeast_GEM_v9_1_0	micro_pilot_processing_20260730:v1.0.0	parsimonious_FBA
r_2379	0.0	yeast_GEM_v9_1_0	micro_pilot_processing_20260730:v1.0.0	parsimonious_FBA
r_2380	0.0	yeast_GEM_v9_1_0	micro_pilot_processing_20260730:v1.0.0	parsimonious_FBA
r_2381	0.0	yeast_GEM_v9_1_0	micro_pilot_processing_20260730:v1.0.0	parsimonious_FBA
r_2382	0.0	yeast_GEM_v9_1_0	micro_pilot_processing_20260730:v1.0.0	parsimonious_FBA
r_2383	0.0	yeast_GEM_v9_1_0	micro_pilot_processing_20260730:v1.0.0	parsimonious_FBA
r_2384	0.0	yeast_GEM_v9_1_0	micro_pilot_processing_20260730:v1.0.0	parsimonious_FBA
r_2385	0.0	yeast_GEM_v9_1_0	micro_pilot_processing_20260730:v1.0.0	parsimonious_FBA
r_2386	0.0	yeast_GEM_v9_1_0	micro_pilot_processing_20260730:v1.0.0	parsimonious_FBA
r_2387	0.0	yeast_GEM_v9_1_0	micro_pilot_processing_20260730:v1.0.0	parsimonious_FBA
r_2388	0.0	yeast_GEM_v9_1_0	micro_pilot_processing_20260730:v1.0.0	parsimonious_FBA
r_2389	0.0	yeast_GEM_v9_1_0	micro_pilot_processing_20260730:v1.0.0	parsimonious_FBA
r_2390	0.0	yeast_GEM_v9_1_0	micro_pilot_processing_20260730:v1.0.0	parsimonious_FBA
r_2391	0.0	yeast_GEM_v9_1_0	micro_pilot_processing_20260730:v1.0.0	parsimonious_FBA
r_2392	0.0	yeast_GEM_v9_1_0	micro_pilot_processing_20260730:v1.0.0	parsimonious_FBA
r_2393	0.0	yeast_GEM_v9_1_0	micro_pilot_processing_20260730:v1.0.0	parsimonious_FBA
r_2394	0.0	yeast_GEM_v9_1_0	micro_pilot_processing_20260730:v1.0.0	parsimonious_FBA
r_2395	0.0	yeast_GEM_v9_1_0	micro_pilot_processing_20260730:v1.0.0	parsimonious_FBA
r_2396	0.0	yeast_GEM_v9_1_0	micro_pilot_processing_20260730:v1.0.0	parsimonious_FBA
r_2397	0.0	yeast_GEM_v9_1_0	micro_pilot_processing_20260730:v1.0.0	parsimonious_FBA
r_2398	0.0	yeast_GEM_v9_1_0	micro_pilot_processing_20260730:v1.0.0	parsimonious_FBA
r_2399	0.0	yeast_GEM_v9_1_0	micro_pilot_processing_20260730:v1.0.0	parsimonious_FBA
r_2400	0.0	yeast_GEM_v9_1_0	micro_pilot_processing_20260730:v1.0.0	parsimonious_FBA
r_2401	0.0	yeast_GEM_v9_1_0	micro_pilot_processing_20260730:v1.0.0	parsimonious_FBA
r_2402	0.0	yeast_GEM_v9_1_0	micro_pilot_processing_20260730:v1.0.0	parsimonious_FBA
r_2403	0.0	yeast_GEM_v9_1_0	micro_pilot_processing_20260730:v1.0.0	parsimonious_FBA
r_2404	0.0	yeast_GEM_v9_1_0	micro_pilot_processing_20260730:v1.0.0	parsimonious_FBA
r_2405	0.0	yeast_GEM_v9_1_0	micro_pilot_processing_20260730:v1.0.0	parsimonious_FBA
r_2406	0.0	yeast_GEM_v9_1_0	micro_pilot_processing_20260730:v1.0.0	parsimonious_FBA
r_2407	0.0	yeast_GEM_v9_1_0	micro_pilot_processing_20260730:v1.0.0	parsimonious_FBA
r_2408	0.0	yeast_GEM_v9_1_0	micro_pilot_processing_20260730:v1.0.0	parsimonious_FBA
r_2409	0.0	yeast_GEM_v9_1_0	micro_pilot_processing_20260730:v1.0.0	parsimonious_FBA
r_2410	0.0	yeast_GEM_v9_1_0	micro_pilot_processing_20260730:v1.0.0	parsimonious_FBA
r_2411	0.0	yeast_GEM_v9_1_0	micro_pilot_processing_20260730:v1.0.0	parsimonious_FBA
r_2412	0.0	yeast_GEM_v9_1_0	micro_pilot_processing_20260730:v1.0.0	parsimonious_FBA
r_2413	0.0	yeast_GEM_v9_1_0	micro_pilot_processing_20260730:v1.0.0	parsimonious_FBA
r_2414	0.0	yeast_GEM_v9_1_0	micro_pilot_processing_20260730:v1.0.0	parsimonious_FBA
r_2415	0.0	yeast_GEM_v9_1_0	micro_pilot_processing_20260730:v1.0.0	parsimonious_FBA
r_2416	0.0	yeast_GEM_v9_1_0	micro_pilot_processing_20260730:v1.0.0	parsimonious_FBA
r_2417	0.0	yeast_GEM_v9_1_0	micro_pilot_processing_20260730:v1.0.0	parsimonious_FBA
r_2418	0.0	yeast_GEM_v9_1_0	micro_pilot_processing_20260730:v1.0.0	parsimonious_FBA
r_2419	0.0	yeast_GEM_v9_1_0	micro_pilot_processing_20260730:v1.0.0	parsimonious_FBA
r_2420	0.0	yeast_GEM_v9_1_0	micro_pilot_processing_20260730:v1.0.0	parsimonious_FBA
r_2421	0.0	yeast_GEM_v9_1_0	micro_pilot_processing_20260730:v1.0.0	parsimonious_FBA
r_2422	0.0	yeast_GEM_v9_1_0	micro_pilot_processing_20260730:v1.0.0	parsimonious_FBA
r_2423	0.0	yeast_GEM_v9_1_0	micro_pilot_processing_20260730:v1.0.0	parsimonious_FBA
r_2424	0.0	yeast_GEM_v9_1_0	micro_pilot_processing_20260730:v1.0.0	parsimonious_FBA
r_2425	0.0	yeast_GEM_v9_1_0	micro_pilot_processing_20260730:v1.0.0	parsimonious_FBA
r_2426	0.0	yeast_GEM_v9_1_0	micro_pilot_processing_20260730:v1.0.0	parsimonious_FBA
r_2427	0.0	yeast_GEM_v9_1_0	micro_pilot_processing_20260730:v1.0.0	parsimonious_FBA
r_2428	0.0	yeast_GEM_v9_1_0	micro_pilot_processing_20260730:v1.0.0	parsimonious_FBA
r_2429	0.0	yeast_GEM_v9_1_0	micro_pilot_processing_20260730:v1.0.0	parsimonious_FBA
r_2430	0.0	yeast_GEM_v9_1_0	micro_pilot_processing_20260730:v1.0.0	parsimonious_FBA
r_2431	0.0	yeast_GEM_v9_1_0	micro_pilot_processing_20260730:v1.0.0	parsimonious_FBA
r_2432	0.009585424476733882	yeast_GEM_v9_1_0	micro_pilot_processing_20260730:v1.0.0	parsimonious_FBA
r_2433	0.015338480652934715	yeast_GEM_v9_1_0	micro_pilot_processing_20260730:v1.0.0	parsimonious_FBA
r_2434	0.006128457482634022	yeast_GEM_v9_1_0	micro_pilot_processing_20260730:v1.0.0	parsimonious_FBA
r_2435	0.0	yeast_GEM_v9_1_0	micro_pilot_processing_20260730:v1.0.0	parsimonious_FBA
r_2436	0.014672001517907474	yeast_GEM_v9_1_0	micro_pilot_processing_20260730:v1.0.0	parsimonious_FBA
r_2437	0.0011206636831793816	yeast_GEM_v9_1_0	micro_pilot_processing_20260730:v1.0.0	parsimonious_FBA
r_2438	0.0	yeast_GEM_v9_1_0	micro_pilot_processing_20260730:v1.0.0	parsimonious_FBA
r_2439	0.0	yeast_GEM_v9_1_0	micro_pilot_processing_20260730:v1.0.0	parsimonious_FBA
r_2440	0.0	yeast_GEM_v9_1_0	micro_pilot_processing_20260730:v1.0.0	parsimonious_FBA
r_2441	4.703114622552009e-28	yeast_GEM_v9_1_0	micro_pilot_processing_20260730:v1.0.0	parsimonious_FBA
r_2442	-4.70311462255201e-28	yeast_GEM_v9_1_0	micro_pilot_processing_20260730:v1.0.0	parsimonious_FBA
r_2443	0.0	yeast_GEM_v9_1_0	micro_pilot_processing_20260730:v1.0.0	parsimonious_FBA
r_2444	0.0	yeast_GEM_v9_1_0	micro_pilot_processing_20260730:v1.0.0	parsimonious_FBA
r_2445	0.0	yeast_GEM_v9_1_0	micro_pilot_processing_20260730:v1.0.0	parsimonious_FBA
r_2446	0.00958542447673388	yeast_GEM_v9_1_0	micro_pilot_processing_20260730:v1.0.0	parsimonious_FBA
r_2447	0.008751245823579317	yeast_GEM_v9_1_0	micro_pilot_processing_20260730:v1.0.0	parsimonious_FBA
r_2448	0.006128457482634023	yeast_GEM_v9_1_0	micro_pilot_processing_20260730:v1.0.0	parsimonious_FBA
r_2449	0.0	yeast_GEM_v9_1_0	micro_pilot_processing_20260730:v1.0.0	parsimonious_FBA
r_2450	0.014672001517907476	yeast_GEM_v9_1_0	micro_pilot_processing_20260730:v1.0.0	parsimonious_FBA
r_2451	0.0011206636831793814	yeast_GEM_v9_1_0	micro_pilot_processing_20260730:v1.0.0	parsimonious_FBA
r_2452	0.0	yeast_GEM_v9_1_0	micro_pilot_processing_20260730:v1.0.0	parsimonious_FBA
r_2453	0.0	yeast_GEM_v9_1_0	micro_pilot_processing_20260730:v1.0.0	parsimonious_FBA
r_2454	0.0	yeast_GEM_v9_1_0	micro_pilot_processing_20260730:v1.0.0	parsimonious_FBA
r_2455	0.006587234829355391	yeast_GEM_v9_1_0	micro_pilot_processing_20260730:v1.0.0	parsimonious_FBA
r_2456	0.0	yeast_GEM_v9_1_0	micro_pilot_processing_20260730:v1.0.0	parsimonious_FBA
r_2457	0.0	yeast_GEM_v9_1_0	micro_pilot_processing_20260730:v1.0.0	parsimonious_FBA
r_2458	0.0	yeast_GEM_v9_1_0	micro_pilot_processing_20260730:v1.0.0	parsimonious_FBA
r_2459	0.0	yeast_GEM_v9_1_0	micro_pilot_processing_20260730:v1.0.0	parsimonious_FBA
r_2460	0.0	yeast_GEM_v9_1_0	micro_pilot_processing_20260730:v1.0.0	parsimonious_FBA
r_2461	0.0	yeast_GEM_v9_1_0	micro_pilot_processing_20260730:v1.0.0	parsimonious_FBA
r_2462	0.0	yeast_GEM_v9_1_0	micro_pilot_processing_20260730:v1.0.0	parsimonious_FBA
r_2463	0.0	yeast_GEM_v9_1_0	micro_pilot_processing_20260730:v1.0.0	parsimonious_FBA
r_2464	0.0	yeast_GEM_v9_1_0	micro_pilot_processing_20260730:v1.0.0	parsimonious_FBA
r_2465	0.0	yeast_GEM_v9_1_0	micro_pilot_processing_20260730:v1.0.0	parsimonious_FBA
r_2466	0.006128457482634024	yeast_GEM_v9_1_0	micro_pilot_processing_20260730:v1.0.0	parsimonious_FBA
r_2467	0.0	yeast_GEM_v9_1_0	micro_pilot_processing_20260730:v1.0.0	parsimonious_FBA
r_2468	0.0	yeast_GEM_v9_1_0	micro_pilot_processing_20260730:v1.0.0	parsimonious_FBA
r_2469	0.0	yeast_GEM_v9_1_0	micro_pilot_processing_20260730:v1.0.0	parsimonious_FBA
r_2470	0.0	yeast_GEM_v9_1_0	micro_pilot_processing_20260730:v1.0.0	parsimonious_FBA
r_2471	0.0	yeast_GEM_v9_1_0	micro_pilot_processing_20260730:v1.0.0	parsimonious_FBA
r_2472	0.0	yeast_GEM_v9_1_0	micro_pilot_processing_20260730:v1.0.0	parsimonious_FBA
r_2473	0.0	yeast_GEM_v9_1_0	micro_pilot_processing_20260730:v1.0.0	parsimonious_FBA
r_2474	0.0	yeast_GEM_v9_1_0	micro_pilot_processing_20260730:v1.0.0	parsimonious_FBA
r_2475	0.0	yeast_GEM_v9_1_0	micro_pilot_processing_20260730:v1.0.0	parsimonious_FBA
r_2476	0.0	yeast_GEM_v9_1_0	micro_pilot_processing_20260730:v1.0.0	parsimonious_FBA
r_2477	0.0	yeast_GEM_v9_1_0	micro_pilot_processing_20260730:v1.0.0	parsimonious_FBA
r_2478	0.0	yeast_GEM_v9_1_0	micro_pilot_processing_20260730:v1.0.0	parsimonious_FBA
r_2479	0.0	yeast_GEM_v9_1_0	micro_pilot_processing_20260730:v1.0.0	parsimonious_FBA
r_2480	0.009585424476733878	yeast_GEM_v9_1_0	micro_pilot_processing_20260730:v1.0.0	parsimonious_FBA
r_2481	0.002496906392744507	yeast_GEM_v9_1_0	micro_pilot_processing_20260730:v1.0.0	parsimonious_FBA
r_2482	0.0	yeast_GEM_v9_1_0	micro_pilot_processing_20260730:v1.0.0	parsimonious_FBA
r_2483	0.0	yeast_GEM_v9_1_0	micro_pilot_processing_20260730:v1.0.0	parsimonious_FBA
r_2484	0.014672001517907478	yeast_GEM_v9_1_0	micro_pilot_processing_20260730:v1.0.0	parsimonious_FBA
r_2485	0.0011206636831793816	yeast_GEM_v9_1_0	micro_pilot_processing_20260730:v1.0.0	parsimonious_FBA
r_2486	0.0	yeast_GEM_v9_1_0	micro_pilot_processing_20260730:v1.0.0	parsimonious_FBA
r_2487	0.0	yeast_GEM_v9_1_0	micro_pilot_processing_20260730:v1.0.0	parsimonious_FBA
r_2488	0.009585424476733882	yeast_GEM_v9_1_0	micro_pilot_processing_20260730:v1.0.0	parsimonious_FBA
r_2489	0.0	yeast_GEM_v9_1_0	micro_pilot_processing_20260730:v1.0.0	parsimonious_FBA
r_2490	0.001096649564675085	yeast_GEM_v9_1_0	micro_pilot_processing_20260730:v1.0.0	parsimonious_FBA
r_2491	0.0	yeast_GEM_v9_1_0	micro_pilot_processing_20260730:v1.0.0	parsimonious_FBA
r_2492	0.014672001517907476	yeast_GEM_v9_1_0	micro_pilot_processing_20260730:v1.0.0	parsimonious_FBA
r_2493	0.0011206636831793814	yeast_GEM_v9_1_0	micro_pilot_processing_20260730:v1.0.0	parsimonious_FBA
r_2494	0.0	yeast_GEM_v9_1_0	micro_pilot_processing_20260730:v1.0.0	parsimonious_FBA
r_2495	0.0	yeast_GEM_v9_1_0	micro_pilot_processing_20260730:v1.0.0	parsimonious_FBA
r_2496	0.009585424476733884	yeast_GEM_v9_1_0	micro_pilot_processing_20260730:v1.0.0	parsimonious_FBA
r_2497	0.0	yeast_GEM_v9_1_0	micro_pilot_processing_20260730:v1.0.0	parsimonious_FBA
r_2498	0.001096649564675085	yeast_GEM_v9_1_0	micro_pilot_processing_20260730:v1.0.0	parsimonious_FBA
r_2499	0.0	yeast_GEM_v9_1_0	micro_pilot_processing_20260730:v1.0.0	parsimonious_FBA
r_2500	0.014672001517907478	yeast_GEM_v9_1_0	micro_pilot_processing_20260730:v1.0.0	parsimonious_FBA
r_2501	0.0011206636831793814	yeast_GEM_v9_1_0	micro_pilot_processing_20260730:v1.0.0	parsimonious_FBA
r_2502	0.0	yeast_GEM_v9_1_0	micro_pilot_processing_20260730:v1.0.0	parsimonious_FBA
r_2503	0.0	yeast_GEM_v9_1_0	micro_pilot_processing_20260730:v1.0.0	parsimonious_FBA
r_2504	0.009585424476733882	yeast_GEM_v9_1_0	micro_pilot_processing_20260730:v1.0.0	parsimonious_FBA
r_2505	0.0	yeast_GEM_v9_1_0	micro_pilot_processing_20260730:v1.0.0	parsimonious_FBA
r_2506	0.0010966495646750852	yeast_GEM_v9_1_0	micro_pilot_processing_20260730:v1.0.0	parsimonious_FBA
r_2507	0.0	yeast_GEM_v9_1_0	micro_pilot_processing_20260730:v1.0.0	parsimonious_FBA
r_2508	0.014672001517907478	yeast_GEM_v9_1_0	micro_pilot_processing_20260730:v1.0.0	parsimonious_FBA
r_2509	0.0011206636831793814	yeast_GEM_v9_1_0	micro_pilot_processing_20260730:v1.0.0	parsimonious_FBA
r_2510	0.0	yeast_GEM_v9_1_0	micro_pilot_processing_20260730:v1.0.0	parsimonious_FBA
r_2511	0.0	yeast_GEM_v9_1_0	micro_pilot_processing_20260730:v1.0.0	parsimonious_FBA
r_2512	0.0	yeast_GEM_v9_1_0	micro_pilot_processing_20260730:v1.0.0	parsimonious_FBA
r_2513	0.0	yeast_GEM_v9_1_0	micro_pilot_processing_20260730:v1.0.0	parsimonious_FBA
r_2514	0.0	yeast_GEM_v9_1_0	micro_pilot_processing_20260730:v1.0.0	parsimonious_FBA
r_2515	0.0	yeast_GEM_v9_1_0	micro_pilot_processing_20260730:v1.0.0	parsimonious_FBA
r_2516	0.0	yeast_GEM_v9_1_0	micro_pilot_processing_20260730:v1.0.0	parsimonious_FBA
r_2517	0.0	yeast_GEM_v9_1_0	micro_pilot_processing_20260730:v1.0.0	parsimonious_FBA
r_2518	0.0	yeast_GEM_v9_1_0	micro_pilot_processing_20260730:v1.0.0	parsimonious_FBA
r_2519	0.0	yeast_GEM_v9_1_0	micro_pilot_processing_20260730:v1.0.0	parsimonious_FBA
r_2520	0.0	yeast_GEM_v9_1_0	micro_pilot_processing_20260730:v1.0.0	parsimonious_FBA
r_2521	0.0	yeast_GEM_v9_1_0	micro_pilot_processing_20260730:v1.0.0	parsimonious_FBA
r_2522	0.0	yeast_GEM_v9_1_0	micro_pilot_processing_20260730:v1.0.0	parsimonious_FBA
r_2523	0.0	yeast_GEM_v9_1_0	micro_pilot_processing_20260730:v1.0.0	parsimonious_FBA
r_2524	0.0	yeast_GEM_v9_1_0	micro_pilot_processing_20260730:v1.0.0	parsimonious_FBA
r_2525	0.0	yeast_GEM_v9_1_0	micro_pilot_processing_20260730:v1.0.0	parsimonious_FBA
r_2526	0.0	yeast_GEM_v9_1_0	micro_pilot_processing_20260730:v1.0.0	parsimonious_FBA
r_2527	0.0	yeast_GEM_v9_1_0	micro_pilot_processing_20260730:v1.0.0	parsimonious_FBA
r_2528	0.0	yeast_GEM_v9_1_0	micro_pilot_processing_20260730:v1.0.0	parsimonious_FBA
r_2529	0.0	yeast_GEM_v9_1_0	micro_pilot_processing_20260730:v1.0.0	parsimonious_FBA
r_2530	0.0	yeast_GEM_v9_1_0	micro_pilot_processing_20260730:v1.0.0	parsimonious_FBA
r_2531	0.0	yeast_GEM_v9_1_0	micro_pilot_processing_20260730:v1.0.0	parsimonious_FBA
r_2532	0.0	yeast_GEM_v9_1_0	micro_pilot_processing_20260730:v1.0.0	parsimonious_FBA
r_2533	0.0	yeast_GEM_v9_1_0	micro_pilot_processing_20260730:v1.0.0	parsimonious_FBA
r_2534	0.0	yeast_GEM_v9_1_0	micro_pilot_processing_20260730:v1.0.0	parsimonious_FBA
r_2535	0.0	yeast_GEM_v9_1_0	micro_pilot_processing_20260730:v1.0.0	parsimonious_FBA
r_2536	0.0	yeast_GEM_v9_1_0	micro_pilot_processing_20260730:v1.0.0	parsimonious_FBA
r_2537	4.703114622552009e-28	yeast_GEM_v9_1_0	micro_pilot_processing_20260730:v1.0.0	parsimonious_FBA
r_2538	-4.703114622552009e-28	yeast_GEM_v9_1_0	micro_pilot_processing_20260730:v1.0.0	parsimonious_FBA
r_2539	0.0	yeast_GEM_v9_1_0	micro_pilot_processing_20260730:v1.0.0	parsimonious_FBA
r_2540	0.0	yeast_GEM_v9_1_0	micro_pilot_processing_20260730:v1.0.0	parsimonious_FBA
r_2541	0.0	yeast_GEM_v9_1_0	micro_pilot_processing_20260730:v1.0.0	parsimonious_FBA
r_2542	0.0	yeast_GEM_v9_1_0	micro_pilot_processing_20260730:v1.0.0	parsimonious_FBA
r_2543	4.703114622552009e-28	yeast_GEM_v9_1_0	micro_pilot_processing_20260730:v1.0.0	parsimonious_FBA
r_2544	-4.703114622552009e-28	yeast_GEM_v9_1_0	micro_pilot_processing_20260730:v1.0.0	parsimonious_FBA
r_2545	0.0	yeast_GEM_v9_1_0	micro_pilot_processing_20260730:v1.0.0	parsimonious_FBA
r_2546	0.0	yeast_GEM_v9_1_0	micro_pilot_processing_20260730:v1.0.0	parsimonious_FBA
r_2547	0.0	yeast_GEM_v9_1_0	micro_pilot_processing_20260730:v1.0.0	parsimonious_FBA
r_2548	0.0	yeast_GEM_v9_1_0	micro_pilot_processing_20260730:v1.0.0	parsimonious_FBA
r_2549	0.0	yeast_GEM_v9_1_0	micro_pilot_processing_20260730:v1.0.0	parsimonious_FBA
r_2550	0.0	yeast_GEM_v9_1_0	micro_pilot_processing_20260730:v1.0.0	parsimonious_FBA
r_2551	0.0	yeast_GEM_v9_1_0	micro_pilot_processing_20260730:v1.0.0	parsimonious_FBA
r_2552	0.0	yeast_GEM_v9_1_0	micro_pilot_processing_20260730:v1.0.0	parsimonious_FBA
r_2553	0.0	yeast_GEM_v9_1_0	micro_pilot_processing_20260730:v1.0.0	parsimonious_FBA
r_2554	0.0	yeast_GEM_v9_1_0	micro_pilot_processing_20260730:v1.0.0	parsimonious_FBA
r_2555	0.0	yeast_GEM_v9_1_0	micro_pilot_processing_20260730:v1.0.0	parsimonious_FBA
r_2556	0.0	yeast_GEM_v9_1_0	micro_pilot_processing_20260730:v1.0.0	parsimonious_FBA
r_2557	0.0	yeast_GEM_v9_1_0	micro_pilot_processing_20260730:v1.0.0	parsimonious_FBA
r_2558	0.0	yeast_GEM_v9_1_0	micro_pilot_processing_20260730:v1.0.0	parsimonious_FBA
r_2559	0.0	yeast_GEM_v9_1_0	micro_pilot_processing_20260730:v1.0.0	parsimonious_FBA
r_2560	0.0	yeast_GEM_v9_1_0	micro_pilot_processing_20260730:v1.0.0	parsimonious_FBA
r_2561	0.0	yeast_GEM_v9_1_0	micro_pilot_processing_20260730:v1.0.0	parsimonious_FBA
r_2562	0.0	yeast_GEM_v9_1_0	micro_pilot_processing_20260730:v1.0.0	parsimonious_FBA
r_2563	0.0	yeast_GEM_v9_1_0	micro_pilot_processing_20260730:v1.0.0	parsimonious_FBA
r_2564	0.0	yeast_GEM_v9_1_0	micro_pilot_processing_20260730:v1.0.0	parsimonious_FBA
r_2565	0.0	yeast_GEM_v9_1_0	micro_pilot_processing_20260730:v1.0.0	parsimonious_FBA
r_2566	0.0	yeast_GEM_v9_1_0	micro_pilot_processing_20260730:v1.0.0	parsimonious_FBA
r_2567	0.0	yeast_GEM_v9_1_0	micro_pilot_processing_20260730:v1.0.0	parsimonious_FBA
r_2568	0.0	yeast_GEM_v9_1_0	micro_pilot_processing_20260730:v1.0.0	parsimonious_FBA
r_2569	0.0	yeast_GEM_v9_1_0	micro_pilot_processing_20260730:v1.0.0	parsimonious_FBA
r_2570	0.0	yeast_GEM_v9_1_0	micro_pilot_processing_20260730:v1.0.0	parsimonious_FBA
r_2571	0.0	yeast_GEM_v9_1_0	micro_pilot_processing_20260730:v1.0.0	parsimonious_FBA
r_2572	0.0	yeast_GEM_v9_1_0	micro_pilot_processing_20260730:v1.0.0	parsimonious_FBA
r_2573	0.0	yeast_GEM_v9_1_0	micro_pilot_processing_20260730:v1.0.0	parsimonious_FBA
r_2574	0.0	yeast_GEM_v9_1_0	micro_pilot_processing_20260730:v1.0.0	parsimonious_FBA
r_2575	0.0	yeast_GEM_v9_1_0	micro_pilot_processing_20260730:v1.0.0	parsimonious_FBA
r_2576	0.0	yeast_GEM_v9_1_0	micro_pilot_processing_20260730:v1.0.0	parsimonious_FBA
r_2577	0.0	yeast_GEM_v9_1_0	micro_pilot_processing_20260730:v1.0.0	parsimonious_FBA
r_2578	0.0	yeast_GEM_v9_1_0	micro_pilot_processing_20260730:v1.0.0	parsimonious_FBA
r_2579	0.0	yeast_GEM_v9_1_0	micro_pilot_processing_20260730:v1.0.0	parsimonious_FBA
r_2580	0.0	yeast_GEM_v9_1_0	micro_pilot_processing_20260730:v1.0.0	parsimonious_FBA
r_2581	0.0	yeast_GEM_v9_1_0	micro_pilot_processing_20260730:v1.0.0	parsimonious_FBA
r_2582	0.0	yeast_GEM_v9_1_0	micro_pilot_processing_20260730:v1.0.0	parsimonious_FBA
r_2583	0.0	yeast_GEM_v9_1_0	micro_pilot_processing_20260730:v1.0.0	parsimonious_FBA
r_2584	0.0	yeast_GEM_v9_1_0	micro_pilot_processing_20260730:v1.0.0	parsimonious_FBA
r_2585	0.0	yeast_GEM_v9_1_0	micro_pilot_processing_20260730:v1.0.0	parsimonious_FBA
r_2586	0.0	yeast_GEM_v9_1_0	micro_pilot_processing_20260730:v1.0.0	parsimonious_FBA
r_2587	0.0	yeast_GEM_v9_1_0	micro_pilot_processing_20260730:v1.0.0	parsimonious_FBA
r_2588	0.0	yeast_GEM_v9_1_0	micro_pilot_processing_20260730:v1.0.0	parsimonious_FBA
r_2589	0.0	yeast_GEM_v9_1_0	micro_pilot_processing_20260730:v1.0.0	parsimonious_FBA
r_2590	0.0	yeast_GEM_v9_1_0	micro_pilot_processing_20260730:v1.0.0	parsimonious_FBA
r_2591	0.0	yeast_GEM_v9_1_0	micro_pilot_processing_20260730:v1.0.0	parsimonious_FBA
r_2592	0.0	yeast_GEM_v9_1_0	micro_pilot_processing_20260730:v1.0.0	parsimonious_FBA
r_2593	0.0	yeast_GEM_v9_1_0	micro_pilot_processing_20260730:v1.0.0	parsimonious_FBA
r_2594	0.0	yeast_GEM_v9_1_0	micro_pilot_processing_20260730:v1.0.0	parsimonious_FBA
r_2595	0.0	yeast_GEM_v9_1_0	micro_pilot_processing_20260730:v1.0.0	parsimonious_FBA
r_2596	0.0	yeast_GEM_v9_1_0	micro_pilot_processing_20260730:v1.0.0	parsimonious_FBA
r_2597	0.0	yeast_GEM_v9_1_0	micro_pilot_processing_20260730:v1.0.0	parsimonious_FBA
r_2598	0.0	yeast_GEM_v9_1_0	micro_pilot_processing_20260730:v1.0.0	parsimonious_FBA
r_2599	0.0	yeast_GEM_v9_1_0	micro_pilot_processing_20260730:v1.0.0	parsimonious_FBA
r_2600	0.0	yeast_GEM_v9_1_0	micro_pilot_processing_20260730:v1.0.0	parsimonious_FBA
r_2601	0.0	yeast_GEM_v9_1_0	micro_pilot_processing_20260730:v1.0.0	parsimonious_FBA
r_2602	0.0	yeast_GEM_v9_1_0	micro_pilot_processing_20260730:v1.0.0	parsimonious_FBA
r_2603	0.0	yeast_GEM_v9_1_0	micro_pilot_processing_20260730:v1.0.0	parsimonious_FBA
r_2604	0.0	yeast_GEM_v9_1_0	micro_pilot_processing_20260730:v1.0.0	parsimonious_FBA
r_2605	0.0	yeast_GEM_v9_1_0	micro_pilot_processing_20260730:v1.0.0	parsimonious_FBA
r_2606	0.0	yeast_GEM_v9_1_0	micro_pilot_processing_20260730:v1.0.0	parsimonious_FBA
r_2607	0.0	yeast_GEM_v9_1_0	micro_pilot_processing_20260730:v1.0.0	parsimonious_FBA
r_2608	0.0	yeast_GEM_v9_1_0	micro_pilot_processing_20260730:v1.0.0	parsimonious_FBA
r_2609	0.0	yeast_GEM_v9_1_0	micro_pilot_processing_20260730:v1.0.0	parsimonious_FBA
r_2610	0.0	yeast_GEM_v9_1_0	micro_pilot_processing_20260730:v1.0.0	parsimonious_FBA
r_2611	0.0	yeast_GEM_v9_1_0	micro_pilot_processing_20260730:v1.0.0	parsimonious_FBA
r_2612	0.0	yeast_GEM_v9_1_0	micro_pilot_processing_20260730:v1.0.0	parsimonious_FBA
r_2613	0.0	yeast_GEM_v9_1_0	micro_pilot_processing_20260730:v1.0.0	parsimonious_FBA
r_2614	0.0	yeast_GEM_v9_1_0	micro_pilot_processing_20260730:v1.0.0	parsimonious_FBA
r_2615	0.0	yeast_GEM_v9_1_0	micro_pilot_processing_20260730:v1.0.0	parsimonious_FBA
r_2616	0.0	yeast_GEM_v9_1_0	micro_pilot_processing_20260730:v1.0.0	parsimonious_FBA
r_2617	0.0	yeast_GEM_v9_1_0	micro_pilot_processing_20260730:v1.0.0	parsimonious_FBA
r_2618	0.0	yeast_GEM_v9_1_0	micro_pilot_processing_20260730:v1.0.0	parsimonious_FBA
r_2619	0.0	yeast_GEM_v9_1_0	micro_pilot_processing_20260730:v1.0.0	parsimonious_FBA
r_2620	0.0	yeast_GEM_v9_1_0	micro_pilot_processing_20260730:v1.0.0	parsimonious_FBA
r_2621	0.0	yeast_GEM_v9_1_0	micro_pilot_processing_20260730:v1.0.0	parsimonious_FBA
r_2622	0.0	yeast_GEM_v9_1_0	micro_pilot_processing_20260730:v1.0.0	parsimonious_FBA
r_2623	0.0	yeast_GEM_v9_1_0	micro_pilot_processing_20260730:v1.0.0	parsimonious_FBA
r_2624	0.0	yeast_GEM_v9_1_0	micro_pilot_processing_20260730:v1.0.0	parsimonious_FBA
r_2625	0.0	yeast_GEM_v9_1_0	micro_pilot_processing_20260730:v1.0.0	parsimonious_FBA
r_2626	0.0	yeast_GEM_v9_1_0	micro_pilot_processing_20260730:v1.0.0	parsimonious_FBA
r_2627	0.0	yeast_GEM_v9_1_0	micro_pilot_processing_20260730:v1.0.0	parsimonious_FBA
r_2628	0.0	yeast_GEM_v9_1_0	micro_pilot_processing_20260730:v1.0.0	parsimonious_FBA
r_2629	0.0	yeast_GEM_v9_1_0	micro_pilot_processing_20260730:v1.0.0	parsimonious_FBA
r_2630	0.0	yeast_GEM_v9_1_0	micro_pilot_processing_20260730:v1.0.0	parsimonious_FBA
r_2631	0.0	yeast_GEM_v9_1_0	micro_pilot_processing_20260730:v1.0.0	parsimonious_FBA
r_2632	0.0	yeast_GEM_v9_1_0	micro_pilot_processing_20260730:v1.0.0	parsimonious_FBA
r_2633	0.0	yeast_GEM_v9_1_0	micro_pilot_processing_20260730:v1.0.0	parsimonious_FBA
r_2634	0.0	yeast_GEM_v9_1_0	micro_pilot_processing_20260730:v1.0.0	parsimonious_FBA
r_2635	0.0	yeast_GEM_v9_1_0	micro_pilot_processing_20260730:v1.0.0	parsimonious_FBA
r_2636	0.0	yeast_GEM_v9_1_0	micro_pilot_processing_20260730:v1.0.0	parsimonious_FBA
r_2637	0.0	yeast_GEM_v9_1_0	micro_pilot_processing_20260730:v1.0.0	parsimonious_FBA
r_2638	0.0	yeast_GEM_v9_1_0	micro_pilot_processing_20260730:v1.0.0	parsimonious_FBA
r_2639	0.0	yeast_GEM_v9_1_0	micro_pilot_processing_20260730:v1.0.0	parsimonious_FBA
r_2640	0.0	yeast_GEM_v9_1_0	micro_pilot_processing_20260730:v1.0.0	parsimonious_FBA
r_2641	0.0	yeast_GEM_v9_1_0	micro_pilot_processing_20260730:v1.0.0	parsimonious_FBA
r_2642	0.0	yeast_GEM_v9_1_0	micro_pilot_processing_20260730:v1.0.0	parsimonious_FBA
r_2643	0.0	yeast_GEM_v9_1_0	micro_pilot_processing_20260730:v1.0.0	parsimonious_FBA
r_2644	0.0	yeast_GEM_v9_1_0	micro_pilot_processing_20260730:v1.0.0	parsimonious_FBA
r_2645	0.0	yeast_GEM_v9_1_0	micro_pilot_processing_20260730:v1.0.0	parsimonious_FBA
r_2646	0.0	yeast_GEM_v9_1_0	micro_pilot_processing_20260730:v1.0.0	parsimonious_FBA
r_2647	0.0	yeast_GEM_v9_1_0	micro_pilot_processing_20260730:v1.0.0	parsimonious_FBA
r_2648	0.0	yeast_GEM_v9_1_0	micro_pilot_processing_20260730:v1.0.0	parsimonious_FBA
r_2649	0.0	yeast_GEM_v9_1_0	micro_pilot_processing_20260730:v1.0.0	parsimonious_FBA
r_2650	0.0	yeast_GEM_v9_1_0	micro_pilot_processing_20260730:v1.0.0	parsimonious_FBA
r_2651	0.0	yeast_GEM_v9_1_0	micro_pilot_processing_20260730:v1.0.0	parsimonious_FBA
r_2652	0.0	yeast_GEM_v9_1_0	micro_pilot_processing_20260730:v1.0.0	parsimonious_FBA
r_2653	0.0	yeast_GEM_v9_1_0	micro_pilot_processing_20260730:v1.0.0	parsimonious_FBA
r_2654	0.0	yeast_GEM_v9_1_0	micro_pilot_processing_20260730:v1.0.0	parsimonious_FBA
r_2655	0.0	yeast_GEM_v9_1_0	micro_pilot_processing_20260730:v1.0.0	parsimonious_FBA
r_2656	0.0	yeast_GEM_v9_1_0	micro_pilot_processing_20260730:v1.0.0	parsimonious_FBA
r_2657	0.0	yeast_GEM_v9_1_0	micro_pilot_processing_20260730:v1.0.0	parsimonious_FBA
r_2658	0.0	yeast_GEM_v9_1_0	micro_pilot_processing_20260730:v1.0.0	parsimonious_FBA
r_2659	0.0	yeast_GEM_v9_1_0	micro_pilot_processing_20260730:v1.0.0	parsimonious_FBA
r_2660	0.0	yeast_GEM_v9_1_0	micro_pilot_processing_20260730:v1.0.0	parsimonious_FBA
r_2661	0.0	yeast_GEM_v9_1_0	micro_pilot_processing_20260730:v1.0.0	parsimonious_FBA
r_2662	0.0	yeast_GEM_v9_1_0	micro_pilot_processing_20260730:v1.0.0	parsimonious_FBA
r_2663	0.0	yeast_GEM_v9_1_0	micro_pilot_processing_20260730:v1.0.0	parsimonious_FBA
r_2664	0.0	yeast_GEM_v9_1_0	micro_pilot_processing_20260730:v1.0.0	parsimonious_FBA
r_2665	0.0	yeast_GEM_v9_1_0	micro_pilot_processing_20260730:v1.0.0	parsimonious_FBA
r_2666	0.0	yeast_GEM_v9_1_0	micro_pilot_processing_20260730:v1.0.0	parsimonious_FBA
r_2667	0.0	yeast_GEM_v9_1_0	micro_pilot_processing_20260730:v1.0.0	parsimonious_FBA
r_2668	0.0	yeast_GEM_v9_1_0	micro_pilot_processing_20260730:v1.0.0	parsimonious_FBA
r_2669	0.0	yeast_GEM_v9_1_0	micro_pilot_processing_20260730:v1.0.0	parsimonious_FBA
r_2670	0.0	yeast_GEM_v9_1_0	micro_pilot_processing_20260730:v1.0.0	parsimonious_FBA
r_2671	0.0	yeast_GEM_v9_1_0	micro_pilot_processing_20260730:v1.0.0	parsimonious_FBA
r_2672	0.0	yeast_GEM_v9_1_0	micro_pilot_processing_20260730:v1.0.0	parsimonious_FBA
r_2673	0.0	yeast_GEM_v9_1_0	micro_pilot_processing_20260730:v1.0.0	parsimonious_FBA
r_2674	0.0	yeast_GEM_v9_1_0	micro_pilot_processing_20260730:v1.0.0	parsimonious_FBA
r_2675	0.0	yeast_GEM_v9_1_0	micro_pilot_processing_20260730:v1.0.0	parsimonious_FBA
r_2676	0.0	yeast_GEM_v9_1_0	micro_pilot_processing_20260730:v1.0.0	parsimonious_FBA
r_2677	0.0	yeast_GEM_v9_1_0	micro_pilot_processing_20260730:v1.0.0	parsimonious_FBA
r_2678	0.0	yeast_GEM_v9_1_0	micro_pilot_processing_20260730:v1.0.0	parsimonious_FBA
r_2679	0.0	yeast_GEM_v9_1_0	micro_pilot_processing_20260730:v1.0.0	parsimonious_FBA
r_2680	0.0	yeast_GEM_v9_1_0	micro_pilot_processing_20260730:v1.0.0	parsimonious_FBA
r_2681	0.0	yeast_GEM_v9_1_0	micro_pilot_processing_20260730:v1.0.0	parsimonious_FBA
r_2682	0.0	yeast_GEM_v9_1_0	micro_pilot_processing_20260730:v1.0.0	parsimonious_FBA
r_2683	0.0	yeast_GEM_v9_1_0	micro_pilot_processing_20260730:v1.0.0	parsimonious_FBA
r_2684	0.0	yeast_GEM_v9_1_0	micro_pilot_processing_20260730:v1.0.0	parsimonious_FBA
r_2685	0.0	yeast_GEM_v9_1_0	micro_pilot_processing_20260730:v1.0.0	parsimonious_FBA
r_2686	0.0	yeast_GEM_v9_1_0	micro_pilot_processing_20260730:v1.0.0	parsimonious_FBA
r_2687	0.0	yeast_GEM_v9_1_0	micro_pilot_processing_20260730:v1.0.0	parsimonious_FBA
r_2688	0.0	yeast_GEM_v9_1_0	micro_pilot_processing_20260730:v1.0.0	parsimonious_FBA
r_2689	0.0	yeast_GEM_v9_1_0	micro_pilot_processing_20260730:v1.0.0	parsimonious_FBA
r_2690	0.0	yeast_GEM_v9_1_0	micro_pilot_processing_20260730:v1.0.0	parsimonious_FBA
r_2691	0.0	yeast_GEM_v9_1_0	micro_pilot_processing_20260730:v1.0.0	parsimonious_FBA
r_2692	0.0	yeast_GEM_v9_1_0	micro_pilot_processing_20260730:v1.0.0	parsimonious_FBA
r_2693	0.0	yeast_GEM_v9_1_0	micro_pilot_processing_20260730:v1.0.0	parsimonious_FBA
r_2694	0.0	yeast_GEM_v9_1_0	micro_pilot_processing_20260730:v1.0.0	parsimonious_FBA
r_2695	0.0	yeast_GEM_v9_1_0	micro_pilot_processing_20260730:v1.0.0	parsimonious_FBA
r_2696	0.0	yeast_GEM_v9_1_0	micro_pilot_processing_20260730:v1.0.0	parsimonious_FBA
r_2697	0.0	yeast_GEM_v9_1_0	micro_pilot_processing_20260730:v1.0.0	parsimonious_FBA
r_2698	0.0	yeast_GEM_v9_1_0	micro_pilot_processing_20260730:v1.0.0	parsimonious_FBA
r_2699	0.0	yeast_GEM_v9_1_0	micro_pilot_processing_20260730:v1.0.0	parsimonious_FBA
r_2700	0.0	yeast_GEM_v9_1_0	micro_pilot_processing_20260730:v1.0.0	parsimonious_FBA
r_2701	0.0	yeast_GEM_v9_1_0	micro_pilot_processing_20260730:v1.0.0	parsimonious_FBA
r_2702	0.0	yeast_GEM_v9_1_0	micro_pilot_processing_20260730:v1.0.0	parsimonious_FBA
r_2703	0.0	yeast_GEM_v9_1_0	micro_pilot_processing_20260730:v1.0.0	parsimonious_FBA
r_2704	0.0	yeast_GEM_v9_1_0	micro_pilot_processing_20260730:v1.0.0	parsimonious_FBA
r_2705	0.0	yeast_GEM_v9_1_0	micro_pilot_processing_20260730:v1.0.0	parsimonious_FBA
r_2706	0.0	yeast_GEM_v9_1_0	micro_pilot_processing_20260730:v1.0.0	parsimonious_FBA
r_2707	0.0	yeast_GEM_v9_1_0	micro_pilot_processing_20260730:v1.0.0	parsimonious_FBA
r_2708	0.0	yeast_GEM_v9_1_0	micro_pilot_processing_20260730:v1.0.0	parsimonious_FBA
r_2709	0.0	yeast_GEM_v9_1_0	micro_pilot_processing_20260730:v1.0.0	parsimonious_FBA
r_2710	0.0	yeast_GEM_v9_1_0	micro_pilot_processing_20260730:v1.0.0	parsimonious_FBA
r_2711	0.0	yeast_GEM_v9_1_0	micro_pilot_processing_20260730:v1.0.0	parsimonious_FBA
r_2712	0.0	yeast_GEM_v9_1_0	micro_pilot_processing_20260730:v1.0.0	parsimonious_FBA
r_2713	0.0	yeast_GEM_v9_1_0	micro_pilot_processing_20260730:v1.0.0	parsimonious_FBA
r_2714	0.0	yeast_GEM_v9_1_0	micro_pilot_processing_20260730:v1.0.0	parsimonious_FBA
r_2715	0.0	yeast_GEM_v9_1_0	micro_pilot_processing_20260730:v1.0.0	parsimonious_FBA
r_2716	0.0	yeast_GEM_v9_1_0	micro_pilot_processing_20260730:v1.0.0	parsimonious_FBA
r_2717	0.0	yeast_GEM_v9_1_0	micro_pilot_processing_20260730:v1.0.0	parsimonious_FBA
r_2718	0.0	yeast_GEM_v9_1_0	micro_pilot_processing_20260730:v1.0.0	parsimonious_FBA
r_2719	0.0	yeast_GEM_v9_1_0	micro_pilot_processing_20260730:v1.0.0	parsimonious_FBA
r_2720	0.0	yeast_GEM_v9_1_0	micro_pilot_processing_20260730:v1.0.0	parsimonious_FBA
r_2721	0.0	yeast_GEM_v9_1_0	micro_pilot_processing_20260730:v1.0.0	parsimonious_FBA
r_2722	0.0	yeast_GEM_v9_1_0	micro_pilot_processing_20260730:v1.0.0	parsimonious_FBA
r_2723	0.0	yeast_GEM_v9_1_0	micro_pilot_processing_20260730:v1.0.0	parsimonious_FBA
r_2724	0.0	yeast_GEM_v9_1_0	micro_pilot_processing_20260730:v1.0.0	parsimonious_FBA
r_2725	0.0	yeast_GEM_v9_1_0	micro_pilot_processing_20260730:v1.0.0	parsimonious_FBA
r_2726	0.0	yeast_GEM_v9_1_0	micro_pilot_processing_20260730:v1.0.0	parsimonious_FBA
r_2727	0.0	yeast_GEM_v9_1_0	micro_pilot_processing_20260730:v1.0.0	parsimonious_FBA
r_2728	0.0	yeast_GEM_v9_1_0	micro_pilot_processing_20260730:v1.0.0	parsimonious_FBA
r_2729	0.0	yeast_GEM_v9_1_0	micro_pilot_processing_20260730:v1.0.0	parsimonious_FBA
r_2730	0.0	yeast_GEM_v9_1_0	micro_pilot_processing_20260730:v1.0.0	parsimonious_FBA
r_2731	0.0	yeast_GEM_v9_1_0	micro_pilot_processing_20260730:v1.0.0	parsimonious_FBA
r_2732	0.0	yeast_GEM_v9_1_0	micro_pilot_processing_20260730:v1.0.0	parsimonious_FBA
r_2733	0.0	yeast_GEM_v9_1_0	micro_pilot_processing_20260730:v1.0.0	parsimonious_FBA
r_2734	0.0	yeast_GEM_v9_1_0	micro_pilot_processing_20260730:v1.0.0	parsimonious_FBA
r_2735	0.0	yeast_GEM_v9_1_0	micro_pilot_processing_20260730:v1.0.0	parsimonious_FBA
r_2736	0.0	yeast_GEM_v9_1_0	micro_pilot_processing_20260730:v1.0.0	parsimonious_FBA
r_2737	0.0	yeast_GEM_v9_1_0	micro_pilot_processing_20260730:v1.0.0	parsimonious_FBA
r_2738	0.0	yeast_GEM_v9_1_0	micro_pilot_processing_20260730:v1.0.0	parsimonious_FBA
r_2739	0.0	yeast_GEM_v9_1_0	micro_pilot_processing_20260730:v1.0.0	parsimonious_FBA
r_2740	0.0	yeast_GEM_v9_1_0	micro_pilot_processing_20260730:v1.0.0	parsimonious_FBA
r_2741	0.0	yeast_GEM_v9_1_0	micro_pilot_processing_20260730:v1.0.0	parsimonious_FBA
r_2742	0.0	yeast_GEM_v9_1_0	micro_pilot_processing_20260730:v1.0.0	parsimonious_FBA
r_2743	0.0	yeast_GEM_v9_1_0	micro_pilot_processing_20260730:v1.0.0	parsimonious_FBA
r_2744	0.0	yeast_GEM_v9_1_0	micro_pilot_processing_20260730:v1.0.0	parsimonious_FBA
r_2745	0.0	yeast_GEM_v9_1_0	micro_pilot_processing_20260730:v1.0.0	parsimonious_FBA
r_2746	0.0	yeast_GEM_v9_1_0	micro_pilot_processing_20260730:v1.0.0	parsimonious_FBA
r_2747	0.0	yeast_GEM_v9_1_0	micro_pilot_processing_20260730:v1.0.0	parsimonious_FBA
r_2748	0.0	yeast_GEM_v9_1_0	micro_pilot_processing_20260730:v1.0.0	parsimonious_FBA
r_2749	0.0	yeast_GEM_v9_1_0	micro_pilot_processing_20260730:v1.0.0	parsimonious_FBA
r_2750	0.0	yeast_GEM_v9_1_0	micro_pilot_processing_20260730:v1.0.0	parsimonious_FBA
r_2751	0.0	yeast_GEM_v9_1_0	micro_pilot_processing_20260730:v1.0.0	parsimonious_FBA
r_2752	0.0	yeast_GEM_v9_1_0	micro_pilot_processing_20260730:v1.0.0	parsimonious_FBA
r_2753	0.0	yeast_GEM_v9_1_0	micro_pilot_processing_20260730:v1.0.0	parsimonious_FBA
r_2754	0.0	yeast_GEM_v9_1_0	micro_pilot_processing_20260730:v1.0.0	parsimonious_FBA
r_2755	0.0	yeast_GEM_v9_1_0	micro_pilot_processing_20260730:v1.0.0	parsimonious_FBA
r_2756	0.0	yeast_GEM_v9_1_0	micro_pilot_processing_20260730:v1.0.0	parsimonious_FBA
r_2757	0.0	yeast_GEM_v9_1_0	micro_pilot_processing_20260730:v1.0.0	parsimonious_FBA
r_2758	0.0	yeast_GEM_v9_1_0	micro_pilot_processing_20260730:v1.0.0	parsimonious_FBA
r_2759	0.0	yeast_GEM_v9_1_0	micro_pilot_processing_20260730:v1.0.0	parsimonious_FBA
r_2760	0.0	yeast_GEM_v9_1_0	micro_pilot_processing_20260730:v1.0.0	parsimonious_FBA
r_2761	0.0	yeast_GEM_v9_1_0	micro_pilot_processing_20260730:v1.0.0	parsimonious_FBA
r_2762	0.0	yeast_GEM_v9_1_0	micro_pilot_processing_20260730:v1.0.0	parsimonious_FBA
r_2763	0.0	yeast_GEM_v9_1_0	micro_pilot_processing_20260730:v1.0.0	parsimonious_FBA
r_2764	0.0	yeast_GEM_v9_1_0	micro_pilot_processing_20260730:v1.0.0	parsimonious_FBA
r_2765	0.0	yeast_GEM_v9_1_0	micro_pilot_processing_20260730:v1.0.0	parsimonious_FBA
r_2766	0.0	yeast_GEM_v9_1_0	micro_pilot_processing_20260730:v1.0.0	parsimonious_FBA
r_2767	0.0	yeast_GEM_v9_1_0	micro_pilot_processing_20260730:v1.0.0	parsimonious_FBA
r_2768	0.0	yeast_GEM_v9_1_0	micro_pilot_processing_20260730:v1.0.0	parsimonious_FBA
r_2769	0.0	yeast_GEM_v9_1_0	micro_pilot_processing_20260730:v1.0.0	parsimonious_FBA
r_2770	0.0	yeast_GEM_v9_1_0	micro_pilot_processing_20260730:v1.0.0	parsimonious_FBA
r_2771	0.0	yeast_GEM_v9_1_0	micro_pilot_processing_20260730:v1.0.0	parsimonious_FBA
r_2772	0.0	yeast_GEM_v9_1_0	micro_pilot_processing_20260730:v1.0.0	parsimonious_FBA
r_2773	0.0	yeast_GEM_v9_1_0	micro_pilot_processing_20260730:v1.0.0	parsimonious_FBA
r_2774	0.0	yeast_GEM_v9_1_0	micro_pilot_processing_20260730:v1.0.0	parsimonious_FBA
r_2775	0.0	yeast_GEM_v9_1_0	micro_pilot_processing_20260730:v1.0.0	parsimonious_FBA
r_2776	0.0	yeast_GEM_v9_1_0	micro_pilot_processing_20260730:v1.0.0	parsimonious_FBA
r_2777	0.0	yeast_GEM_v9_1_0	micro_pilot_processing_20260730:v1.0.0	parsimonious_FBA
r_2778	0.0	yeast_GEM_v9_1_0	micro_pilot_processing_20260730:v1.0.0	parsimonious_FBA
r_2779	0.0	yeast_GEM_v9_1_0	micro_pilot_processing_20260730:v1.0.0	parsimonious_FBA
r_2780	0.0	yeast_GEM_v9_1_0	micro_pilot_processing_20260730:v1.0.0	parsimonious_FBA
r_2781	0.0	yeast_GEM_v9_1_0	micro_pilot_processing_20260730:v1.0.0	parsimonious_FBA
r_2782	0.0	yeast_GEM_v9_1_0	micro_pilot_processing_20260730:v1.0.0	parsimonious_FBA
r_2783	0.0	yeast_GEM_v9_1_0	micro_pilot_processing_20260730:v1.0.0	parsimonious_FBA
r_2784	0.0	yeast_GEM_v9_1_0	micro_pilot_processing_20260730:v1.0.0	parsimonious_FBA
r_2785	0.0	yeast_GEM_v9_1_0	micro_pilot_processing_20260730:v1.0.0	parsimonious_FBA
r_2786	0.0	yeast_GEM_v9_1_0	micro_pilot_processing_20260730:v1.0.0	parsimonious_FBA
r_2787	0.0	yeast_GEM_v9_1_0	micro_pilot_processing_20260730:v1.0.0	parsimonious_FBA
r_2788	0.0	yeast_GEM_v9_1_0	micro_pilot_processing_20260730:v1.0.0	parsimonious_FBA
r_2789	0.0	yeast_GEM_v9_1_0	micro_pilot_processing_20260730:v1.0.0	parsimonious_FBA
r_2790	0.0	yeast_GEM_v9_1_0	micro_pilot_processing_20260730:v1.0.0	parsimonious_FBA
r_2791	0.0	yeast_GEM_v9_1_0	micro_pilot_processing_20260730:v1.0.0	parsimonious_FBA
r_2792	0.0	yeast_GEM_v9_1_0	micro_pilot_processing_20260730:v1.0.0	parsimonious_FBA
r_2793	0.0	yeast_GEM_v9_1_0	micro_pilot_processing_20260730:v1.0.0	parsimonious_FBA
r_2794	0.0	yeast_GEM_v9_1_0	micro_pilot_processing_20260730:v1.0.0	parsimonious_FBA
r_2795	0.0	yeast_GEM_v9_1_0	micro_pilot_processing_20260730:v1.0.0	parsimonious_FBA
r_2796	0.0	yeast_GEM_v9_1_0	micro_pilot_processing_20260730:v1.0.0	parsimonious_FBA
r_2797	0.0	yeast_GEM_v9_1_0	micro_pilot_processing_20260730:v1.0.0	parsimonious_FBA
r_2798	0.0	yeast_GEM_v9_1_0	micro_pilot_processing_20260730:v1.0.0	parsimonious_FBA
r_2799	0.0	yeast_GEM_v9_1_0	micro_pilot_processing_20260730:v1.0.0	parsimonious_FBA
r_2800	0.0	yeast_GEM_v9_1_0	micro_pilot_processing_20260730:v1.0.0	parsimonious_FBA
r_2801	0.0	yeast_GEM_v9_1_0	micro_pilot_processing_20260730:v1.0.0	parsimonious_FBA
r_2802	0.0	yeast_GEM_v9_1_0	micro_pilot_processing_20260730:v1.0.0	parsimonious_FBA
r_2803	0.0	yeast_GEM_v9_1_0	micro_pilot_processing_20260730:v1.0.0	parsimonious_FBA
r_2804	0.0	yeast_GEM_v9_1_0	micro_pilot_processing_20260730:v1.0.0	parsimonious_FBA
r_2805	0.0	yeast_GEM_v9_1_0	micro_pilot_processing_20260730:v1.0.0	parsimonious_FBA
r_2806	0.0	yeast_GEM_v9_1_0	micro_pilot_processing_20260730:v1.0.0	parsimonious_FBA
r_2807	0.0	yeast_GEM_v9_1_0	micro_pilot_processing_20260730:v1.0.0	parsimonious_FBA
r_2808	0.0	yeast_GEM_v9_1_0	micro_pilot_processing_20260730:v1.0.0	parsimonious_FBA
r_2809	0.0	yeast_GEM_v9_1_0	micro_pilot_processing_20260730:v1.0.0	parsimonious_FBA
r_2810	0.0	yeast_GEM_v9_1_0	micro_pilot_processing_20260730:v1.0.0	parsimonious_FBA
r_2811	0.0	yeast_GEM_v9_1_0	micro_pilot_processing_20260730:v1.0.0	parsimonious_FBA
r_2812	0.0	yeast_GEM_v9_1_0	micro_pilot_processing_20260730:v1.0.0	parsimonious_FBA
r_2813	0.0	yeast_GEM_v9_1_0	micro_pilot_processing_20260730:v1.0.0	parsimonious_FBA
r_2814	0.0	yeast_GEM_v9_1_0	micro_pilot_processing_20260730:v1.0.0	parsimonious_FBA
r_2815	0.0	yeast_GEM_v9_1_0	micro_pilot_processing_20260730:v1.0.0	parsimonious_FBA
r_2816	0.0	yeast_GEM_v9_1_0	micro_pilot_processing_20260730:v1.0.0	parsimonious_FBA
r_2817	0.0	yeast_GEM_v9_1_0	micro_pilot_processing_20260730:v1.0.0	parsimonious_FBA
r_2818	0.0	yeast_GEM_v9_1_0	micro_pilot_processing_20260730:v1.0.0	parsimonious_FBA
r_2819	0.0	yeast_GEM_v9_1_0	micro_pilot_processing_20260730:v1.0.0	parsimonious_FBA
r_2820	0.0	yeast_GEM_v9_1_0	micro_pilot_processing_20260730:v1.0.0	parsimonious_FBA
r_2821	0.0	yeast_GEM_v9_1_0	micro_pilot_processing_20260730:v1.0.0	parsimonious_FBA
r_2822	0.0	yeast_GEM_v9_1_0	micro_pilot_processing_20260730:v1.0.0	parsimonious_FBA
r_2823	0.0	yeast_GEM_v9_1_0	micro_pilot_processing_20260730:v1.0.0	parsimonious_FBA
r_2824	0.0	yeast_GEM_v9_1_0	micro_pilot_processing_20260730:v1.0.0	parsimonious_FBA
r_2825	0.0	yeast_GEM_v9_1_0	micro_pilot_processing_20260730:v1.0.0	parsimonious_FBA
r_2826	0.0	yeast_GEM_v9_1_0	micro_pilot_processing_20260730:v1.0.0	parsimonious_FBA
r_2827	0.0	yeast_GEM_v9_1_0	micro_pilot_processing_20260730:v1.0.0	parsimonious_FBA
r_2828	0.0	yeast_GEM_v9_1_0	micro_pilot_processing_20260730:v1.0.0	parsimonious_FBA
r_2829	0.0	yeast_GEM_v9_1_0	micro_pilot_processing_20260730:v1.0.0	parsimonious_FBA
r_2830	0.0	yeast_GEM_v9_1_0	micro_pilot_processing_20260730:v1.0.0	parsimonious_FBA
r_2831	0.0	yeast_GEM_v9_1_0	micro_pilot_processing_20260730:v1.0.0	parsimonious_FBA
r_2832	0.0	yeast_GEM_v9_1_0	micro_pilot_processing_20260730:v1.0.0	parsimonious_FBA
r_2833	0.0	yeast_GEM_v9_1_0	micro_pilot_processing_20260730:v1.0.0	parsimonious_FBA
r_2834	0.0	yeast_GEM_v9_1_0	micro_pilot_processing_20260730:v1.0.0	parsimonious_FBA
r_2835	0.0	yeast_GEM_v9_1_0	micro_pilot_processing_20260730:v1.0.0	parsimonious_FBA
r_2836	0.0	yeast_GEM_v9_1_0	micro_pilot_processing_20260730:v1.0.0	parsimonious_FBA
r_2837	0.0	yeast_GEM_v9_1_0	micro_pilot_processing_20260730:v1.0.0	parsimonious_FBA
r_2838	0.0	yeast_GEM_v9_1_0	micro_pilot_processing_20260730:v1.0.0	parsimonious_FBA
r_2839	0.0	yeast_GEM_v9_1_0	micro_pilot_processing_20260730:v1.0.0	parsimonious_FBA
r_2840	0.0	yeast_GEM_v9_1_0	micro_pilot_processing_20260730:v1.0.0	parsimonious_FBA
r_2841	0.0	yeast_GEM_v9_1_0	micro_pilot_processing_20260730:v1.0.0	parsimonious_FBA
r_2842	0.0	yeast_GEM_v9_1_0	micro_pilot_processing_20260730:v1.0.0	parsimonious_FBA
r_2843	0.0	yeast_GEM_v9_1_0	micro_pilot_processing_20260730:v1.0.0	parsimonious_FBA
r_2844	0.0	yeast_GEM_v9_1_0	micro_pilot_processing_20260730:v1.0.0	parsimonious_FBA
r_2845	0.0	yeast_GEM_v9_1_0	micro_pilot_processing_20260730:v1.0.0	parsimonious_FBA
r_2846	0.0	yeast_GEM_v9_1_0	micro_pilot_processing_20260730:v1.0.0	parsimonious_FBA
r_2847	0.0	yeast_GEM_v9_1_0	micro_pilot_processing_20260730:v1.0.0	parsimonious_FBA
r_2848	0.0	yeast_GEM_v9_1_0	micro_pilot_processing_20260730:v1.0.0	parsimonious_FBA
r_2849	0.0	yeast_GEM_v9_1_0	micro_pilot_processing_20260730:v1.0.0	parsimonious_FBA
r_2850	0.0	yeast_GEM_v9_1_0	micro_pilot_processing_20260730:v1.0.0	parsimonious_FBA
r_2851	0.0	yeast_GEM_v9_1_0	micro_pilot_processing_20260730:v1.0.0	parsimonious_FBA
r_2852	0.0	yeast_GEM_v9_1_0	micro_pilot_processing_20260730:v1.0.0	parsimonious_FBA
r_2853	0.0	yeast_GEM_v9_1_0	micro_pilot_processing_20260730:v1.0.0	parsimonious_FBA
r_2854	0.0	yeast_GEM_v9_1_0	micro_pilot_processing_20260730:v1.0.0	parsimonious_FBA
r_2855	0.0	yeast_GEM_v9_1_0	micro_pilot_processing_20260730:v1.0.0	parsimonious_FBA
r_2856	0.0	yeast_GEM_v9_1_0	micro_pilot_processing_20260730:v1.0.0	parsimonious_FBA
r_2857	0.0	yeast_GEM_v9_1_0	micro_pilot_processing_20260730:v1.0.0	parsimonious_FBA
r_2858	0.0	yeast_GEM_v9_1_0	micro_pilot_processing_20260730:v1.0.0	parsimonious_FBA
r_2859	0.0	yeast_GEM_v9_1_0	micro_pilot_processing_20260730:v1.0.0	parsimonious_FBA
r_2860	0.0	yeast_GEM_v9_1_0	micro_pilot_processing_20260730:v1.0.0	parsimonious_FBA
r_2861	0.0	yeast_GEM_v9_1_0	micro_pilot_processing_20260730:v1.0.0	parsimonious_FBA
r_2862	0.0	yeast_GEM_v9_1_0	micro_pilot_processing_20260730:v1.0.0	parsimonious_FBA
r_2863	0.0	yeast_GEM_v9_1_0	micro_pilot_processing_20260730:v1.0.0	parsimonious_FBA
r_2864	0.0	yeast_GEM_v9_1_0	micro_pilot_processing_20260730:v1.0.0	parsimonious_FBA
r_2865	0.0	yeast_GEM_v9_1_0	micro_pilot_processing_20260730:v1.0.0	parsimonious_FBA
r_2866	0.0	yeast_GEM_v9_1_0	micro_pilot_processing_20260730:v1.0.0	parsimonious_FBA
r_2867	0.0	yeast_GEM_v9_1_0	micro_pilot_processing_20260730:v1.0.0	parsimonious_FBA
r_2868	0.0	yeast_GEM_v9_1_0	micro_pilot_processing_20260730:v1.0.0	parsimonious_FBA
r_2869	0.0	yeast_GEM_v9_1_0	micro_pilot_processing_20260730:v1.0.0	parsimonious_FBA
r_2870	0.0	yeast_GEM_v9_1_0	micro_pilot_processing_20260730:v1.0.0	parsimonious_FBA
r_2871	0.0	yeast_GEM_v9_1_0	micro_pilot_processing_20260730:v1.0.0	parsimonious_FBA
r_2872	0.0	yeast_GEM_v9_1_0	micro_pilot_processing_20260730:v1.0.0	parsimonious_FBA
r_2873	0.0	yeast_GEM_v9_1_0	micro_pilot_processing_20260730:v1.0.0	parsimonious_FBA
r_2874	0.0	yeast_GEM_v9_1_0	micro_pilot_processing_20260730:v1.0.0	parsimonious_FBA
r_2875	0.0	yeast_GEM_v9_1_0	micro_pilot_processing_20260730:v1.0.0	parsimonious_FBA
r_2876	0.0	yeast_GEM_v9_1_0	micro_pilot_processing_20260730:v1.0.0	parsimonious_FBA
r_2877	0.0	yeast_GEM_v9_1_0	micro_pilot_processing_20260730:v1.0.0	parsimonious_FBA
r_2878	0.0	yeast_GEM_v9_1_0	micro_pilot_processing_20260730:v1.0.0	parsimonious_FBA
r_2879	0.0	yeast_GEM_v9_1_0	micro_pilot_processing_20260730:v1.0.0	parsimonious_FBA
r_2880	0.0	yeast_GEM_v9_1_0	micro_pilot_processing_20260730:v1.0.0	parsimonious_FBA
r_2881	0.0	yeast_GEM_v9_1_0	micro_pilot_processing_20260730:v1.0.0	parsimonious_FBA
r_2882	0.0	yeast_GEM_v9_1_0	micro_pilot_processing_20260730:v1.0.0	parsimonious_FBA
r_2883	0.0	yeast_GEM_v9_1_0	micro_pilot_processing_20260730:v1.0.0	parsimonious_FBA
r_2884	0.0	yeast_GEM_v9_1_0	micro_pilot_processing_20260730:v1.0.0	parsimonious_FBA
r_2885	0.0	yeast_GEM_v9_1_0	micro_pilot_processing_20260730:v1.0.0	parsimonious_FBA
r_2886	0.0	yeast_GEM_v9_1_0	micro_pilot_processing_20260730:v1.0.0	parsimonious_FBA
r_2887	0.0	yeast_GEM_v9_1_0	micro_pilot_processing_20260730:v1.0.0	parsimonious_FBA
r_2888	0.0	yeast_GEM_v9_1_0	micro_pilot_processing_20260730:v1.0.0	parsimonious_FBA
r_2889	0.0	yeast_GEM_v9_1_0	micro_pilot_processing_20260730:v1.0.0	parsimonious_FBA
r_2890	0.0	yeast_GEM_v9_1_0	micro_pilot_processing_20260730:v1.0.0	parsimonious_FBA
r_2891	0.0	yeast_GEM_v9_1_0	micro_pilot_processing_20260730:v1.0.0	parsimonious_FBA
r_2892	0.0	yeast_GEM_v9_1_0	micro_pilot_processing_20260730:v1.0.0	parsimonious_FBA
r_2893	0.0	yeast_GEM_v9_1_0	micro_pilot_processing_20260730:v1.0.0	parsimonious_FBA
r_2894	0.0	yeast_GEM_v9_1_0	micro_pilot_processing_20260730:v1.0.0	parsimonious_FBA
r_2895	0.0	yeast_GEM_v9_1_0	micro_pilot_processing_20260730:v1.0.0	parsimonious_FBA
r_2896	0.0	yeast_GEM_v9_1_0	micro_pilot_processing_20260730:v1.0.0	parsimonious_FBA
r_2897	0.0	yeast_GEM_v9_1_0	micro_pilot_processing_20260730:v1.0.0	parsimonious_FBA
r_2898	0.0	yeast_GEM_v9_1_0	micro_pilot_processing_20260730:v1.0.0	parsimonious_FBA
r_2899	0.0	yeast_GEM_v9_1_0	micro_pilot_processing_20260730:v1.0.0	parsimonious_FBA
r_2900	0.0	yeast_GEM_v9_1_0	micro_pilot_processing_20260730:v1.0.0	parsimonious_FBA
r_2901	0.0	yeast_GEM_v9_1_0	micro_pilot_processing_20260730:v1.0.0	parsimonious_FBA
r_2902	0.0	yeast_GEM_v9_1_0	micro_pilot_processing_20260730:v1.0.0	parsimonious_FBA
r_2903	0.0	yeast_GEM_v9_1_0	micro_pilot_processing_20260730:v1.0.0	parsimonious_FBA
r_2904	0.0	yeast_GEM_v9_1_0	micro_pilot_processing_20260730:v1.0.0	parsimonious_FBA
r_2905	0.0	yeast_GEM_v9_1_0	micro_pilot_processing_20260730:v1.0.0	parsimonious_FBA
r_2906	0.0	yeast_GEM_v9_1_0	micro_pilot_processing_20260730:v1.0.0	parsimonious_FBA
r_2907	0.0	yeast_GEM_v9_1_0	micro_pilot_processing_20260730:v1.0.0	parsimonious_FBA
r_2908	0.0	yeast_GEM_v9_1_0	micro_pilot_processing_20260730:v1.0.0	parsimonious_FBA
r_2909	0.0	yeast_GEM_v9_1_0	micro_pilot_processing_20260730:v1.0.0	parsimonious_FBA
r_2910	0.0	yeast_GEM_v9_1_0	micro_pilot_processing_20260730:v1.0.0	parsimonious_FBA
r_2911	0.0	yeast_GEM_v9_1_0	micro_pilot_processing_20260730:v1.0.0	parsimonious_FBA
r_2912	0.0	yeast_GEM_v9_1_0	micro_pilot_processing_20260730:v1.0.0	parsimonious_FBA
r_2913	0.0	yeast_GEM_v9_1_0	micro_pilot_processing_20260730:v1.0.0	parsimonious_FBA
r_2914	0.0	yeast_GEM_v9_1_0	micro_pilot_processing_20260730:v1.0.0	parsimonious_FBA
r_2915	0.0	yeast_GEM_v9_1_0	micro_pilot_processing_20260730:v1.0.0	parsimonious_FBA
r_2916	0.0	yeast_GEM_v9_1_0	micro_pilot_processing_20260730:v1.0.0	parsimonious_FBA
r_2917	0.0	yeast_GEM_v9_1_0	micro_pilot_processing_20260730:v1.0.0	parsimonious_FBA
r_2918	0.0	yeast_GEM_v9_1_0	micro_pilot_processing_20260730:v1.0.0	parsimonious_FBA
r_2919	0.0	yeast_GEM_v9_1_0	micro_pilot_processing_20260730:v1.0.0	parsimonious_FBA
r_2920	0.0	yeast_GEM_v9_1_0	micro_pilot_processing_20260730:v1.0.0	parsimonious_FBA
r_2921	0.0	yeast_GEM_v9_1_0	micro_pilot_processing_20260730:v1.0.0	parsimonious_FBA
r_2922	0.0	yeast_GEM_v9_1_0	micro_pilot_processing_20260730:v1.0.0	parsimonious_FBA
r_2923	0.0	yeast_GEM_v9_1_0	micro_pilot_processing_20260730:v1.0.0	parsimonious_FBA
r_2924	0.0	yeast_GEM_v9_1_0	micro_pilot_processing_20260730:v1.0.0	parsimonious_FBA
r_2925	0.0	yeast_GEM_v9_1_0	micro_pilot_processing_20260730:v1.0.0	parsimonious_FBA
r_2926	0.0	yeast_GEM_v9_1_0	micro_pilot_processing_20260730:v1.0.0	parsimonious_FBA
r_2927	0.0	yeast_GEM_v9_1_0	micro_pilot_processing_20260730:v1.0.0	parsimonious_FBA
r_2928	0.0	yeast_GEM_v9_1_0	micro_pilot_processing_20260730:v1.0.0	parsimonious_FBA
r_2929	0.0	yeast_GEM_v9_1_0	micro_pilot_processing_20260730:v1.0.0	parsimonious_FBA
r_2930	0.0	yeast_GEM_v9_1_0	micro_pilot_processing_20260730:v1.0.0	parsimonious_FBA
r_2931	0.0	yeast_GEM_v9_1_0	micro_pilot_processing_20260730:v1.0.0	parsimonious_FBA
r_2932	0.0	yeast_GEM_v9_1_0	micro_pilot_processing_20260730:v1.0.0	parsimonious_FBA
r_2933	0.0	yeast_GEM_v9_1_0	micro_pilot_processing_20260730:v1.0.0	parsimonious_FBA
r_2934	0.0	yeast_GEM_v9_1_0	micro_pilot_processing_20260730:v1.0.0	parsimonious_FBA
r_2935	0.0	yeast_GEM_v9_1_0	micro_pilot_processing_20260730:v1.0.0	parsimonious_FBA
r_2936	0.0	yeast_GEM_v9_1_0	micro_pilot_processing_20260730:v1.0.0	parsimonious_FBA
r_2937	0.0	yeast_GEM_v9_1_0	micro_pilot_processing_20260730:v1.0.0	parsimonious_FBA
r_2938	0.0	yeast_GEM_v9_1_0	micro_pilot_processing_20260730:v1.0.0	parsimonious_FBA
r_2939	0.0	yeast_GEM_v9_1_0	micro_pilot_processing_20260730:v1.0.0	parsimonious_FBA
r_2940	0.0	yeast_GEM_v9_1_0	micro_pilot_processing_20260730:v1.0.0	parsimonious_FBA
r_2941	0.0	yeast_GEM_v9_1_0	micro_pilot_processing_20260730:v1.0.0	parsimonious_FBA
r_2942	0.0	yeast_GEM_v9_1_0	micro_pilot_processing_20260730:v1.0.0	parsimonious_FBA
r_2943	0.0	yeast_GEM_v9_1_0	micro_pilot_processing_20260730:v1.0.0	parsimonious_FBA
r_2944	0.0	yeast_GEM_v9_1_0	micro_pilot_processing_20260730:v1.0.0	parsimonious_FBA
r_2945	0.0	yeast_GEM_v9_1_0	micro_pilot_processing_20260730:v1.0.0	parsimonious_FBA
r_2946	0.0	yeast_GEM_v9_1_0	micro_pilot_processing_20260730:v1.0.0	parsimonious_FBA
r_2947	0.0	yeast_GEM_v9_1_0	micro_pilot_processing_20260730:v1.0.0	parsimonious_FBA
r_2948	0.0	yeast_GEM_v9_1_0	micro_pilot_processing_20260730:v1.0.0	parsimonious_FBA
r_2949	0.0	yeast_GEM_v9_1_0	micro_pilot_processing_20260730:v1.0.0	parsimonious_FBA
r_2950	0.0	yeast_GEM_v9_1_0	micro_pilot_processing_20260730:v1.0.0	parsimonious_FBA
r_2951	0.0	yeast_GEM_v9_1_0	micro_pilot_processing_20260730:v1.0.0	parsimonious_FBA
r_2952	0.0	yeast_GEM_v9_1_0	micro_pilot_processing_20260730:v1.0.0	parsimonious_FBA
r_2953	0.0	yeast_GEM_v9_1_0	micro_pilot_processing_20260730:v1.0.0	parsimonious_FBA
r_2954	0.0	yeast_GEM_v9_1_0	micro_pilot_processing_20260730:v1.0.0	parsimonious_FBA
r_2955	0.0	yeast_GEM_v9_1_0	micro_pilot_processing_20260730:v1.0.0	parsimonious_FBA
r_2956	0.0	yeast_GEM_v9_1_0	micro_pilot_processing_20260730:v1.0.0	parsimonious_FBA
r_2957	0.0	yeast_GEM_v9_1_0	micro_pilot_processing_20260730:v1.0.0	parsimonious_FBA
r_2958	0.0	yeast_GEM_v9_1_0	micro_pilot_processing_20260730:v1.0.0	parsimonious_FBA
r_2959	0.0	yeast_GEM_v9_1_0	micro_pilot_processing_20260730:v1.0.0	parsimonious_FBA
r_2960	0.0	yeast_GEM_v9_1_0	micro_pilot_processing_20260730:v1.0.0	parsimonious_FBA
r_2961	0.0	yeast_GEM_v9_1_0	micro_pilot_processing_20260730:v1.0.0	parsimonious_FBA
r_2962	0.0	yeast_GEM_v9_1_0	micro_pilot_processing_20260730:v1.0.0	parsimonious_FBA
r_2963	0.0	yeast_GEM_v9_1_0	micro_pilot_processing_20260730:v1.0.0	parsimonious_FBA
r_2964	0.0	yeast_GEM_v9_1_0	micro_pilot_processing_20260730:v1.0.0	parsimonious_FBA
r_2965	0.0	yeast_GEM_v9_1_0	micro_pilot_processing_20260730:v1.0.0	parsimonious_FBA
r_2966	0.0	yeast_GEM_v9_1_0	micro_pilot_processing_20260730:v1.0.0	parsimonious_FBA
r_2967	0.0	yeast_GEM_v9_1_0	micro_pilot_processing_20260730:v1.0.0	parsimonious_FBA
r_2968	0.0	yeast_GEM_v9_1_0	micro_pilot_processing_20260730:v1.0.0	parsimonious_FBA
r_2969	0.0	yeast_GEM_v9_1_0	micro_pilot_processing_20260730:v1.0.0	parsimonious_FBA
r_2970	0.0	yeast_GEM_v9_1_0	micro_pilot_processing_20260730:v1.0.0	parsimonious_FBA
r_2971	0.0	yeast_GEM_v9_1_0	micro_pilot_processing_20260730:v1.0.0	parsimonious_FBA
r_2972	0.0	yeast_GEM_v9_1_0	micro_pilot_processing_20260730:v1.0.0	parsimonious_FBA
r_2973	0.0	yeast_GEM_v9_1_0	micro_pilot_processing_20260730:v1.0.0	parsimonious_FBA
r_2974	0.0	yeast_GEM_v9_1_0	micro_pilot_processing_20260730:v1.0.0	parsimonious_FBA
r_2975	0.0	yeast_GEM_v9_1_0	micro_pilot_processing_20260730:v1.0.0	parsimonious_FBA
r_2976	0.0	yeast_GEM_v9_1_0	micro_pilot_processing_20260730:v1.0.0	parsimonious_FBA
r_2977	0.0	yeast_GEM_v9_1_0	micro_pilot_processing_20260730:v1.0.0	parsimonious_FBA
r_2978	0.0	yeast_GEM_v9_1_0	micro_pilot_processing_20260730:v1.0.0	parsimonious_FBA
r_2979	0.0	yeast_GEM_v9_1_0	micro_pilot_processing_20260730:v1.0.0	parsimonious_FBA
r_2980	0.0	yeast_GEM_v9_1_0	micro_pilot_processing_20260730:v1.0.0	parsimonious_FBA
r_2981	0.0	yeast_GEM_v9_1_0	micro_pilot_processing_20260730:v1.0.0	parsimonious_FBA
r_2982	0.0	yeast_GEM_v9_1_0	micro_pilot_processing_20260730:v1.0.0	parsimonious_FBA
r_2983	0.0	yeast_GEM_v9_1_0	micro_pilot_processing_20260730:v1.0.0	parsimonious_FBA
r_2984	0.0	yeast_GEM_v9_1_0	micro_pilot_processing_20260730:v1.0.0	parsimonious_FBA
r_2985	0.0	yeast_GEM_v9_1_0	micro_pilot_processing_20260730:v1.0.0	parsimonious_FBA
r_2986	0.0	yeast_GEM_v9_1_0	micro_pilot_processing_20260730:v1.0.0	parsimonious_FBA
r_2987	0.0	yeast_GEM_v9_1_0	micro_pilot_processing_20260730:v1.0.0	parsimonious_FBA
r_2988	0.0	yeast_GEM_v9_1_0	micro_pilot_processing_20260730:v1.0.0	parsimonious_FBA
r_2989	0.0	yeast_GEM_v9_1_0	micro_pilot_processing_20260730:v1.0.0	parsimonious_FBA
r_2990	0.0	yeast_GEM_v9_1_0	micro_pilot_processing_20260730:v1.0.0	parsimonious_FBA
r_2991	0.0	yeast_GEM_v9_1_0	micro_pilot_processing_20260730:v1.0.0	parsimonious_FBA
r_2992	0.0	yeast_GEM_v9_1_0	micro_pilot_processing_20260730:v1.0.0	parsimonious_FBA
r_2993	0.0	yeast_GEM_v9_1_0	micro_pilot_processing_20260730:v1.0.0	parsimonious_FBA
r_2994	0.0	yeast_GEM_v9_1_0	micro_pilot_processing_20260730:v1.0.0	parsimonious_FBA
r_2995	0.0	yeast_GEM_v9_1_0	micro_pilot_processing_20260730:v1.0.0	parsimonious_FBA
r_2996	0.0	yeast_GEM_v9_1_0	micro_pilot_processing_20260730:v1.0.0	parsimonious_FBA
r_2997	0.0	yeast_GEM_v9_1_0	micro_pilot_processing_20260730:v1.0.0	parsimonious_FBA
r_2998	0.0	yeast_GEM_v9_1_0	micro_pilot_processing_20260730:v1.0.0	parsimonious_FBA
r_2999	0.0	yeast_GEM_v9_1_0	micro_pilot_processing_20260730:v1.0.0	parsimonious_FBA
r_3000	0.0	yeast_GEM_v9_1_0	micro_pilot_processing_20260730:v1.0.0	parsimonious_FBA
r_3001	0.0	yeast_GEM_v9_1_0	micro_pilot_processing_20260730:v1.0.0	parsimonious_FBA
r_3002	0.0	yeast_GEM_v9_1_0	micro_pilot_processing_20260730:v1.0.0	parsimonious_FBA
r_3003	0.0	yeast_GEM_v9_1_0	micro_pilot_processing_20260730:v1.0.0	parsimonious_FBA
r_3004	0.0	yeast_GEM_v9_1_0	micro_pilot_processing_20260730:v1.0.0	parsimonious_FBA
r_3005	0.0	yeast_GEM_v9_1_0	micro_pilot_processing_20260730:v1.0.0	parsimonious_FBA
r_3006	0.0	yeast_GEM_v9_1_0	micro_pilot_processing_20260730:v1.0.0	parsimonious_FBA
r_3007	0.0	yeast_GEM_v9_1_0	micro_pilot_processing_20260730:v1.0.0	parsimonious_FBA
r_3008	0.0	yeast_GEM_v9_1_0	micro_pilot_processing_20260730:v1.0.0	parsimonious_FBA
r_3009	0.0	yeast_GEM_v9_1_0	micro_pilot_processing_20260730:v1.0.0	parsimonious_FBA
r_3010	0.0	yeast_GEM_v9_1_0	micro_pilot_processing_20260730:v1.0.0	parsimonious_FBA
r_3011	0.0	yeast_GEM_v9_1_0	micro_pilot_processing_20260730:v1.0.0	parsimonious_FBA
r_3022	0.0	yeast_GEM_v9_1_0	micro_pilot_processing_20260730:v1.0.0	parsimonious_FBA
r_3023	0.0	yeast_GEM_v9_1_0	micro_pilot_processing_20260730:v1.0.0	parsimonious_FBA
r_3024	0.0	yeast_GEM_v9_1_0	micro_pilot_processing_20260730:v1.0.0	parsimonious_FBA
r_3025	0.0	yeast_GEM_v9_1_0	micro_pilot_processing_20260730:v1.0.0	parsimonious_FBA
r_3026	0.0	yeast_GEM_v9_1_0	micro_pilot_processing_20260730:v1.0.0	parsimonious_FBA
r_3027	0.0	yeast_GEM_v9_1_0	micro_pilot_processing_20260730:v1.0.0	parsimonious_FBA
r_3028	0.0	yeast_GEM_v9_1_0	micro_pilot_processing_20260730:v1.0.0	parsimonious_FBA
r_3029	0.0	yeast_GEM_v9_1_0	micro_pilot_processing_20260730:v1.0.0	parsimonious_FBA
r_3030	0.0	yeast_GEM_v9_1_0	micro_pilot_processing_20260730:v1.0.0	parsimonious_FBA
r_3031	0.0	yeast_GEM_v9_1_0	micro_pilot_processing_20260730:v1.0.0	parsimonious_FBA
r_3032	0.0	yeast_GEM_v9_1_0	micro_pilot_processing_20260730:v1.0.0	parsimonious_FBA
r_3033	0.0	yeast_GEM_v9_1_0	micro_pilot_processing_20260730:v1.0.0	parsimonious_FBA
r_3034	0.0	yeast_GEM_v9_1_0	micro_pilot_processing_20260730:v1.0.0	parsimonious_FBA
r_3035	0.0	yeast_GEM_v9_1_0	micro_pilot_processing_20260730:v1.0.0	parsimonious_FBA
r_3036	0.0	yeast_GEM_v9_1_0	micro_pilot_processing_20260730:v1.0.0	parsimonious_FBA
r_3037	0.0	yeast_GEM_v9_1_0	micro_pilot_processing_20260730:v1.0.0	parsimonious_FBA
r_3038	0.0	yeast_GEM_v9_1_0	micro_pilot_processing_20260730:v1.0.0	parsimonious_FBA
r_3039	0.0	yeast_GEM_v9_1_0	micro_pilot_processing_20260730:v1.0.0	parsimonious_FBA
r_3040	0.0	yeast_GEM_v9_1_0	micro_pilot_processing_20260730:v1.0.0	parsimonious_FBA
r_3041	0.0	yeast_GEM_v9_1_0	micro_pilot_processing_20260730:v1.0.0	parsimonious_FBA
r_3042	0.0	yeast_GEM_v9_1_0	micro_pilot_processing_20260730:v1.0.0	parsimonious_FBA
r_3043	0.0	yeast_GEM_v9_1_0	micro_pilot_processing_20260730:v1.0.0	parsimonious_FBA
r_3044	0.0	yeast_GEM_v9_1_0	micro_pilot_processing_20260730:v1.0.0	parsimonious_FBA
r_3045	0.0	yeast_GEM_v9_1_0	micro_pilot_processing_20260730:v1.0.0	parsimonious_FBA
r_3046	0.0	yeast_GEM_v9_1_0	micro_pilot_processing_20260730:v1.0.0	parsimonious_FBA
r_3047	0.0	yeast_GEM_v9_1_0	micro_pilot_processing_20260730:v1.0.0	parsimonious_FBA
r_3048	0.0	yeast_GEM_v9_1_0	micro_pilot_processing_20260730:v1.0.0	parsimonious_FBA
r_3049	0.0	yeast_GEM_v9_1_0	micro_pilot_processing_20260730:v1.0.0	parsimonious_FBA
r_3050	0.0	yeast_GEM_v9_1_0	micro_pilot_processing_20260730:v1.0.0	parsimonious_FBA
r_3051	0.0	yeast_GEM_v9_1_0	micro_pilot_processing_20260730:v1.0.0	parsimonious_FBA
r_3052	0.0	yeast_GEM_v9_1_0	micro_pilot_processing_20260730:v1.0.0	parsimonious_FBA
r_3053	0.0	yeast_GEM_v9_1_0	micro_pilot_processing_20260730:v1.0.0	parsimonious_FBA
r_3054	0.0	yeast_GEM_v9_1_0	micro_pilot_processing_20260730:v1.0.0	parsimonious_FBA
r_3055	0.0	yeast_GEM_v9_1_0	micro_pilot_processing_20260730:v1.0.0	parsimonious_FBA
r_3056	0.0	yeast_GEM_v9_1_0	micro_pilot_processing_20260730:v1.0.0	parsimonious_FBA
r_3057	0.0	yeast_GEM_v9_1_0	micro_pilot_processing_20260730:v1.0.0	parsimonious_FBA
r_3058	0.0	yeast_GEM_v9_1_0	micro_pilot_processing_20260730:v1.0.0	parsimonious_FBA
r_3059	0.0	yeast_GEM_v9_1_0	micro_pilot_processing_20260730:v1.0.0	parsimonious_FBA
r_3060	0.0	yeast_GEM_v9_1_0	micro_pilot_processing_20260730:v1.0.0	parsimonious_FBA
r_3061	0.0	yeast_GEM_v9_1_0	micro_pilot_processing_20260730:v1.0.0	parsimonious_FBA
r_3062	0.0	yeast_GEM_v9_1_0	micro_pilot_processing_20260730:v1.0.0	parsimonious_FBA
r_3063	0.0	yeast_GEM_v9_1_0	micro_pilot_processing_20260730:v1.0.0	parsimonious_FBA
r_3064	0.0	yeast_GEM_v9_1_0	micro_pilot_processing_20260730:v1.0.0	parsimonious_FBA
r_3065	0.0	yeast_GEM_v9_1_0	micro_pilot_processing_20260730:v1.0.0	parsimonious_FBA
r_3066	0.0	yeast_GEM_v9_1_0	micro_pilot_processing_20260730:v1.0.0	parsimonious_FBA
r_3067	0.0	yeast_GEM_v9_1_0	micro_pilot_processing_20260730:v1.0.0	parsimonious_FBA
r_3068	0.0	yeast_GEM_v9_1_0	micro_pilot_processing_20260730:v1.0.0	parsimonious_FBA
r_3069	0.0	yeast_GEM_v9_1_0	micro_pilot_processing_20260730:v1.0.0	parsimonious_FBA
r_3070	0.0	yeast_GEM_v9_1_0	micro_pilot_processing_20260730:v1.0.0	parsimonious_FBA
r_3071	0.0	yeast_GEM_v9_1_0	micro_pilot_processing_20260730:v1.0.0	parsimonious_FBA
r_3072	0.0	yeast_GEM_v9_1_0	micro_pilot_processing_20260730:v1.0.0	parsimonious_FBA
r_3073	0.0	yeast_GEM_v9_1_0	micro_pilot_processing_20260730:v1.0.0	parsimonious_FBA
r_3074	0.0	yeast_GEM_v9_1_0	micro_pilot_processing_20260730:v1.0.0	parsimonious_FBA
r_3075	0.0	yeast_GEM_v9_1_0	micro_pilot_processing_20260730:v1.0.0	parsimonious_FBA
r_3076	0.0	yeast_GEM_v9_1_0	micro_pilot_processing_20260730:v1.0.0	parsimonious_FBA
r_3077	0.0	yeast_GEM_v9_1_0	micro_pilot_processing_20260730:v1.0.0	parsimonious_FBA
r_3078	0.0	yeast_GEM_v9_1_0	micro_pilot_processing_20260730:v1.0.0	parsimonious_FBA
r_3079	0.0	yeast_GEM_v9_1_0	micro_pilot_processing_20260730:v1.0.0	parsimonious_FBA
r_3080	0.0	yeast_GEM_v9_1_0	micro_pilot_processing_20260730:v1.0.0	parsimonious_FBA
r_3081	0.0	yeast_GEM_v9_1_0	micro_pilot_processing_20260730:v1.0.0	parsimonious_FBA
r_3082	0.0	yeast_GEM_v9_1_0	micro_pilot_processing_20260730:v1.0.0	parsimonious_FBA
r_3083	0.0	yeast_GEM_v9_1_0	micro_pilot_processing_20260730:v1.0.0	parsimonious_FBA
r_3084	0.0	yeast_GEM_v9_1_0	micro_pilot_processing_20260730:v1.0.0	parsimonious_FBA
r_3085	0.0	yeast_GEM_v9_1_0	micro_pilot_processing_20260730:v1.0.0	parsimonious_FBA
r_3086	0.0	yeast_GEM_v9_1_0	micro_pilot_processing_20260730:v1.0.0	parsimonious_FBA
r_3087	0.0	yeast_GEM_v9_1_0	micro_pilot_processing_20260730:v1.0.0	parsimonious_FBA
r_3088	0.0	yeast_GEM_v9_1_0	micro_pilot_processing_20260730:v1.0.0	parsimonious_FBA
r_3089	0.0	yeast_GEM_v9_1_0	micro_pilot_processing_20260730:v1.0.0	parsimonious_FBA
r_3090	0.0	yeast_GEM_v9_1_0	micro_pilot_processing_20260730:v1.0.0	parsimonious_FBA
r_3091	0.0	yeast_GEM_v9_1_0	micro_pilot_processing_20260730:v1.0.0	parsimonious_FBA
r_3092	0.0	yeast_GEM_v9_1_0	micro_pilot_processing_20260730:v1.0.0	parsimonious_FBA
r_3093	0.0	yeast_GEM_v9_1_0	micro_pilot_processing_20260730:v1.0.0	parsimonious_FBA
r_3094	0.0	yeast_GEM_v9_1_0	micro_pilot_processing_20260730:v1.0.0	parsimonious_FBA
r_3095	0.0	yeast_GEM_v9_1_0	micro_pilot_processing_20260730:v1.0.0	parsimonious_FBA
r_3096	0.0	yeast_GEM_v9_1_0	micro_pilot_processing_20260730:v1.0.0	parsimonious_FBA
r_3097	0.0	yeast_GEM_v9_1_0	micro_pilot_processing_20260730:v1.0.0	parsimonious_FBA
r_3098	0.0	yeast_GEM_v9_1_0	micro_pilot_processing_20260730:v1.0.0	parsimonious_FBA
r_3099	0.0	yeast_GEM_v9_1_0	micro_pilot_processing_20260730:v1.0.0	parsimonious_FBA
r_3100	0.0	yeast_GEM_v9_1_0	micro_pilot_processing_20260730:v1.0.0	parsimonious_FBA
r_3101	0.0	yeast_GEM_v9_1_0	micro_pilot_processing_20260730:v1.0.0	parsimonious_FBA
r_3102	-1.8880821016303784e-29	yeast_GEM_v9_1_0	micro_pilot_processing_20260730:v1.0.0	parsimonious_FBA
r_3103	0.0	yeast_GEM_v9_1_0	micro_pilot_processing_20260730:v1.0.0	parsimonious_FBA
r_3104	0.0	yeast_GEM_v9_1_0	micro_pilot_processing_20260730:v1.0.0	parsimonious_FBA
r_3105	0.0	yeast_GEM_v9_1_0	micro_pilot_processing_20260730:v1.0.0	parsimonious_FBA
r_3106	0.0	yeast_GEM_v9_1_0	micro_pilot_processing_20260730:v1.0.0	parsimonious_FBA
r_3107	0.0	yeast_GEM_v9_1_0	micro_pilot_processing_20260730:v1.0.0	parsimonious_FBA
r_3108	0.0	yeast_GEM_v9_1_0	micro_pilot_processing_20260730:v1.0.0	parsimonious_FBA
r_3109	0.0	yeast_GEM_v9_1_0	micro_pilot_processing_20260730:v1.0.0	parsimonious_FBA
r_3110	0.0	yeast_GEM_v9_1_0	micro_pilot_processing_20260730:v1.0.0	parsimonious_FBA
r_3111	0.0	yeast_GEM_v9_1_0	micro_pilot_processing_20260730:v1.0.0	parsimonious_FBA
r_3112	0.0	yeast_GEM_v9_1_0	micro_pilot_processing_20260730:v1.0.0	parsimonious_FBA
r_3113	0.0	yeast_GEM_v9_1_0	micro_pilot_processing_20260730:v1.0.0	parsimonious_FBA
r_3114	0.0	yeast_GEM_v9_1_0	micro_pilot_processing_20260730:v1.0.0	parsimonious_FBA
r_3115	0.0	yeast_GEM_v9_1_0	micro_pilot_processing_20260730:v1.0.0	parsimonious_FBA
r_3116	0.0	yeast_GEM_v9_1_0	micro_pilot_processing_20260730:v1.0.0	parsimonious_FBA
r_3117	0.0	yeast_GEM_v9_1_0	micro_pilot_processing_20260730:v1.0.0	parsimonious_FBA
r_3118	0.0	yeast_GEM_v9_1_0	micro_pilot_processing_20260730:v1.0.0	parsimonious_FBA
r_3119	0.0	yeast_GEM_v9_1_0	micro_pilot_processing_20260730:v1.0.0	parsimonious_FBA
r_3120	0.0	yeast_GEM_v9_1_0	micro_pilot_processing_20260730:v1.0.0	parsimonious_FBA
r_3121	0.0	yeast_GEM_v9_1_0	micro_pilot_processing_20260730:v1.0.0	parsimonious_FBA
r_3122	0.0	yeast_GEM_v9_1_0	micro_pilot_processing_20260730:v1.0.0	parsimonious_FBA
r_3123	0.0	yeast_GEM_v9_1_0	micro_pilot_processing_20260730:v1.0.0	parsimonious_FBA
r_3124	0.0	yeast_GEM_v9_1_0	micro_pilot_processing_20260730:v1.0.0	parsimonious_FBA
r_3125	0.0	yeast_GEM_v9_1_0	micro_pilot_processing_20260730:v1.0.0	parsimonious_FBA
r_3126	0.0	yeast_GEM_v9_1_0	micro_pilot_processing_20260730:v1.0.0	parsimonious_FBA
r_3127	0.0	yeast_GEM_v9_1_0	micro_pilot_processing_20260730:v1.0.0	parsimonious_FBA
r_3128	0.0	yeast_GEM_v9_1_0	micro_pilot_processing_20260730:v1.0.0	parsimonious_FBA
r_3129	0.0	yeast_GEM_v9_1_0	micro_pilot_processing_20260730:v1.0.0	parsimonious_FBA
r_3130	0.0	yeast_GEM_v9_1_0	micro_pilot_processing_20260730:v1.0.0	parsimonious_FBA
r_3131	0.0	yeast_GEM_v9_1_0	micro_pilot_processing_20260730:v1.0.0	parsimonious_FBA
r_3132	0.0	yeast_GEM_v9_1_0	micro_pilot_processing_20260730:v1.0.0	parsimonious_FBA
r_3133	0.0	yeast_GEM_v9_1_0	micro_pilot_processing_20260730:v1.0.0	parsimonious_FBA
r_3134	0.0	yeast_GEM_v9_1_0	micro_pilot_processing_20260730:v1.0.0	parsimonious_FBA
r_3135	0.0	yeast_GEM_v9_1_0	micro_pilot_processing_20260730:v1.0.0	parsimonious_FBA
r_3136	0.0	yeast_GEM_v9_1_0	micro_pilot_processing_20260730:v1.0.0	parsimonious_FBA
r_3137	0.0	yeast_GEM_v9_1_0	micro_pilot_processing_20260730:v1.0.0	parsimonious_FBA
r_3138	0.0	yeast_GEM_v9_1_0	micro_pilot_processing_20260730:v1.0.0	parsimonious_FBA
r_3139	0.0	yeast_GEM_v9_1_0	micro_pilot_processing_20260730:v1.0.0	parsimonious_FBA
r_3140	0.0	yeast_GEM_v9_1_0	micro_pilot_processing_20260730:v1.0.0	parsimonious_FBA
r_3141	0.0	yeast_GEM_v9_1_0	micro_pilot_processing_20260730:v1.0.0	parsimonious_FBA
r_3142	0.0	yeast_GEM_v9_1_0	micro_pilot_processing_20260730:v1.0.0	parsimonious_FBA
r_3143	0.0	yeast_GEM_v9_1_0	micro_pilot_processing_20260730:v1.0.0	parsimonious_FBA
r_3144	0.0	yeast_GEM_v9_1_0	micro_pilot_processing_20260730:v1.0.0	parsimonious_FBA
r_3145	0.0	yeast_GEM_v9_1_0	micro_pilot_processing_20260730:v1.0.0	parsimonious_FBA
r_3146	0.0	yeast_GEM_v9_1_0	micro_pilot_processing_20260730:v1.0.0	parsimonious_FBA
r_3147	0.0	yeast_GEM_v9_1_0	micro_pilot_processing_20260730:v1.0.0	parsimonious_FBA
r_3148	0.0	yeast_GEM_v9_1_0	micro_pilot_processing_20260730:v1.0.0	parsimonious_FBA
r_3149	0.0	yeast_GEM_v9_1_0	micro_pilot_processing_20260730:v1.0.0	parsimonious_FBA
r_3150	0.0	yeast_GEM_v9_1_0	micro_pilot_processing_20260730:v1.0.0	parsimonious_FBA
r_3151	0.0	yeast_GEM_v9_1_0	micro_pilot_processing_20260730:v1.0.0	parsimonious_FBA
r_3152	0.0	yeast_GEM_v9_1_0	micro_pilot_processing_20260730:v1.0.0	parsimonious_FBA
r_3153	0.0	yeast_GEM_v9_1_0	micro_pilot_processing_20260730:v1.0.0	parsimonious_FBA
r_3154	0.0	yeast_GEM_v9_1_0	micro_pilot_processing_20260730:v1.0.0	parsimonious_FBA
r_3155	0.0	yeast_GEM_v9_1_0	micro_pilot_processing_20260730:v1.0.0	parsimonious_FBA
r_3156	0.0	yeast_GEM_v9_1_0	micro_pilot_processing_20260730:v1.0.0	parsimonious_FBA
r_3157	0.0	yeast_GEM_v9_1_0	micro_pilot_processing_20260730:v1.0.0	parsimonious_FBA
r_3158	0.0	yeast_GEM_v9_1_0	micro_pilot_processing_20260730:v1.0.0	parsimonious_FBA
r_3159	0.0	yeast_GEM_v9_1_0	micro_pilot_processing_20260730:v1.0.0	parsimonious_FBA
r_3160	0.0	yeast_GEM_v9_1_0	micro_pilot_processing_20260730:v1.0.0	parsimonious_FBA
r_3161	0.0	yeast_GEM_v9_1_0	micro_pilot_processing_20260730:v1.0.0	parsimonious_FBA
r_3162	0.0	yeast_GEM_v9_1_0	micro_pilot_processing_20260730:v1.0.0	parsimonious_FBA
r_3163	0.0	yeast_GEM_v9_1_0	micro_pilot_processing_20260730:v1.0.0	parsimonious_FBA
r_3164	0.0	yeast_GEM_v9_1_0	micro_pilot_processing_20260730:v1.0.0	parsimonious_FBA
r_3165	0.0	yeast_GEM_v9_1_0	micro_pilot_processing_20260730:v1.0.0	parsimonious_FBA
r_3166	0.0	yeast_GEM_v9_1_0	micro_pilot_processing_20260730:v1.0.0	parsimonious_FBA
r_3167	0.0	yeast_GEM_v9_1_0	micro_pilot_processing_20260730:v1.0.0	parsimonious_FBA
r_3168	0.0	yeast_GEM_v9_1_0	micro_pilot_processing_20260730:v1.0.0	parsimonious_FBA
r_3169	0.0	yeast_GEM_v9_1_0	micro_pilot_processing_20260730:v1.0.0	parsimonious_FBA
r_3170	0.0	yeast_GEM_v9_1_0	micro_pilot_processing_20260730:v1.0.0	parsimonious_FBA
r_3171	0.0	yeast_GEM_v9_1_0	micro_pilot_processing_20260730:v1.0.0	parsimonious_FBA
r_3172	0.0	yeast_GEM_v9_1_0	micro_pilot_processing_20260730:v1.0.0	parsimonious_FBA
r_3173	0.0	yeast_GEM_v9_1_0	micro_pilot_processing_20260730:v1.0.0	parsimonious_FBA
r_3174	0.0	yeast_GEM_v9_1_0	micro_pilot_processing_20260730:v1.0.0	parsimonious_FBA
r_3175	0.0	yeast_GEM_v9_1_0	micro_pilot_processing_20260730:v1.0.0	parsimonious_FBA
r_3176	0.0	yeast_GEM_v9_1_0	micro_pilot_processing_20260730:v1.0.0	parsimonious_FBA
r_3177	0.0	yeast_GEM_v9_1_0	micro_pilot_processing_20260730:v1.0.0	parsimonious_FBA
r_3178	0.0	yeast_GEM_v9_1_0	micro_pilot_processing_20260730:v1.0.0	parsimonious_FBA
r_3179	0.0	yeast_GEM_v9_1_0	micro_pilot_processing_20260730:v1.0.0	parsimonious_FBA
r_3180	0.0	yeast_GEM_v9_1_0	micro_pilot_processing_20260730:v1.0.0	parsimonious_FBA
r_3181	0.0	yeast_GEM_v9_1_0	micro_pilot_processing_20260730:v1.0.0	parsimonious_FBA
r_3182	0.0	yeast_GEM_v9_1_0	micro_pilot_processing_20260730:v1.0.0	parsimonious_FBA
r_3183	0.0	yeast_GEM_v9_1_0	micro_pilot_processing_20260730:v1.0.0	parsimonious_FBA
r_3184	0.0	yeast_GEM_v9_1_0	micro_pilot_processing_20260730:v1.0.0	parsimonious_FBA
r_3185	0.0	yeast_GEM_v9_1_0	micro_pilot_processing_20260730:v1.0.0	parsimonious_FBA
r_3186	0.0	yeast_GEM_v9_1_0	micro_pilot_processing_20260730:v1.0.0	parsimonious_FBA
r_3187	0.0	yeast_GEM_v9_1_0	micro_pilot_processing_20260730:v1.0.0	parsimonious_FBA
r_3188	0.0	yeast_GEM_v9_1_0	micro_pilot_processing_20260730:v1.0.0	parsimonious_FBA
r_3189	0.0	yeast_GEM_v9_1_0	micro_pilot_processing_20260730:v1.0.0	parsimonious_FBA
r_3190	0.0	yeast_GEM_v9_1_0	micro_pilot_processing_20260730:v1.0.0	parsimonious_FBA
r_3191	0.0	yeast_GEM_v9_1_0	micro_pilot_processing_20260730:v1.0.0	parsimonious_FBA
r_3192	0.0	yeast_GEM_v9_1_0	micro_pilot_processing_20260730:v1.0.0	parsimonious_FBA
r_3193	0.0	yeast_GEM_v9_1_0	micro_pilot_processing_20260730:v1.0.0	parsimonious_FBA
r_3194	0.0	yeast_GEM_v9_1_0	micro_pilot_processing_20260730:v1.0.0	parsimonious_FBA
r_3195	0.0	yeast_GEM_v9_1_0	micro_pilot_processing_20260730:v1.0.0	parsimonious_FBA
r_3196	0.0	yeast_GEM_v9_1_0	micro_pilot_processing_20260730:v1.0.0	parsimonious_FBA
r_3197	0.0	yeast_GEM_v9_1_0	micro_pilot_processing_20260730:v1.0.0	parsimonious_FBA
r_3198	0.0	yeast_GEM_v9_1_0	micro_pilot_processing_20260730:v1.0.0	parsimonious_FBA
r_3199	0.0	yeast_GEM_v9_1_0	micro_pilot_processing_20260730:v1.0.0	parsimonious_FBA
r_3200	0.0	yeast_GEM_v9_1_0	micro_pilot_processing_20260730:v1.0.0	parsimonious_FBA
r_3201	0.0	yeast_GEM_v9_1_0	micro_pilot_processing_20260730:v1.0.0	parsimonious_FBA
r_3202	0.0	yeast_GEM_v9_1_0	micro_pilot_processing_20260730:v1.0.0	parsimonious_FBA
r_3203	0.0	yeast_GEM_v9_1_0	micro_pilot_processing_20260730:v1.0.0	parsimonious_FBA
r_3204	0.0	yeast_GEM_v9_1_0	micro_pilot_processing_20260730:v1.0.0	parsimonious_FBA
r_3205	0.0	yeast_GEM_v9_1_0	micro_pilot_processing_20260730:v1.0.0	parsimonious_FBA
r_3206	0.0	yeast_GEM_v9_1_0	micro_pilot_processing_20260730:v1.0.0	parsimonious_FBA
r_3207	0.0	yeast_GEM_v9_1_0	micro_pilot_processing_20260730:v1.0.0	parsimonious_FBA
r_3208	0.0	yeast_GEM_v9_1_0	micro_pilot_processing_20260730:v1.0.0	parsimonious_FBA
r_3209	0.0	yeast_GEM_v9_1_0	micro_pilot_processing_20260730:v1.0.0	parsimonious_FBA
r_3210	0.0	yeast_GEM_v9_1_0	micro_pilot_processing_20260730:v1.0.0	parsimonious_FBA
r_3211	0.0	yeast_GEM_v9_1_0	micro_pilot_processing_20260730:v1.0.0	parsimonious_FBA
r_3212	0.0	yeast_GEM_v9_1_0	micro_pilot_processing_20260730:v1.0.0	parsimonious_FBA
r_3213	0.0	yeast_GEM_v9_1_0	micro_pilot_processing_20260730:v1.0.0	parsimonious_FBA
r_3214	0.0	yeast_GEM_v9_1_0	micro_pilot_processing_20260730:v1.0.0	parsimonious_FBA
r_3215	0.0	yeast_GEM_v9_1_0	micro_pilot_processing_20260730:v1.0.0	parsimonious_FBA
r_3216	0.0	yeast_GEM_v9_1_0	micro_pilot_processing_20260730:v1.0.0	parsimonious_FBA
r_3217	0.0	yeast_GEM_v9_1_0	micro_pilot_processing_20260730:v1.0.0	parsimonious_FBA
r_3218	0.0	yeast_GEM_v9_1_0	micro_pilot_processing_20260730:v1.0.0	parsimonious_FBA
r_3219	0.0	yeast_GEM_v9_1_0	micro_pilot_processing_20260730:v1.0.0	parsimonious_FBA
r_3220	0.0	yeast_GEM_v9_1_0	micro_pilot_processing_20260730:v1.0.0	parsimonious_FBA
r_3221	0.0	yeast_GEM_v9_1_0	micro_pilot_processing_20260730:v1.0.0	parsimonious_FBA
r_3222	0.0	yeast_GEM_v9_1_0	micro_pilot_processing_20260730:v1.0.0	parsimonious_FBA
r_3223	0.0	yeast_GEM_v9_1_0	micro_pilot_processing_20260730:v1.0.0	parsimonious_FBA
r_3224	0.0	yeast_GEM_v9_1_0	micro_pilot_processing_20260730:v1.0.0	parsimonious_FBA
r_3225	0.0	yeast_GEM_v9_1_0	micro_pilot_processing_20260730:v1.0.0	parsimonious_FBA
r_3226	0.0	yeast_GEM_v9_1_0	micro_pilot_processing_20260730:v1.0.0	parsimonious_FBA
r_3227	0.0	yeast_GEM_v9_1_0	micro_pilot_processing_20260730:v1.0.0	parsimonious_FBA
r_3228	0.0	yeast_GEM_v9_1_0	micro_pilot_processing_20260730:v1.0.0	parsimonious_FBA
r_3229	0.0	yeast_GEM_v9_1_0	micro_pilot_processing_20260730:v1.0.0	parsimonious_FBA
r_3230	0.0	yeast_GEM_v9_1_0	micro_pilot_processing_20260730:v1.0.0	parsimonious_FBA
r_3231	0.0	yeast_GEM_v9_1_0	micro_pilot_processing_20260730:v1.0.0	parsimonious_FBA
r_3232	0.0	yeast_GEM_v9_1_0	micro_pilot_processing_20260730:v1.0.0	parsimonious_FBA
r_3233	0.0	yeast_GEM_v9_1_0	micro_pilot_processing_20260730:v1.0.0	parsimonious_FBA
r_3234	0.0	yeast_GEM_v9_1_0	micro_pilot_processing_20260730:v1.0.0	parsimonious_FBA
r_3235	0.0	yeast_GEM_v9_1_0	micro_pilot_processing_20260730:v1.0.0	parsimonious_FBA
r_3236	0.0	yeast_GEM_v9_1_0	micro_pilot_processing_20260730:v1.0.0	parsimonious_FBA
r_3237	0.0	yeast_GEM_v9_1_0	micro_pilot_processing_20260730:v1.0.0	parsimonious_FBA
r_3238	0.0	yeast_GEM_v9_1_0	micro_pilot_processing_20260730:v1.0.0	parsimonious_FBA
r_3239	0.0	yeast_GEM_v9_1_0	micro_pilot_processing_20260730:v1.0.0	parsimonious_FBA
r_3240	0.0	yeast_GEM_v9_1_0	micro_pilot_processing_20260730:v1.0.0	parsimonious_FBA
r_3241	0.0	yeast_GEM_v9_1_0	micro_pilot_processing_20260730:v1.0.0	parsimonious_FBA
r_3242	0.0	yeast_GEM_v9_1_0	micro_pilot_processing_20260730:v1.0.0	parsimonious_FBA
r_3243	0.0	yeast_GEM_v9_1_0	micro_pilot_processing_20260730:v1.0.0	parsimonious_FBA
r_3244	0.0	yeast_GEM_v9_1_0	micro_pilot_processing_20260730:v1.0.0	parsimonious_FBA
r_3245	0.0	yeast_GEM_v9_1_0	micro_pilot_processing_20260730:v1.0.0	parsimonious_FBA
r_3246	0.0	yeast_GEM_v9_1_0	micro_pilot_processing_20260730:v1.0.0	parsimonious_FBA
r_3247	0.0	yeast_GEM_v9_1_0	micro_pilot_processing_20260730:v1.0.0	parsimonious_FBA
r_3248	0.0	yeast_GEM_v9_1_0	micro_pilot_processing_20260730:v1.0.0	parsimonious_FBA
r_3249	0.0	yeast_GEM_v9_1_0	micro_pilot_processing_20260730:v1.0.0	parsimonious_FBA
r_3250	0.0	yeast_GEM_v9_1_0	micro_pilot_processing_20260730:v1.0.0	parsimonious_FBA
r_3251	0.0	yeast_GEM_v9_1_0	micro_pilot_processing_20260730:v1.0.0	parsimonious_FBA
r_3252	0.0	yeast_GEM_v9_1_0	micro_pilot_processing_20260730:v1.0.0	parsimonious_FBA
r_3253	0.0	yeast_GEM_v9_1_0	micro_pilot_processing_20260730:v1.0.0	parsimonious_FBA
r_3254	0.0	yeast_GEM_v9_1_0	micro_pilot_processing_20260730:v1.0.0	parsimonious_FBA
r_3255	0.0	yeast_GEM_v9_1_0	micro_pilot_processing_20260730:v1.0.0	parsimonious_FBA
r_3256	0.0	yeast_GEM_v9_1_0	micro_pilot_processing_20260730:v1.0.0	parsimonious_FBA
r_3257	0.0	yeast_GEM_v9_1_0	micro_pilot_processing_20260730:v1.0.0	parsimonious_FBA
r_3258	0.0	yeast_GEM_v9_1_0	micro_pilot_processing_20260730:v1.0.0	parsimonious_FBA
r_3259	0.0	yeast_GEM_v9_1_0	micro_pilot_processing_20260730:v1.0.0	parsimonious_FBA
r_3260	0.0	yeast_GEM_v9_1_0	micro_pilot_processing_20260730:v1.0.0	parsimonious_FBA
r_3261	0.0	yeast_GEM_v9_1_0	micro_pilot_processing_20260730:v1.0.0	parsimonious_FBA
r_3262	0.0	yeast_GEM_v9_1_0	micro_pilot_processing_20260730:v1.0.0	parsimonious_FBA
r_3263	0.0	yeast_GEM_v9_1_0	micro_pilot_processing_20260730:v1.0.0	parsimonious_FBA
r_3264	0.0	yeast_GEM_v9_1_0	micro_pilot_processing_20260730:v1.0.0	parsimonious_FBA
r_3265	0.0	yeast_GEM_v9_1_0	micro_pilot_processing_20260730:v1.0.0	parsimonious_FBA
r_3266	0.0	yeast_GEM_v9_1_0	micro_pilot_processing_20260730:v1.0.0	parsimonious_FBA
r_3267	0.0	yeast_GEM_v9_1_0	micro_pilot_processing_20260730:v1.0.0	parsimonious_FBA
r_3268	0.0	yeast_GEM_v9_1_0	micro_pilot_processing_20260730:v1.0.0	parsimonious_FBA
r_3269	0.0	yeast_GEM_v9_1_0	micro_pilot_processing_20260730:v1.0.0	parsimonious_FBA
r_3270	0.0	yeast_GEM_v9_1_0	micro_pilot_processing_20260730:v1.0.0	parsimonious_FBA
r_3271	0.0	yeast_GEM_v9_1_0	micro_pilot_processing_20260730:v1.0.0	parsimonious_FBA
r_3272	0.0	yeast_GEM_v9_1_0	micro_pilot_processing_20260730:v1.0.0	parsimonious_FBA
r_3273	0.0	yeast_GEM_v9_1_0	micro_pilot_processing_20260730:v1.0.0	parsimonious_FBA
r_3274	0.0	yeast_GEM_v9_1_0	micro_pilot_processing_20260730:v1.0.0	parsimonious_FBA
r_3275	0.0	yeast_GEM_v9_1_0	micro_pilot_processing_20260730:v1.0.0	parsimonious_FBA
r_3276	0.0	yeast_GEM_v9_1_0	micro_pilot_processing_20260730:v1.0.0	parsimonious_FBA
r_3277	0.0	yeast_GEM_v9_1_0	micro_pilot_processing_20260730:v1.0.0	parsimonious_FBA
r_3278	0.0	yeast_GEM_v9_1_0	micro_pilot_processing_20260730:v1.0.0	parsimonious_FBA
r_3279	0.0	yeast_GEM_v9_1_0	micro_pilot_processing_20260730:v1.0.0	parsimonious_FBA
r_3280	0.0	yeast_GEM_v9_1_0	micro_pilot_processing_20260730:v1.0.0	parsimonious_FBA
r_3281	0.0	yeast_GEM_v9_1_0	micro_pilot_processing_20260730:v1.0.0	parsimonious_FBA
r_3282	0.0	yeast_GEM_v9_1_0	micro_pilot_processing_20260730:v1.0.0	parsimonious_FBA
r_3283	0.0	yeast_GEM_v9_1_0	micro_pilot_processing_20260730:v1.0.0	parsimonious_FBA
r_3284	0.0	yeast_GEM_v9_1_0	micro_pilot_processing_20260730:v1.0.0	parsimonious_FBA
r_3285	0.0	yeast_GEM_v9_1_0	micro_pilot_processing_20260730:v1.0.0	parsimonious_FBA
r_3286	0.0	yeast_GEM_v9_1_0	micro_pilot_processing_20260730:v1.0.0	parsimonious_FBA
r_3287	0.0	yeast_GEM_v9_1_0	micro_pilot_processing_20260730:v1.0.0	parsimonious_FBA
r_3288	0.0	yeast_GEM_v9_1_0	micro_pilot_processing_20260730:v1.0.0	parsimonious_FBA
r_3289	0.0	yeast_GEM_v9_1_0	micro_pilot_processing_20260730:v1.0.0	parsimonious_FBA
r_3290	0.0	yeast_GEM_v9_1_0	micro_pilot_processing_20260730:v1.0.0	parsimonious_FBA
r_3291	0.0	yeast_GEM_v9_1_0	micro_pilot_processing_20260730:v1.0.0	parsimonious_FBA
r_3292	0.0	yeast_GEM_v9_1_0	micro_pilot_processing_20260730:v1.0.0	parsimonious_FBA
r_3293	0.0	yeast_GEM_v9_1_0	micro_pilot_processing_20260730:v1.0.0	parsimonious_FBA
r_3294	0.0	yeast_GEM_v9_1_0	micro_pilot_processing_20260730:v1.0.0	parsimonious_FBA
r_3295	0.0	yeast_GEM_v9_1_0	micro_pilot_processing_20260730:v1.0.0	parsimonious_FBA
r_3296	0.0	yeast_GEM_v9_1_0	micro_pilot_processing_20260730:v1.0.0	parsimonious_FBA
r_3297	0.0	yeast_GEM_v9_1_0	micro_pilot_processing_20260730:v1.0.0	parsimonious_FBA
r_3298	0.0	yeast_GEM_v9_1_0	micro_pilot_processing_20260730:v1.0.0	parsimonious_FBA
r_3299	0.0	yeast_GEM_v9_1_0	micro_pilot_processing_20260730:v1.0.0	parsimonious_FBA
r_3300	0.0	yeast_GEM_v9_1_0	micro_pilot_processing_20260730:v1.0.0	parsimonious_FBA
r_3301	0.0	yeast_GEM_v9_1_0	micro_pilot_processing_20260730:v1.0.0	parsimonious_FBA
r_3302	0.0	yeast_GEM_v9_1_0	micro_pilot_processing_20260730:v1.0.0	parsimonious_FBA
r_3303	0.0	yeast_GEM_v9_1_0	micro_pilot_processing_20260730:v1.0.0	parsimonious_FBA
r_3304	0.0	yeast_GEM_v9_1_0	micro_pilot_processing_20260730:v1.0.0	parsimonious_FBA
r_3305	0.0	yeast_GEM_v9_1_0	micro_pilot_processing_20260730:v1.0.0	parsimonious_FBA
r_3306	0.0	yeast_GEM_v9_1_0	micro_pilot_processing_20260730:v1.0.0	parsimonious_FBA
r_3307	0.0	yeast_GEM_v9_1_0	micro_pilot_processing_20260730:v1.0.0	parsimonious_FBA
r_3308	0.0	yeast_GEM_v9_1_0	micro_pilot_processing_20260730:v1.0.0	parsimonious_FBA
r_3309	0.0	yeast_GEM_v9_1_0	micro_pilot_processing_20260730:v1.0.0	parsimonious_FBA
r_3310	0.0	yeast_GEM_v9_1_0	micro_pilot_processing_20260730:v1.0.0	parsimonious_FBA
r_3311	0.0	yeast_GEM_v9_1_0	micro_pilot_processing_20260730:v1.0.0	parsimonious_FBA
r_3312	0.0	yeast_GEM_v9_1_0	micro_pilot_processing_20260730:v1.0.0	parsimonious_FBA
r_3313	0.0	yeast_GEM_v9_1_0	micro_pilot_processing_20260730:v1.0.0	parsimonious_FBA
r_3314	0.0	yeast_GEM_v9_1_0	micro_pilot_processing_20260730:v1.0.0	parsimonious_FBA
r_3315	0.0	yeast_GEM_v9_1_0	micro_pilot_processing_20260730:v1.0.0	parsimonious_FBA
r_3316	0.0	yeast_GEM_v9_1_0	micro_pilot_processing_20260730:v1.0.0	parsimonious_FBA
r_3317	0.0	yeast_GEM_v9_1_0	micro_pilot_processing_20260730:v1.0.0	parsimonious_FBA
r_3318	0.0	yeast_GEM_v9_1_0	micro_pilot_processing_20260730:v1.0.0	parsimonious_FBA
r_3319	0.0	yeast_GEM_v9_1_0	micro_pilot_processing_20260730:v1.0.0	parsimonious_FBA
r_3320	0.0	yeast_GEM_v9_1_0	micro_pilot_processing_20260730:v1.0.0	parsimonious_FBA
r_3321	0.0	yeast_GEM_v9_1_0	micro_pilot_processing_20260730:v1.0.0	parsimonious_FBA
r_3322	0.0	yeast_GEM_v9_1_0	micro_pilot_processing_20260730:v1.0.0	parsimonious_FBA
r_3323	0.0	yeast_GEM_v9_1_0	micro_pilot_processing_20260730:v1.0.0	parsimonious_FBA
r_3324	0.0	yeast_GEM_v9_1_0	micro_pilot_processing_20260730:v1.0.0	parsimonious_FBA
r_3325	0.0	yeast_GEM_v9_1_0	micro_pilot_processing_20260730:v1.0.0	parsimonious_FBA
r_3326	0.0	yeast_GEM_v9_1_0	micro_pilot_processing_20260730:v1.0.0	parsimonious_FBA
r_3327	0.0	yeast_GEM_v9_1_0	micro_pilot_processing_20260730:v1.0.0	parsimonious_FBA
r_3328	0.0	yeast_GEM_v9_1_0	micro_pilot_processing_20260730:v1.0.0	parsimonious_FBA
r_3329	0.0	yeast_GEM_v9_1_0	micro_pilot_processing_20260730:v1.0.0	parsimonious_FBA
r_3330	0.0	yeast_GEM_v9_1_0	micro_pilot_processing_20260730:v1.0.0	parsimonious_FBA
r_3331	0.0	yeast_GEM_v9_1_0	micro_pilot_processing_20260730:v1.0.0	parsimonious_FBA
r_3332	0.0	yeast_GEM_v9_1_0	micro_pilot_processing_20260730:v1.0.0	parsimonious_FBA
r_3333	0.0	yeast_GEM_v9_1_0	micro_pilot_processing_20260730:v1.0.0	parsimonious_FBA
r_3334	0.0	yeast_GEM_v9_1_0	micro_pilot_processing_20260730:v1.0.0	parsimonious_FBA
r_3335	0.0	yeast_GEM_v9_1_0	micro_pilot_processing_20260730:v1.0.0	parsimonious_FBA
r_3336	0.0	yeast_GEM_v9_1_0	micro_pilot_processing_20260730:v1.0.0	parsimonious_FBA
r_3337	0.0	yeast_GEM_v9_1_0	micro_pilot_processing_20260730:v1.0.0	parsimonious_FBA
r_3338	0.0	yeast_GEM_v9_1_0	micro_pilot_processing_20260730:v1.0.0	parsimonious_FBA
r_3339	0.0	yeast_GEM_v9_1_0	micro_pilot_processing_20260730:v1.0.0	parsimonious_FBA
r_3340	0.0	yeast_GEM_v9_1_0	micro_pilot_processing_20260730:v1.0.0	parsimonious_FBA
r_3341	0.0	yeast_GEM_v9_1_0	micro_pilot_processing_20260730:v1.0.0	parsimonious_FBA
r_3342	0.0	yeast_GEM_v9_1_0	micro_pilot_processing_20260730:v1.0.0	parsimonious_FBA
r_3343	0.0	yeast_GEM_v9_1_0	micro_pilot_processing_20260730:v1.0.0	parsimonious_FBA
r_3344	0.0	yeast_GEM_v9_1_0	micro_pilot_processing_20260730:v1.0.0	parsimonious_FBA
r_3345	0.0	yeast_GEM_v9_1_0	micro_pilot_processing_20260730:v1.0.0	parsimonious_FBA
r_3346	0.0	yeast_GEM_v9_1_0	micro_pilot_processing_20260730:v1.0.0	parsimonious_FBA
r_3347	0.0	yeast_GEM_v9_1_0	micro_pilot_processing_20260730:v1.0.0	parsimonious_FBA
r_3348	0.0	yeast_GEM_v9_1_0	micro_pilot_processing_20260730:v1.0.0	parsimonious_FBA
r_3349	0.0	yeast_GEM_v9_1_0	micro_pilot_processing_20260730:v1.0.0	parsimonious_FBA
r_3350	0.0	yeast_GEM_v9_1_0	micro_pilot_processing_20260730:v1.0.0	parsimonious_FBA
r_3351	0.0	yeast_GEM_v9_1_0	micro_pilot_processing_20260730:v1.0.0	parsimonious_FBA
r_3352	0.0	yeast_GEM_v9_1_0	micro_pilot_processing_20260730:v1.0.0	parsimonious_FBA
r_3353	0.0	yeast_GEM_v9_1_0	micro_pilot_processing_20260730:v1.0.0	parsimonious_FBA
r_3354	0.0	yeast_GEM_v9_1_0	micro_pilot_processing_20260730:v1.0.0	parsimonious_FBA
r_3355	0.0	yeast_GEM_v9_1_0	micro_pilot_processing_20260730:v1.0.0	parsimonious_FBA
r_3356	0.0	yeast_GEM_v9_1_0	micro_pilot_processing_20260730:v1.0.0	parsimonious_FBA
r_3357	0.0	yeast_GEM_v9_1_0	micro_pilot_processing_20260730:v1.0.0	parsimonious_FBA
r_3358	0.0	yeast_GEM_v9_1_0	micro_pilot_processing_20260730:v1.0.0	parsimonious_FBA
r_3359	0.0	yeast_GEM_v9_1_0	micro_pilot_processing_20260730:v1.0.0	parsimonious_FBA
r_3360	0.0	yeast_GEM_v9_1_0	micro_pilot_processing_20260730:v1.0.0	parsimonious_FBA
r_3361	0.0	yeast_GEM_v9_1_0	micro_pilot_processing_20260730:v1.0.0	parsimonious_FBA
r_3362	0.0	yeast_GEM_v9_1_0	micro_pilot_processing_20260730:v1.0.0	parsimonious_FBA
r_3363	0.0	yeast_GEM_v9_1_0	micro_pilot_processing_20260730:v1.0.0	parsimonious_FBA
r_3364	0.0	yeast_GEM_v9_1_0	micro_pilot_processing_20260730:v1.0.0	parsimonious_FBA
r_3365	0.0	yeast_GEM_v9_1_0	micro_pilot_processing_20260730:v1.0.0	parsimonious_FBA
r_3366	0.0	yeast_GEM_v9_1_0	micro_pilot_processing_20260730:v1.0.0	parsimonious_FBA
r_3367	0.0	yeast_GEM_v9_1_0	micro_pilot_processing_20260730:v1.0.0	parsimonious_FBA
r_3368	0.0	yeast_GEM_v9_1_0	micro_pilot_processing_20260730:v1.0.0	parsimonious_FBA
r_3369	0.0	yeast_GEM_v9_1_0	micro_pilot_processing_20260730:v1.0.0	parsimonious_FBA
r_3370	0.0	yeast_GEM_v9_1_0	micro_pilot_processing_20260730:v1.0.0	parsimonious_FBA
r_3371	0.0	yeast_GEM_v9_1_0	micro_pilot_processing_20260730:v1.0.0	parsimonious_FBA
r_3372	0.0	yeast_GEM_v9_1_0	micro_pilot_processing_20260730:v1.0.0	parsimonious_FBA
r_3373	0.0	yeast_GEM_v9_1_0	micro_pilot_processing_20260730:v1.0.0	parsimonious_FBA
r_3374	0.0	yeast_GEM_v9_1_0	micro_pilot_processing_20260730:v1.0.0	parsimonious_FBA
r_3375	0.0	yeast_GEM_v9_1_0	micro_pilot_processing_20260730:v1.0.0	parsimonious_FBA
r_3376	0.0	yeast_GEM_v9_1_0	micro_pilot_processing_20260730:v1.0.0	parsimonious_FBA
r_3377	0.0	yeast_GEM_v9_1_0	micro_pilot_processing_20260730:v1.0.0	parsimonious_FBA
r_3378	0.0	yeast_GEM_v9_1_0	micro_pilot_processing_20260730:v1.0.0	parsimonious_FBA
r_3379	0.0	yeast_GEM_v9_1_0	micro_pilot_processing_20260730:v1.0.0	parsimonious_FBA
r_3380	0.0	yeast_GEM_v9_1_0	micro_pilot_processing_20260730:v1.0.0	parsimonious_FBA
r_3381	0.0	yeast_GEM_v9_1_0	micro_pilot_processing_20260730:v1.0.0	parsimonious_FBA
r_3382	0.0	yeast_GEM_v9_1_0	micro_pilot_processing_20260730:v1.0.0	parsimonious_FBA
r_3383	0.0	yeast_GEM_v9_1_0	micro_pilot_processing_20260730:v1.0.0	parsimonious_FBA
r_3384	0.0	yeast_GEM_v9_1_0	micro_pilot_processing_20260730:v1.0.0	parsimonious_FBA
r_3385	0.0	yeast_GEM_v9_1_0	micro_pilot_processing_20260730:v1.0.0	parsimonious_FBA
r_3386	0.0	yeast_GEM_v9_1_0	micro_pilot_processing_20260730:v1.0.0	parsimonious_FBA
r_3387	0.0	yeast_GEM_v9_1_0	micro_pilot_processing_20260730:v1.0.0	parsimonious_FBA
r_3388	0.0	yeast_GEM_v9_1_0	micro_pilot_processing_20260730:v1.0.0	parsimonious_FBA
r_3389	0.0	yeast_GEM_v9_1_0	micro_pilot_processing_20260730:v1.0.0	parsimonious_FBA
r_3390	0.0	yeast_GEM_v9_1_0	micro_pilot_processing_20260730:v1.0.0	parsimonious_FBA
r_3391	0.0	yeast_GEM_v9_1_0	micro_pilot_processing_20260730:v1.0.0	parsimonious_FBA
r_3392	0.0	yeast_GEM_v9_1_0	micro_pilot_processing_20260730:v1.0.0	parsimonious_FBA
r_3393	0.0	yeast_GEM_v9_1_0	micro_pilot_processing_20260730:v1.0.0	parsimonious_FBA
r_3394	0.0	yeast_GEM_v9_1_0	micro_pilot_processing_20260730:v1.0.0	parsimonious_FBA
r_3395	0.0	yeast_GEM_v9_1_0	micro_pilot_processing_20260730:v1.0.0	parsimonious_FBA
r_3396	0.0	yeast_GEM_v9_1_0	micro_pilot_processing_20260730:v1.0.0	parsimonious_FBA
r_3397	0.0	yeast_GEM_v9_1_0	micro_pilot_processing_20260730:v1.0.0	parsimonious_FBA
r_3398	0.0	yeast_GEM_v9_1_0	micro_pilot_processing_20260730:v1.0.0	parsimonious_FBA
r_3399	0.0	yeast_GEM_v9_1_0	micro_pilot_processing_20260730:v1.0.0	parsimonious_FBA
r_3400	0.0	yeast_GEM_v9_1_0	micro_pilot_processing_20260730:v1.0.0	parsimonious_FBA
r_3401	0.0	yeast_GEM_v9_1_0	micro_pilot_processing_20260730:v1.0.0	parsimonious_FBA
r_3402	0.0	yeast_GEM_v9_1_0	micro_pilot_processing_20260730:v1.0.0	parsimonious_FBA
r_3403	0.0	yeast_GEM_v9_1_0	micro_pilot_processing_20260730:v1.0.0	parsimonious_FBA
r_3404	0.0	yeast_GEM_v9_1_0	micro_pilot_processing_20260730:v1.0.0	parsimonious_FBA
r_3405	0.0	yeast_GEM_v9_1_0	micro_pilot_processing_20260730:v1.0.0	parsimonious_FBA
r_3406	0.0	yeast_GEM_v9_1_0	micro_pilot_processing_20260730:v1.0.0	parsimonious_FBA
r_3407	0.0	yeast_GEM_v9_1_0	micro_pilot_processing_20260730:v1.0.0	parsimonious_FBA
r_3408	0.0	yeast_GEM_v9_1_0	micro_pilot_processing_20260730:v1.0.0	parsimonious_FBA
r_3409	0.0	yeast_GEM_v9_1_0	micro_pilot_processing_20260730:v1.0.0	parsimonious_FBA
r_3410	0.0	yeast_GEM_v9_1_0	micro_pilot_processing_20260730:v1.0.0	parsimonious_FBA
r_3411	0.0	yeast_GEM_v9_1_0	micro_pilot_processing_20260730:v1.0.0	parsimonious_FBA
r_3412	0.0	yeast_GEM_v9_1_0	micro_pilot_processing_20260730:v1.0.0	parsimonious_FBA
r_3413	0.0	yeast_GEM_v9_1_0	micro_pilot_processing_20260730:v1.0.0	parsimonious_FBA
r_3414	0.0	yeast_GEM_v9_1_0	micro_pilot_processing_20260730:v1.0.0	parsimonious_FBA
r_3415	0.0	yeast_GEM_v9_1_0	micro_pilot_processing_20260730:v1.0.0	parsimonious_FBA
r_3416	0.0	yeast_GEM_v9_1_0	micro_pilot_processing_20260730:v1.0.0	parsimonious_FBA
r_3417	0.0	yeast_GEM_v9_1_0	micro_pilot_processing_20260730:v1.0.0	parsimonious_FBA
r_3418	0.0	yeast_GEM_v9_1_0	micro_pilot_processing_20260730:v1.0.0	parsimonious_FBA
r_3419	0.0	yeast_GEM_v9_1_0	micro_pilot_processing_20260730:v1.0.0	parsimonious_FBA
r_3420	0.0	yeast_GEM_v9_1_0	micro_pilot_processing_20260730:v1.0.0	parsimonious_FBA
r_3421	0.0	yeast_GEM_v9_1_0	micro_pilot_processing_20260730:v1.0.0	parsimonious_FBA
r_3422	0.0	yeast_GEM_v9_1_0	micro_pilot_processing_20260730:v1.0.0	parsimonious_FBA
r_3423	0.0	yeast_GEM_v9_1_0	micro_pilot_processing_20260730:v1.0.0	parsimonious_FBA
r_3424	0.0	yeast_GEM_v9_1_0	micro_pilot_processing_20260730:v1.0.0	parsimonious_FBA
r_3425	0.0	yeast_GEM_v9_1_0	micro_pilot_processing_20260730:v1.0.0	parsimonious_FBA
r_3426	0.0	yeast_GEM_v9_1_0	micro_pilot_processing_20260730:v1.0.0	parsimonious_FBA
r_3427	0.0	yeast_GEM_v9_1_0	micro_pilot_processing_20260730:v1.0.0	parsimonious_FBA
r_3428	0.0	yeast_GEM_v9_1_0	micro_pilot_processing_20260730:v1.0.0	parsimonious_FBA
r_3429	0.0	yeast_GEM_v9_1_0	micro_pilot_processing_20260730:v1.0.0	parsimonious_FBA
r_3430	0.0	yeast_GEM_v9_1_0	micro_pilot_processing_20260730:v1.0.0	parsimonious_FBA
r_3431	0.0	yeast_GEM_v9_1_0	micro_pilot_processing_20260730:v1.0.0	parsimonious_FBA
r_3432	0.0	yeast_GEM_v9_1_0	micro_pilot_processing_20260730:v1.0.0	parsimonious_FBA
r_3433	0.0	yeast_GEM_v9_1_0	micro_pilot_processing_20260730:v1.0.0	parsimonious_FBA
r_3434	0.0	yeast_GEM_v9_1_0	micro_pilot_processing_20260730:v1.0.0	parsimonious_FBA
r_3435	0.0	yeast_GEM_v9_1_0	micro_pilot_processing_20260730:v1.0.0	parsimonious_FBA
r_3436	0.0	yeast_GEM_v9_1_0	micro_pilot_processing_20260730:v1.0.0	parsimonious_FBA
r_3437	0.0	yeast_GEM_v9_1_0	micro_pilot_processing_20260730:v1.0.0	parsimonious_FBA
r_3438	0.0	yeast_GEM_v9_1_0	micro_pilot_processing_20260730:v1.0.0	parsimonious_FBA
r_3439	0.0	yeast_GEM_v9_1_0	micro_pilot_processing_20260730:v1.0.0	parsimonious_FBA
r_3440	0.0	yeast_GEM_v9_1_0	micro_pilot_processing_20260730:v1.0.0	parsimonious_FBA
r_3441	0.0	yeast_GEM_v9_1_0	micro_pilot_processing_20260730:v1.0.0	parsimonious_FBA
r_3442	0.0	yeast_GEM_v9_1_0	micro_pilot_processing_20260730:v1.0.0	parsimonious_FBA
r_3443	0.0	yeast_GEM_v9_1_0	micro_pilot_processing_20260730:v1.0.0	parsimonious_FBA
r_3444	0.0	yeast_GEM_v9_1_0	micro_pilot_processing_20260730:v1.0.0	parsimonious_FBA
r_3445	0.0	yeast_GEM_v9_1_0	micro_pilot_processing_20260730:v1.0.0	parsimonious_FBA
r_3446	0.0	yeast_GEM_v9_1_0	micro_pilot_processing_20260730:v1.0.0	parsimonious_FBA
r_3447	0.0	yeast_GEM_v9_1_0	micro_pilot_processing_20260730:v1.0.0	parsimonious_FBA
r_3448	0.0	yeast_GEM_v9_1_0	micro_pilot_processing_20260730:v1.0.0	parsimonious_FBA
r_3449	0.0	yeast_GEM_v9_1_0	micro_pilot_processing_20260730:v1.0.0	parsimonious_FBA
r_3450	0.0	yeast_GEM_v9_1_0	micro_pilot_processing_20260730:v1.0.0	parsimonious_FBA
r_3451	0.0	yeast_GEM_v9_1_0	micro_pilot_processing_20260730:v1.0.0	parsimonious_FBA
r_3452	0.0	yeast_GEM_v9_1_0	micro_pilot_processing_20260730:v1.0.0	parsimonious_FBA
r_3453	0.0	yeast_GEM_v9_1_0	micro_pilot_processing_20260730:v1.0.0	parsimonious_FBA
r_3454	0.0	yeast_GEM_v9_1_0	micro_pilot_processing_20260730:v1.0.0	parsimonious_FBA
r_3455	0.0	yeast_GEM_v9_1_0	micro_pilot_processing_20260730:v1.0.0	parsimonious_FBA
r_3456	0.0	yeast_GEM_v9_1_0	micro_pilot_processing_20260730:v1.0.0	parsimonious_FBA
r_3457	0.0	yeast_GEM_v9_1_0	micro_pilot_processing_20260730:v1.0.0	parsimonious_FBA
r_3458	0.0	yeast_GEM_v9_1_0	micro_pilot_processing_20260730:v1.0.0	parsimonious_FBA
r_3459	0.0	yeast_GEM_v9_1_0	micro_pilot_processing_20260730:v1.0.0	parsimonious_FBA
r_3460	0.0	yeast_GEM_v9_1_0	micro_pilot_processing_20260730:v1.0.0	parsimonious_FBA
r_3461	0.0	yeast_GEM_v9_1_0	micro_pilot_processing_20260730:v1.0.0	parsimonious_FBA
r_3462	0.0	yeast_GEM_v9_1_0	micro_pilot_processing_20260730:v1.0.0	parsimonious_FBA
r_3463	0.0	yeast_GEM_v9_1_0	micro_pilot_processing_20260730:v1.0.0	parsimonious_FBA
r_3464	0.0	yeast_GEM_v9_1_0	micro_pilot_processing_20260730:v1.0.0	parsimonious_FBA
r_3465	0.0	yeast_GEM_v9_1_0	micro_pilot_processing_20260730:v1.0.0	parsimonious_FBA
r_3466	0.0	yeast_GEM_v9_1_0	micro_pilot_processing_20260730:v1.0.0	parsimonious_FBA
r_3467	0.0	yeast_GEM_v9_1_0	micro_pilot_processing_20260730:v1.0.0	parsimonious_FBA
r_3468	0.0	yeast_GEM_v9_1_0	micro_pilot_processing_20260730:v1.0.0	parsimonious_FBA
r_3469	0.0	yeast_GEM_v9_1_0	micro_pilot_processing_20260730:v1.0.0	parsimonious_FBA
r_3470	0.0	yeast_GEM_v9_1_0	micro_pilot_processing_20260730:v1.0.0	parsimonious_FBA
r_3471	0.0	yeast_GEM_v9_1_0	micro_pilot_processing_20260730:v1.0.0	parsimonious_FBA
r_3472	0.0	yeast_GEM_v9_1_0	micro_pilot_processing_20260730:v1.0.0	parsimonious_FBA
r_3473	0.0	yeast_GEM_v9_1_0	micro_pilot_processing_20260730:v1.0.0	parsimonious_FBA
r_3474	0.0	yeast_GEM_v9_1_0	micro_pilot_processing_20260730:v1.0.0	parsimonious_FBA
r_3475	0.0	yeast_GEM_v9_1_0	micro_pilot_processing_20260730:v1.0.0	parsimonious_FBA
r_3476	0.0	yeast_GEM_v9_1_0	micro_pilot_processing_20260730:v1.0.0	parsimonious_FBA
r_3477	0.0	yeast_GEM_v9_1_0	micro_pilot_processing_20260730:v1.0.0	parsimonious_FBA
r_3478	0.0	yeast_GEM_v9_1_0	micro_pilot_processing_20260730:v1.0.0	parsimonious_FBA
r_3479	0.0	yeast_GEM_v9_1_0	micro_pilot_processing_20260730:v1.0.0	parsimonious_FBA
r_3480	0.0	yeast_GEM_v9_1_0	micro_pilot_processing_20260730:v1.0.0	parsimonious_FBA
r_3481	0.0	yeast_GEM_v9_1_0	micro_pilot_processing_20260730:v1.0.0	parsimonious_FBA
r_3482	0.0	yeast_GEM_v9_1_0	micro_pilot_processing_20260730:v1.0.0	parsimonious_FBA
r_3483	0.0	yeast_GEM_v9_1_0	micro_pilot_processing_20260730:v1.0.0	parsimonious_FBA
r_3484	0.0	yeast_GEM_v9_1_0	micro_pilot_processing_20260730:v1.0.0	parsimonious_FBA
r_3485	0.0	yeast_GEM_v9_1_0	micro_pilot_processing_20260730:v1.0.0	parsimonious_FBA
r_3486	0.0	yeast_GEM_v9_1_0	micro_pilot_processing_20260730:v1.0.0	parsimonious_FBA
r_3487	0.0	yeast_GEM_v9_1_0	micro_pilot_processing_20260730:v1.0.0	parsimonious_FBA
r_3488	0.0	yeast_GEM_v9_1_0	micro_pilot_processing_20260730:v1.0.0	parsimonious_FBA
r_3489	0.0	yeast_GEM_v9_1_0	micro_pilot_processing_20260730:v1.0.0	parsimonious_FBA
r_3490	0.0	yeast_GEM_v9_1_0	micro_pilot_processing_20260730:v1.0.0	parsimonious_FBA
r_3491	0.0	yeast_GEM_v9_1_0	micro_pilot_processing_20260730:v1.0.0	parsimonious_FBA
r_3492	0.0	yeast_GEM_v9_1_0	micro_pilot_processing_20260730:v1.0.0	parsimonious_FBA
r_3493	0.0	yeast_GEM_v9_1_0	micro_pilot_processing_20260730:v1.0.0	parsimonious_FBA
r_3494	0.0	yeast_GEM_v9_1_0	micro_pilot_processing_20260730:v1.0.0	parsimonious_FBA
r_3495	0.0	yeast_GEM_v9_1_0	micro_pilot_processing_20260730:v1.0.0	parsimonious_FBA
r_3496	0.0	yeast_GEM_v9_1_0	micro_pilot_processing_20260730:v1.0.0	parsimonious_FBA
r_3497	0.0	yeast_GEM_v9_1_0	micro_pilot_processing_20260730:v1.0.0	parsimonious_FBA
r_3498	0.0	yeast_GEM_v9_1_0	micro_pilot_processing_20260730:v1.0.0	parsimonious_FBA
r_3499	0.0	yeast_GEM_v9_1_0	micro_pilot_processing_20260730:v1.0.0	parsimonious_FBA
r_3500	0.0	yeast_GEM_v9_1_0	micro_pilot_processing_20260730:v1.0.0	parsimonious_FBA
r_3501	0.0	yeast_GEM_v9_1_0	micro_pilot_processing_20260730:v1.0.0	parsimonious_FBA
r_3502	0.0	yeast_GEM_v9_1_0	micro_pilot_processing_20260730:v1.0.0	parsimonious_FBA
r_3503	0.0	yeast_GEM_v9_1_0	micro_pilot_processing_20260730:v1.0.0	parsimonious_FBA
r_3504	0.0	yeast_GEM_v9_1_0	micro_pilot_processing_20260730:v1.0.0	parsimonious_FBA
r_3505	0.0	yeast_GEM_v9_1_0	micro_pilot_processing_20260730:v1.0.0	parsimonious_FBA
r_3506	0.0	yeast_GEM_v9_1_0	micro_pilot_processing_20260730:v1.0.0	parsimonious_FBA
r_3507	0.0	yeast_GEM_v9_1_0	micro_pilot_processing_20260730:v1.0.0	parsimonious_FBA
r_3508	0.0	yeast_GEM_v9_1_0	micro_pilot_processing_20260730:v1.0.0	parsimonious_FBA
r_3509	0.0	yeast_GEM_v9_1_0	micro_pilot_processing_20260730:v1.0.0	parsimonious_FBA
r_3510	0.0	yeast_GEM_v9_1_0	micro_pilot_processing_20260730:v1.0.0	parsimonious_FBA
r_3511	-0.004493267346687972	yeast_GEM_v9_1_0	micro_pilot_processing_20260730:v1.0.0	parsimonious_FBA
r_3512	0.0	yeast_GEM_v9_1_0	micro_pilot_processing_20260730:v1.0.0	parsimonious_FBA
r_3513	0.0	yeast_GEM_v9_1_0	micro_pilot_processing_20260730:v1.0.0	parsimonious_FBA
r_3514	0.0	yeast_GEM_v9_1_0	micro_pilot_processing_20260730:v1.0.0	parsimonious_FBA
r_3515	0.0	yeast_GEM_v9_1_0	micro_pilot_processing_20260730:v1.0.0	parsimonious_FBA
r_3516	0.0	yeast_GEM_v9_1_0	micro_pilot_processing_20260730:v1.0.0	parsimonious_FBA
r_3517	0.0960118615627191	yeast_GEM_v9_1_0	micro_pilot_processing_20260730:v1.0.0	parsimonious_FBA
r_3518	0.0	yeast_GEM_v9_1_0	micro_pilot_processing_20260730:v1.0.0	parsimonious_FBA
r_3519	0.02984053770623095	yeast_GEM_v9_1_0	micro_pilot_processing_20260730:v1.0.0	parsimonious_FBA
r_3520	0.0	yeast_GEM_v9_1_0	micro_pilot_processing_20260730:v1.0.0	parsimonious_FBA
r_3521	0.0	yeast_GEM_v9_1_0	micro_pilot_processing_20260730:v1.0.0	parsimonious_FBA
r_3522	0.0	yeast_GEM_v9_1_0	micro_pilot_processing_20260730:v1.0.0	parsimonious_FBA
r_3523	0.0	yeast_GEM_v9_1_0	micro_pilot_processing_20260730:v1.0.0	parsimonious_FBA
r_3524	0.0	yeast_GEM_v9_1_0	micro_pilot_processing_20260730:v1.0.0	parsimonious_FBA
r_3525	-0.022220288586203143	yeast_GEM_v9_1_0	micro_pilot_processing_20260730:v1.0.0	parsimonious_FBA
r_3526	-0.184349811159025	yeast_GEM_v9_1_0	micro_pilot_processing_20260730:v1.0.0	parsimonious_FBA
r_3527	0.0	yeast_GEM_v9_1_0	micro_pilot_processing_20260730:v1.0.0	parsimonious_FBA
r_3528	-0.12585239926894998	yeast_GEM_v9_1_0	micro_pilot_processing_20260730:v1.0.0	parsimonious_FBA
r_3529	0.0	yeast_GEM_v9_1_0	micro_pilot_processing_20260730:v1.0.0	parsimonious_FBA
r_3530	0.0	yeast_GEM_v9_1_0	micro_pilot_processing_20260730:v1.0.0	parsimonious_FBA
r_3531	0.09546651579167466	yeast_GEM_v9_1_0	micro_pilot_processing_20260730:v1.0.0	parsimonious_FBA
r_3532	0.18057413025545443	yeast_GEM_v9_1_0	micro_pilot_processing_20260730:v1.0.0	parsimonious_FBA
r_3533	-0.1805741302554544	yeast_GEM_v9_1_0	micro_pilot_processing_20260730:v1.0.0	parsimonious_FBA
r_3534	0.05342824823771381	yeast_GEM_v9_1_0	micro_pilot_processing_20260730:v1.0.0	parsimonious_FBA
r_3535	0.0	yeast_GEM_v9_1_0	micro_pilot_processing_20260730:v1.0.0	parsimonious_FBA
r_3536	-0.042351760466701506	yeast_GEM_v9_1_0	micro_pilot_processing_20260730:v1.0.0	parsimonious_FBA
r_3537	-0.006583220424324348	yeast_GEM_v9_1_0	micro_pilot_processing_20260730:v1.0.0	parsimonious_FBA
r_3538	0.04684502781338949	yeast_GEM_v9_1_0	micro_pilot_processing_20260730:v1.0.0	parsimonious_FBA
r_3539	0.0	yeast_GEM_v9_1_0	micro_pilot_processing_20260730:v1.0.0	parsimonious_FBA
r_3540	-0.04684502781338948	yeast_GEM_v9_1_0	micro_pilot_processing_20260730:v1.0.0	parsimonious_FBA
r_3541	0.0	yeast_GEM_v9_1_0	micro_pilot_processing_20260730:v1.0.0	parsimonious_FBA
r_3542	0.0	yeast_GEM_v9_1_0	micro_pilot_processing_20260730:v1.0.0	parsimonious_FBA
r_3543	-0.004493267346687971	yeast_GEM_v9_1_0	micro_pilot_processing_20260730:v1.0.0	parsimonious_FBA
r_3544	0.004493267346687971	yeast_GEM_v9_1_0	micro_pilot_processing_20260730:v1.0.0	parsimonious_FBA
r_3545	0.040257792984034084	yeast_GEM_v9_1_0	micro_pilot_processing_20260730:v1.0.0	parsimonious_FBA
r_3546	0.006587234829355391	yeast_GEM_v9_1_0	micro_pilot_processing_20260730:v1.0.0	parsimonious_FBA
r_3547	0.07942421772748749	yeast_GEM_v9_1_0	micro_pilot_processing_20260730:v1.0.0	parsimonious_FBA
r_3548	-0.07942421772748752	yeast_GEM_v9_1_0	micro_pilot_processing_20260730:v1.0.0	parsimonious_FBA
r_3549	0.0	yeast_GEM_v9_1_0	micro_pilot_processing_20260730:v1.0.0	parsimonious_FBA
r_3550	0.0	yeast_GEM_v9_1_0	micro_pilot_processing_20260730:v1.0.0	parsimonious_FBA
r_3551	0.0	yeast_GEM_v9_1_0	micro_pilot_processing_20260730:v1.0.0	parsimonious_FBA
r_3552	0.0	yeast_GEM_v9_1_0	micro_pilot_processing_20260730:v1.0.0	parsimonious_FBA
r_3553	0.0	yeast_GEM_v9_1_0	micro_pilot_processing_20260730:v1.0.0	parsimonious_FBA
r_3554	0.0	yeast_GEM_v9_1_0	micro_pilot_processing_20260730:v1.0.0	parsimonious_FBA
r_3555	0.0	yeast_GEM_v9_1_0	micro_pilot_processing_20260730:v1.0.0	parsimonious_FBA
r_3556	0.0	yeast_GEM_v9_1_0	micro_pilot_processing_20260730:v1.0.0	parsimonious_FBA
r_3557	0.0	yeast_GEM_v9_1_0	micro_pilot_processing_20260730:v1.0.0	parsimonious_FBA
r_3558	-1.8880821016303784e-29	yeast_GEM_v9_1_0	micro_pilot_processing_20260730:v1.0.0	parsimonious_FBA
r_3559	0.0	yeast_GEM_v9_1_0	micro_pilot_processing_20260730:v1.0.0	parsimonious_FBA
r_3560	0.0	yeast_GEM_v9_1_0	micro_pilot_processing_20260730:v1.0.0	parsimonious_FBA
r_3561	0.0	yeast_GEM_v9_1_0	micro_pilot_processing_20260730:v1.0.0	parsimonious_FBA
r_3562	0.0	yeast_GEM_v9_1_0	micro_pilot_processing_20260730:v1.0.0	parsimonious_FBA
r_3563	-0.006587234829355392	yeast_GEM_v9_1_0	micro_pilot_processing_20260730:v1.0.0	parsimonious_FBA
r_3564	0.0	yeast_GEM_v9_1_0	micro_pilot_processing_20260730:v1.0.0	parsimonious_FBA
r_3565	0.0	yeast_GEM_v9_1_0	micro_pilot_processing_20260730:v1.0.0	parsimonious_FBA
r_3566	0.0	yeast_GEM_v9_1_0	micro_pilot_processing_20260730:v1.0.0	parsimonious_FBA
r_3567	0.0	yeast_GEM_v9_1_0	micro_pilot_processing_20260730:v1.0.0	parsimonious_FBA
r_3568	0.0	yeast_GEM_v9_1_0	micro_pilot_processing_20260730:v1.0.0	parsimonious_FBA
r_3569	0.0	yeast_GEM_v9_1_0	micro_pilot_processing_20260730:v1.0.0	parsimonious_FBA
r_3570	0.0	yeast_GEM_v9_1_0	micro_pilot_processing_20260730:v1.0.0	parsimonious_FBA
r_3571	0.0	yeast_GEM_v9_1_0	micro_pilot_processing_20260730:v1.0.0	parsimonious_FBA
r_3572	0.0	yeast_GEM_v9_1_0	micro_pilot_processing_20260730:v1.0.0	parsimonious_FBA
r_3573	0.0	yeast_GEM_v9_1_0	micro_pilot_processing_20260730:v1.0.0	parsimonious_FBA
r_3574	0.0	yeast_GEM_v9_1_0	micro_pilot_processing_20260730:v1.0.0	parsimonious_FBA
r_3575	0.0	yeast_GEM_v9_1_0	micro_pilot_processing_20260730:v1.0.0	parsimonious_FBA
r_3576	0.0	yeast_GEM_v9_1_0	micro_pilot_processing_20260730:v1.0.0	parsimonious_FBA
r_3577	0.0	yeast_GEM_v9_1_0	micro_pilot_processing_20260730:v1.0.0	parsimonious_FBA
r_3578	0.0	yeast_GEM_v9_1_0	micro_pilot_processing_20260730:v1.0.0	parsimonious_FBA
r_3579	0.0	yeast_GEM_v9_1_0	micro_pilot_processing_20260730:v1.0.0	parsimonious_FBA
r_3580	0.0	yeast_GEM_v9_1_0	micro_pilot_processing_20260730:v1.0.0	parsimonious_FBA
r_3581	0.0	yeast_GEM_v9_1_0	micro_pilot_processing_20260730:v1.0.0	parsimonious_FBA
r_3582	0.0	yeast_GEM_v9_1_0	micro_pilot_processing_20260730:v1.0.0	parsimonious_FBA
r_3583	0.0	yeast_GEM_v9_1_0	micro_pilot_processing_20260730:v1.0.0	parsimonious_FBA
r_3584	0.0	yeast_GEM_v9_1_0	micro_pilot_processing_20260730:v1.0.0	parsimonious_FBA
r_3585	0.0	yeast_GEM_v9_1_0	micro_pilot_processing_20260730:v1.0.0	parsimonious_FBA
r_3586	0.0	yeast_GEM_v9_1_0	micro_pilot_processing_20260730:v1.0.0	parsimonious_FBA
r_3587	0.0	yeast_GEM_v9_1_0	micro_pilot_processing_20260730:v1.0.0	parsimonious_FBA
r_3588	0.0	yeast_GEM_v9_1_0	micro_pilot_processing_20260730:v1.0.0	parsimonious_FBA
r_3589	0.0	yeast_GEM_v9_1_0	micro_pilot_processing_20260730:v1.0.0	parsimonious_FBA
r_3590	0.0	yeast_GEM_v9_1_0	micro_pilot_processing_20260730:v1.0.0	parsimonious_FBA
r_3591	0.0	yeast_GEM_v9_1_0	micro_pilot_processing_20260730:v1.0.0	parsimonious_FBA
r_3592	0.0	yeast_GEM_v9_1_0	micro_pilot_processing_20260730:v1.0.0	parsimonious_FBA
r_3593	0.0	yeast_GEM_v9_1_0	micro_pilot_processing_20260730:v1.0.0	parsimonious_FBA
r_3594	0.0	yeast_GEM_v9_1_0	micro_pilot_processing_20260730:v1.0.0	parsimonious_FBA
r_3595	0.0	yeast_GEM_v9_1_0	micro_pilot_processing_20260730:v1.0.0	parsimonious_FBA
r_3596	0.0	yeast_GEM_v9_1_0	micro_pilot_processing_20260730:v1.0.0	parsimonious_FBA
r_3597	0.0	yeast_GEM_v9_1_0	micro_pilot_processing_20260730:v1.0.0	parsimonious_FBA
r_3598	0.0	yeast_GEM_v9_1_0	micro_pilot_processing_20260730:v1.0.0	parsimonious_FBA
r_3599	0.0	yeast_GEM_v9_1_0	micro_pilot_processing_20260730:v1.0.0	parsimonious_FBA
r_3600	0.0	yeast_GEM_v9_1_0	micro_pilot_processing_20260730:v1.0.0	parsimonious_FBA
r_3601	0.0	yeast_GEM_v9_1_0	micro_pilot_processing_20260730:v1.0.0	parsimonious_FBA
r_3602	0.0	yeast_GEM_v9_1_0	micro_pilot_processing_20260730:v1.0.0	parsimonious_FBA
r_3603	0.0	yeast_GEM_v9_1_0	micro_pilot_processing_20260730:v1.0.0	parsimonious_FBA
r_3604	0.0	yeast_GEM_v9_1_0	micro_pilot_processing_20260730:v1.0.0	parsimonious_FBA
r_3605	0.0	yeast_GEM_v9_1_0	micro_pilot_processing_20260730:v1.0.0	parsimonious_FBA
r_3606	0.0	yeast_GEM_v9_1_0	micro_pilot_processing_20260730:v1.0.0	parsimonious_FBA
r_3607	0.0	yeast_GEM_v9_1_0	micro_pilot_processing_20260730:v1.0.0	parsimonious_FBA
r_3608	0.0	yeast_GEM_v9_1_0	micro_pilot_processing_20260730:v1.0.0	parsimonious_FBA
r_3609	0.0	yeast_GEM_v9_1_0	micro_pilot_processing_20260730:v1.0.0	parsimonious_FBA
r_3610	0.0	yeast_GEM_v9_1_0	micro_pilot_processing_20260730:v1.0.0	parsimonious_FBA
r_3611	0.0	yeast_GEM_v9_1_0	micro_pilot_processing_20260730:v1.0.0	parsimonious_FBA
r_3612	0.0	yeast_GEM_v9_1_0	micro_pilot_processing_20260730:v1.0.0	parsimonious_FBA
r_3613	0.0	yeast_GEM_v9_1_0	micro_pilot_processing_20260730:v1.0.0	parsimonious_FBA
r_3614	0.0	yeast_GEM_v9_1_0	micro_pilot_processing_20260730:v1.0.0	parsimonious_FBA
r_3615	0.0	yeast_GEM_v9_1_0	micro_pilot_processing_20260730:v1.0.0	parsimonious_FBA
r_3616	0.0	yeast_GEM_v9_1_0	micro_pilot_processing_20260730:v1.0.0	parsimonious_FBA
r_3617	0.0	yeast_GEM_v9_1_0	micro_pilot_processing_20260730:v1.0.0	parsimonious_FBA
r_3618	0.0	yeast_GEM_v9_1_0	micro_pilot_processing_20260730:v1.0.0	parsimonious_FBA
r_3619	0.0	yeast_GEM_v9_1_0	micro_pilot_processing_20260730:v1.0.0	parsimonious_FBA
r_3620	0.0	yeast_GEM_v9_1_0	micro_pilot_processing_20260730:v1.0.0	parsimonious_FBA
r_3621	0.0	yeast_GEM_v9_1_0	micro_pilot_processing_20260730:v1.0.0	parsimonious_FBA
r_3622	0.0	yeast_GEM_v9_1_0	micro_pilot_processing_20260730:v1.0.0	parsimonious_FBA
r_3623	0.0	yeast_GEM_v9_1_0	micro_pilot_processing_20260730:v1.0.0	parsimonious_FBA
r_3624	0.0	yeast_GEM_v9_1_0	micro_pilot_processing_20260730:v1.0.0	parsimonious_FBA
r_3625	0.0	yeast_GEM_v9_1_0	micro_pilot_processing_20260730:v1.0.0	parsimonious_FBA
r_3626	0.0	yeast_GEM_v9_1_0	micro_pilot_processing_20260730:v1.0.0	parsimonious_FBA
r_3627	0.0	yeast_GEM_v9_1_0	micro_pilot_processing_20260730:v1.0.0	parsimonious_FBA
r_3628	0.0	yeast_GEM_v9_1_0	micro_pilot_processing_20260730:v1.0.0	parsimonious_FBA
r_3629	0.0	yeast_GEM_v9_1_0	micro_pilot_processing_20260730:v1.0.0	parsimonious_FBA
r_3630	0.0	yeast_GEM_v9_1_0	micro_pilot_processing_20260730:v1.0.0	parsimonious_FBA
r_3631	0.0	yeast_GEM_v9_1_0	micro_pilot_processing_20260730:v1.0.0	parsimonious_FBA
r_3632	0.0	yeast_GEM_v9_1_0	micro_pilot_processing_20260730:v1.0.0	parsimonious_FBA
r_3633	0.0	yeast_GEM_v9_1_0	micro_pilot_processing_20260730:v1.0.0	parsimonious_FBA
r_3634	0.0	yeast_GEM_v9_1_0	micro_pilot_processing_20260730:v1.0.0	parsimonious_FBA
r_3635	0.0	yeast_GEM_v9_1_0	micro_pilot_processing_20260730:v1.0.0	parsimonious_FBA
r_3636	0.0	yeast_GEM_v9_1_0	micro_pilot_processing_20260730:v1.0.0	parsimonious_FBA
r_3637	0.0	yeast_GEM_v9_1_0	micro_pilot_processing_20260730:v1.0.0	parsimonious_FBA
r_3638	0.0	yeast_GEM_v9_1_0	micro_pilot_processing_20260730:v1.0.0	parsimonious_FBA
r_3639	0.0	yeast_GEM_v9_1_0	micro_pilot_processing_20260730:v1.0.0	parsimonious_FBA
r_3640	0.0	yeast_GEM_v9_1_0	micro_pilot_processing_20260730:v1.0.0	parsimonious_FBA
r_3641	0.0	yeast_GEM_v9_1_0	micro_pilot_processing_20260730:v1.0.0	parsimonious_FBA
r_3642	0.0	yeast_GEM_v9_1_0	micro_pilot_processing_20260730:v1.0.0	parsimonious_FBA
r_3643	0.0	yeast_GEM_v9_1_0	micro_pilot_processing_20260730:v1.0.0	parsimonious_FBA
r_3644	0.0	yeast_GEM_v9_1_0	micro_pilot_processing_20260730:v1.0.0	parsimonious_FBA
r_3645	0.0	yeast_GEM_v9_1_0	micro_pilot_processing_20260730:v1.0.0	parsimonious_FBA
r_3646	0.0	yeast_GEM_v9_1_0	micro_pilot_processing_20260730:v1.0.0	parsimonious_FBA
r_3647	0.0	yeast_GEM_v9_1_0	micro_pilot_processing_20260730:v1.0.0	parsimonious_FBA
r_3648	0.0	yeast_GEM_v9_1_0	micro_pilot_processing_20260730:v1.0.0	parsimonious_FBA
r_3649	0.0	yeast_GEM_v9_1_0	micro_pilot_processing_20260730:v1.0.0	parsimonious_FBA
r_3650	0.0	yeast_GEM_v9_1_0	micro_pilot_processing_20260730:v1.0.0	parsimonious_FBA
r_3651	0.0	yeast_GEM_v9_1_0	micro_pilot_processing_20260730:v1.0.0	parsimonious_FBA
r_3652	0.0	yeast_GEM_v9_1_0	micro_pilot_processing_20260730:v1.0.0	parsimonious_FBA
r_3653	-0.027874996070565247	yeast_GEM_v9_1_0	micro_pilot_processing_20260730:v1.0.0	parsimonious_FBA
r_3654	0.0	yeast_GEM_v9_1_0	micro_pilot_processing_20260730:v1.0.0	parsimonious_FBA
r_3655	0.0	yeast_GEM_v9_1_0	micro_pilot_processing_20260730:v1.0.0	parsimonious_FBA
r_3656	0.0	yeast_GEM_v9_1_0	micro_pilot_processing_20260730:v1.0.0	parsimonious_FBA
r_3657	0.0	yeast_GEM_v9_1_0	micro_pilot_processing_20260730:v1.0.0	parsimonious_FBA
r_3658	0.0	yeast_GEM_v9_1_0	micro_pilot_processing_20260730:v1.0.0	parsimonious_FBA
r_3659	0.0	yeast_GEM_v9_1_0	micro_pilot_processing_20260730:v1.0.0	parsimonious_FBA
r_3660	0.0	yeast_GEM_v9_1_0	micro_pilot_processing_20260730:v1.0.0	parsimonious_FBA
r_3661	0.0	yeast_GEM_v9_1_0	micro_pilot_processing_20260730:v1.0.0	parsimonious_FBA
r_3662	0.0	yeast_GEM_v9_1_0	micro_pilot_processing_20260730:v1.0.0	parsimonious_FBA
r_3663	0.0	yeast_GEM_v9_1_0	micro_pilot_processing_20260730:v1.0.0	parsimonious_FBA
r_3664	0.0	yeast_GEM_v9_1_0	micro_pilot_processing_20260730:v1.0.0	parsimonious_FBA
r_3665	0.0	yeast_GEM_v9_1_0	micro_pilot_processing_20260730:v1.0.0	parsimonious_FBA
r_3666	0.0	yeast_GEM_v9_1_0	micro_pilot_processing_20260730:v1.0.0	parsimonious_FBA
r_3667	0.0	yeast_GEM_v9_1_0	micro_pilot_processing_20260730:v1.0.0	parsimonious_FBA
r_3668	-1.8880821016303885e-29	yeast_GEM_v9_1_0	micro_pilot_processing_20260730:v1.0.0	parsimonious_FBA
r_3669	-0.006128457482634024	yeast_GEM_v9_1_0	micro_pilot_processing_20260730:v1.0.0	parsimonious_FBA
r_3670	0.0	yeast_GEM_v9_1_0	micro_pilot_processing_20260730:v1.0.0	parsimonious_FBA
r_3671	0.0	yeast_GEM_v9_1_0	micro_pilot_processing_20260730:v1.0.0	parsimonious_FBA
r_3672	0.0	yeast_GEM_v9_1_0	micro_pilot_processing_20260730:v1.0.0	parsimonious_FBA
r_3673	0.0	yeast_GEM_v9_1_0	micro_pilot_processing_20260730:v1.0.0	parsimonious_FBA
r_3674	0.0	yeast_GEM_v9_1_0	micro_pilot_processing_20260730:v1.0.0	parsimonious_FBA
r_3675	0.0	yeast_GEM_v9_1_0	micro_pilot_processing_20260730:v1.0.0	parsimonious_FBA
r_3676	-1.8880821016303784e-29	yeast_GEM_v9_1_0	micro_pilot_processing_20260730:v1.0.0	parsimonious_FBA
r_3677	0.0	yeast_GEM_v9_1_0	micro_pilot_processing_20260730:v1.0.0	parsimonious_FBA
r_3678	0.0	yeast_GEM_v9_1_0	micro_pilot_processing_20260730:v1.0.0	parsimonious_FBA
r_3679	0.0	yeast_GEM_v9_1_0	micro_pilot_processing_20260730:v1.0.0	parsimonious_FBA
r_3680	0.0	yeast_GEM_v9_1_0	micro_pilot_processing_20260730:v1.0.0	parsimonious_FBA
r_3681	0.0	yeast_GEM_v9_1_0	micro_pilot_processing_20260730:v1.0.0	parsimonious_FBA
r_3682	0.0	yeast_GEM_v9_1_0	micro_pilot_processing_20260730:v1.0.0	parsimonious_FBA
r_3683	0.0	yeast_GEM_v9_1_0	micro_pilot_processing_20260730:v1.0.0	parsimonious_FBA
r_3684	0.0	yeast_GEM_v9_1_0	micro_pilot_processing_20260730:v1.0.0	parsimonious_FBA
r_3685	0.0	yeast_GEM_v9_1_0	micro_pilot_processing_20260730:v1.0.0	parsimonious_FBA
r_3686	0.0	yeast_GEM_v9_1_0	micro_pilot_processing_20260730:v1.0.0	parsimonious_FBA
r_3687	0.0	yeast_GEM_v9_1_0	micro_pilot_processing_20260730:v1.0.0	parsimonious_FBA
r_3688	0.0	yeast_GEM_v9_1_0	micro_pilot_processing_20260730:v1.0.0	parsimonious_FBA
r_3689	0.0	yeast_GEM_v9_1_0	micro_pilot_processing_20260730:v1.0.0	parsimonious_FBA
r_3690	0.0	yeast_GEM_v9_1_0	micro_pilot_processing_20260730:v1.0.0	parsimonious_FBA
r_3691	0.0	yeast_GEM_v9_1_0	micro_pilot_processing_20260730:v1.0.0	parsimonious_FBA
r_3692	0.0	yeast_GEM_v9_1_0	micro_pilot_processing_20260730:v1.0.0	parsimonious_FBA
r_3693	0.0	yeast_GEM_v9_1_0	micro_pilot_processing_20260730:v1.0.0	parsimonious_FBA
r_3694	0.0	yeast_GEM_v9_1_0	micro_pilot_processing_20260730:v1.0.0	parsimonious_FBA
r_3695	0.0	yeast_GEM_v9_1_0	micro_pilot_processing_20260730:v1.0.0	parsimonious_FBA
r_3696	0.0	yeast_GEM_v9_1_0	micro_pilot_processing_20260730:v1.0.0	parsimonious_FBA
r_3697	0.0	yeast_GEM_v9_1_0	micro_pilot_processing_20260730:v1.0.0	parsimonious_FBA
r_3698	0.0	yeast_GEM_v9_1_0	micro_pilot_processing_20260730:v1.0.0	parsimonious_FBA
r_3699	0.0	yeast_GEM_v9_1_0	micro_pilot_processing_20260730:v1.0.0	parsimonious_FBA
r_3700	0.0	yeast_GEM_v9_1_0	micro_pilot_processing_20260730:v1.0.0	parsimonious_FBA
r_3701	0.0	yeast_GEM_v9_1_0	micro_pilot_processing_20260730:v1.0.0	parsimonious_FBA
r_3702	0.0	yeast_GEM_v9_1_0	micro_pilot_processing_20260730:v1.0.0	parsimonious_FBA
r_3703	0.0	yeast_GEM_v9_1_0	micro_pilot_processing_20260730:v1.0.0	parsimonious_FBA
r_3704	0.0	yeast_GEM_v9_1_0	micro_pilot_processing_20260730:v1.0.0	parsimonious_FBA
r_3705	0.0	yeast_GEM_v9_1_0	micro_pilot_processing_20260730:v1.0.0	parsimonious_FBA
r_3706	0.0	yeast_GEM_v9_1_0	micro_pilot_processing_20260730:v1.0.0	parsimonious_FBA
r_3707	0.0	yeast_GEM_v9_1_0	micro_pilot_processing_20260730:v1.0.0	parsimonious_FBA
r_3708	0.0	yeast_GEM_v9_1_0	micro_pilot_processing_20260730:v1.0.0	parsimonious_FBA
r_3709	0.0	yeast_GEM_v9_1_0	micro_pilot_processing_20260730:v1.0.0	parsimonious_FBA
r_3710	0.0	yeast_GEM_v9_1_0	micro_pilot_processing_20260730:v1.0.0	parsimonious_FBA
r_3711	0.0	yeast_GEM_v9_1_0	micro_pilot_processing_20260730:v1.0.0	parsimonious_FBA
r_3712	0.0	yeast_GEM_v9_1_0	micro_pilot_processing_20260730:v1.0.0	parsimonious_FBA
r_3713	0.0	yeast_GEM_v9_1_0	micro_pilot_processing_20260730:v1.0.0	parsimonious_FBA
r_3714	0.0	yeast_GEM_v9_1_0	micro_pilot_processing_20260730:v1.0.0	parsimonious_FBA
r_3715	0.0	yeast_GEM_v9_1_0	micro_pilot_processing_20260730:v1.0.0	parsimonious_FBA
r_3716	0.0	yeast_GEM_v9_1_0	micro_pilot_processing_20260730:v1.0.0	parsimonious_FBA
r_3717	0.0	yeast_GEM_v9_1_0	micro_pilot_processing_20260730:v1.0.0	parsimonious_FBA
r_3718	0.0	yeast_GEM_v9_1_0	micro_pilot_processing_20260730:v1.0.0	parsimonious_FBA
r_3719	0.0	yeast_GEM_v9_1_0	micro_pilot_processing_20260730:v1.0.0	parsimonious_FBA
r_3720	0.0	yeast_GEM_v9_1_0	micro_pilot_processing_20260730:v1.0.0	parsimonious_FBA
r_3721	0.0	yeast_GEM_v9_1_0	micro_pilot_processing_20260730:v1.0.0	parsimonious_FBA
r_3722	0.0	yeast_GEM_v9_1_0	micro_pilot_processing_20260730:v1.0.0	parsimonious_FBA
r_3723	0.0	yeast_GEM_v9_1_0	micro_pilot_processing_20260730:v1.0.0	parsimonious_FBA
r_3724	0.0	yeast_GEM_v9_1_0	micro_pilot_processing_20260730:v1.0.0	parsimonious_FBA
r_3725	0.0	yeast_GEM_v9_1_0	micro_pilot_processing_20260730:v1.0.0	parsimonious_FBA
r_3726	0.0	yeast_GEM_v9_1_0	micro_pilot_processing_20260730:v1.0.0	parsimonious_FBA
r_3727	0.0	yeast_GEM_v9_1_0	micro_pilot_processing_20260730:v1.0.0	parsimonious_FBA
r_3728	0.0	yeast_GEM_v9_1_0	micro_pilot_processing_20260730:v1.0.0	parsimonious_FBA
r_3729	0.0	yeast_GEM_v9_1_0	micro_pilot_processing_20260730:v1.0.0	parsimonious_FBA
r_3730	0.0	yeast_GEM_v9_1_0	micro_pilot_processing_20260730:v1.0.0	parsimonious_FBA
r_3731	0.0	yeast_GEM_v9_1_0	micro_pilot_processing_20260730:v1.0.0	parsimonious_FBA
r_3732	0.0	yeast_GEM_v9_1_0	micro_pilot_processing_20260730:v1.0.0	parsimonious_FBA
r_3733	0.0	yeast_GEM_v9_1_0	micro_pilot_processing_20260730:v1.0.0	parsimonious_FBA
r_3734	0.0	yeast_GEM_v9_1_0	micro_pilot_processing_20260730:v1.0.0	parsimonious_FBA
r_3735	0.0	yeast_GEM_v9_1_0	micro_pilot_processing_20260730:v1.0.0	parsimonious_FBA
r_3736	0.0	yeast_GEM_v9_1_0	micro_pilot_processing_20260730:v1.0.0	parsimonious_FBA
r_3737	0.0	yeast_GEM_v9_1_0	micro_pilot_processing_20260730:v1.0.0	parsimonious_FBA
r_3738	0.0	yeast_GEM_v9_1_0	micro_pilot_processing_20260730:v1.0.0	parsimonious_FBA
r_3739	0.0	yeast_GEM_v9_1_0	micro_pilot_processing_20260730:v1.0.0	parsimonious_FBA
r_3740	0.0	yeast_GEM_v9_1_0	micro_pilot_processing_20260730:v1.0.0	parsimonious_FBA
r_3741	0.0	yeast_GEM_v9_1_0	micro_pilot_processing_20260730:v1.0.0	parsimonious_FBA
r_3742	0.0	yeast_GEM_v9_1_0	micro_pilot_processing_20260730:v1.0.0	parsimonious_FBA
r_3743	0.0	yeast_GEM_v9_1_0	micro_pilot_processing_20260730:v1.0.0	parsimonious_FBA
r_3744	0.0	yeast_GEM_v9_1_0	micro_pilot_processing_20260730:v1.0.0	parsimonious_FBA
r_3745	0.0	yeast_GEM_v9_1_0	micro_pilot_processing_20260730:v1.0.0	parsimonious_FBA
r_3746	0.0	yeast_GEM_v9_1_0	micro_pilot_processing_20260730:v1.0.0	parsimonious_FBA
r_3747	0.0	yeast_GEM_v9_1_0	micro_pilot_processing_20260730:v1.0.0	parsimonious_FBA
r_3748	0.0	yeast_GEM_v9_1_0	micro_pilot_processing_20260730:v1.0.0	parsimonious_FBA
r_3749	0.0	yeast_GEM_v9_1_0	micro_pilot_processing_20260730:v1.0.0	parsimonious_FBA
r_3750	0.0	yeast_GEM_v9_1_0	micro_pilot_processing_20260730:v1.0.0	parsimonious_FBA
r_3751	0.0	yeast_GEM_v9_1_0	micro_pilot_processing_20260730:v1.0.0	parsimonious_FBA
r_3752	0.0	yeast_GEM_v9_1_0	micro_pilot_processing_20260730:v1.0.0	parsimonious_FBA
r_3753	0.0	yeast_GEM_v9_1_0	micro_pilot_processing_20260730:v1.0.0	parsimonious_FBA
r_3754	0.0	yeast_GEM_v9_1_0	micro_pilot_processing_20260730:v1.0.0	parsimonious_FBA
r_3755	0.0	yeast_GEM_v9_1_0	micro_pilot_processing_20260730:v1.0.0	parsimonious_FBA
r_3756	0.0	yeast_GEM_v9_1_0	micro_pilot_processing_20260730:v1.0.0	parsimonious_FBA
r_3757	0.0	yeast_GEM_v9_1_0	micro_pilot_processing_20260730:v1.0.0	parsimonious_FBA
r_3758	0.0	yeast_GEM_v9_1_0	micro_pilot_processing_20260730:v1.0.0	parsimonious_FBA
r_3759	0.0	yeast_GEM_v9_1_0	micro_pilot_processing_20260730:v1.0.0	parsimonious_FBA
r_3760	4.703114622552009e-28	yeast_GEM_v9_1_0	micro_pilot_processing_20260730:v1.0.0	parsimonious_FBA
r_3761	-4.70311462255201e-28	yeast_GEM_v9_1_0	micro_pilot_processing_20260730:v1.0.0	parsimonious_FBA
r_3762	0.0	yeast_GEM_v9_1_0	micro_pilot_processing_20260730:v1.0.0	parsimonious_FBA
r_3763	0.0	yeast_GEM_v9_1_0	micro_pilot_processing_20260730:v1.0.0	parsimonious_FBA
r_3764	0.0	yeast_GEM_v9_1_0	micro_pilot_processing_20260730:v1.0.0	parsimonious_FBA
r_3765	0.0	yeast_GEM_v9_1_0	micro_pilot_processing_20260730:v1.0.0	parsimonious_FBA
r_3766	0.0	yeast_GEM_v9_1_0	micro_pilot_processing_20260730:v1.0.0	parsimonious_FBA
r_3767	0.006128457482634023	yeast_GEM_v9_1_0	micro_pilot_processing_20260730:v1.0.0	parsimonious_FBA
r_3768	0.0	yeast_GEM_v9_1_0	micro_pilot_processing_20260730:v1.0.0	parsimonious_FBA
r_3769	0.0	yeast_GEM_v9_1_0	micro_pilot_processing_20260730:v1.0.0	parsimonious_FBA
r_3770	0.0	yeast_GEM_v9_1_0	micro_pilot_processing_20260730:v1.0.0	parsimonious_FBA
r_3771	0.0	yeast_GEM_v9_1_0	micro_pilot_processing_20260730:v1.0.0	parsimonious_FBA
r_3772	0.0	yeast_GEM_v9_1_0	micro_pilot_processing_20260730:v1.0.0	parsimonious_FBA
r_3773	0.0	yeast_GEM_v9_1_0	micro_pilot_processing_20260730:v1.0.0	parsimonious_FBA
r_3774	0.0	yeast_GEM_v9_1_0	micro_pilot_processing_20260730:v1.0.0	parsimonious_FBA
r_3775	0.006128457482634024	yeast_GEM_v9_1_0	micro_pilot_processing_20260730:v1.0.0	parsimonious_FBA
r_3776	0.0	yeast_GEM_v9_1_0	micro_pilot_processing_20260730:v1.0.0	parsimonious_FBA
r_3777	0.0	yeast_GEM_v9_1_0	micro_pilot_processing_20260730:v1.0.0	parsimonious_FBA
r_3778	0.0	yeast_GEM_v9_1_0	micro_pilot_processing_20260730:v1.0.0	parsimonious_FBA
r_3779	0.0	yeast_GEM_v9_1_0	micro_pilot_processing_20260730:v1.0.0	parsimonious_FBA
r_3780	0.0	yeast_GEM_v9_1_0	micro_pilot_processing_20260730:v1.0.0	parsimonious_FBA
r_3781	0.0	yeast_GEM_v9_1_0	micro_pilot_processing_20260730:v1.0.0	parsimonious_FBA
r_3782	0.0	yeast_GEM_v9_1_0	micro_pilot_processing_20260730:v1.0.0	parsimonious_FBA
r_3783	0.0	yeast_GEM_v9_1_0	micro_pilot_processing_20260730:v1.0.0	parsimonious_FBA
r_3784	0.0	yeast_GEM_v9_1_0	micro_pilot_processing_20260730:v1.0.0	parsimonious_FBA
r_3785	0.0	yeast_GEM_v9_1_0	micro_pilot_processing_20260730:v1.0.0	parsimonious_FBA
r_3786	0.0	yeast_GEM_v9_1_0	micro_pilot_processing_20260730:v1.0.0	parsimonious_FBA
r_3787	0.0	yeast_GEM_v9_1_0	micro_pilot_processing_20260730:v1.0.0	parsimonious_FBA
r_3788	0.0	yeast_GEM_v9_1_0	micro_pilot_processing_20260730:v1.0.0	parsimonious_FBA
r_3789	0.0	yeast_GEM_v9_1_0	micro_pilot_processing_20260730:v1.0.0	parsimonious_FBA
r_3790	0.0	yeast_GEM_v9_1_0	micro_pilot_processing_20260730:v1.0.0	parsimonious_FBA
r_3791	0.0	yeast_GEM_v9_1_0	micro_pilot_processing_20260730:v1.0.0	parsimonious_FBA
r_3792	0.0	yeast_GEM_v9_1_0	micro_pilot_processing_20260730:v1.0.0	parsimonious_FBA
r_3793	0.0	yeast_GEM_v9_1_0	micro_pilot_processing_20260730:v1.0.0	parsimonious_FBA
r_3794	0.0	yeast_GEM_v9_1_0	micro_pilot_processing_20260730:v1.0.0	parsimonious_FBA
r_3795	0.0	yeast_GEM_v9_1_0	micro_pilot_processing_20260730:v1.0.0	parsimonious_FBA
r_3796	0.0	yeast_GEM_v9_1_0	micro_pilot_processing_20260730:v1.0.0	parsimonious_FBA
r_3797	0.0	yeast_GEM_v9_1_0	micro_pilot_processing_20260730:v1.0.0	parsimonious_FBA
r_3798	0.0	yeast_GEM_v9_1_0	micro_pilot_processing_20260730:v1.0.0	parsimonious_FBA
r_3799	0.0	yeast_GEM_v9_1_0	micro_pilot_processing_20260730:v1.0.0	parsimonious_FBA
r_3800	0.0	yeast_GEM_v9_1_0	micro_pilot_processing_20260730:v1.0.0	parsimonious_FBA
r_3801	0.0	yeast_GEM_v9_1_0	micro_pilot_processing_20260730:v1.0.0	parsimonious_FBA
r_3802	0.0	yeast_GEM_v9_1_0	micro_pilot_processing_20260730:v1.0.0	parsimonious_FBA
r_3803	0.0	yeast_GEM_v9_1_0	micro_pilot_processing_20260730:v1.0.0	parsimonious_FBA
r_3804	0.0	yeast_GEM_v9_1_0	micro_pilot_processing_20260730:v1.0.0	parsimonious_FBA
r_3805	0.0	yeast_GEM_v9_1_0	micro_pilot_processing_20260730:v1.0.0	parsimonious_FBA
r_3806	0.0	yeast_GEM_v9_1_0	micro_pilot_processing_20260730:v1.0.0	parsimonious_FBA
r_3807	0.0	yeast_GEM_v9_1_0	micro_pilot_processing_20260730:v1.0.0	parsimonious_FBA
r_3808	0.0	yeast_GEM_v9_1_0	micro_pilot_processing_20260730:v1.0.0	parsimonious_FBA
r_3809	0.0	yeast_GEM_v9_1_0	micro_pilot_processing_20260730:v1.0.0	parsimonious_FBA
r_3810	0.0	yeast_GEM_v9_1_0	micro_pilot_processing_20260730:v1.0.0	parsimonious_FBA
r_3811	0.0	yeast_GEM_v9_1_0	micro_pilot_processing_20260730:v1.0.0	parsimonious_FBA
r_3812	0.0	yeast_GEM_v9_1_0	micro_pilot_processing_20260730:v1.0.0	parsimonious_FBA
r_3813	0.0	yeast_GEM_v9_1_0	micro_pilot_processing_20260730:v1.0.0	parsimonious_FBA
r_3814	0.0	yeast_GEM_v9_1_0	micro_pilot_processing_20260730:v1.0.0	parsimonious_FBA
r_3815	0.0	yeast_GEM_v9_1_0	micro_pilot_processing_20260730:v1.0.0	parsimonious_FBA
r_3816	0.0	yeast_GEM_v9_1_0	micro_pilot_processing_20260730:v1.0.0	parsimonious_FBA
r_3817	0.0	yeast_GEM_v9_1_0	micro_pilot_processing_20260730:v1.0.0	parsimonious_FBA
r_3818	0.0	yeast_GEM_v9_1_0	micro_pilot_processing_20260730:v1.0.0	parsimonious_FBA
r_3819	0.0	yeast_GEM_v9_1_0	micro_pilot_processing_20260730:v1.0.0	parsimonious_FBA
r_3820	0.0	yeast_GEM_v9_1_0	micro_pilot_processing_20260730:v1.0.0	parsimonious_FBA
r_3821	0.0	yeast_GEM_v9_1_0	micro_pilot_processing_20260730:v1.0.0	parsimonious_FBA
r_3822	0.0	yeast_GEM_v9_1_0	micro_pilot_processing_20260730:v1.0.0	parsimonious_FBA
r_3823	0.0	yeast_GEM_v9_1_0	micro_pilot_processing_20260730:v1.0.0	parsimonious_FBA
r_3824	0.0	yeast_GEM_v9_1_0	micro_pilot_processing_20260730:v1.0.0	parsimonious_FBA
r_3825	0.0	yeast_GEM_v9_1_0	micro_pilot_processing_20260730:v1.0.0	parsimonious_FBA
r_3826	0.0	yeast_GEM_v9_1_0	micro_pilot_processing_20260730:v1.0.0	parsimonious_FBA
r_3827	0.0	yeast_GEM_v9_1_0	micro_pilot_processing_20260730:v1.0.0	parsimonious_FBA
r_3828	0.0	yeast_GEM_v9_1_0	micro_pilot_processing_20260730:v1.0.0	parsimonious_FBA
r_3829	0.0	yeast_GEM_v9_1_0	micro_pilot_processing_20260730:v1.0.0	parsimonious_FBA
r_3830	0.0	yeast_GEM_v9_1_0	micro_pilot_processing_20260730:v1.0.0	parsimonious_FBA
r_3831	0.0	yeast_GEM_v9_1_0	micro_pilot_processing_20260730:v1.0.0	parsimonious_FBA
r_3832	0.0	yeast_GEM_v9_1_0	micro_pilot_processing_20260730:v1.0.0	parsimonious_FBA
r_3833	0.0	yeast_GEM_v9_1_0	micro_pilot_processing_20260730:v1.0.0	parsimonious_FBA
r_3834	0.0	yeast_GEM_v9_1_0	micro_pilot_processing_20260730:v1.0.0	parsimonious_FBA
r_3835	0.0	yeast_GEM_v9_1_0	micro_pilot_processing_20260730:v1.0.0	parsimonious_FBA
r_3836	0.0	yeast_GEM_v9_1_0	micro_pilot_processing_20260730:v1.0.0	parsimonious_FBA
r_3837	0.0	yeast_GEM_v9_1_0	micro_pilot_processing_20260730:v1.0.0	parsimonious_FBA
r_3838	0.0	yeast_GEM_v9_1_0	micro_pilot_processing_20260730:v1.0.0	parsimonious_FBA
r_3839	0.0	yeast_GEM_v9_1_0	micro_pilot_processing_20260730:v1.0.0	parsimonious_FBA
r_3840	0.0	yeast_GEM_v9_1_0	micro_pilot_processing_20260730:v1.0.0	parsimonious_FBA
r_3841	0.0	yeast_GEM_v9_1_0	micro_pilot_processing_20260730:v1.0.0	parsimonious_FBA
r_3842	0.0	yeast_GEM_v9_1_0	micro_pilot_processing_20260730:v1.0.0	parsimonious_FBA
r_3843	0.0	yeast_GEM_v9_1_0	micro_pilot_processing_20260730:v1.0.0	parsimonious_FBA
r_3844	0.0	yeast_GEM_v9_1_0	micro_pilot_processing_20260730:v1.0.0	parsimonious_FBA
r_3845	0.00958542447673388	yeast_GEM_v9_1_0	micro_pilot_processing_20260730:v1.0.0	parsimonious_FBA
r_3846	0.002496906392744507	yeast_GEM_v9_1_0	micro_pilot_processing_20260730:v1.0.0	parsimonious_FBA
r_3847	0.0	yeast_GEM_v9_1_0	micro_pilot_processing_20260730:v1.0.0	parsimonious_FBA
r_3848	0.0	yeast_GEM_v9_1_0	micro_pilot_processing_20260730:v1.0.0	parsimonious_FBA
r_3849	0.014672001517907476	yeast_GEM_v9_1_0	micro_pilot_processing_20260730:v1.0.0	parsimonious_FBA
r_3850	0.0011206636831793816	yeast_GEM_v9_1_0	micro_pilot_processing_20260730:v1.0.0	parsimonious_FBA
r_3851	0.0	yeast_GEM_v9_1_0	micro_pilot_processing_20260730:v1.0.0	parsimonious_FBA
r_3852	0.0	yeast_GEM_v9_1_0	micro_pilot_processing_20260730:v1.0.0	parsimonious_FBA
r_3853	0.009585424476733878	yeast_GEM_v9_1_0	micro_pilot_processing_20260730:v1.0.0	parsimonious_FBA
r_3854	0.002496906392744507	yeast_GEM_v9_1_0	micro_pilot_processing_20260730:v1.0.0	parsimonious_FBA
r_3855	0.0	yeast_GEM_v9_1_0	micro_pilot_processing_20260730:v1.0.0	parsimonious_FBA
r_3856	0.0	yeast_GEM_v9_1_0	micro_pilot_processing_20260730:v1.0.0	parsimonious_FBA
r_3857	0.014672001517907476	yeast_GEM_v9_1_0	micro_pilot_processing_20260730:v1.0.0	parsimonious_FBA
r_3858	0.0011206636831793814	yeast_GEM_v9_1_0	micro_pilot_processing_20260730:v1.0.0	parsimonious_FBA
r_3859	0.0	yeast_GEM_v9_1_0	micro_pilot_processing_20260730:v1.0.0	parsimonious_FBA
r_3860	0.0	yeast_GEM_v9_1_0	micro_pilot_processing_20260730:v1.0.0	parsimonious_FBA
r_3861	0.0	yeast_GEM_v9_1_0	micro_pilot_processing_20260730:v1.0.0	parsimonious_FBA
r_3862	0.0	yeast_GEM_v9_1_0	micro_pilot_processing_20260730:v1.0.0	parsimonious_FBA
r_3863	0.0	yeast_GEM_v9_1_0	micro_pilot_processing_20260730:v1.0.0	parsimonious_FBA
r_3864	0.0	yeast_GEM_v9_1_0	micro_pilot_processing_20260730:v1.0.0	parsimonious_FBA
r_3865	0.0	yeast_GEM_v9_1_0	micro_pilot_processing_20260730:v1.0.0	parsimonious_FBA
r_3866	0.0	yeast_GEM_v9_1_0	micro_pilot_processing_20260730:v1.0.0	parsimonious_FBA
r_3867	0.0	yeast_GEM_v9_1_0	micro_pilot_processing_20260730:v1.0.0	parsimonious_FBA
r_3868	0.0	yeast_GEM_v9_1_0	micro_pilot_processing_20260730:v1.0.0	parsimonious_FBA
r_3869	0.0	yeast_GEM_v9_1_0	micro_pilot_processing_20260730:v1.0.0	parsimonious_FBA
r_3870	0.0	yeast_GEM_v9_1_0	micro_pilot_processing_20260730:v1.0.0	parsimonious_FBA
r_3871	0.0	yeast_GEM_v9_1_0	micro_pilot_processing_20260730:v1.0.0	parsimonious_FBA
r_3872	0.0	yeast_GEM_v9_1_0	micro_pilot_processing_20260730:v1.0.0	parsimonious_FBA
r_3873	0.0	yeast_GEM_v9_1_0	micro_pilot_processing_20260730:v1.0.0	parsimonious_FBA
r_3874	0.0	yeast_GEM_v9_1_0	micro_pilot_processing_20260730:v1.0.0	parsimonious_FBA
r_3875	0.0	yeast_GEM_v9_1_0	micro_pilot_processing_20260730:v1.0.0	parsimonious_FBA
r_3876	0.0	yeast_GEM_v9_1_0	micro_pilot_processing_20260730:v1.0.0	parsimonious_FBA
r_3877	0.0	yeast_GEM_v9_1_0	micro_pilot_processing_20260730:v1.0.0	parsimonious_FBA
r_3878	0.0	yeast_GEM_v9_1_0	micro_pilot_processing_20260730:v1.0.0	parsimonious_FBA
r_3879	0.0	yeast_GEM_v9_1_0	micro_pilot_processing_20260730:v1.0.0	parsimonious_FBA
r_3880	0.0	yeast_GEM_v9_1_0	micro_pilot_processing_20260730:v1.0.0	parsimonious_FBA
r_3881	0.0	yeast_GEM_v9_1_0	micro_pilot_processing_20260730:v1.0.0	parsimonious_FBA
r_3882	0.0	yeast_GEM_v9_1_0	micro_pilot_processing_20260730:v1.0.0	parsimonious_FBA
r_3883	0.0	yeast_GEM_v9_1_0	micro_pilot_processing_20260730:v1.0.0	parsimonious_FBA
r_3884	0.0	yeast_GEM_v9_1_0	micro_pilot_processing_20260730:v1.0.0	parsimonious_FBA
r_3885	0.0	yeast_GEM_v9_1_0	micro_pilot_processing_20260730:v1.0.0	parsimonious_FBA
r_3886	0.0	yeast_GEM_v9_1_0	micro_pilot_processing_20260730:v1.0.0	parsimonious_FBA
r_3887	0.0	yeast_GEM_v9_1_0	micro_pilot_processing_20260730:v1.0.0	parsimonious_FBA
r_3888	0.0	yeast_GEM_v9_1_0	micro_pilot_processing_20260730:v1.0.0	parsimonious_FBA
r_3889	0.0	yeast_GEM_v9_1_0	micro_pilot_processing_20260730:v1.0.0	parsimonious_FBA
r_3890	0.0	yeast_GEM_v9_1_0	micro_pilot_processing_20260730:v1.0.0	parsimonious_FBA
r_3891	0.0	yeast_GEM_v9_1_0	micro_pilot_processing_20260730:v1.0.0	parsimonious_FBA
r_3892	0.0	yeast_GEM_v9_1_0	micro_pilot_processing_20260730:v1.0.0	parsimonious_FBA
r_3893	0.0	yeast_GEM_v9_1_0	micro_pilot_processing_20260730:v1.0.0	parsimonious_FBA
r_3894	0.0	yeast_GEM_v9_1_0	micro_pilot_processing_20260730:v1.0.0	parsimonious_FBA
r_3895	0.0	yeast_GEM_v9_1_0	micro_pilot_processing_20260730:v1.0.0	parsimonious_FBA
r_3896	0.0	yeast_GEM_v9_1_0	micro_pilot_processing_20260730:v1.0.0	parsimonious_FBA
r_3897	0.0	yeast_GEM_v9_1_0	micro_pilot_processing_20260730:v1.0.0	parsimonious_FBA
r_3898	0.0	yeast_GEM_v9_1_0	micro_pilot_processing_20260730:v1.0.0	parsimonious_FBA
r_3899	0.0	yeast_GEM_v9_1_0	micro_pilot_processing_20260730:v1.0.0	parsimonious_FBA
r_3900	0.0	yeast_GEM_v9_1_0	micro_pilot_processing_20260730:v1.0.0	parsimonious_FBA
r_3901	0.0	yeast_GEM_v9_1_0	micro_pilot_processing_20260730:v1.0.0	parsimonious_FBA
r_3902	0.0	yeast_GEM_v9_1_0	micro_pilot_processing_20260730:v1.0.0	parsimonious_FBA
r_3903	0.0	yeast_GEM_v9_1_0	micro_pilot_processing_20260730:v1.0.0	parsimonious_FBA
r_3904	0.0	yeast_GEM_v9_1_0	micro_pilot_processing_20260730:v1.0.0	parsimonious_FBA
r_3905	0.0	yeast_GEM_v9_1_0	micro_pilot_processing_20260730:v1.0.0	parsimonious_FBA
r_3906	0.0	yeast_GEM_v9_1_0	micro_pilot_processing_20260730:v1.0.0	parsimonious_FBA
r_3907	0.0	yeast_GEM_v9_1_0	micro_pilot_processing_20260730:v1.0.0	parsimonious_FBA
r_3908	0.0	yeast_GEM_v9_1_0	micro_pilot_processing_20260730:v1.0.0	parsimonious_FBA
r_3909	0.0	yeast_GEM_v9_1_0	micro_pilot_processing_20260730:v1.0.0	parsimonious_FBA
r_3910	0.0	yeast_GEM_v9_1_0	micro_pilot_processing_20260730:v1.0.0	parsimonious_FBA
r_3911	0.0	yeast_GEM_v9_1_0	micro_pilot_processing_20260730:v1.0.0	parsimonious_FBA
r_3912	0.0	yeast_GEM_v9_1_0	micro_pilot_processing_20260730:v1.0.0	parsimonious_FBA
r_3913	0.0	yeast_GEM_v9_1_0	micro_pilot_processing_20260730:v1.0.0	parsimonious_FBA
r_3914	0.0	yeast_GEM_v9_1_0	micro_pilot_processing_20260730:v1.0.0	parsimonious_FBA
r_3915	0.0	yeast_GEM_v9_1_0	micro_pilot_processing_20260730:v1.0.0	parsimonious_FBA
r_3916	0.0	yeast_GEM_v9_1_0	micro_pilot_processing_20260730:v1.0.0	parsimonious_FBA
r_3917	0.0	yeast_GEM_v9_1_0	micro_pilot_processing_20260730:v1.0.0	parsimonious_FBA
r_3918	0.0	yeast_GEM_v9_1_0	micro_pilot_processing_20260730:v1.0.0	parsimonious_FBA
r_3919	0.0	yeast_GEM_v9_1_0	micro_pilot_processing_20260730:v1.0.0	parsimonious_FBA
r_3920	0.0	yeast_GEM_v9_1_0	micro_pilot_processing_20260730:v1.0.0	parsimonious_FBA
r_3921	0.0	yeast_GEM_v9_1_0	micro_pilot_processing_20260730:v1.0.0	parsimonious_FBA
r_3922	0.0	yeast_GEM_v9_1_0	micro_pilot_processing_20260730:v1.0.0	parsimonious_FBA
r_3923	0.0	yeast_GEM_v9_1_0	micro_pilot_processing_20260730:v1.0.0	parsimonious_FBA
r_3924	0.0	yeast_GEM_v9_1_0	micro_pilot_processing_20260730:v1.0.0	parsimonious_FBA
r_3925	0.0	yeast_GEM_v9_1_0	micro_pilot_processing_20260730:v1.0.0	parsimonious_FBA
r_3926	0.0	yeast_GEM_v9_1_0	micro_pilot_processing_20260730:v1.0.0	parsimonious_FBA
r_3927	0.0	yeast_GEM_v9_1_0	micro_pilot_processing_20260730:v1.0.0	parsimonious_FBA
r_3928	0.0	yeast_GEM_v9_1_0	micro_pilot_processing_20260730:v1.0.0	parsimonious_FBA
r_3929	0.0	yeast_GEM_v9_1_0	micro_pilot_processing_20260730:v1.0.0	parsimonious_FBA
r_3930	0.0	yeast_GEM_v9_1_0	micro_pilot_processing_20260730:v1.0.0	parsimonious_FBA
r_3931	0.0	yeast_GEM_v9_1_0	micro_pilot_processing_20260730:v1.0.0	parsimonious_FBA
r_3932	0.0	yeast_GEM_v9_1_0	micro_pilot_processing_20260730:v1.0.0	parsimonious_FBA
r_3933	0.0	yeast_GEM_v9_1_0	micro_pilot_processing_20260730:v1.0.0	parsimonious_FBA
r_3934	0.0	yeast_GEM_v9_1_0	micro_pilot_processing_20260730:v1.0.0	parsimonious_FBA
r_3935	0.0	yeast_GEM_v9_1_0	micro_pilot_processing_20260730:v1.0.0	parsimonious_FBA
r_3936	0.0	yeast_GEM_v9_1_0	micro_pilot_processing_20260730:v1.0.0	parsimonious_FBA
r_3937	0.0	yeast_GEM_v9_1_0	micro_pilot_processing_20260730:v1.0.0	parsimonious_FBA
r_3938	0.0	yeast_GEM_v9_1_0	micro_pilot_processing_20260730:v1.0.0	parsimonious_FBA
r_3939	0.007919415022510062	yeast_GEM_v9_1_0	micro_pilot_processing_20260730:v1.0.0	parsimonious_FBA
r_3940	0.0	yeast_GEM_v9_1_0	micro_pilot_processing_20260730:v1.0.0	parsimonious_FBA
r_3941	0.0	yeast_GEM_v9_1_0	micro_pilot_processing_20260730:v1.0.0	parsimonious_FBA
r_3942	0.0	yeast_GEM_v9_1_0	micro_pilot_processing_20260730:v1.0.0	parsimonious_FBA
r_3943	0.0	yeast_GEM_v9_1_0	micro_pilot_processing_20260730:v1.0.0	parsimonious_FBA
r_3944	0.0	yeast_GEM_v9_1_0	micro_pilot_processing_20260730:v1.0.0	parsimonious_FBA
r_3945	0.0	yeast_GEM_v9_1_0	micro_pilot_processing_20260730:v1.0.0	parsimonious_FBA
r_3946	0.0	yeast_GEM_v9_1_0	micro_pilot_processing_20260730:v1.0.0	parsimonious_FBA
r_3947	0.0	yeast_GEM_v9_1_0	micro_pilot_processing_20260730:v1.0.0	parsimonious_FBA
r_3948	0.0	yeast_GEM_v9_1_0	micro_pilot_processing_20260730:v1.0.0	parsimonious_FBA
r_3949	0.0	yeast_GEM_v9_1_0	micro_pilot_processing_20260730:v1.0.0	parsimonious_FBA
r_3950	0.0	yeast_GEM_v9_1_0	micro_pilot_processing_20260730:v1.0.0	parsimonious_FBA
r_3951	0.0	yeast_GEM_v9_1_0	micro_pilot_processing_20260730:v1.0.0	parsimonious_FBA
r_3952	0.0	yeast_GEM_v9_1_0	micro_pilot_processing_20260730:v1.0.0	parsimonious_FBA
r_3953	0.0	yeast_GEM_v9_1_0	micro_pilot_processing_20260730:v1.0.0	parsimonious_FBA
r_3954	0.0	yeast_GEM_v9_1_0	micro_pilot_processing_20260730:v1.0.0	parsimonious_FBA
r_3955	0.0	yeast_GEM_v9_1_0	micro_pilot_processing_20260730:v1.0.0	parsimonious_FBA
r_3956	0.0	yeast_GEM_v9_1_0	micro_pilot_processing_20260730:v1.0.0	parsimonious_FBA
r_3957	3.776164203260757e-29	yeast_GEM_v9_1_0	micro_pilot_processing_20260730:v1.0.0	parsimonious_FBA
r_3958	1.8880821016303784e-29	yeast_GEM_v9_1_0	micro_pilot_processing_20260730:v1.0.0	parsimonious_FBA
r_3959	0.0	yeast_GEM_v9_1_0	micro_pilot_processing_20260730:v1.0.0	parsimonious_FBA
r_3960	0.0	yeast_GEM_v9_1_0	micro_pilot_processing_20260730:v1.0.0	parsimonious_FBA
r_3961	0.0	yeast_GEM_v9_1_0	micro_pilot_processing_20260730:v1.0.0	parsimonious_FBA
r_3962	0.0	yeast_GEM_v9_1_0	micro_pilot_processing_20260730:v1.0.0	parsimonious_FBA
r_3963	0.0	yeast_GEM_v9_1_0	micro_pilot_processing_20260730:v1.0.0	parsimonious_FBA
r_3964	0.006587234829355391	yeast_GEM_v9_1_0	micro_pilot_processing_20260730:v1.0.0	parsimonious_FBA
r_3965	0.0	yeast_GEM_v9_1_0	micro_pilot_processing_20260730:v1.0.0	parsimonious_FBA
r_3966	0.0	yeast_GEM_v9_1_0	micro_pilot_processing_20260730:v1.0.0	parsimonious_FBA
r_3967	0.0	yeast_GEM_v9_1_0	micro_pilot_processing_20260730:v1.0.0	parsimonious_FBA
r_3968	0.0	yeast_GEM_v9_1_0	micro_pilot_processing_20260730:v1.0.0	parsimonious_FBA
r_3969	0.0	yeast_GEM_v9_1_0	micro_pilot_processing_20260730:v1.0.0	parsimonious_FBA
r_3970	0.0	yeast_GEM_v9_1_0	micro_pilot_processing_20260730:v1.0.0	parsimonious_FBA
r_3971	0.0	yeast_GEM_v9_1_0	micro_pilot_processing_20260730:v1.0.0	parsimonious_FBA
r_3972	0.007919415022510062	yeast_GEM_v9_1_0	micro_pilot_processing_20260730:v1.0.0	parsimonious_FBA
r_3973	0.005235590527361188	yeast_GEM_v9_1_0	micro_pilot_processing_20260730:v1.0.0	parsimonious_FBA
r_3975	0.0	yeast_GEM_v9_1_0	micro_pilot_processing_20260730:v1.0.0	parsimonious_FBA
r_3976	0.004493267346687971	yeast_GEM_v9_1_0	micro_pilot_processing_20260730:v1.0.0	parsimonious_FBA
r_3977	0.0	yeast_GEM_v9_1_0	micro_pilot_processing_20260730:v1.0.0	parsimonious_FBA
r_3978	0.0	yeast_GEM_v9_1_0	micro_pilot_processing_20260730:v1.0.0	parsimonious_FBA
r_3979	0.0	yeast_GEM_v9_1_0	micro_pilot_processing_20260730:v1.0.0	parsimonious_FBA
r_3980	0.006254339430834808	yeast_GEM_v9_1_0	micro_pilot_processing_20260730:v1.0.0	parsimonious_FBA
r_3981	0.0	yeast_GEM_v9_1_0	micro_pilot_processing_20260730:v1.0.0	parsimonious_FBA
r_3982	0.0	yeast_GEM_v9_1_0	micro_pilot_processing_20260730:v1.0.0	parsimonious_FBA
r_3983	0.0	yeast_GEM_v9_1_0	micro_pilot_processing_20260730:v1.0.0	parsimonious_FBA
r_3984	0.0	yeast_GEM_v9_1_0	micro_pilot_processing_20260730:v1.0.0	parsimonious_FBA
r_3985	0.0	yeast_GEM_v9_1_0	micro_pilot_processing_20260730:v1.0.0	parsimonious_FBA
r_3986	0.0	yeast_GEM_v9_1_0	micro_pilot_processing_20260730:v1.0.0	parsimonious_FBA
r_3987	0.004577853126531184	yeast_GEM_v9_1_0	micro_pilot_processing_20260730:v1.0.0	parsimonious_FBA
r_3988	0.009585424476733882	yeast_GEM_v9_1_0	micro_pilot_processing_20260730:v1.0.0	parsimonious_FBA
r_3989	0.0	yeast_GEM_v9_1_0	micro_pilot_processing_20260730:v1.0.0	parsimonious_FBA
r_3990	0.0010966495646750852	yeast_GEM_v9_1_0	micro_pilot_processing_20260730:v1.0.0	parsimonious_FBA
r_3991	0.0	yeast_GEM_v9_1_0	micro_pilot_processing_20260730:v1.0.0	parsimonious_FBA
r_3992	0.01467200151790748	yeast_GEM_v9_1_0	micro_pilot_processing_20260730:v1.0.0	parsimonious_FBA
r_3993	0.0011206636831793814	yeast_GEM_v9_1_0	micro_pilot_processing_20260730:v1.0.0	parsimonious_FBA
r_3994	0.0	yeast_GEM_v9_1_0	micro_pilot_processing_20260730:v1.0.0	parsimonious_FBA
r_3995	0.0	yeast_GEM_v9_1_0	micro_pilot_processing_20260730:v1.0.0	parsimonious_FBA
r_3996	0.019834440248277126	yeast_GEM_v9_1_0	micro_pilot_processing_20260730:v1.0.0	parsimonious_FBA
r_3997	0.0	yeast_GEM_v9_1_0	micro_pilot_processing_20260730:v1.0.0	parsimonious_FBA
r_3998	0.002496906392744507	yeast_GEM_v9_1_0	micro_pilot_processing_20260730:v1.0.0	parsimonious_FBA
r_3999	0.00503180791795894	yeast_GEM_v9_1_0	micro_pilot_processing_20260730:v1.0.0	parsimonious_FBA
r_4000	0.0	yeast_GEM_v9_1_0	micro_pilot_processing_20260730:v1.0.0	parsimonious_FBA
r_4001	0.0	yeast_GEM_v9_1_0	micro_pilot_processing_20260730:v1.0.0	parsimonious_FBA
r_4002	0.0	yeast_GEM_v9_1_0	micro_pilot_processing_20260730:v1.0.0	parsimonious_FBA
r_4003	0.0	yeast_GEM_v9_1_0	micro_pilot_processing_20260730:v1.0.0	parsimonious_FBA
r_4004	0.0	yeast_GEM_v9_1_0	micro_pilot_processing_20260730:v1.0.0	parsimonious_FBA
r_4005	0.005330597097533467	yeast_GEM_v9_1_0	micro_pilot_processing_20260730:v1.0.0	parsimonious_FBA
r_4006	0.0	yeast_GEM_v9_1_0	micro_pilot_processing_20260730:v1.0.0	parsimonious_FBA
r_4007	0.0	yeast_GEM_v9_1_0	micro_pilot_processing_20260730:v1.0.0	parsimonious_FBA
r_4008	0.0	yeast_GEM_v9_1_0	micro_pilot_processing_20260730:v1.0.0	parsimonious_FBA
r_4009	0.0	yeast_GEM_v9_1_0	micro_pilot_processing_20260730:v1.0.0	parsimonious_FBA
r_4010	0.0	yeast_GEM_v9_1_0	micro_pilot_processing_20260730:v1.0.0	parsimonious_FBA
r_4011	0.0	yeast_GEM_v9_1_0	micro_pilot_processing_20260730:v1.0.0	parsimonious_FBA
r_4012	0.0	yeast_GEM_v9_1_0	micro_pilot_processing_20260730:v1.0.0	parsimonious_FBA
r_4013	0.0	yeast_GEM_v9_1_0	micro_pilot_processing_20260730:v1.0.0	parsimonious_FBA
r_4014	0.0	yeast_GEM_v9_1_0	micro_pilot_processing_20260730:v1.0.0	parsimonious_FBA
r_4015	0.0	yeast_GEM_v9_1_0	micro_pilot_processing_20260730:v1.0.0	parsimonious_FBA
r_4016	0.00658322042432435	yeast_GEM_v9_1_0	micro_pilot_processing_20260730:v1.0.0	parsimonious_FBA
r_4017	0.0	yeast_GEM_v9_1_0	micro_pilot_processing_20260730:v1.0.0	parsimonious_FBA
r_4018	0.0	yeast_GEM_v9_1_0	micro_pilot_processing_20260730:v1.0.0	parsimonious_FBA
r_4019	0.0	yeast_GEM_v9_1_0	micro_pilot_processing_20260730:v1.0.0	parsimonious_FBA
r_4020	0.0	yeast_GEM_v9_1_0	micro_pilot_processing_20260730:v1.0.0	parsimonious_FBA
r_4021	0.0	yeast_GEM_v9_1_0	micro_pilot_processing_20260730:v1.0.0	parsimonious_FBA
r_4022	0.0	yeast_GEM_v9_1_0	micro_pilot_processing_20260730:v1.0.0	parsimonious_FBA
r_4023	0.0	yeast_GEM_v9_1_0	micro_pilot_processing_20260730:v1.0.0	parsimonious_FBA
r_4024	0.0	yeast_GEM_v9_1_0	micro_pilot_processing_20260730:v1.0.0	parsimonious_FBA
r_4025	0.0	yeast_GEM_v9_1_0	micro_pilot_processing_20260730:v1.0.0	parsimonious_FBA
r_4026	0.0	yeast_GEM_v9_1_0	micro_pilot_processing_20260730:v1.0.0	parsimonious_FBA
r_4027	0.0	yeast_GEM_v9_1_0	micro_pilot_processing_20260730:v1.0.0	parsimonious_FBA
r_4028	0.0	yeast_GEM_v9_1_0	micro_pilot_processing_20260730:v1.0.0	parsimonious_FBA
r_4029	0.0	yeast_GEM_v9_1_0	micro_pilot_processing_20260730:v1.0.0	parsimonious_FBA
r_4030	0.0	yeast_GEM_v9_1_0	micro_pilot_processing_20260730:v1.0.0	parsimonious_FBA
r_4031	0.0	yeast_GEM_v9_1_0	micro_pilot_processing_20260730:v1.0.0	parsimonious_FBA
r_4032	0.0	yeast_GEM_v9_1_0	micro_pilot_processing_20260730:v1.0.0	parsimonious_FBA
r_4033	0.0	yeast_GEM_v9_1_0	micro_pilot_processing_20260730:v1.0.0	parsimonious_FBA
r_4034	0.0	yeast_GEM_v9_1_0	micro_pilot_processing_20260730:v1.0.0	parsimonious_FBA
r_4035	0.0	yeast_GEM_v9_1_0	micro_pilot_processing_20260730:v1.0.0	parsimonious_FBA
r_4036	0.0	yeast_GEM_v9_1_0	micro_pilot_processing_20260730:v1.0.0	parsimonious_FBA
r_4037	0.0	yeast_GEM_v9_1_0	micro_pilot_processing_20260730:v1.0.0	parsimonious_FBA
r_4038	0.005275054737379557	yeast_GEM_v9_1_0	micro_pilot_processing_20260730:v1.0.0	parsimonious_FBA
r_4039	0.0	yeast_GEM_v9_1_0	micro_pilot_processing_20260730:v1.0.0	parsimonious_FBA
r_4040	7.692836205220933e-07	yeast_GEM_v9_1_0	micro_pilot_processing_20260730:v1.0.0	parsimonious_FBA
r_4041	0.7692836224643474	yeast_GEM_v9_1_0	micro_pilot_processing_20260730:v1.0.0	parsimonious_FBA
r_4042	0.0	yeast_GEM_v9_1_0	micro_pilot_processing_20260730:v1.0.0	parsimonious_FBA
r_4043	0.0	yeast_GEM_v9_1_0	micro_pilot_processing_20260730:v1.0.0	parsimonious_FBA
r_4044	0.0	yeast_GEM_v9_1_0	micro_pilot_processing_20260730:v1.0.0	parsimonious_FBA
r_4045	0.0	yeast_GEM_v9_1_0	micro_pilot_processing_20260730:v1.0.0	parsimonious_FBA
r_4046	0.7	yeast_GEM_v9_1_0	micro_pilot_processing_20260730:v1.0.0	parsimonious_FBA
r_4047	0.7692836224643477	yeast_GEM_v9_1_0	micro_pilot_processing_20260730:v1.0.0	parsimonious_FBA
r_4048	0.7692836224643474	yeast_GEM_v9_1_0	micro_pilot_processing_20260730:v1.0.0	parsimonious_FBA
r_4049	0.7692836224643476	yeast_GEM_v9_1_0	micro_pilot_processing_20260730:v1.0.0	parsimonious_FBA
r_4050	0.7692836224643476	yeast_GEM_v9_1_0	micro_pilot_processing_20260730:v1.0.0	parsimonious_FBA
r_4051	0.0	yeast_GEM_v9_1_0	micro_pilot_processing_20260730:v1.0.0	parsimonious_FBA
r_4052	0.0	yeast_GEM_v9_1_0	micro_pilot_processing_20260730:v1.0.0	parsimonious_FBA
r_4053	0.0	yeast_GEM_v9_1_0	micro_pilot_processing_20260730:v1.0.0	parsimonious_FBA
r_4054	0.0	yeast_GEM_v9_1_0	micro_pilot_processing_20260730:v1.0.0	parsimonious_FBA
r_4055	0.0	yeast_GEM_v9_1_0	micro_pilot_processing_20260730:v1.0.0	parsimonious_FBA
r_4056	0.0	yeast_GEM_v9_1_0	micro_pilot_processing_20260730:v1.0.0	parsimonious_FBA
r_4057	0.0	yeast_GEM_v9_1_0	micro_pilot_processing_20260730:v1.0.0	parsimonious_FBA
r_4058	0.0	yeast_GEM_v9_1_0	micro_pilot_processing_20260730:v1.0.0	parsimonious_FBA
r_4059	0.0	yeast_GEM_v9_1_0	micro_pilot_processing_20260730:v1.0.0	parsimonious_FBA
r_4060	0.0	yeast_GEM_v9_1_0	micro_pilot_processing_20260730:v1.0.0	parsimonious_FBA
r_4061	0.0	yeast_GEM_v9_1_0	micro_pilot_processing_20260730:v1.0.0	parsimonious_FBA
r_4062	0.0	yeast_GEM_v9_1_0	micro_pilot_processing_20260730:v1.0.0	parsimonious_FBA
r_4063	0.7692836224643476	yeast_GEM_v9_1_0	micro_pilot_processing_20260730:v1.0.0	parsimonious_FBA
r_4064	0.0	yeast_GEM_v9_1_0	micro_pilot_processing_20260730:v1.0.0	parsimonious_FBA
r_4065	0.7692836224643474	yeast_GEM_v9_1_0	micro_pilot_processing_20260730:v1.0.0	parsimonious_FBA
r_4066	0.0	yeast_GEM_v9_1_0	micro_pilot_processing_20260730:v1.0.0	parsimonious_FBA
r_4067	0.0	yeast_GEM_v9_1_0	micro_pilot_processing_20260730:v1.0.0	parsimonious_FBA
r_4068	0.0	yeast_GEM_v9_1_0	micro_pilot_processing_20260730:v1.0.0	parsimonious_FBA
r_4069	0.0	yeast_GEM_v9_1_0	micro_pilot_processing_20260730:v1.0.0	parsimonious_FBA
r_4070	0.0	yeast_GEM_v9_1_0	micro_pilot_processing_20260730:v1.0.0	parsimonious_FBA
r_4071	0.0	yeast_GEM_v9_1_0	micro_pilot_processing_20260730:v1.0.0	parsimonious_FBA
r_4072	0.0	yeast_GEM_v9_1_0	micro_pilot_processing_20260730:v1.0.0	parsimonious_FBA
r_4073	0.0	yeast_GEM_v9_1_0	micro_pilot_processing_20260730:v1.0.0	parsimonious_FBA
r_4074	0.0	yeast_GEM_v9_1_0	micro_pilot_processing_20260730:v1.0.0	parsimonious_FBA
r_4075	0.0	yeast_GEM_v9_1_0	micro_pilot_processing_20260730:v1.0.0	parsimonious_FBA
r_4076	0.0	yeast_GEM_v9_1_0	micro_pilot_processing_20260730:v1.0.0	parsimonious_FBA
r_4077	0.0	yeast_GEM_v9_1_0	micro_pilot_processing_20260730:v1.0.0	parsimonious_FBA
r_4078	0.0	yeast_GEM_v9_1_0	micro_pilot_processing_20260730:v1.0.0	parsimonious_FBA
r_4079	0.0	yeast_GEM_v9_1_0	micro_pilot_processing_20260730:v1.0.0	parsimonious_FBA
r_4080	0.0	yeast_GEM_v9_1_0	micro_pilot_processing_20260730:v1.0.0	parsimonious_FBA
r_4081	0.0	yeast_GEM_v9_1_0	micro_pilot_processing_20260730:v1.0.0	parsimonious_FBA
r_4082	0.0	yeast_GEM_v9_1_0	micro_pilot_processing_20260730:v1.0.0	parsimonious_FBA
r_4083	0.0	yeast_GEM_v9_1_0	micro_pilot_processing_20260730:v1.0.0	parsimonious_FBA
r_4084	0.0	yeast_GEM_v9_1_0	micro_pilot_processing_20260730:v1.0.0	parsimonious_FBA
r_4085	0.0	yeast_GEM_v9_1_0	micro_pilot_processing_20260730:v1.0.0	parsimonious_FBA
r_4086	0.0	yeast_GEM_v9_1_0	micro_pilot_processing_20260730:v1.0.0	parsimonious_FBA
r_4087	0.0	yeast_GEM_v9_1_0	micro_pilot_processing_20260730:v1.0.0	parsimonious_FBA
r_4088	0.0	yeast_GEM_v9_1_0	micro_pilot_processing_20260730:v1.0.0	parsimonious_FBA
r_4089	0.0	yeast_GEM_v9_1_0	micro_pilot_processing_20260730:v1.0.0	parsimonious_FBA
r_4090	0.0	yeast_GEM_v9_1_0	micro_pilot_processing_20260730:v1.0.0	parsimonious_FBA
r_4091	0.0	yeast_GEM_v9_1_0	micro_pilot_processing_20260730:v1.0.0	parsimonious_FBA
r_4092	0.0	yeast_GEM_v9_1_0	micro_pilot_processing_20260730:v1.0.0	parsimonious_FBA
r_4093	0.0	yeast_GEM_v9_1_0	micro_pilot_processing_20260730:v1.0.0	parsimonious_FBA
r_4094	0.0	yeast_GEM_v9_1_0	micro_pilot_processing_20260730:v1.0.0	parsimonious_FBA
r_4095	0.0	yeast_GEM_v9_1_0	micro_pilot_processing_20260730:v1.0.0	parsimonious_FBA
r_4096	0.0	yeast_GEM_v9_1_0	micro_pilot_processing_20260730:v1.0.0	parsimonious_FBA
r_4097	0.0	yeast_GEM_v9_1_0	micro_pilot_processing_20260730:v1.0.0	parsimonious_FBA
r_4098	0.0	yeast_GEM_v9_1_0	micro_pilot_processing_20260730:v1.0.0	parsimonious_FBA
r_4099	0.0	yeast_GEM_v9_1_0	micro_pilot_processing_20260730:v1.0.0	parsimonious_FBA
r_4100	-4.703114622552009e-28	yeast_GEM_v9_1_0	micro_pilot_processing_20260730:v1.0.0	parsimonious_FBA
r_4101	0.0	yeast_GEM_v9_1_0	micro_pilot_processing_20260730:v1.0.0	parsimonious_FBA
r_4102	1.8880821016303784e-29	yeast_GEM_v9_1_0	micro_pilot_processing_20260730:v1.0.0	parsimonious_FBA
r_4103	0.0	yeast_GEM_v9_1_0	micro_pilot_processing_20260730:v1.0.0	parsimonious_FBA
r_4104	0.0	yeast_GEM_v9_1_0	micro_pilot_processing_20260730:v1.0.0	parsimonious_FBA
r_4105	0.0	yeast_GEM_v9_1_0	micro_pilot_processing_20260730:v1.0.0	parsimonious_FBA
r_4106	0.0	yeast_GEM_v9_1_0	micro_pilot_processing_20260730:v1.0.0	parsimonious_FBA
r_4107	0.0	yeast_GEM_v9_1_0	micro_pilot_processing_20260730:v1.0.0	parsimonious_FBA
r_4108	0.0	yeast_GEM_v9_1_0	micro_pilot_processing_20260730:v1.0.0	parsimonious_FBA
r_4109	0.0	yeast_GEM_v9_1_0	micro_pilot_processing_20260730:v1.0.0	parsimonious_FBA
r_4110	0.0	yeast_GEM_v9_1_0	micro_pilot_processing_20260730:v1.0.0	parsimonious_FBA
r_4111	0.0	yeast_GEM_v9_1_0	micro_pilot_processing_20260730:v1.0.0	parsimonious_FBA
r_4112	0.0	yeast_GEM_v9_1_0	micro_pilot_processing_20260730:v1.0.0	parsimonious_FBA
r_4113	0.0	yeast_GEM_v9_1_0	micro_pilot_processing_20260730:v1.0.0	parsimonious_FBA
r_4114	0.0	yeast_GEM_v9_1_0	micro_pilot_processing_20260730:v1.0.0	parsimonious_FBA
r_4115	0.0	yeast_GEM_v9_1_0	micro_pilot_processing_20260730:v1.0.0	parsimonious_FBA
r_4116	0.0	yeast_GEM_v9_1_0	micro_pilot_processing_20260730:v1.0.0	parsimonious_FBA
r_4117	0.0	yeast_GEM_v9_1_0	micro_pilot_processing_20260730:v1.0.0	parsimonious_FBA
r_4118	0.0	yeast_GEM_v9_1_0	micro_pilot_processing_20260730:v1.0.0	parsimonious_FBA
r_4119	0.0	yeast_GEM_v9_1_0	micro_pilot_processing_20260730:v1.0.0	parsimonious_FBA
r_4120	0.0	yeast_GEM_v9_1_0	micro_pilot_processing_20260730:v1.0.0	parsimonious_FBA
r_4121	0.0	yeast_GEM_v9_1_0	micro_pilot_processing_20260730:v1.0.0	parsimonious_FBA
r_4122	0.0	yeast_GEM_v9_1_0	micro_pilot_processing_20260730:v1.0.0	parsimonious_FBA
r_4123	0.0	yeast_GEM_v9_1_0	micro_pilot_processing_20260730:v1.0.0	parsimonious_FBA
r_4124	0.0	yeast_GEM_v9_1_0	micro_pilot_processing_20260730:v1.0.0	parsimonious_FBA
r_4125	0.0	yeast_GEM_v9_1_0	micro_pilot_processing_20260730:v1.0.0	parsimonious_FBA
r_4126	0.0	yeast_GEM_v9_1_0	micro_pilot_processing_20260730:v1.0.0	parsimonious_FBA
r_4127	0.0	yeast_GEM_v9_1_0	micro_pilot_processing_20260730:v1.0.0	parsimonious_FBA
r_4128	0.0	yeast_GEM_v9_1_0	micro_pilot_processing_20260730:v1.0.0	parsimonious_FBA
r_4129	0.0	yeast_GEM_v9_1_0	micro_pilot_processing_20260730:v1.0.0	parsimonious_FBA
r_4130	0.0	yeast_GEM_v9_1_0	micro_pilot_processing_20260730:v1.0.0	parsimonious_FBA
r_4131	0.0	yeast_GEM_v9_1_0	micro_pilot_processing_20260730:v1.0.0	parsimonious_FBA
r_4132	0.0	yeast_GEM_v9_1_0	micro_pilot_processing_20260730:v1.0.0	parsimonious_FBA
r_4133	0.0	yeast_GEM_v9_1_0	micro_pilot_processing_20260730:v1.0.0	parsimonious_FBA
r_4134	0.0	yeast_GEM_v9_1_0	micro_pilot_processing_20260730:v1.0.0	parsimonious_FBA
r_4135	0.0	yeast_GEM_v9_1_0	micro_pilot_processing_20260730:v1.0.0	parsimonious_FBA
r_4136	0.0	yeast_GEM_v9_1_0	micro_pilot_processing_20260730:v1.0.0	parsimonious_FBA
r_4137	0.0	yeast_GEM_v9_1_0	micro_pilot_processing_20260730:v1.0.0	parsimonious_FBA
r_4138	0.0	yeast_GEM_v9_1_0	micro_pilot_processing_20260730:v1.0.0	parsimonious_FBA
r_4139	0.0	yeast_GEM_v9_1_0	micro_pilot_processing_20260730:v1.0.0	parsimonious_FBA
r_4140	0.0	yeast_GEM_v9_1_0	micro_pilot_processing_20260730:v1.0.0	parsimonious_FBA
r_4141	0.0	yeast_GEM_v9_1_0	micro_pilot_processing_20260730:v1.0.0	parsimonious_FBA
r_4142	0.0	yeast_GEM_v9_1_0	micro_pilot_processing_20260730:v1.0.0	parsimonious_FBA
r_4143	0.0	yeast_GEM_v9_1_0	micro_pilot_processing_20260730:v1.0.0	parsimonious_FBA
r_4144	0.0	yeast_GEM_v9_1_0	micro_pilot_processing_20260730:v1.0.0	parsimonious_FBA
r_4145	0.0	yeast_GEM_v9_1_0	micro_pilot_processing_20260730:v1.0.0	parsimonious_FBA
r_4146	0.0	yeast_GEM_v9_1_0	micro_pilot_processing_20260730:v1.0.0	parsimonious_FBA
r_4147	0.0	yeast_GEM_v9_1_0	micro_pilot_processing_20260730:v1.0.0	parsimonious_FBA
r_4148	0.0	yeast_GEM_v9_1_0	micro_pilot_processing_20260730:v1.0.0	parsimonious_FBA
r_4149	0.0	yeast_GEM_v9_1_0	micro_pilot_processing_20260730:v1.0.0	parsimonious_FBA
r_4150	0.0	yeast_GEM_v9_1_0	micro_pilot_processing_20260730:v1.0.0	parsimonious_FBA
r_4151	0.0	yeast_GEM_v9_1_0	micro_pilot_processing_20260730:v1.0.0	parsimonious_FBA
r_4152	0.0	yeast_GEM_v9_1_0	micro_pilot_processing_20260730:v1.0.0	parsimonious_FBA
r_4153	0.0	yeast_GEM_v9_1_0	micro_pilot_processing_20260730:v1.0.0	parsimonious_FBA
r_4154	0.0	yeast_GEM_v9_1_0	micro_pilot_processing_20260730:v1.0.0	parsimonious_FBA
r_4155	0.0	yeast_GEM_v9_1_0	micro_pilot_processing_20260730:v1.0.0	parsimonious_FBA
r_4156	0.0	yeast_GEM_v9_1_0	micro_pilot_processing_20260730:v1.0.0	parsimonious_FBA
r_4157	0.0	yeast_GEM_v9_1_0	micro_pilot_processing_20260730:v1.0.0	parsimonious_FBA
r_4158	0.0	yeast_GEM_v9_1_0	micro_pilot_processing_20260730:v1.0.0	parsimonious_FBA
r_4159	0.0	yeast_GEM_v9_1_0	micro_pilot_processing_20260730:v1.0.0	parsimonious_FBA
r_4160	0.0	yeast_GEM_v9_1_0	micro_pilot_processing_20260730:v1.0.0	parsimonious_FBA
r_4161	0.0	yeast_GEM_v9_1_0	micro_pilot_processing_20260730:v1.0.0	parsimonious_FBA
r_4162	0.0	yeast_GEM_v9_1_0	micro_pilot_processing_20260730:v1.0.0	parsimonious_FBA
r_4163	0.0	yeast_GEM_v9_1_0	micro_pilot_processing_20260730:v1.0.0	parsimonious_FBA
r_4164	0.0	yeast_GEM_v9_1_0	micro_pilot_processing_20260730:v1.0.0	parsimonious_FBA
r_4165	0.0	yeast_GEM_v9_1_0	micro_pilot_processing_20260730:v1.0.0	parsimonious_FBA
r_4166	0.0	yeast_GEM_v9_1_0	micro_pilot_processing_20260730:v1.0.0	parsimonious_FBA
r_4167	0.0	yeast_GEM_v9_1_0	micro_pilot_processing_20260730:v1.0.0	parsimonious_FBA
r_4168	0.0	yeast_GEM_v9_1_0	micro_pilot_processing_20260730:v1.0.0	parsimonious_FBA
r_4169	0.0	yeast_GEM_v9_1_0	micro_pilot_processing_20260730:v1.0.0	parsimonious_FBA
r_4170	0.0	yeast_GEM_v9_1_0	micro_pilot_processing_20260730:v1.0.0	parsimonious_FBA
r_4171	0.0	yeast_GEM_v9_1_0	micro_pilot_processing_20260730:v1.0.0	parsimonious_FBA
r_4172	0.0	yeast_GEM_v9_1_0	micro_pilot_processing_20260730:v1.0.0	parsimonious_FBA
r_4174	0.0	yeast_GEM_v9_1_0	micro_pilot_processing_20260730:v1.0.0	parsimonious_FBA
r_4175	0.0	yeast_GEM_v9_1_0	micro_pilot_processing_20260730:v1.0.0	parsimonious_FBA
r_4176	0.0	yeast_GEM_v9_1_0	micro_pilot_processing_20260730:v1.0.0	parsimonious_FBA
r_4177	0.0	yeast_GEM_v9_1_0	micro_pilot_processing_20260730:v1.0.0	parsimonious_FBA
r_4178	0.0	yeast_GEM_v9_1_0	micro_pilot_processing_20260730:v1.0.0	parsimonious_FBA
r_4179	0.0	yeast_GEM_v9_1_0	micro_pilot_processing_20260730:v1.0.0	parsimonious_FBA
r_4180	0.0	yeast_GEM_v9_1_0	micro_pilot_processing_20260730:v1.0.0	parsimonious_FBA
r_4181	0.0	yeast_GEM_v9_1_0	micro_pilot_processing_20260730:v1.0.0	parsimonious_FBA
r_4183	0.0	yeast_GEM_v9_1_0	micro_pilot_processing_20260730:v1.0.0	parsimonious_FBA
r_4184	0.0	yeast_GEM_v9_1_0	micro_pilot_processing_20260730:v1.0.0	parsimonious_FBA
r_4185	0.0	yeast_GEM_v9_1_0	micro_pilot_processing_20260730:v1.0.0	parsimonious_FBA
r_4186	0.0	yeast_GEM_v9_1_0	micro_pilot_processing_20260730:v1.0.0	parsimonious_FBA
r_4187	0.0	yeast_GEM_v9_1_0	micro_pilot_processing_20260730:v1.0.0	parsimonious_FBA
r_4188	0.0	yeast_GEM_v9_1_0	micro_pilot_processing_20260730:v1.0.0	parsimonious_FBA
r_4189	0.0	yeast_GEM_v9_1_0	micro_pilot_processing_20260730:v1.0.0	parsimonious_FBA
r_4190	0.0	yeast_GEM_v9_1_0	micro_pilot_processing_20260730:v1.0.0	parsimonious_FBA
r_4191	0.0	yeast_GEM_v9_1_0	micro_pilot_processing_20260730:v1.0.0	parsimonious_FBA
r_4192	0.0	yeast_GEM_v9_1_0	micro_pilot_processing_20260730:v1.0.0	parsimonious_FBA
r_4194	0.0	yeast_GEM_v9_1_0	micro_pilot_processing_20260730:v1.0.0	parsimonious_FBA
r_4195	0.0	yeast_GEM_v9_1_0	micro_pilot_processing_20260730:v1.0.0	parsimonious_FBA
r_4196	0.08510761446377979	yeast_GEM_v9_1_0	micro_pilot_processing_20260730:v1.0.0	parsimonious_FBA
r_4197	0.0	yeast_GEM_v9_1_0	micro_pilot_processing_20260730:v1.0.0	parsimonious_FBA
r_4198	0.0	yeast_GEM_v9_1_0	micro_pilot_processing_20260730:v1.0.0	parsimonious_FBA
r_4202	0.0	yeast_GEM_v9_1_0	micro_pilot_processing_20260730:v1.0.0	parsimonious_FBA
r_4203	0.0	yeast_GEM_v9_1_0	micro_pilot_processing_20260730:v1.0.0	parsimonious_FBA
r_4204	0.0	yeast_GEM_v9_1_0	micro_pilot_processing_20260730:v1.0.0	parsimonious_FBA
r_4205	0.0	yeast_GEM_v9_1_0	micro_pilot_processing_20260730:v1.0.0	parsimonious_FBA
r_4206	0.0	yeast_GEM_v9_1_0	micro_pilot_processing_20260730:v1.0.0	parsimonious_FBA
r_4208	0.0	yeast_GEM_v9_1_0	micro_pilot_processing_20260730:v1.0.0	parsimonious_FBA
r_4209	0.0	yeast_GEM_v9_1_0	micro_pilot_processing_20260730:v1.0.0	parsimonious_FBA
r_4210	0.0	yeast_GEM_v9_1_0	micro_pilot_processing_20260730:v1.0.0	parsimonious_FBA
r_4211	0.0	yeast_GEM_v9_1_0	micro_pilot_processing_20260730:v1.0.0	parsimonious_FBA
r_4212	0.0	yeast_GEM_v9_1_0	micro_pilot_processing_20260730:v1.0.0	parsimonious_FBA
r_4214	0.0	yeast_GEM_v9_1_0	micro_pilot_processing_20260730:v1.0.0	parsimonious_FBA
r_4216	-7.692836030306089e-06	yeast_GEM_v9_1_0	micro_pilot_processing_20260730:v1.0.0	parsimonious_FBA
r_4217	0.0	yeast_GEM_v9_1_0	micro_pilot_processing_20260730:v1.0.0	parsimonious_FBA
r_4218	-3.1639020312028057e-17	yeast_GEM_v9_1_0	micro_pilot_processing_20260730:v1.0.0	parsimonious_FBA
r_4219	0.0	yeast_GEM_v9_1_0	micro_pilot_processing_20260730:v1.0.0	parsimonious_FBA
r_4220	0.0	yeast_GEM_v9_1_0	micro_pilot_processing_20260730:v1.0.0	parsimonious_FBA
r_4221	0.0	yeast_GEM_v9_1_0	micro_pilot_processing_20260730:v1.0.0	parsimonious_FBA
r_4222	0.0	yeast_GEM_v9_1_0	micro_pilot_processing_20260730:v1.0.0	parsimonious_FBA
r_4223	0.0	yeast_GEM_v9_1_0	micro_pilot_processing_20260730:v1.0.0	parsimonious_FBA
r_4224	0.0	yeast_GEM_v9_1_0	micro_pilot_processing_20260730:v1.0.0	parsimonious_FBA
r_4226	-0.26283854341283236	yeast_GEM_v9_1_0	micro_pilot_processing_20260730:v1.0.0	parsimonious_FBA
r_4227	0.0	yeast_GEM_v9_1_0	micro_pilot_processing_20260730:v1.0.0	parsimonious_FBA
r_4228	0.0	yeast_GEM_v9_1_0	micro_pilot_processing_20260730:v1.0.0	parsimonious_FBA
r_4230	0.0	yeast_GEM_v9_1_0	micro_pilot_processing_20260730:v1.0.0	parsimonious_FBA
r_4231	0.0	yeast_GEM_v9_1_0	micro_pilot_processing_20260730:v1.0.0	parsimonious_FBA
r_4232	0.0	yeast_GEM_v9_1_0	micro_pilot_processing_20260730:v1.0.0	parsimonious_FBA
r_4234	0.0	yeast_GEM_v9_1_0	micro_pilot_processing_20260730:v1.0.0	parsimonious_FBA
r_4236	0.0	yeast_GEM_v9_1_0	micro_pilot_processing_20260730:v1.0.0	parsimonious_FBA
r_4237	0.0	yeast_GEM_v9_1_0	micro_pilot_processing_20260730:v1.0.0	parsimonious_FBA
r_4238	0.0	yeast_GEM_v9_1_0	micro_pilot_processing_20260730:v1.0.0	parsimonious_FBA
r_4241	0.0	yeast_GEM_v9_1_0	micro_pilot_processing_20260730:v1.0.0	parsimonious_FBA
r_4242	0.0	yeast_GEM_v9_1_0	micro_pilot_processing_20260730:v1.0.0	parsimonious_FBA
r_4243	0.0	yeast_GEM_v9_1_0	micro_pilot_processing_20260730:v1.0.0	parsimonious_FBA
r_4244	0.0	yeast_GEM_v9_1_0	micro_pilot_processing_20260730:v1.0.0	parsimonious_FBA
r_4245	0.0	yeast_GEM_v9_1_0	micro_pilot_processing_20260730:v1.0.0	parsimonious_FBA
r_4247	0.0	yeast_GEM_v9_1_0	micro_pilot_processing_20260730:v1.0.0	parsimonious_FBA
r_4248	0.0	yeast_GEM_v9_1_0	micro_pilot_processing_20260730:v1.0.0	parsimonious_FBA
r_4249	0.0	yeast_GEM_v9_1_0	micro_pilot_processing_20260730:v1.0.0	parsimonious_FBA
r_4250	0.0	yeast_GEM_v9_1_0	micro_pilot_processing_20260730:v1.0.0	parsimonious_FBA
r_4253	0.0	yeast_GEM_v9_1_0	micro_pilot_processing_20260730:v1.0.0	parsimonious_FBA
r_4254	0.0	yeast_GEM_v9_1_0	micro_pilot_processing_20260730:v1.0.0	parsimonious_FBA
r_4255	0.0	yeast_GEM_v9_1_0	micro_pilot_processing_20260730:v1.0.0	parsimonious_FBA
r_4260	0.0	yeast_GEM_v9_1_0	micro_pilot_processing_20260730:v1.0.0	parsimonious_FBA
r_4261	0.0	yeast_GEM_v9_1_0	micro_pilot_processing_20260730:v1.0.0	parsimonious_FBA
r_4262	5.675841904463541	yeast_GEM_v9_1_0	micro_pilot_processing_20260730:v1.0.0	parsimonious_FBA
r_4263	0.0	yeast_GEM_v9_1_0	micro_pilot_processing_20260730:v1.0.0	parsimonious_FBA
r_4264	0.0	yeast_GEM_v9_1_0	micro_pilot_processing_20260730:v1.0.0	parsimonious_FBA
r_4266	0.0	yeast_GEM_v9_1_0	micro_pilot_processing_20260730:v1.0.0	parsimonious_FBA
r_4267	0.0	yeast_GEM_v9_1_0	micro_pilot_processing_20260730:v1.0.0	parsimonious_FBA
r_4268	0.0	yeast_GEM_v9_1_0	micro_pilot_processing_20260730:v1.0.0	parsimonious_FBA
r_4269	0.0	yeast_GEM_v9_1_0	micro_pilot_processing_20260730:v1.0.0	parsimonious_FBA
r_4270	0.0	yeast_GEM_v9_1_0	micro_pilot_processing_20260730:v1.0.0	parsimonious_FBA
r_4271	0.0	yeast_GEM_v9_1_0	micro_pilot_processing_20260730:v1.0.0	parsimonious_FBA
r_4272	0.0	yeast_GEM_v9_1_0	micro_pilot_processing_20260730:v1.0.0	parsimonious_FBA
r_4273	0.0	yeast_GEM_v9_1_0	micro_pilot_processing_20260730:v1.0.0	parsimonious_FBA
r_4274	0.0	yeast_GEM_v9_1_0	micro_pilot_processing_20260730:v1.0.0	parsimonious_FBA
r_4275	0.0	yeast_GEM_v9_1_0	micro_pilot_processing_20260730:v1.0.0	parsimonious_FBA
r_4276	0.0	yeast_GEM_v9_1_0	micro_pilot_processing_20260730:v1.0.0	parsimonious_FBA
r_4279	0.0	yeast_GEM_v9_1_0	micro_pilot_processing_20260730:v1.0.0	parsimonious_FBA
r_4282	0.0	yeast_GEM_v9_1_0	micro_pilot_processing_20260730:v1.0.0	parsimonious_FBA
r_4283	0.0	yeast_GEM_v9_1_0	micro_pilot_processing_20260730:v1.0.0	parsimonious_FBA
r_4284	0.0	yeast_GEM_v9_1_0	micro_pilot_processing_20260730:v1.0.0	parsimonious_FBA
r_4285	0.0	yeast_GEM_v9_1_0	micro_pilot_processing_20260730:v1.0.0	parsimonious_FBA
r_4286	0.0	yeast_GEM_v9_1_0	micro_pilot_processing_20260730:v1.0.0	parsimonious_FBA
r_4287	0.0	yeast_GEM_v9_1_0	micro_pilot_processing_20260730:v1.0.0	parsimonious_FBA
r_4288	0.0	yeast_GEM_v9_1_0	micro_pilot_processing_20260730:v1.0.0	parsimonious_FBA
r_4291	0.0	yeast_GEM_v9_1_0	micro_pilot_processing_20260730:v1.0.0	parsimonious_FBA
r_4292	0.0	yeast_GEM_v9_1_0	micro_pilot_processing_20260730:v1.0.0	parsimonious_FBA
r_4293	0.0	yeast_GEM_v9_1_0	micro_pilot_processing_20260730:v1.0.0	parsimonious_FBA
r_4294	0.0	yeast_GEM_v9_1_0	micro_pilot_processing_20260730:v1.0.0	parsimonious_FBA
r_4295	0.0	yeast_GEM_v9_1_0	micro_pilot_processing_20260730:v1.0.0	parsimonious_FBA
r_4296	0.0	yeast_GEM_v9_1_0	micro_pilot_processing_20260730:v1.0.0	parsimonious_FBA
r_4297	0.0	yeast_GEM_v9_1_0	micro_pilot_processing_20260730:v1.0.0	parsimonious_FBA
r_4298	0.0	yeast_GEM_v9_1_0	micro_pilot_processing_20260730:v1.0.0	parsimonious_FBA
r_4299	0.0	yeast_GEM_v9_1_0	micro_pilot_processing_20260730:v1.0.0	parsimonious_FBA
r_4300	0.0	yeast_GEM_v9_1_0	micro_pilot_processing_20260730:v1.0.0	parsimonious_FBA
r_4301	0.0	yeast_GEM_v9_1_0	micro_pilot_processing_20260730:v1.0.0	parsimonious_FBA
r_4302	0.0	yeast_GEM_v9_1_0	micro_pilot_processing_20260730:v1.0.0	parsimonious_FBA
r_4303	0.0	yeast_GEM_v9_1_0	micro_pilot_processing_20260730:v1.0.0	parsimonious_FBA
r_4304	0.0	yeast_GEM_v9_1_0	micro_pilot_processing_20260730:v1.0.0	parsimonious_FBA
r_4305	0.0	yeast_GEM_v9_1_0	micro_pilot_processing_20260730:v1.0.0	parsimonious_FBA
r_4306	0.0	yeast_GEM_v9_1_0	micro_pilot_processing_20260730:v1.0.0	parsimonious_FBA
r_4307	0.0	yeast_GEM_v9_1_0	micro_pilot_processing_20260730:v1.0.0	parsimonious_FBA
r_4309	0.0	yeast_GEM_v9_1_0	micro_pilot_processing_20260730:v1.0.0	parsimonious_FBA
r_4310	0.0	yeast_GEM_v9_1_0	micro_pilot_processing_20260730:v1.0.0	parsimonious_FBA
r_4311	0.0	yeast_GEM_v9_1_0	micro_pilot_processing_20260730:v1.0.0	parsimonious_FBA
r_4312	0.0	yeast_GEM_v9_1_0	micro_pilot_processing_20260730:v1.0.0	parsimonious_FBA
r_4313	0.0	yeast_GEM_v9_1_0	micro_pilot_processing_20260730:v1.0.0	parsimonious_FBA
r_4314	0.0	yeast_GEM_v9_1_0	micro_pilot_processing_20260730:v1.0.0	parsimonious_FBA
r_4315	0.0	yeast_GEM_v9_1_0	micro_pilot_processing_20260730:v1.0.0	parsimonious_FBA
r_4316	0.0	yeast_GEM_v9_1_0	micro_pilot_processing_20260730:v1.0.0	parsimonious_FBA
r_4317	0.0	yeast_GEM_v9_1_0	micro_pilot_processing_20260730:v1.0.0	parsimonious_FBA
r_4318	0.0	yeast_GEM_v9_1_0	micro_pilot_processing_20260730:v1.0.0	parsimonious_FBA
r_4319	0.0	yeast_GEM_v9_1_0	micro_pilot_processing_20260730:v1.0.0	parsimonious_FBA
r_4320	0.0	yeast_GEM_v9_1_0	micro_pilot_processing_20260730:v1.0.0	parsimonious_FBA
r_4321	0.0	yeast_GEM_v9_1_0	micro_pilot_processing_20260730:v1.0.0	parsimonious_FBA
r_4322	0.0	yeast_GEM_v9_1_0	micro_pilot_processing_20260730:v1.0.0	parsimonious_FBA
r_4326	0.0	yeast_GEM_v9_1_0	micro_pilot_processing_20260730:v1.0.0	parsimonious_FBA
r_4327	0.0	yeast_GEM_v9_1_0	micro_pilot_processing_20260730:v1.0.0	parsimonious_FBA
r_4328	0.0	yeast_GEM_v9_1_0	micro_pilot_processing_20260730:v1.0.0	parsimonious_FBA
r_4329	0.0	yeast_GEM_v9_1_0	micro_pilot_processing_20260730:v1.0.0	parsimonious_FBA
r_4330	0.0	yeast_GEM_v9_1_0	micro_pilot_processing_20260730:v1.0.0	parsimonious_FBA
r_4331	0.0	yeast_GEM_v9_1_0	micro_pilot_processing_20260730:v1.0.0	parsimonious_FBA
r_4332	0.0	yeast_GEM_v9_1_0	micro_pilot_processing_20260730:v1.0.0	parsimonious_FBA
r_4333	-20.605464860784075	yeast_GEM_v9_1_0	micro_pilot_processing_20260730:v1.0.0	parsimonious_FBA
r_4334	0.0	yeast_GEM_v9_1_0	micro_pilot_processing_20260730:v1.0.0	parsimonious_FBA
r_4335	0.0	yeast_GEM_v9_1_0	micro_pilot_processing_20260730:v1.0.0	parsimonious_FBA
r_4336	0.0	yeast_GEM_v9_1_0	micro_pilot_processing_20260730:v1.0.0	parsimonious_FBA
r_4337	0.0	yeast_GEM_v9_1_0	micro_pilot_processing_20260730:v1.0.0	parsimonious_FBA
r_4338	0.0	yeast_GEM_v9_1_0	micro_pilot_processing_20260730:v1.0.0	parsimonious_FBA
r_4339	0.0	yeast_GEM_v9_1_0	micro_pilot_processing_20260730:v1.0.0	parsimonious_FBA
r_4341	0.0	yeast_GEM_v9_1_0	micro_pilot_processing_20260730:v1.0.0	parsimonious_FBA
r_4342	0.0	yeast_GEM_v9_1_0	micro_pilot_processing_20260730:v1.0.0	parsimonious_FBA
r_4343	0.0	yeast_GEM_v9_1_0	micro_pilot_processing_20260730:v1.0.0	parsimonious_FBA
r_4344	0.0	yeast_GEM_v9_1_0	micro_pilot_processing_20260730:v1.0.0	parsimonious_FBA
r_4345	0.0	yeast_GEM_v9_1_0	micro_pilot_processing_20260730:v1.0.0	parsimonious_FBA
r_4346	0.0	yeast_GEM_v9_1_0	micro_pilot_processing_20260730:v1.0.0	parsimonious_FBA
r_4347	0.0	yeast_GEM_v9_1_0	micro_pilot_processing_20260730:v1.0.0	parsimonious_FBA
r_4348	0.0	yeast_GEM_v9_1_0	micro_pilot_processing_20260730:v1.0.0	parsimonious_FBA
r_4349	0.0	yeast_GEM_v9_1_0	micro_pilot_processing_20260730:v1.0.0	parsimonious_FBA
r_4350	0.0	yeast_GEM_v9_1_0	micro_pilot_processing_20260730:v1.0.0	parsimonious_FBA
r_4351	0.0	yeast_GEM_v9_1_0	micro_pilot_processing_20260730:v1.0.0	parsimonious_FBA
r_4352	0.0	yeast_GEM_v9_1_0	micro_pilot_processing_20260730:v1.0.0	parsimonious_FBA
r_4353	0.0	yeast_GEM_v9_1_0	micro_pilot_processing_20260730:v1.0.0	parsimonious_FBA
r_4354	0.0	yeast_GEM_v9_1_0	micro_pilot_processing_20260730:v1.0.0	parsimonious_FBA
r_4355	0.0	yeast_GEM_v9_1_0	micro_pilot_processing_20260730:v1.0.0	parsimonious_FBA
r_4356	0.0	yeast_GEM_v9_1_0	micro_pilot_processing_20260730:v1.0.0	parsimonious_FBA
r_4357	0.0	yeast_GEM_v9_1_0	micro_pilot_processing_20260730:v1.0.0	parsimonious_FBA
r_4358	0.0	yeast_GEM_v9_1_0	micro_pilot_processing_20260730:v1.0.0	parsimonious_FBA
r_4359	0.0	yeast_GEM_v9_1_0	micro_pilot_processing_20260730:v1.0.0	parsimonious_FBA
r_4360	0.0	yeast_GEM_v9_1_0	micro_pilot_processing_20260730:v1.0.0	parsimonious_FBA
r_4361	0.0	yeast_GEM_v9_1_0	micro_pilot_processing_20260730:v1.0.0	parsimonious_FBA
r_4362	0.0	yeast_GEM_v9_1_0	micro_pilot_processing_20260730:v1.0.0	parsimonious_FBA
r_4363	0.0	yeast_GEM_v9_1_0	micro_pilot_processing_20260730:v1.0.0	parsimonious_FBA
r_4364	0.0	yeast_GEM_v9_1_0	micro_pilot_processing_20260730:v1.0.0	parsimonious_FBA
r_4365	0.0	yeast_GEM_v9_1_0	micro_pilot_processing_20260730:v1.0.0	parsimonious_FBA
r_4366	0.0	yeast_GEM_v9_1_0	micro_pilot_processing_20260730:v1.0.0	parsimonious_FBA
r_4367	0.0	yeast_GEM_v9_1_0	micro_pilot_processing_20260730:v1.0.0	parsimonious_FBA
r_4368	0.0	yeast_GEM_v9_1_0	micro_pilot_processing_20260730:v1.0.0	parsimonious_FBA
r_4369	0.0	yeast_GEM_v9_1_0	micro_pilot_processing_20260730:v1.0.0	parsimonious_FBA
r_4370	0.0	yeast_GEM_v9_1_0	micro_pilot_processing_20260730:v1.0.0	parsimonious_FBA
r_4371	0.0	yeast_GEM_v9_1_0	micro_pilot_processing_20260730:v1.0.0	parsimonious_FBA
r_4372	0.0	yeast_GEM_v9_1_0	micro_pilot_processing_20260730:v1.0.0	parsimonious_FBA
r_4373	0.0	yeast_GEM_v9_1_0	micro_pilot_processing_20260730:v1.0.0	parsimonious_FBA
r_4374	0.0	yeast_GEM_v9_1_0	micro_pilot_processing_20260730:v1.0.0	parsimonious_FBA
r_4375	0.0	yeast_GEM_v9_1_0	micro_pilot_processing_20260730:v1.0.0	parsimonious_FBA
r_4376	0.0	yeast_GEM_v9_1_0	micro_pilot_processing_20260730:v1.0.0	parsimonious_FBA
r_4377	0.0	yeast_GEM_v9_1_0	micro_pilot_processing_20260730:v1.0.0	parsimonious_FBA
r_4378	0.0	yeast_GEM_v9_1_0	micro_pilot_processing_20260730:v1.0.0	parsimonious_FBA
r_4379	0.0	yeast_GEM_v9_1_0	micro_pilot_processing_20260730:v1.0.0	parsimonious_FBA
r_4380	0.0	yeast_GEM_v9_1_0	micro_pilot_processing_20260730:v1.0.0	parsimonious_FBA
r_4381	0.0	yeast_GEM_v9_1_0	micro_pilot_processing_20260730:v1.0.0	parsimonious_FBA
r_4382	0.0	yeast_GEM_v9_1_0	micro_pilot_processing_20260730:v1.0.0	parsimonious_FBA
r_4383	0.0	yeast_GEM_v9_1_0	micro_pilot_processing_20260730:v1.0.0	parsimonious_FBA
r_4384	0.0	yeast_GEM_v9_1_0	micro_pilot_processing_20260730:v1.0.0	parsimonious_FBA
r_4385	0.0	yeast_GEM_v9_1_0	micro_pilot_processing_20260730:v1.0.0	parsimonious_FBA
r_4386	0.0	yeast_GEM_v9_1_0	micro_pilot_processing_20260730:v1.0.0	parsimonious_FBA
r_4387	0.0	yeast_GEM_v9_1_0	micro_pilot_processing_20260730:v1.0.0	parsimonious_FBA
r_4388	0.0	yeast_GEM_v9_1_0	micro_pilot_processing_20260730:v1.0.0	parsimonious_FBA
r_4389	0.0	yeast_GEM_v9_1_0	micro_pilot_processing_20260730:v1.0.0	parsimonious_FBA
r_4390	0.0	yeast_GEM_v9_1_0	micro_pilot_processing_20260730:v1.0.0	parsimonious_FBA
r_4391	0.0	yeast_GEM_v9_1_0	micro_pilot_processing_20260730:v1.0.0	parsimonious_FBA
r_4392	0.0	yeast_GEM_v9_1_0	micro_pilot_processing_20260730:v1.0.0	parsimonious_FBA
r_4393	0.0	yeast_GEM_v9_1_0	micro_pilot_processing_20260730:v1.0.0	parsimonious_FBA
r_4394	0.0	yeast_GEM_v9_1_0	micro_pilot_processing_20260730:v1.0.0	parsimonious_FBA
r_4395	0.0	yeast_GEM_v9_1_0	micro_pilot_processing_20260730:v1.0.0	parsimonious_FBA
r_4396	0.0	yeast_GEM_v9_1_0	micro_pilot_processing_20260730:v1.0.0	parsimonious_FBA
r_4397	0.0	yeast_GEM_v9_1_0	micro_pilot_processing_20260730:v1.0.0	parsimonious_FBA
r_4398	0.0	yeast_GEM_v9_1_0	micro_pilot_processing_20260730:v1.0.0	parsimonious_FBA
r_4399	0.0	yeast_GEM_v9_1_0	micro_pilot_processing_20260730:v1.0.0	parsimonious_FBA
r_4400	0.0	yeast_GEM_v9_1_0	micro_pilot_processing_20260730:v1.0.0	parsimonious_FBA
r_4401	0.0	yeast_GEM_v9_1_0	micro_pilot_processing_20260730:v1.0.0	parsimonious_FBA
r_4402	0.0	yeast_GEM_v9_1_0	micro_pilot_processing_20260730:v1.0.0	parsimonious_FBA
r_4403	0.0	yeast_GEM_v9_1_0	micro_pilot_processing_20260730:v1.0.0	parsimonious_FBA
r_4404	0.0	yeast_GEM_v9_1_0	micro_pilot_processing_20260730:v1.0.0	parsimonious_FBA
r_4405	0.0	yeast_GEM_v9_1_0	micro_pilot_processing_20260730:v1.0.0	parsimonious_FBA
r_4406	0.0	yeast_GEM_v9_1_0	micro_pilot_processing_20260730:v1.0.0	parsimonious_FBA
r_4407	0.0	yeast_GEM_v9_1_0	micro_pilot_processing_20260730:v1.0.0	parsimonious_FBA
r_4408	0.0	yeast_GEM_v9_1_0	micro_pilot_processing_20260730:v1.0.0	parsimonious_FBA
r_4409	0.0	yeast_GEM_v9_1_0	micro_pilot_processing_20260730:v1.0.0	parsimonious_FBA
r_4410	0.0	yeast_GEM_v9_1_0	micro_pilot_processing_20260730:v1.0.0	parsimonious_FBA
r_4411	0.0	yeast_GEM_v9_1_0	micro_pilot_processing_20260730:v1.0.0	parsimonious_FBA
r_4412	0.0	yeast_GEM_v9_1_0	micro_pilot_processing_20260730:v1.0.0	parsimonious_FBA
r_4413	0.0	yeast_GEM_v9_1_0	micro_pilot_processing_20260730:v1.0.0	parsimonious_FBA
r_4414	0.0	yeast_GEM_v9_1_0	micro_pilot_processing_20260730:v1.0.0	parsimonious_FBA
r_4415	0.0	yeast_GEM_v9_1_0	micro_pilot_processing_20260730:v1.0.0	parsimonious_FBA
r_4416	0.0	yeast_GEM_v9_1_0	micro_pilot_processing_20260730:v1.0.0	parsimonious_FBA
r_4417	0.0	yeast_GEM_v9_1_0	micro_pilot_processing_20260730:v1.0.0	parsimonious_FBA
r_4418	0.0	yeast_GEM_v9_1_0	micro_pilot_processing_20260730:v1.0.0	parsimonious_FBA
r_4419	0.0	yeast_GEM_v9_1_0	micro_pilot_processing_20260730:v1.0.0	parsimonious_FBA
r_4420	0.0	yeast_GEM_v9_1_0	micro_pilot_processing_20260730:v1.0.0	parsimonious_FBA
r_4421	0.0	yeast_GEM_v9_1_0	micro_pilot_processing_20260730:v1.0.0	parsimonious_FBA
r_4422	0.0	yeast_GEM_v9_1_0	micro_pilot_processing_20260730:v1.0.0	parsimonious_FBA
r_4423	0.0	yeast_GEM_v9_1_0	micro_pilot_processing_20260730:v1.0.0	parsimonious_FBA
r_4424	0.0	yeast_GEM_v9_1_0	micro_pilot_processing_20260730:v1.0.0	parsimonious_FBA
r_4425	0.0	yeast_GEM_v9_1_0	micro_pilot_processing_20260730:v1.0.0	parsimonious_FBA
r_4426	0.0	yeast_GEM_v9_1_0	micro_pilot_processing_20260730:v1.0.0	parsimonious_FBA
r_4427	0.0	yeast_GEM_v9_1_0	micro_pilot_processing_20260730:v1.0.0	parsimonious_FBA
r_4428	0.0	yeast_GEM_v9_1_0	micro_pilot_processing_20260730:v1.0.0	parsimonious_FBA
r_4429	0.0	yeast_GEM_v9_1_0	micro_pilot_processing_20260730:v1.0.0	parsimonious_FBA
r_4430	0.0	yeast_GEM_v9_1_0	micro_pilot_processing_20260730:v1.0.0	parsimonious_FBA
r_4431	0.0	yeast_GEM_v9_1_0	micro_pilot_processing_20260730:v1.0.0	parsimonious_FBA
r_4432	0.0	yeast_GEM_v9_1_0	micro_pilot_processing_20260730:v1.0.0	parsimonious_FBA
r_4433	0.0	yeast_GEM_v9_1_0	micro_pilot_processing_20260730:v1.0.0	parsimonious_FBA
r_4434	0.0	yeast_GEM_v9_1_0	micro_pilot_processing_20260730:v1.0.0	parsimonious_FBA
r_4435	0.0	yeast_GEM_v9_1_0	micro_pilot_processing_20260730:v1.0.0	parsimonious_FBA
r_4436	0.0	yeast_GEM_v9_1_0	micro_pilot_processing_20260730:v1.0.0	parsimonious_FBA
r_4437	0.0	yeast_GEM_v9_1_0	micro_pilot_processing_20260730:v1.0.0	parsimonious_FBA
r_4438	0.0	yeast_GEM_v9_1_0	micro_pilot_processing_20260730:v1.0.0	parsimonious_FBA
r_4439	0.0	yeast_GEM_v9_1_0	micro_pilot_processing_20260730:v1.0.0	parsimonious_FBA
r_4440	0.0	yeast_GEM_v9_1_0	micro_pilot_processing_20260730:v1.0.0	parsimonious_FBA
r_4441	0.0	yeast_GEM_v9_1_0	micro_pilot_processing_20260730:v1.0.0	parsimonious_FBA
r_4442	0.0	yeast_GEM_v9_1_0	micro_pilot_processing_20260730:v1.0.0	parsimonious_FBA
r_4443	0.0	yeast_GEM_v9_1_0	micro_pilot_processing_20260730:v1.0.0	parsimonious_FBA
r_4444	0.0	yeast_GEM_v9_1_0	micro_pilot_processing_20260730:v1.0.0	parsimonious_FBA
r_4445	0.0	yeast_GEM_v9_1_0	micro_pilot_processing_20260730:v1.0.0	parsimonious_FBA
r_4446	0.0	yeast_GEM_v9_1_0	micro_pilot_processing_20260730:v1.0.0	parsimonious_FBA
r_4447	0.0	yeast_GEM_v9_1_0	micro_pilot_processing_20260730:v1.0.0	parsimonious_FBA
r_4448	0.0	yeast_GEM_v9_1_0	micro_pilot_processing_20260730:v1.0.0	parsimonious_FBA
r_4449	0.0	yeast_GEM_v9_1_0	micro_pilot_processing_20260730:v1.0.0	parsimonious_FBA
r_4450	0.0	yeast_GEM_v9_1_0	micro_pilot_processing_20260730:v1.0.0	parsimonious_FBA
r_4451	0.0	yeast_GEM_v9_1_0	micro_pilot_processing_20260730:v1.0.0	parsimonious_FBA
r_4452	0.0	yeast_GEM_v9_1_0	micro_pilot_processing_20260730:v1.0.0	parsimonious_FBA
r_4453	0.0	yeast_GEM_v9_1_0	micro_pilot_processing_20260730:v1.0.0	parsimonious_FBA
r_4454	0.0	yeast_GEM_v9_1_0	micro_pilot_processing_20260730:v1.0.0	parsimonious_FBA
r_4455	0.0	yeast_GEM_v9_1_0	micro_pilot_processing_20260730:v1.0.0	parsimonious_FBA
r_4456	0.0	yeast_GEM_v9_1_0	micro_pilot_processing_20260730:v1.0.0	parsimonious_FBA
r_4457	0.0	yeast_GEM_v9_1_0	micro_pilot_processing_20260730:v1.0.0	parsimonious_FBA
r_4458	0.0	yeast_GEM_v9_1_0	micro_pilot_processing_20260730:v1.0.0	parsimonious_FBA
r_4459	0.0	yeast_GEM_v9_1_0	micro_pilot_processing_20260730:v1.0.0	parsimonious_FBA
r_4460	0.0	yeast_GEM_v9_1_0	micro_pilot_processing_20260730:v1.0.0	parsimonious_FBA
r_4461	0.0	yeast_GEM_v9_1_0	micro_pilot_processing_20260730:v1.0.0	parsimonious_FBA
r_4462	0.0	yeast_GEM_v9_1_0	micro_pilot_processing_20260730:v1.0.0	parsimonious_FBA
r_4463	0.0	yeast_GEM_v9_1_0	micro_pilot_processing_20260730:v1.0.0	parsimonious_FBA
r_4464	0.0	yeast_GEM_v9_1_0	micro_pilot_processing_20260730:v1.0.0	parsimonious_FBA
r_4465	0.0	yeast_GEM_v9_1_0	micro_pilot_processing_20260730:v1.0.0	parsimonious_FBA
r_4466	0.0	yeast_GEM_v9_1_0	micro_pilot_processing_20260730:v1.0.0	parsimonious_FBA
r_4467	0.0	yeast_GEM_v9_1_0	micro_pilot_processing_20260730:v1.0.0	parsimonious_FBA
r_4468	0.0	yeast_GEM_v9_1_0	micro_pilot_processing_20260730:v1.0.0	parsimonious_FBA
r_4469	0.0	yeast_GEM_v9_1_0	micro_pilot_processing_20260730:v1.0.0	parsimonious_FBA
r_4470	0.0	yeast_GEM_v9_1_0	micro_pilot_processing_20260730:v1.0.0	parsimonious_FBA
r_4471	0.0	yeast_GEM_v9_1_0	micro_pilot_processing_20260730:v1.0.0	parsimonious_FBA
r_4472	0.0	yeast_GEM_v9_1_0	micro_pilot_processing_20260730:v1.0.0	parsimonious_FBA
r_4473	0.0	yeast_GEM_v9_1_0	micro_pilot_processing_20260730:v1.0.0	parsimonious_FBA
r_4474	0.0	yeast_GEM_v9_1_0	micro_pilot_processing_20260730:v1.0.0	parsimonious_FBA
r_4475	0.0	yeast_GEM_v9_1_0	micro_pilot_processing_20260730:v1.0.0	parsimonious_FBA
r_4476	0.0	yeast_GEM_v9_1_0	micro_pilot_processing_20260730:v1.0.0	parsimonious_FBA
r_4477	0.0	yeast_GEM_v9_1_0	micro_pilot_processing_20260730:v1.0.0	parsimonious_FBA
r_4478	0.0	yeast_GEM_v9_1_0	micro_pilot_processing_20260730:v1.0.0	parsimonious_FBA
r_4479	0.0	yeast_GEM_v9_1_0	micro_pilot_processing_20260730:v1.0.0	parsimonious_FBA
r_4480	0.0	yeast_GEM_v9_1_0	micro_pilot_processing_20260730:v1.0.0	parsimonious_FBA
r_4481	0.0	yeast_GEM_v9_1_0	micro_pilot_processing_20260730:v1.0.0	parsimonious_FBA
r_4482	0.0	yeast_GEM_v9_1_0	micro_pilot_processing_20260730:v1.0.0	parsimonious_FBA
r_4483	0.0	yeast_GEM_v9_1_0	micro_pilot_processing_20260730:v1.0.0	parsimonious_FBA
r_4484	0.0	yeast_GEM_v9_1_0	micro_pilot_processing_20260730:v1.0.0	parsimonious_FBA
r_4485	0.0	yeast_GEM_v9_1_0	micro_pilot_processing_20260730:v1.0.0	parsimonious_FBA
r_4486	0.0	yeast_GEM_v9_1_0	micro_pilot_processing_20260730:v1.0.0	parsimonious_FBA
r_4487	0.0	yeast_GEM_v9_1_0	micro_pilot_processing_20260730:v1.0.0	parsimonious_FBA
r_4488	0.0	yeast_GEM_v9_1_0	micro_pilot_processing_20260730:v1.0.0	parsimonious_FBA
r_4489	0.0	yeast_GEM_v9_1_0	micro_pilot_processing_20260730:v1.0.0	parsimonious_FBA
r_4490	0.0	yeast_GEM_v9_1_0	micro_pilot_processing_20260730:v1.0.0	parsimonious_FBA
r_4491	0.0	yeast_GEM_v9_1_0	micro_pilot_processing_20260730:v1.0.0	parsimonious_FBA
r_4492	0.0	yeast_GEM_v9_1_0	micro_pilot_processing_20260730:v1.0.0	parsimonious_FBA
r_4493	0.0	yeast_GEM_v9_1_0	micro_pilot_processing_20260730:v1.0.0	parsimonious_FBA
r_4494	0.0	yeast_GEM_v9_1_0	micro_pilot_processing_20260730:v1.0.0	parsimonious_FBA
r_4495	0.0	yeast_GEM_v9_1_0	micro_pilot_processing_20260730:v1.0.0	parsimonious_FBA
r_4496	0.0	yeast_GEM_v9_1_0	micro_pilot_processing_20260730:v1.0.0	parsimonious_FBA
r_4497	0.0	yeast_GEM_v9_1_0	micro_pilot_processing_20260730:v1.0.0	parsimonious_FBA
r_4498	0.0	yeast_GEM_v9_1_0	micro_pilot_processing_20260730:v1.0.0	parsimonious_FBA
r_4499	0.0	yeast_GEM_v9_1_0	micro_pilot_processing_20260730:v1.0.0	parsimonious_FBA
r_4500	0.0	yeast_GEM_v9_1_0	micro_pilot_processing_20260730:v1.0.0	parsimonious_FBA
r_4501	0.0	yeast_GEM_v9_1_0	micro_pilot_processing_20260730:v1.0.0	parsimonious_FBA
r_4502	0.0	yeast_GEM_v9_1_0	micro_pilot_processing_20260730:v1.0.0	parsimonious_FBA
r_4503	0.0	yeast_GEM_v9_1_0	micro_pilot_processing_20260730:v1.0.0	parsimonious_FBA
r_4504	0.0	yeast_GEM_v9_1_0	micro_pilot_processing_20260730:v1.0.0	parsimonious_FBA
r_4505	0.0	yeast_GEM_v9_1_0	micro_pilot_processing_20260730:v1.0.0	parsimonious_FBA
r_4506	0.0	yeast_GEM_v9_1_0	micro_pilot_processing_20260730:v1.0.0	parsimonious_FBA
r_4507	0.0	yeast_GEM_v9_1_0	micro_pilot_processing_20260730:v1.0.0	parsimonious_FBA
r_4508	0.0	yeast_GEM_v9_1_0	micro_pilot_processing_20260730:v1.0.0	parsimonious_FBA
r_4509	0.0	yeast_GEM_v9_1_0	micro_pilot_processing_20260730:v1.0.0	parsimonious_FBA
r_4510	0.0	yeast_GEM_v9_1_0	micro_pilot_processing_20260730:v1.0.0	parsimonious_FBA
r_4511	0.0	yeast_GEM_v9_1_0	micro_pilot_processing_20260730:v1.0.0	parsimonious_FBA
r_4512	0.0	yeast_GEM_v9_1_0	micro_pilot_processing_20260730:v1.0.0	parsimonious_FBA
r_4513	0.0	yeast_GEM_v9_1_0	micro_pilot_processing_20260730:v1.0.0	parsimonious_FBA
r_4514	0.0	yeast_GEM_v9_1_0	micro_pilot_processing_20260730:v1.0.0	parsimonious_FBA
r_4515	0.0	yeast_GEM_v9_1_0	micro_pilot_processing_20260730:v1.0.0	parsimonious_FBA
r_4516	0.0	yeast_GEM_v9_1_0	micro_pilot_processing_20260730:v1.0.0	parsimonious_FBA
r_4517	0.0	yeast_GEM_v9_1_0	micro_pilot_processing_20260730:v1.0.0	parsimonious_FBA
r_4518	0.0	yeast_GEM_v9_1_0	micro_pilot_processing_20260730:v1.0.0	parsimonious_FBA
r_4519	0.0	yeast_GEM_v9_1_0	micro_pilot_processing_20260730:v1.0.0	parsimonious_FBA
r_4520	0.0	yeast_GEM_v9_1_0	micro_pilot_processing_20260730:v1.0.0	parsimonious_FBA
r_4521	0.0	yeast_GEM_v9_1_0	micro_pilot_processing_20260730:v1.0.0	parsimonious_FBA
r_4522	0.0	yeast_GEM_v9_1_0	micro_pilot_processing_20260730:v1.0.0	parsimonious_FBA
r_4523	0.0	yeast_GEM_v9_1_0	micro_pilot_processing_20260730:v1.0.0	parsimonious_FBA
r_4524	0.0	yeast_GEM_v9_1_0	micro_pilot_processing_20260730:v1.0.0	parsimonious_FBA
r_4525	0.0	yeast_GEM_v9_1_0	micro_pilot_processing_20260730:v1.0.0	parsimonious_FBA
r_4526	0.0	yeast_GEM_v9_1_0	micro_pilot_processing_20260730:v1.0.0	parsimonious_FBA
r_4527	0.0	yeast_GEM_v9_1_0	micro_pilot_processing_20260730:v1.0.0	parsimonious_FBA
r_4528	0.0	yeast_GEM_v9_1_0	micro_pilot_processing_20260730:v1.0.0	parsimonious_FBA
r_4529	0.0	yeast_GEM_v9_1_0	micro_pilot_processing_20260730:v1.0.0	parsimonious_FBA
r_4530	0.0	yeast_GEM_v9_1_0	micro_pilot_processing_20260730:v1.0.0	parsimonious_FBA
r_4531	0.0	yeast_GEM_v9_1_0	micro_pilot_processing_20260730:v1.0.0	parsimonious_FBA
r_4532	0.0	yeast_GEM_v9_1_0	micro_pilot_processing_20260730:v1.0.0	parsimonious_FBA
r_4533	0.0	yeast_GEM_v9_1_0	micro_pilot_processing_20260730:v1.0.0	parsimonious_FBA
r_4534	0.0	yeast_GEM_v9_1_0	micro_pilot_processing_20260730:v1.0.0	parsimonious_FBA
r_4535	0.0	yeast_GEM_v9_1_0	micro_pilot_processing_20260730:v1.0.0	parsimonious_FBA
r_4536	0.0	yeast_GEM_v9_1_0	micro_pilot_processing_20260730:v1.0.0	parsimonious_FBA
r_4537	0.0	yeast_GEM_v9_1_0	micro_pilot_processing_20260730:v1.0.0	parsimonious_FBA
r_4538	0.0	yeast_GEM_v9_1_0	micro_pilot_processing_20260730:v1.0.0	parsimonious_FBA
r_4539	0.0	yeast_GEM_v9_1_0	micro_pilot_processing_20260730:v1.0.0	parsimonious_FBA
r_4540	0.0	yeast_GEM_v9_1_0	micro_pilot_processing_20260730:v1.0.0	parsimonious_FBA
r_4541	0.0	yeast_GEM_v9_1_0	micro_pilot_processing_20260730:v1.0.0	parsimonious_FBA
r_4542	0.0	yeast_GEM_v9_1_0	micro_pilot_processing_20260730:v1.0.0	parsimonious_FBA
r_4543	0.0	yeast_GEM_v9_1_0	micro_pilot_processing_20260730:v1.0.0	parsimonious_FBA
r_4544	0.0	yeast_GEM_v9_1_0	micro_pilot_processing_20260730:v1.0.0	parsimonious_FBA
r_4545	0.0	yeast_GEM_v9_1_0	micro_pilot_processing_20260730:v1.0.0	parsimonious_FBA
r_4546	0.0	yeast_GEM_v9_1_0	micro_pilot_processing_20260730:v1.0.0	parsimonious_FBA
r_4547	0.0	yeast_GEM_v9_1_0	micro_pilot_processing_20260730:v1.0.0	parsimonious_FBA
r_4548	0.0	yeast_GEM_v9_1_0	micro_pilot_processing_20260730:v1.0.0	parsimonious_FBA
r_4549	0.0	yeast_GEM_v9_1_0	micro_pilot_processing_20260730:v1.0.0	parsimonious_FBA
r_4550	0.0	yeast_GEM_v9_1_0	micro_pilot_processing_20260730:v1.0.0	parsimonious_FBA
r_4551	0.0	yeast_GEM_v9_1_0	micro_pilot_processing_20260730:v1.0.0	parsimonious_FBA
r_4552	0.0	yeast_GEM_v9_1_0	micro_pilot_processing_20260730:v1.0.0	parsimonious_FBA
r_4553	0.0	yeast_GEM_v9_1_0	micro_pilot_processing_20260730:v1.0.0	parsimonious_FBA
r_4554	0.0	yeast_GEM_v9_1_0	micro_pilot_processing_20260730:v1.0.0	parsimonious_FBA
r_4555	0.0	yeast_GEM_v9_1_0	micro_pilot_processing_20260730:v1.0.0	parsimonious_FBA
r_4556	0.0	yeast_GEM_v9_1_0	micro_pilot_processing_20260730:v1.0.0	parsimonious_FBA
r_4557	0.0	yeast_GEM_v9_1_0	micro_pilot_processing_20260730:v1.0.0	parsimonious_FBA
r_4558	0.0	yeast_GEM_v9_1_0	micro_pilot_processing_20260730:v1.0.0	parsimonious_FBA
r_4559	0.0	yeast_GEM_v9_1_0	micro_pilot_processing_20260730:v1.0.0	parsimonious_FBA
r_4560	0.0	yeast_GEM_v9_1_0	micro_pilot_processing_20260730:v1.0.0	parsimonious_FBA
r_4561	0.0	yeast_GEM_v9_1_0	micro_pilot_processing_20260730:v1.0.0	parsimonious_FBA
r_4562	0.0	yeast_GEM_v9_1_0	micro_pilot_processing_20260730:v1.0.0	parsimonious_FBA
r_4563	0.0	yeast_GEM_v9_1_0	micro_pilot_processing_20260730:v1.0.0	parsimonious_FBA
r_4564	0.0	yeast_GEM_v9_1_0	micro_pilot_processing_20260730:v1.0.0	parsimonious_FBA
r_4565	0.0	yeast_GEM_v9_1_0	micro_pilot_processing_20260730:v1.0.0	parsimonious_FBA
r_4567	0.0	yeast_GEM_v9_1_0	micro_pilot_processing_20260730:v1.0.0	parsimonious_FBA
r_4569	0.0	yeast_GEM_v9_1_0	micro_pilot_processing_20260730:v1.0.0	parsimonious_FBA
r_4570	-0.17519651410226275	yeast_GEM_v9_1_0	micro_pilot_processing_20260730:v1.0.0	parsimonious_FBA
r_4571	0.17519651410226278	yeast_GEM_v9_1_0	micro_pilot_processing_20260730:v1.0.0	parsimonious_FBA
r_4572	0.0	yeast_GEM_v9_1_0	micro_pilot_processing_20260730:v1.0.0	parsimonious_FBA
r_4573	0.0	yeast_GEM_v9_1_0	micro_pilot_processing_20260730:v1.0.0	parsimonious_FBA
r_4574	0.0	yeast_GEM_v9_1_0	micro_pilot_processing_20260730:v1.0.0	parsimonious_FBA
r_4575	0.0	yeast_GEM_v9_1_0	micro_pilot_processing_20260730:v1.0.0	parsimonious_FBA
r_4581	0.1751965141022628	yeast_GEM_v9_1_0	micro_pilot_processing_20260730:v1.0.0	parsimonious_FBA
r_4582	0.17519651410226278	yeast_GEM_v9_1_0	micro_pilot_processing_20260730:v1.0.0	parsimonious_FBA
r_4583	0.0	yeast_GEM_v9_1_0	micro_pilot_processing_20260730:v1.0.0	parsimonious_FBA
r_4584	0.0	yeast_GEM_v9_1_0	micro_pilot_processing_20260730:v1.0.0	parsimonious_FBA
r_4585	0.0	yeast_GEM_v9_1_0	micro_pilot_processing_20260730:v1.0.0	parsimonious_FBA
r_4586	0.0	yeast_GEM_v9_1_0	micro_pilot_processing_20260730:v1.0.0	parsimonious_FBA
r_4587	0.0001669345410180506	yeast_GEM_v9_1_0	micro_pilot_processing_20260730:v1.0.0	parsimonious_FBA
r_4588	0.00099237590668087	yeast_GEM_v9_1_0	micro_pilot_processing_20260730:v1.0.0	parsimonious_FBA
r_4589	0.0005069579165064073	yeast_GEM_v9_1_0	micro_pilot_processing_20260730:v1.0.0	parsimonious_FBA
r_4590	0.002100144339823153	yeast_GEM_v9_1_0	micro_pilot_processing_20260730:v1.0.0	parsimonious_FBA
r_4591	0.00057542414290308	yeast_GEM_v9_1_0	micro_pilot_processing_20260730:v1.0.0	parsimonious_FBA
r_4592	0.0009558679713538086	yeast_GEM_v9_1_0	micro_pilot_processing_20260730:v1.0.0	parsimonious_FBA
r_4593	-0.00099237590668087	yeast_GEM_v9_1_0	micro_pilot_processing_20260730:v1.0.0	parsimonious_FBA
r_4594	-0.0005069579165064073	yeast_GEM_v9_1_0	micro_pilot_processing_20260730:v1.0.0	parsimonious_FBA
r_4595	-0.002100144339823153	yeast_GEM_v9_1_0	micro_pilot_processing_20260730:v1.0.0	parsimonious_FBA
r_4596	-0.00057542414290308	yeast_GEM_v9_1_0	micro_pilot_processing_20260730:v1.0.0	parsimonious_FBA
r_4597	-0.0009558679713538086	yeast_GEM_v9_1_0	micro_pilot_processing_20260730:v1.0.0	parsimonious_FBA
r_4598	0.7692836224643477	yeast_GEM_v9_1_0	micro_pilot_processing_20260730:v1.0.0	parsimonious_FBA
r_4599	0.7692836224643476	yeast_GEM_v9_1_0	micro_pilot_processing_20260730:v1.0.0	parsimonious_FBA
r_4600	-0.00016693454101805063	yeast_GEM_v9_1_0	micro_pilot_processing_20260730:v1.0.0	parsimonious_FBA
r_4601	0.0	yeast_GEM_v9_1_0	micro_pilot_processing_20260730:v1.0.0	parsimonious_FBA
r_4602	0.0	yeast_GEM_v9_1_0	micro_pilot_processing_20260730:v1.0.0	parsimonious_FBA
r_4603	0.0	yeast_GEM_v9_1_0	micro_pilot_processing_20260730:v1.0.0	parsimonious_FBA
r_4604	0.0	yeast_GEM_v9_1_0	micro_pilot_processing_20260730:v1.0.0	parsimonious_FBA
r_4605	0.0	yeast_GEM_v9_1_0	micro_pilot_processing_20260730:v1.0.0	parsimonious_FBA
r_4606	0.0	yeast_GEM_v9_1_0	micro_pilot_processing_20260730:v1.0.0	parsimonious_FBA
r_4607	0.0	yeast_GEM_v9_1_0	micro_pilot_processing_20260730:v1.0.0	parsimonious_FBA
r_4608	0.0	yeast_GEM_v9_1_0	micro_pilot_processing_20260730:v1.0.0	parsimonious_FBA
r_4609	0.0	yeast_GEM_v9_1_0	micro_pilot_processing_20260730:v1.0.0	parsimonious_FBA
r_4610	0.0	yeast_GEM_v9_1_0	micro_pilot_processing_20260730:v1.0.0	parsimonious_FBA
r_4611	0.0	yeast_GEM_v9_1_0	micro_pilot_processing_20260730:v1.0.0	parsimonious_FBA
r_4612	0.0	yeast_GEM_v9_1_0	micro_pilot_processing_20260730:v1.0.0	parsimonious_FBA
r_4613	0.0	yeast_GEM_v9_1_0	micro_pilot_processing_20260730:v1.0.0	parsimonious_FBA
r_4614	0.0	yeast_GEM_v9_1_0	micro_pilot_processing_20260730:v1.0.0	parsimonious_FBA
r_4615	0.0	yeast_GEM_v9_1_0	micro_pilot_processing_20260730:v1.0.0	parsimonious_FBA
r_4616	0.0	yeast_GEM_v9_1_0	micro_pilot_processing_20260730:v1.0.0	parsimonious_FBA
r_4617	0.0	yeast_GEM_v9_1_0	micro_pilot_processing_20260730:v1.0.0	parsimonious_FBA
r_4618	0.0	yeast_GEM_v9_1_0	micro_pilot_processing_20260730:v1.0.0	parsimonious_FBA
r_4619	0.0	yeast_GEM_v9_1_0	micro_pilot_processing_20260730:v1.0.0	parsimonious_FBA
r_4620	0.0	yeast_GEM_v9_1_0	micro_pilot_processing_20260730:v1.0.0	parsimonious_FBA
r_4621	0.0	yeast_GEM_v9_1_0	micro_pilot_processing_20260730:v1.0.0	parsimonious_FBA
r_4622	0.0	yeast_GEM_v9_1_0	micro_pilot_processing_20260730:v1.0.0	parsimonious_FBA
r_4623	0.0	yeast_GEM_v9_1_0	micro_pilot_processing_20260730:v1.0.0	parsimonious_FBA
r_4624	0.0	yeast_GEM_v9_1_0	micro_pilot_processing_20260730:v1.0.0	parsimonious_FBA
r_4625	0.0	yeast_GEM_v9_1_0	micro_pilot_processing_20260730:v1.0.0	parsimonious_FBA
r_4626	0.0	yeast_GEM_v9_1_0	micro_pilot_processing_20260730:v1.0.0	parsimonious_FBA
r_4627	0.0	yeast_GEM_v9_1_0	micro_pilot_processing_20260730:v1.0.0	parsimonious_FBA
r_4628	0.0	yeast_GEM_v9_1_0	micro_pilot_processing_20260730:v1.0.0	parsimonious_FBA
r_4629	0.0	yeast_GEM_v9_1_0	micro_pilot_processing_20260730:v1.0.0	parsimonious_FBA
r_4630	0.0	yeast_GEM_v9_1_0	micro_pilot_processing_20260730:v1.0.0	parsimonious_FBA
r_4631	0.0	yeast_GEM_v9_1_0	micro_pilot_processing_20260730:v1.0.0	parsimonious_FBA
r_4632	0.0	yeast_GEM_v9_1_0	micro_pilot_processing_20260730:v1.0.0	parsimonious_FBA
r_4633	0.0	yeast_GEM_v9_1_0	micro_pilot_processing_20260730:v1.0.0	parsimonious_FBA
r_4634	0.0	yeast_GEM_v9_1_0	micro_pilot_processing_20260730:v1.0.0	parsimonious_FBA
r_4635	0.0	yeast_GEM_v9_1_0	micro_pilot_processing_20260730:v1.0.0	parsimonious_FBA
r_4636	0.0	yeast_GEM_v9_1_0	micro_pilot_processing_20260730:v1.0.0	parsimonious_FBA
r_4637	0.0	yeast_GEM_v9_1_0	micro_pilot_processing_20260730:v1.0.0	parsimonious_FBA
r_4638	0.0	yeast_GEM_v9_1_0	micro_pilot_processing_20260730:v1.0.0	parsimonious_FBA
r_4639	0.0	yeast_GEM_v9_1_0	micro_pilot_processing_20260730:v1.0.0	parsimonious_FBA
r_4640	0.0	yeast_GEM_v9_1_0	micro_pilot_processing_20260730:v1.0.0	parsimonious_FBA
r_4641	0.0	yeast_GEM_v9_1_0	micro_pilot_processing_20260730:v1.0.0	parsimonious_FBA
r_4642	0.0	yeast_GEM_v9_1_0	micro_pilot_processing_20260730:v1.0.0	parsimonious_FBA
r_4643	0.0	yeast_GEM_v9_1_0	micro_pilot_processing_20260730:v1.0.0	parsimonious_FBA
r_4644	0.0	yeast_GEM_v9_1_0	micro_pilot_processing_20260730:v1.0.0	parsimonious_FBA
r_4645	0.0	yeast_GEM_v9_1_0	micro_pilot_processing_20260730:v1.0.0	parsimonious_FBA
r_4646	0.0	yeast_GEM_v9_1_0	micro_pilot_processing_20260730:v1.0.0	parsimonious_FBA
r_4647	0.0	yeast_GEM_v9_1_0	micro_pilot_processing_20260730:v1.0.0	parsimonious_FBA
r_4648	0.0	yeast_GEM_v9_1_0	micro_pilot_processing_20260730:v1.0.0	parsimonious_FBA
r_4649	0.0	yeast_GEM_v9_1_0	micro_pilot_processing_20260730:v1.0.0	parsimonious_FBA
r_4650	0.0	yeast_GEM_v9_1_0	micro_pilot_processing_20260730:v1.0.0	parsimonious_FBA
r_4651	0.0	yeast_GEM_v9_1_0	micro_pilot_processing_20260730:v1.0.0	parsimonious_FBA
r_4652	0.0	yeast_GEM_v9_1_0	micro_pilot_processing_20260730:v1.0.0	parsimonious_FBA
r_4653	0.0	yeast_GEM_v9_1_0	micro_pilot_processing_20260730:v1.0.0	parsimonious_FBA
r_4654	0.0	yeast_GEM_v9_1_0	micro_pilot_processing_20260730:v1.0.0	parsimonious_FBA
r_4655	0.0	yeast_GEM_v9_1_0	micro_pilot_processing_20260730:v1.0.0	parsimonious_FBA
r_4656	0.0	yeast_GEM_v9_1_0	micro_pilot_processing_20260730:v1.0.0	parsimonious_FBA
r_4657	0.0	yeast_GEM_v9_1_0	micro_pilot_processing_20260730:v1.0.0	parsimonious_FBA
r_4658	0.0	yeast_GEM_v9_1_0	micro_pilot_processing_20260730:v1.0.0	parsimonious_FBA
r_4659	0.0	yeast_GEM_v9_1_0	micro_pilot_processing_20260730:v1.0.0	parsimonious_FBA
r_4660	0.0	yeast_GEM_v9_1_0	micro_pilot_processing_20260730:v1.0.0	parsimonious_FBA
r_4661	0.0	yeast_GEM_v9_1_0	micro_pilot_processing_20260730:v1.0.0	parsimonious_FBA
r_4662	0.0	yeast_GEM_v9_1_0	micro_pilot_processing_20260730:v1.0.0	parsimonious_FBA
r_4663	0.0	yeast_GEM_v9_1_0	micro_pilot_processing_20260730:v1.0.0	parsimonious_FBA
r_4664	0.0	yeast_GEM_v9_1_0	micro_pilot_processing_20260730:v1.0.0	parsimonious_FBA
r_4665	0.0	yeast_GEM_v9_1_0	micro_pilot_processing_20260730:v1.0.0	parsimonious_FBA
r_4666	0.0	yeast_GEM_v9_1_0	micro_pilot_processing_20260730:v1.0.0	parsimonious_FBA
r_4667	0.0	yeast_GEM_v9_1_0	micro_pilot_processing_20260730:v1.0.0	parsimonious_FBA
r_4668	0.0	yeast_GEM_v9_1_0	micro_pilot_processing_20260730:v1.0.0	parsimonious_FBA
r_4669	0.0	yeast_GEM_v9_1_0	micro_pilot_processing_20260730:v1.0.0	parsimonious_FBA
r_4670	0.0	yeast_GEM_v9_1_0	micro_pilot_processing_20260730:v1.0.0	parsimonious_FBA
r_4671	0.0	yeast_GEM_v9_1_0	micro_pilot_processing_20260730:v1.0.0	parsimonious_FBA
r_4672	0.0	yeast_GEM_v9_1_0	micro_pilot_processing_20260730:v1.0.0	parsimonious_FBA
r_4673	0.0	yeast_GEM_v9_1_0	micro_pilot_processing_20260730:v1.0.0	parsimonious_FBA
r_4674	0.0	yeast_GEM_v9_1_0	micro_pilot_processing_20260730:v1.0.0	parsimonious_FBA
r_4675	0.0	yeast_GEM_v9_1_0	micro_pilot_processing_20260730:v1.0.0	parsimonious_FBA
r_4676	0.0	yeast_GEM_v9_1_0	micro_pilot_processing_20260730:v1.0.0	parsimonious_FBA
r_4677	0.0	yeast_GEM_v9_1_0	micro_pilot_processing_20260730:v1.0.0	parsimonious_FBA
r_4678	0.0	yeast_GEM_v9_1_0	micro_pilot_processing_20260730:v1.0.0	parsimonious_FBA
r_4679	0.0	yeast_GEM_v9_1_0	micro_pilot_processing_20260730:v1.0.0	parsimonious_FBA
r_4680	0.0	yeast_GEM_v9_1_0	micro_pilot_processing_20260730:v1.0.0	parsimonious_FBA
r_4681	0.0	yeast_GEM_v9_1_0	micro_pilot_processing_20260730:v1.0.0	parsimonious_FBA
r_4682	0.0	yeast_GEM_v9_1_0	micro_pilot_processing_20260730:v1.0.0	parsimonious_FBA
r_4683	0.0	yeast_GEM_v9_1_0	micro_pilot_processing_20260730:v1.0.0	parsimonious_FBA
r_4684	0.0	yeast_GEM_v9_1_0	micro_pilot_processing_20260730:v1.0.0	parsimonious_FBA
r_4685	0.0	yeast_GEM_v9_1_0	micro_pilot_processing_20260730:v1.0.0	parsimonious_FBA
r_4686	0.0	yeast_GEM_v9_1_0	micro_pilot_processing_20260730:v1.0.0	parsimonious_FBA
r_4687	0.0	yeast_GEM_v9_1_0	micro_pilot_processing_20260730:v1.0.0	parsimonious_FBA
r_4688	0.0	yeast_GEM_v9_1_0	micro_pilot_processing_20260730:v1.0.0	parsimonious_FBA
r_4689	0.0	yeast_GEM_v9_1_0	micro_pilot_processing_20260730:v1.0.0	parsimonious_FBA
r_4690	0.0	yeast_GEM_v9_1_0	micro_pilot_processing_20260730:v1.0.0	parsimonious_FBA
r_4691	0.0	yeast_GEM_v9_1_0	micro_pilot_processing_20260730:v1.0.0	parsimonious_FBA
r_4692	0.0	yeast_GEM_v9_1_0	micro_pilot_processing_20260730:v1.0.0	parsimonious_FBA
r_4693	0.0	yeast_GEM_v9_1_0	micro_pilot_processing_20260730:v1.0.0	parsimonious_FBA
r_4694	0.0	yeast_GEM_v9_1_0	micro_pilot_processing_20260730:v1.0.0	parsimonious_FBA
r_4695	0.0	yeast_GEM_v9_1_0	micro_pilot_processing_20260730:v1.0.0	parsimonious_FBA
r_4697	0.0	yeast_GEM_v9_1_0	micro_pilot_processing_20260730:v1.0.0	parsimonious_FBA
r_4698	0.0	yeast_GEM_v9_1_0	micro_pilot_processing_20260730:v1.0.0	parsimonious_FBA
r_4699	0.0	yeast_GEM_v9_1_0	micro_pilot_processing_20260730:v1.0.0	parsimonious_FBA
r_4700	0.0	yeast_GEM_v9_1_0	micro_pilot_processing_20260730:v1.0.0	parsimonious_FBA
r_4701	0.0	yeast_GEM_v9_1_0	micro_pilot_processing_20260730:v1.0.0	parsimonious_FBA
r_4702	0.0	yeast_GEM_v9_1_0	micro_pilot_processing_20260730:v1.0.0	parsimonious_FBA
r_4703	0.0	yeast_GEM_v9_1_0	micro_pilot_processing_20260730:v1.0.0	parsimonious_FBA
r_4705	0.0	yeast_GEM_v9_1_0	micro_pilot_processing_20260730:v1.0.0	parsimonious_FBA
r_4707	0.0	yeast_GEM_v9_1_0	micro_pilot_processing_20260730:v1.0.0	parsimonious_FBA
r_4708	0.0	yeast_GEM_v9_1_0	micro_pilot_processing_20260730:v1.0.0	parsimonious_FBA
r_4710	0.0	yeast_GEM_v9_1_0	micro_pilot_processing_20260730:v1.0.0	parsimonious_FBA
r_4711	0.0	yeast_GEM_v9_1_0	micro_pilot_processing_20260730:v1.0.0	parsimonious_FBA
r_4712	0.0	yeast_GEM_v9_1_0	micro_pilot_processing_20260730:v1.0.0	parsimonious_FBA
r_4713	0.0	yeast_GEM_v9_1_0	micro_pilot_processing_20260730:v1.0.0	parsimonious_FBA
r_4714	0.0	yeast_GEM_v9_1_0	micro_pilot_processing_20260730:v1.0.0	parsimonious_FBA
r_4715	0.0	yeast_GEM_v9_1_0	micro_pilot_processing_20260730:v1.0.0	parsimonious_FBA
r_4716	0.0	yeast_GEM_v9_1_0	micro_pilot_processing_20260730:v1.0.0	parsimonious_FBA
r_4717	0.0	yeast_GEM_v9_1_0	micro_pilot_processing_20260730:v1.0.0	parsimonious_FBA
r_4718	0.0	yeast_GEM_v9_1_0	micro_pilot_processing_20260730:v1.0.0	parsimonious_FBA
r_4719	0.0	yeast_GEM_v9_1_0	micro_pilot_processing_20260730:v1.0.0	parsimonious_FBA
r_4720	0.0	yeast_GEM_v9_1_0	micro_pilot_processing_20260730:v1.0.0	parsimonious_FBA
r_4721	0.0	yeast_GEM_v9_1_0	micro_pilot_processing_20260730:v1.0.0	parsimonious_FBA
r_4722	0.0	yeast_GEM_v9_1_0	micro_pilot_processing_20260730:v1.0.0	parsimonious_FBA
r_4723	0.0	yeast_GEM_v9_1_0	micro_pilot_processing_20260730:v1.0.0	parsimonious_FBA
r_4724	20.605464860784068	yeast_GEM_v9_1_0	micro_pilot_processing_20260730:v1.0.0	parsimonious_FBA
r_4725	0.0	yeast_GEM_v9_1_0	micro_pilot_processing_20260730:v1.0.0	parsimonious_FBA
r_4726	0.0	yeast_GEM_v9_1_0	micro_pilot_processing_20260730:v1.0.0	parsimonious_FBA
r_4727	0.0	yeast_GEM_v9_1_0	micro_pilot_processing_20260730:v1.0.0	parsimonious_FBA
r_4728	0.0	yeast_GEM_v9_1_0	micro_pilot_processing_20260730:v1.0.0	parsimonious_FBA
r_4729	0.0	yeast_GEM_v9_1_0	micro_pilot_processing_20260730:v1.0.0	parsimonious_FBA
r_4730	0.0	yeast_GEM_v9_1_0	micro_pilot_processing_20260730:v1.0.0	parsimonious_FBA
r_4731	0.0	yeast_GEM_v9_1_0	micro_pilot_processing_20260730:v1.0.0	parsimonious_FBA
r_4732	0.0	yeast_GEM_v9_1_0	micro_pilot_processing_20260730:v1.0.0	parsimonious_FBA
r_4733	0.0	yeast_GEM_v9_1_0	micro_pilot_processing_20260730:v1.0.0	parsimonious_FBA
r_4734	0.0	yeast_GEM_v9_1_0	micro_pilot_processing_20260730:v1.0.0	parsimonious_FBA
r_4735	0.0	yeast_GEM_v9_1_0	micro_pilot_processing_20260730:v1.0.0	parsimonious_FBA
r_4736	0.0	yeast_GEM_v9_1_0	micro_pilot_processing_20260730:v1.0.0	parsimonious_FBA
r_4737	0.0	yeast_GEM_v9_1_0	micro_pilot_processing_20260730:v1.0.0	parsimonious_FBA
r_4738	0.0	yeast_GEM_v9_1_0	micro_pilot_processing_20260730:v1.0.0	parsimonious_FBA
r_4739	0.0	yeast_GEM_v9_1_0	micro_pilot_processing_20260730:v1.0.0	parsimonious_FBA
r_4740	0.0	yeast_GEM_v9_1_0	micro_pilot_processing_20260730:v1.0.0	parsimonious_FBA
r_4741	0.0	yeast_GEM_v9_1_0	micro_pilot_processing_20260730:v1.0.0	parsimonious_FBA
r_4742	0.0	yeast_GEM_v9_1_0	micro_pilot_processing_20260730:v1.0.0	parsimonious_FBA
r_4743	0.0	yeast_GEM_v9_1_0	micro_pilot_processing_20260730:v1.0.0	parsimonious_FBA
r_4744	0.0	yeast_GEM_v9_1_0	micro_pilot_processing_20260730:v1.0.0	parsimonious_FBA
r_4745	20.60546486078407	yeast_GEM_v9_1_0	micro_pilot_processing_20260730:v1.0.0	parsimonious_FBA
r_4746	0.0	yeast_GEM_v9_1_0	micro_pilot_processing_20260730:v1.0.0	parsimonious_FBA
r_4747	0.0	yeast_GEM_v9_1_0	micro_pilot_processing_20260730:v1.0.0	parsimonious_FBA
r_4748	0.0	yeast_GEM_v9_1_0	micro_pilot_processing_20260730:v1.0.0	parsimonious_FBA
r_4749	-0.00014616389297150478	yeast_GEM_v9_1_0	micro_pilot_processing_20260730:v1.0.0	parsimonious_FBA
r_4750	0.0	yeast_GEM_v9_1_0	micro_pilot_processing_20260730:v1.0.0	parsimonious_FBA
r_4751	0.0	yeast_GEM_v9_1_0	micro_pilot_processing_20260730:v1.0.0	parsimonious_FBA
r_4752	0.0	yeast_GEM_v9_1_0	micro_pilot_processing_20260730:v1.0.0	parsimonious_FBA
r_4753	0.0	yeast_GEM_v9_1_0	micro_pilot_processing_20260730:v1.0.0	parsimonious_FBA
r_4754	0.0	yeast_GEM_v9_1_0	micro_pilot_processing_20260730:v1.0.0	parsimonious_FBA
r_4755	0.0	yeast_GEM_v9_1_0	micro_pilot_processing_20260730:v1.0.0	parsimonious_FBA
r_4756	0.0	yeast_GEM_v9_1_0	micro_pilot_processing_20260730:v1.0.0	parsimonious_FBA
r_4757	0.0	yeast_GEM_v9_1_0	micro_pilot_processing_20260730:v1.0.0	parsimonious_FBA
r_4758	0.0	yeast_GEM_v9_1_0	micro_pilot_processing_20260730:v1.0.0	parsimonious_FBA
r_4760	0.0	yeast_GEM_v9_1_0	micro_pilot_processing_20260730:v1.0.0	parsimonious_FBA
r_4761	0.0	yeast_GEM_v9_1_0	micro_pilot_processing_20260730:v1.0.0	parsimonious_FBA
r_4762	0.0	yeast_GEM_v9_1_0	micro_pilot_processing_20260730:v1.0.0	parsimonious_FBA
r_4763	0.0	yeast_GEM_v9_1_0	micro_pilot_processing_20260730:v1.0.0	parsimonious_FBA
r_4764	0.0	yeast_GEM_v9_1_0	micro_pilot_processing_20260730:v1.0.0	parsimonious_FBA
r_4765	0.0	yeast_GEM_v9_1_0	micro_pilot_processing_20260730:v1.0.0	parsimonious_FBA
r_4766	0.0	yeast_GEM_v9_1_0	micro_pilot_processing_20260730:v1.0.0	parsimonious_FBA
r_4767	0.0	yeast_GEM_v9_1_0	micro_pilot_processing_20260730:v1.0.0	parsimonious_FBA
r_4768	0.0	yeast_GEM_v9_1_0	micro_pilot_processing_20260730:v1.0.0	parsimonious_FBA
r_4769	0.0	yeast_GEM_v9_1_0	micro_pilot_processing_20260730:v1.0.0	parsimonious_FBA
r_4770	0.0	yeast_GEM_v9_1_0	micro_pilot_processing_20260730:v1.0.0	parsimonious_FBA
r_4771	0.0	yeast_GEM_v9_1_0	micro_pilot_processing_20260730:v1.0.0	parsimonious_FBA
r_4772	0.0	yeast_GEM_v9_1_0	micro_pilot_processing_20260730:v1.0.0	parsimonious_FBA
r_4773	0.0	yeast_GEM_v9_1_0	micro_pilot_processing_20260730:v1.0.0	parsimonious_FBA
r_4774	0.0	yeast_GEM_v9_1_0	micro_pilot_processing_20260730:v1.0.0	parsimonious_FBA
r_4775	0.0	yeast_GEM_v9_1_0	micro_pilot_processing_20260730:v1.0.0	parsimonious_FBA
r_4776	0.0	yeast_GEM_v9_1_0	micro_pilot_processing_20260730:v1.0.0	parsimonious_FBA
r_4777	0.0	yeast_GEM_v9_1_0	micro_pilot_processing_20260730:v1.0.0	parsimonious_FBA
r_4778	0.0	yeast_GEM_v9_1_0	micro_pilot_processing_20260730:v1.0.0	parsimonious_FBA
r_4779	0.0	yeast_GEM_v9_1_0	micro_pilot_processing_20260730:v1.0.0	parsimonious_FBA
r_4780	0.0	yeast_GEM_v9_1_0	micro_pilot_processing_20260730:v1.0.0	parsimonious_FBA
r_4781	9.231403796094833e-07	yeast_GEM_v9_1_0	micro_pilot_processing_20260730:v1.0.0	parsimonious_FBA
r_4782	9.231403796094832e-07	yeast_GEM_v9_1_0	micro_pilot_processing_20260730:v1.0.0	parsimonious_FBA
r_4783	0.852884437499588	yeast_GEM_v9_1_0	micro_pilot_processing_20260730:v1.0.0	parsimonious_FBA
r_4784	-0.852884437499588	yeast_GEM_v9_1_0	micro_pilot_processing_20260730:v1.0.0	parsimonious_FBA
