feature_id	protein_accession	gene_id	gene_name	protein_name	best_protein_q	display_label	annotation_source	ECOLI-B36-RPMI
PROT:WP_000002542.1	WP_000002542.1	EW036_RS06795	lepB	signal peptidase I	0.0004998375	lepB — signal peptidase I	search FASTA description + reference GFF	29.33255005284424
PROT:WP_000002953.1	WP_000002953.1	EW036_RS22610	rraB	ribonuclease E inhibitor RraB	0.0004998375	rraB — ribonuclease E inhibitor RraB	search FASTA description + reference GFF	29.74143689058368
PROT:WP_000003071.1	WP_000003071.1	EW036_RS05240	lysS	lysine--tRNA ligase	0.0004998375	lysS — lysine--tRNA ligase	search FASTA description + reference GFF	33.17058959136384
PROT:WP_000003317.1	WP_000003317.1	EW036_RS07025	rlmN	bifunctional tRNA (adenosine(37)-C2)-methyltransferase TrmG/ribosomal RNA large subunit methyltransferase RlmN	0.0004998375	rlmN — bifunctional tRNA (adenosine(37)-C2)-methyltransferase TrmG/ribosomal RNA large subunit methyltransferase RlmN	search FASTA description + reference GFF	25.64604339043228
PROT:WP_000003382.1	WP_000003382.1	EW036_RS00895	secB	protein-export chaperone SecB	0.0004998375	secB — protein-export chaperone SecB	search FASTA description + reference GFF	32.24618355941829
PROT:WP_000003638.1	WP_000003638.1	EW036_RS08900	hyaD	hydrogenase 1 maturation protease	0.0004998375	hyaD — hydrogenase 1 maturation protease	search FASTA description + reference GFF	28.09182909219137
PROT:WP_000003806.1	WP_000003806.1	EW036_RS23285	lysS	lysine--tRNA ligase	0.0004998375	lysS — lysine--tRNA ligase	search FASTA description + reference GFF	33.384047960680526
PROT:WP_000003820.1	WP_000003820.1	EW036_RS20870	aceE	pyruvate dehydrogenase (acetyl-transferring), homodimeric type	0.0004998375	aceE — pyruvate dehydrogenase (acetyl-transferring), homodimeric type	search FASTA description + reference GFF	36.04977227830855
PROT:WP_000004202.1	WP_000004202.1	EW036_RS17905		FadR/GntR family transcriptional regulator	0.0004998375	EW036_RS17905 — FadR/GntR family transcriptional regulator	search FASTA description + reference GFF	26.02200891821913
PROT:WP_000004421.1	WP_000004421.1	EW036_RS02570	fmt	methionyl-tRNA formyltransferase	0.0004998375	fmt — methionyl-tRNA formyltransferase	search FASTA description + reference GFF	30.45805734819199
PROT:WP_000004487.1	WP_000004487.1	EW036_RS03045	mlaB	lipid asymmetry maintenance protein MlaB	0.0004998375	mlaB — lipid asymmetry maintenance protein MlaB	search FASTA description + reference GFF	27.314966155226543
PROT:WP_000004655.1	WP_000004655.1	EW036_RS21360	fkpB	FKBP-type peptidyl-prolyl cis-trans isomerase	0.0004998375	fkpB — FKBP-type peptidyl-prolyl cis-trans isomerase	search FASTA description + reference GFF	24.98485232697021
PROT:WP_000004771.1	WP_000004771.1	EW036_RS23140	epmA	elongation factor P--(R)-beta-lysine ligase	0.0004998375	epmA — elongation factor P--(R)-beta-lysine ligase	search FASTA description + reference GFF	26.217617726750092
PROT:WP_000005712.1	WP_000005712.1	EW036_RS02610	yrdA	gamma carbonic anhydrase family protein	0.0004998375	yrdA — gamma carbonic anhydrase family protein	search FASTA description + reference GFF	30.023986918738103
PROT:WP_000006608.1	WP_000006608.1	EW036_RS25305	wecC	UDP-N-acetyl-D-mannosamine dehydrogenase	0.0004998375	wecC — UDP-N-acetyl-D-mannosamine dehydrogenase	search FASTA description + reference GFF	27.54691275107152
PROT:WP_000006816.1	WP_000006816.1	EW036_RS19295	dxs	1-deoxy-D-xylulose-5-phosphate synthase	0.0004998375	dxs — 1-deoxy-D-xylulose-5-phosphate synthase	search FASTA description + reference GFF	30.52800229612038
PROT:WP_000007091.1	WP_000007091.1	EW036_RS17460	rhlE	ATP-dependent RNA helicase RhlE	0.0004998375	rhlE — ATP-dependent RNA helicase RhlE	search FASTA description + reference GFF	26.997963532271672
PROT:WP_000007273.1	WP_000007273.1	EW036_RS12555	sodB	superoxide dismutase [Fe]	0.0004998375	sodB — superoxide dismutase [Fe]	search FASTA description + reference GFF	34.97068397749448
PROT:WP_000007629.1	WP_000007629.1	EW036_RS19360	yajC	preprotein translocase subunit YajC	0.0004998375	yajC — preprotein translocase subunit YajC	search FASTA description + reference GFF	31.370366863374944
PROT:WP_000010096.1	WP_000010096.1	EW036_RS13360	rlmA	23S rRNA (guanine(745)-N(1))-methyltransferase	0.0004998375	rlmA — 23S rRNA (guanine(745)-N(1))-methyltransferase	search FASTA description + reference GFF	25.919052175442456
PROT:WP_000010727.1	WP_000010727.1	EW036_RS06255	norR	nitric oxide reductase transcriptional regulator NorR	0.0006709266	norR — nitric oxide reductase transcriptional regulator NorR	search FASTA description + reference GFF	26.029875420500492
PROT:WP_000011610.1	WP_000011610.1	EW036_RS08645	kdsB	3-deoxy-manno-octulosonate cytidylyltransferase	0.0004998375	kdsB — 3-deoxy-manno-octulosonate cytidylyltransferase	search FASTA description + reference GFF	31.709984911419937
PROT:WP_000012638.1	WP_000012638.1	EW036_RS08215	arnB	UDP-4-amino-4-deoxy-L-arabinose aminotransferase	0.0004998375	arnB — UDP-4-amino-4-deoxy-L-arabinose aminotransferase	search FASTA description + reference GFF	29.198432299117457
PROT:WP_000013046.1	WP_000013046.1	EW036_RS22650	pyrB	aspartate carbamoyltransferase	0.0004998375	pyrB — aspartate carbamoyltransferase	search FASTA description + reference GFF	32.26347962707544
PROT:WP_000013152.1	WP_000013152.1	EW036_RS03980	dkgA	2,5-didehydrogluconate reductase DkgA	0.0004998375	dkgA — 2,5-didehydrogluconate reductase DkgA	search FASTA description + reference GFF	33.778322685748186
PROT:WP_000013499.1	WP_000013499.1	EW036_RS16235	napH	quinol dehydrogenase ferredoxin subunit NapH	0.0004998375	napH — quinol dehydrogenase ferredoxin subunit NapH	search FASTA description + reference GFF	25.275918451432897
PROT:WP_000013977.1	WP_000013977.1	EW036_RS01185	bisC	biotin sulfoxide reductase	0.0004998375	bisC — biotin sulfoxide reductase	search FASTA description + reference GFF	26.01946991847647
PROT:WP_000014031.1	WP_000014031.1	EW036_RS12275	pntB	Re/Si-specific NAD(P)(+) transhydrogenase subunit beta	0.0004998375	pntB — Re/Si-specific NAD(P)(+) transhydrogenase subunit beta	search FASTA description + reference GFF	30.002109258912792
PROT:WP_000014594.1	WP_000014594.1	EW036_RS01160	cspE	transcription antiterminator/RNA stability regulator CspE	0.0004998375	cspE — transcription antiterminator/RNA stability regulator CspE	search FASTA description + reference GFF	31.589679727551054
PROT:WP_000015482.1	WP_000015482.1	EW036_RS06125	ygbA	nitrous oxide-stimulated promoter family protein	0.006186095	ygbA — nitrous oxide-stimulated promoter family protein	search FASTA description + reference GFF	23.820039506962804
PROT:WP_000016567.1	WP_000016567.1	EW036_RS21020	murG	undecaprenyldiphospho-muramoylpentapeptide beta-N-acetylglucosaminyltransferase	0.0004998375	murG — undecaprenyldiphospho-muramoylpentapeptide beta-N-acetylglucosaminyltransferase	search FASTA description + reference GFF	28.76443284161175
PROT:WP_000016907.1	WP_000016907.1	EW036_RS05525	amiC	N-acetylmuramoyl-L-alanine amidase AmiC	0.0004998375	amiC — N-acetylmuramoyl-L-alanine amidase AmiC	search FASTA description + reference GFF	25.51610681337127
PROT:WP_000017111.1	WP_000017111.1	EW036_RS04915	ruvX	Holliday junction resolvase RuvX	0.0004998375	ruvX — Holliday junction resolvase RuvX	search FASTA description + reference GFF	26.221158181113218
PROT:WP_000017999.1	WP_000017999.1	EW036_RS03620	nfeR	DNA-binding transcriptional regulator NfeR	0.0004998375	nfeR — DNA-binding transcriptional regulator NfeR	search FASTA description + reference GFF	26.926251811721947
PROT:WP_000018588.1	WP_000018588.1	EW036_RS12825	pheS	phenylalanine--tRNA ligase subunit alpha	0.0004998375	pheS — phenylalanine--tRNA ligase subunit alpha	search FASTA description + reference GFF	32.004845718940935
PROT:WP_000018631.1	WP_000018631.1	EW036_RS11765	ydcY	DUF2526 family protein YdcY	0.0004998375	ydcY — DUF2526 family protein YdcY	search FASTA description + reference GFF	24.333527143358364
PROT:WP_000018703.1	WP_000018703.1	EW036_RS03555	rlmG	23S rRNA (guanine(1835)-N(2))-methyltransferase RlmG	0.0004998375	rlmG — 23S rRNA (guanine(1835)-N(2))-methyltransferase RlmG	search FASTA description + reference GFF	24.555906800010767
PROT:WP_000018758.1	WP_000018758.1	EW036_RS04015	yghA	NADP(+)-dependent aldehyde reductase	0.0004998375	yghA — NADP(+)-dependent aldehyde reductase	search FASTA description + reference GFF	31.63031774900665
PROT:WP_000019588.1	WP_000019588.1	EW036_RS13615	cmoA	carboxy-S-adenosyl-L-methionine synthase CmoA	0.0004998375	cmoA — carboxy-S-adenosyl-L-methionine synthase CmoA	search FASTA description + reference GFF	26.200513312111656
PROT:WP_000019827.1	WP_000019827.1	EW036_RS10495	narK	nitrate transporter NarK	0.0004998375	narK — nitrate transporter NarK	search FASTA description + reference GFF	29.52123547164541
PROT:WP_000020034.1	WP_000020034.1	EW036_RS01455	hutX	heme utilization cystosolic carrier protein HutX	0.0004998375	hutX — heme utilization cystosolic carrier protein HutX	search FASTA description + reference GFF	23.906049612284303
PROT:WP_000020737.1	WP_000020737.1	EW036_RS06805	era	GTPase Era	0.0004998375	era — GTPase Era	search FASTA description + reference GFF	29.23216944459789
PROT:WP_000020884.1	WP_000020884.1	EW036_RS09315	flgM	flagellar biosynthesis anti-sigma factor FlgM	0.0004998375	flgM — flagellar biosynthesis anti-sigma factor FlgM	search FASTA description + reference GFF	23.720580863581016
PROT:WP_000020941.1	WP_000020941.1	EW036_RS18220	gltJ	glutamate/aspartate ABC transporter permease GltJ	0.0053097047	gltJ — glutamate/aspartate ABC transporter permease GltJ	search FASTA description + reference GFF	23.49425012572336
PROT:WP_000021034.1	WP_000021034.1	EW036_RS07415	cysA	sulfate/thiosulfate ABC transporter ATP-binding protein CysA	0.0004998375	cysA — sulfate/thiosulfate ABC transporter ATP-binding protein CysA	search FASTA description + reference GFF	27.731037838210995
PROT:WP_000022287.1	WP_000022287.1	EW036_RS24780		DeoR/GlpR family DNA-binding transcription regulator	0.0004998375	EW036_RS24780 — DeoR/GlpR family DNA-binding transcription regulator	search FASTA description + reference GFF	24.970940013437264
PROT:WP_000022450.1	WP_000022450.1	EW036_RS02555	mscL	large-conductance mechanosensitive channel protein MscL	0.0004998375	mscL — large-conductance mechanosensitive channel protein MscL	search FASTA description + reference GFF	27.07708379141654
PROT:WP_000023081.1	WP_000023081.1	EW036_RS24250	coaA	type I pantothenate kinase	0.0004998375	coaA — type I pantothenate kinase	search FASTA description + reference GFF	26.37242980399492
PROT:WP_000024392.1	WP_000024392.1	EW036_RS00890	grxC	glutaredoxin 3	0.0004998375	grxC — glutaredoxin 3	search FASTA description + reference GFF	31.904226559583385
PROT:WP_000024724.1	WP_000024724.1	EW036_RS13485	yebE	tellurite resistance TerB family protein	0.0004998375	yebE — tellurite resistance TerB family protein	search FASTA description + reference GFF	30.146512738640556
PROT:WP_000024904.1	WP_000024904.1	EW036_RS01400	mdtF	multidrug efflux pump RND permease MdtF	0.0004998375	mdtF — multidrug efflux pump RND permease MdtF	search FASTA description + reference GFF	31.818241475998978
PROT:WP_000025458.1	WP_000025458.1	EW036_RS17815	sucD	succinate--CoA ligase subunit alpha	0.0004998375	sucD — succinate--CoA ligase subunit alpha	search FASTA description + reference GFF	33.70004708819741
PROT:WP_000026072.1	WP_000026072.1	EW036_RS25210	hemD	uroporphyrinogen-III synthase	0.0004998375	hemD — uroporphyrinogen-III synthase	search FASTA description + reference GFF	28.211434121220854
PROT:WP_000027205.1	WP_000027205.1	EW036_RS17125	artP	arginine ABC transporter ATP-binding protein ArtP	0.0004998375	artP — arginine ABC transporter ATP-binding protein ArtP	search FASTA description + reference GFF	29.408590428801944
PROT:WP_000027696.1	WP_000027696.1	EW036_RS24670	fdhE	formate dehydrogenase accessory protein FdhE	0.0004998375	fdhE — formate dehydrogenase accessory protein FdhE	search FASTA description + reference GFF	29.51615026357841
PROT:WP_000028878.1	WP_000028878.1	EW036_RS24195	rplL	50S ribosomal protein L7/L12	0.0004998375	rplL — 50S ribosomal protein L7/L12	search FASTA description + reference GFF	34.08408641827118
PROT:WP_000028953.1	WP_000028953.1	EW036_RS06970	iscA	iron-sulfur cluster assembly protein IscA	0.0004998375	iscA — iron-sulfur cluster assembly protein IscA	search FASTA description + reference GFF	28.755224084749152
PROT:WP_000029460.1	WP_000029460.1	EW036_RS12800	btuD	vitamin B12 ABC transporter ATP-binding protein BtuD	0.00050046144	btuD — vitamin B12 ABC transporter ATP-binding protein BtuD	search FASTA description + reference GFF	19.638461198635323
PROT:WP_000030016.1	WP_000030016.1	EW036_RS03010	kdsC	3-deoxy-manno-octulosonate-8-phosphatase KdsC	0.0004998375	kdsC — 3-deoxy-manno-octulosonate-8-phosphatase KdsC	search FASTA description + reference GFF	28.838143365742457
PROT:WP_000030537.1	WP_000030537.1	EW036_RS03005	lptC	LPS export ABC transporter periplasmic protein LptC	0.0004998375	lptC — LPS export ABC transporter periplasmic protein LptC	search FASTA description + reference GFF	25.641460222498512
PROT:WP_000030659.1	WP_000030659.1	EW036_RS17750	tolA	cell envelope integrity protein TolA	0.0004998375	tolA — cell envelope integrity protein TolA	search FASTA description + reference GFF	24.787296462372385
PROT:WP_000030748.1	WP_000030748.1	EW036_RS04305	kdsB	3-deoxy-manno-octulosonate cytidylyltransferase	0.0004998375	kdsB — 3-deoxy-manno-octulosonate cytidylyltransferase	search FASTA description + reference GFF	29.078354690363813
PROT:WP_000031013.1	WP_000031013.1	EW036_RS08510		helix-turn-helix domain-containing protein	0.0004998375	EW036_RS08510 — helix-turn-helix domain-containing protein	search FASTA description + reference GFF	26.22062878785486
PROT:WP_000031415.1	WP_000031415.1	EW036_RS03485	yqjD	DUF883 family protein	0.0004998375	yqjD — DUF883 family protein	search FASTA description + reference GFF	33.41928339032347
PROT:WP_000032955.1	WP_000032955.1	EW036_RS10500	narG	nitrate reductase subunit alpha	0.0004998375	narG — nitrate reductase subunit alpha	search FASTA description + reference GFF	34.84228374001883
PROT:WP_000034372.1	WP_000034372.1	EW036_RS05070	fbaA	class II fructose-bisphosphate aldolase	0.0004998375	fbaA — class II fructose-bisphosphate aldolase	search FASTA description + reference GFF	35.29163372032946
PROT:WP_000034402.1	WP_000034402.1	EW036_RS07450	cysK	cysteine synthase A	0.0004998375	cysK — cysteine synthase A	search FASTA description + reference GFF	34.55829145043214
PROT:WP_000034825.1	WP_000034825.1	EW036_RS18360	cspE	transcription antiterminator/RNA stability regulator CspE	0.0004998375	cspE — transcription antiterminator/RNA stability regulator CspE	search FASTA description + reference GFF	33.27934760866519
PROT:WP_000035602.1	WP_000035602.1	EW036_RS21195	polB	DNA polymerase II	0.0004998375	polB — DNA polymerase II	search FASTA description + reference GFF	23.8517395244858
PROT:WP_000036723.1	WP_000036723.1	EW036_RS05885	eno	phosphopyruvate hydratase	0.0004998375	eno — phosphopyruvate hydratase	search FASTA description + reference GFF	36.30924245501382
PROT:WP_000039862.1	WP_000039862.1	EW036_RS05995	cysH	phosphoadenosine phosphosulfate reductase	0.0004998375	cysH — phosphoadenosine phosphosulfate reductase	search FASTA description + reference GFF	28.768265100448605
PROT:WP_000040156.1	WP_000040156.1	EW036_RS06665	yfiH	purine nucleoside phosphorylase YfiH	0.0004998375	yfiH — purine nucleoside phosphorylase YfiH	search FASTA description + reference GFF	26.560133574671184
PROT:WP_000041976.1	WP_000041976.1	EW036_RS23115	rsgA	small ribosomal subunit biogenesis GTPase RsgA	0.0004998375	rsgA — small ribosomal subunit biogenesis GTPase RsgA	search FASTA description + reference GFF	29.23748491316385
PROT:WP_000042440.1	WP_000042440.1	EW036_RS07990	yfcF	glutathione transferase	0.0004998375	yfcF — glutathione transferase	search FASTA description + reference GFF	29.293931760357054
PROT:WP_000042533.1	WP_000042533.1	EW036_RS17550	uvrB	excinuclease ABC subunit UvrB	0.0004998375	uvrB — excinuclease ABC subunit UvrB	search FASTA description + reference GFF	30.838082877607484
PROT:WP_000042632.1	WP_000042632.1	EW036_RS18340	lipA	lipoyl synthase	0.0004998375	lipA — lipoyl synthase	search FASTA description + reference GFF	29.87150595702817
PROT:WP_000042886.1	WP_000042886.1	EW036_RS01690	yhhM	DUF2500 domain-containing protein	0.0008991953	yhhM — DUF2500 domain-containing protein	search FASTA description + reference GFF	23.48503927903331
PROT:WP_000043335.1	WP_000043335.1	EW036_RS06595	rimM	ribosome maturation factor RimM	0.0004998375	rimM — ribosome maturation factor RimM	search FASTA description + reference GFF	28.539347457600357
PROT:WP_000043486.1	WP_000043486.1	EW036_RS15380	gndA	NADP-dependent phosphogluconate dehydrogenase	0.0004998375	gndA — NADP-dependent phosphogluconate dehydrogenase	search FASTA description + reference GFF	33.79151641311301
PROT:WP_000044405.1	WP_000044405.1	EW036_RS05750	gcvA	glycine cleavage system transcriptional regulator GcvA	0.0004998375	gcvA — glycine cleavage system transcriptional regulator GcvA	search FASTA description + reference GFF	26.05600688850988
PROT:WP_000044679.1	WP_000044679.1	EW036_RS09435	fabF	beta-ketoacyl-ACP synthase II	0.0004998375	fabF — beta-ketoacyl-ACP synthase II	search FASTA description + reference GFF	32.622340573538175
PROT:WP_000045178.1	WP_000045178.1	EW036_RS25005	udp	uridine phosphorylase	0.0004998375	udp — uridine phosphorylase	search FASTA description + reference GFF	33.28608720889119
PROT:WP_000045296.1	WP_000045296.1	EW036_RS20645	hemL	glutamate-1-semialdehyde 2,1-aminomutase	0.0004998375	hemL — glutamate-1-semialdehyde 2,1-aminomutase	search FASTA description + reference GFF	31.795849457082383
PROT:WP_000045736.1	WP_000045736.1	EW036_RS02040	nudE	ADP compounds hydrolase NudE	0.0004998375	nudE — ADP compounds hydrolase NudE	search FASTA description + reference GFF	26.49038656269746
PROT:WP_000046307.1	WP_000046307.1	EW036_RS03710	ygiF	inorganic triphosphatase	0.0004998375	ygiF — inorganic triphosphatase	search FASTA description + reference GFF	29.332363039714085
PROT:WP_000046637.1	WP_000046637.1	EW036_RS19350	secF	protein translocase subunit SecF	0.0004998375	secF — protein translocase subunit SecF	search FASTA description + reference GFF	27.03643980226351
PROT:WP_000046754.1	WP_000046754.1	EW036_RS21560	ettA	energy-dependent translational throttle protein EttA	0.0004998375	ettA — energy-dependent translational throttle protein EttA	search FASTA description + reference GFF	33.03226819640603
PROT:WP_000046817.1	WP_000046817.1	EW036_RS05865	rlmD	23S rRNA (uracil(1939)-C(5))-methyltransferase RlmD	0.0004998375	rlmD — 23S rRNA (uracil(1939)-C(5))-methyltransferase RlmD	search FASTA description + reference GFF	27.344073239834422
PROT:WP_000047157.1	WP_000047157.1	EW036_RS06320	alaS	alanine--tRNA ligase	0.0004998375	alaS — alanine--tRNA ligase	search FASTA description + reference GFF	33.90017832389437
PROT:WP_000047436.1	WP_000047436.1	EW036_RS11730	ydcS	putative ABC transporter substrate-binding protein YdcS	0.0004998375	ydcS — putative ABC transporter substrate-binding protein YdcS	search FASTA description + reference GFF	29.095359280778062
PROT:WP_000047499.1	WP_000047499.1	EW036_RS25340	rhlB	ATP-dependent RNA helicase RhlB	0.0004998375	rhlB — ATP-dependent RNA helicase RhlB	search FASTA description + reference GFF	31.590981552363555
PROT:WP_000047539.1	WP_000047539.1	EW036_RS22660	ridA	2-iminobutanoate/2-iminopropanoate deaminase	0.0004998375	ridA — 2-iminobutanoate/2-iminopropanoate deaminase	search FASTA description + reference GFF	33.387427029062835
PROT:WP_000048236.1	WP_000048236.1	EW036_RS08865	yccX	acylphosphatase	0.0004998375	yccX — acylphosphatase	search FASTA description + reference GFF	30.320398380969085
PROT:WP_000048688.1	WP_000048688.1	EW036_RS11630	gap	type I glyceraldehyde-3-phosphate dehydrogenase	0.0004998375	gap — type I glyceraldehyde-3-phosphate dehydrogenase	search FASTA description + reference GFF	31.84956347266857
PROT:WP_000048964.1	WP_000048964.1	EW036_RS11610	azoR	FMN-dependent NADH-azoreductase	0.0004998375	azoR — FMN-dependent NADH-azoreductase	search FASTA description + reference GFF	26.107334643589923
PROT:WP_000049213.1	WP_000049213.1	EW036_RS02175	nirB	NADPH-nitrite reductase large subunit	0.0004998375	nirB — NADPH-nitrite reductase large subunit	search FASTA description + reference GFF	31.16520395171461
PROT:WP_000049367.1	WP_000049367.1	EW036_RS17270	rimO	30S ribosomal protein S12 methylthiotransferase RimO	0.0004998375	rimO — 30S ribosomal protein S12 methylthiotransferase RimO	search FASTA description + reference GFF	29.141484571943664
PROT:WP_000050112.1	WP_000050112.1	EW036_RS00750	coaBC	bifunctional phosphopantothenoylcysteine decarboxylase/phosphopantothenate--cysteine ligase CoaBC	0.0004998375	coaBC — bifunctional phosphopantothenoylcysteine decarboxylase/phosphopantothenate--cysteine ligase CoaBC	search FASTA description + reference GFF	29.65998745236542
PROT:WP_000050789.1	WP_000050789.1	EW036_RS16155	yejK	nucleoid-associated protein YejK	0.0004998375	yejK — nucleoid-associated protein YejK	search FASTA description + reference GFF	30.598140029316816
PROT:WP_000051565.1	WP_000051565.1	EW036_RS10165	ldcA	muramoyltetrapeptide carboxypeptidase	0.0004998375	ldcA — muramoyltetrapeptide carboxypeptidase	search FASTA description + reference GFF	27.74295289494618
PROT:WP_000052796.1	WP_000052796.1	EW036_RS18440	ahpC	alkyl hydroperoxide reductase subunit C	0.0004998375	ahpC — alkyl hydroperoxide reductase subunit C	search FASTA description + reference GFF	34.526567473106496
PROT:WP_000053085.1	WP_000053085.1	EW036_RS08770	uup	ABC transporter ATP-binding protein	0.0004998375	uup — ABC transporter ATP-binding protein	search FASTA description + reference GFF	27.75427072542465
PROT:WP_000053415.1	WP_000053415.1	EW036_RS17660	galK	galactokinase	0.0004998375	galK — galactokinase	search FASTA description + reference GFF	29.772640089873093
PROT:WP_000054239.1	WP_000054239.1	EW036_RS02920	nanE	N-acetylmannosamine-6-phosphate 2-epimerase	0.0004998375	nanE — N-acetylmannosamine-6-phosphate 2-epimerase	search FASTA description + reference GFF	28.468386406824678
PROT:WP_000055075.1	WP_000055075.1	EW036_RS22745	ppa	inorganic diphosphatase	0.0004998375	ppa — inorganic diphosphatase	search FASTA description + reference GFF	34.17596505791598
PROT:WP_000055741.1	WP_000055741.1	EW036_RS20495	accA	acetyl-CoA carboxylase carboxyl transferase subunit alpha	0.0004998375	accA — acetyl-CoA carboxylase carboxyl transferase subunit alpha	search FASTA description + reference GFF	32.767151836103345
PROT:WP_000055910.1	WP_000055910.1	EW036_RS02820	tldD	metalloprotease TldD	0.0004998375	tldD — metalloprotease TldD	search FASTA description + reference GFF	31.38816110421632
PROT:WP_000056749.1	WP_000056749.1	EW036_RS22935	ulaD	3-keto-L-gulonate-6-phosphate decarboxylase UlaD	0.0004998375	ulaD — 3-keto-L-gulonate-6-phosphate decarboxylase UlaD	search FASTA description + reference GFF	26.107623712546523
PROT:WP_000057107.1	WP_000057107.1	EW036_RS20610	dgt	dGTPase	0.0005019837	dgt — dGTPase	search FASTA description + reference GFF	23.669859738241453
PROT:WP_000057158.1	WP_000057158.1	EW036_RS16655	serC	3-phosphoserine/phosphohydroxythreonine transaminase	0.0004998375	serC — 3-phosphoserine/phosphohydroxythreonine transaminase	search FASTA description + reference GFF	32.1191714580349
PROT:WP_000058884.1	WP_000058884.1	EW036_RS21795		type I restriction endonuclease subunit R	0.0004998375	EW036_RS21795 — type I restriction endonuclease subunit R	search FASTA description + reference GFF	26.889986525595194
PROT:WP_000059395.1	WP_000059395.1	EW036_RS03925	ftsP	cell division protein FtsP	0.0004998375	ftsP — cell division protein FtsP	search FASTA description + reference GFF	27.30871444346248
PROT:WP_000059466.1	WP_000059466.1	EW036_RS03175	rpsO	30S ribosomal protein S15	0.0004998375	rpsO — 30S ribosomal protein S15	search FASTA description + reference GFF	32.94456820585252
PROT:WP_000060945.1	WP_000060945.1	EW036_RS22765	tamB	autotransporter assembly complex protein TamB	0.0004998375	tamB — autotransporter assembly complex protein TamB	search FASTA description + reference GFF	29.15919123610998
PROT:WP_000061974.1	WP_000061974.1	EW036_RS12465	mliC	C-type lysozyme inhibitor	0.0004998375	mliC — C-type lysozyme inhibitor	search FASTA description + reference GFF	20.320606382612976
PROT:WP_000062311.1	WP_000062311.1	EW036_RS20475	rof	Rho-binding antiterminator	0.0004998375	rof — Rho-binding antiterminator	search FASTA description + reference GFF	30.375583912366054
PROT:WP_000062611.1	WP_000062611.1	EW036_RS02475	rpsH	30S ribosomal protein S8	0.0004998375	rpsH — 30S ribosomal protein S8	search FASTA description + reference GFF	32.197835111929095
PROT:WP_000062996.1	WP_000062996.1	EW036_RS08055	nuoA	NADH-quinone oxidoreductase subunit NuoA	0.0004998375	nuoA — NADH-quinone oxidoreductase subunit NuoA	search FASTA description + reference GFF	28.21192605212475
PROT:WP_000063125.1	WP_000063125.1	EW036_RS25605	pstB	phosphate ABC transporter ATP-binding protein PstB	0.0004998375	pstB — phosphate ABC transporter ATP-binding protein PstB	search FASTA description + reference GFF	29.547775380702408
PROT:WP_000065253.1	WP_000065253.1	EW036_RS06605	rplS	50S ribosomal protein L19	0.0004998375	rplS — 50S ribosomal protein L19	search FASTA description + reference GFF	33.61457788359533
PROT:WP_000065430.1	WP_000065430.1	EW036_RS03875	mdaB	NADPH:quinone oxidoreductase MdaB	0.0004998375	mdaB — NADPH:quinone oxidoreductase MdaB	search FASTA description + reference GFF	21.553136253284787
PROT:WP_000065754.1	WP_000065754.1	EW036_RS01500	arsC	glutaredoxin-dependent arsenate reductase	0.0004998375	arsC — glutaredoxin-dependent arsenate reductase	search FASTA description + reference GFF	28.208718644008773
PROT:WP_000066490.1	WP_000066490.1	EW036_RS08940	cspG	cold shock protein CspG	0.0004998375	cspG — cold shock protein CspG	search FASTA description + reference GFF	27.58261354849284
PROT:WP_000066622.1	WP_000066622.1	EW036_RS12325	fumB	class I fumarate hydratase	0.0004998375	fumB — class I fumarate hydratase	search FASTA description + reference GFF	30.553756271099854
PROT:WP_000066701.1	WP_000066701.1	EW036_RS23365	fumB	class I fumarate hydratase	0.0004998375	fumB — class I fumarate hydratase	search FASTA description + reference GFF	30.94917646423893
PROT:WP_000067797.1	WP_000067797.1	EW036_RS16985	rarA	replication-associated recombination protein RarA	0.0004998375	rarA — replication-associated recombination protein RarA	search FASTA description + reference GFF	28.31435981592783
PROT:WP_000068069.1	WP_000068069.1	EW036_RS10590	tdk	thymidine kinase	0.0004998375	tdk — thymidine kinase	search FASTA description + reference GFF	24.62799896299652
PROT:WP_000068458.1	WP_000068458.1	EW036_RS07980	folX	dihydroneopterin triphosphate 2'-epimerase	0.0004998375	folX — dihydroneopterin triphosphate 2'-epimerase	search FASTA description + reference GFF	27.51768574507641
PROT:WP_000068677.1	WP_000068677.1	EW036_RS21550	trpR	trp operon repressor	0.0004998375	trpR — trp operon repressor	search FASTA description + reference GFF	28.393382809666942
PROT:WP_000068706.1	WP_000068706.1	EW036_RS05170	gcvT	glycine cleavage system aminomethyltransferase GcvT	0.0004998375	gcvT — glycine cleavage system aminomethyltransferase GcvT	search FASTA description + reference GFF	32.25790470299856
PROT:WP_000068834.1	WP_000068834.1	EW036_RS24475	ftsN	cell division protein FtsN	0.0004998375	ftsN — cell division protein FtsN	search FASTA description + reference GFF	26.690845762708744
PROT:WP_000068941.1	WP_000068941.1	EW036_RS23245	dsbD	protein-disulfide reductase DsbD	0.0004998375	dsbD — protein-disulfide reductase DsbD	search FASTA description + reference GFF	24.54377609086268
PROT:WP_000069403.1	WP_000069403.1	EW036_RS12765	ppsA	phosphoenolpyruvate synthase	0.0004998375	ppsA — phosphoenolpyruvate synthase	search FASTA description + reference GFF	34.428699420675464
PROT:WP_000069437.1	WP_000069437.1	EW036_RS23230	aspA	aspartate ammonia-lyase	0.0004998375	aspA — aspartate ammonia-lyase	search FASTA description + reference GFF	35.48355626564599
PROT:WP_000070491.1	WP_000070491.1	EW036_RS10485	narL	two-component system response regulator NarL	0.0004998375	narL — two-component system response regulator NarL	search FASTA description + reference GFF	30.92481201244132
PROT:WP_000070621.1	WP_000070621.1	EW036_RS08145	elaB	stress response protein ElaB	0.0004998375	elaB — stress response protein ElaB	search FASTA description + reference GFF	32.227235708495854
PROT:WP_000071137.1	WP_000071137.1	EW036_RS03120	glmM	phosphoglucosamine mutase	0.0004998375	glmM — phosphoglucosamine mutase	search FASTA description + reference GFF	31.499319133908067
PROT:WP_000072072.1	WP_000072072.1	EW036_RS00020	gyrB	DNA topoisomerase (ATP-hydrolyzing) subunit B	0.0004998375	gyrB — DNA topoisomerase (ATP-hydrolyzing) subunit B	search FASTA description + reference GFF	32.587505185764606
PROT:WP_000072165.1	WP_000072165.1	EW036_RS16630		tail fiber assembly protein	0.0004998375	EW036_RS16630 — tail fiber assembly protein	search FASTA description + reference GFF	23.459680292562474
PROT:WP_000072187.1	WP_000072187.1	EW036_RS03340	agaR	aga operon transcriptional regulator AgaR	0.00063156843	agaR — aga operon transcriptional regulator AgaR	search FASTA description + reference GFF	24.442432884731986
PROT:WP_000073605.1	WP_000073605.1	EW036_RS01790	ugpQ	glycerophosphodiester phosphodiesterase	0.0004998375	ugpQ — glycerophosphodiester phosphodiesterase	search FASTA description + reference GFF	29.26760881233602
PROT:WP_000074221.1	WP_000074221.1	EW036_RS18680	cusC	Cu(+)/Ag(+) efflux RND transporter outer membrane channel CusC	0.0004998375	cusC — Cu(+)/Ag(+) efflux RND transporter outer membrane channel CusC	search FASTA description + reference GFF	28.89745821535229
PROT:WP_000074527.1	WP_000074527.1	EW036_RS08045	alaA	alanine transaminase AlaA	0.0004998375	alaA — alanine transaminase AlaA	search FASTA description + reference GFF	28.91150871782269
PROT:WP_000074796.1	WP_000074796.1	EW036_RS02905	nanR	transcriptional regulator NanR	0.0004998375	nanR — transcriptional regulator NanR	search FASTA description + reference GFF	26.69924959036146
PROT:WP_000075392.1	WP_000075392.1	EW036_RS11390	ycjW	LacI family DNA-binding transcriptional regulator	0.0004998375	ycjW — LacI family DNA-binding transcriptional regulator	search FASTA description + reference GFF	24.71954551498133
PROT:WP_000076322.1	WP_000076322.1	EW036_RS23020	rnr	ribonuclease R	0.0004998375	rnr — ribonuclease R	search FASTA description + reference GFF	32.523191699146835
PROT:WP_000077041.1	WP_000077041.1	EW036_RS16995	ftsK	DNA translocase FtsK	0.0004998375	ftsK — DNA translocase FtsK	search FASTA description + reference GFF	26.85719405031192
PROT:WP_000077275.1	WP_000077275.1	EW036_RS11815	yddH	flavin reductase family protein	0.0004998375	yddH — flavin reductase family protein	search FASTA description + reference GFF	25.199562734435126
PROT:WP_000078061.1	WP_000078061.1	EW036_RS25655	yieH	6-phosphogluconate phosphatase	0.0004998375	yieH — 6-phosphogluconate phosphatase	search FASTA description + reference GFF	27.435090346677995
PROT:WP_000078193.1	WP_000078193.1	EW036_RS23660	acs	acetate--CoA ligase	0.0004998375	acs — acetate--CoA ligase	search FASTA description + reference GFF	32.23759769539735
PROT:WP_000079111.1	WP_000079111.1	EW036_RS06660	rluD	23S rRNA pseudouridine(1911/1915/1917) synthase RluD	0.0004998375	rluD — 23S rRNA pseudouridine(1911/1915/1917) synthase RluD	search FASTA description + reference GFF	30.07627027555298
PROT:WP_000079537.1	WP_000079537.1	EW036_RS15905	yohF	SDR family oxidoreductase	0.0004998375	yohF — SDR family oxidoreductase	search FASTA description + reference GFF	29.055302964771226
PROT:WP_000079759.1	WP_000079759.1	EW036_RS14165		flagellin FliC	0.0004998375	EW036_RS14165 — flagellin FliC	search FASTA description + reference GFF	30.843480214187576
PROT:WP_000080057.1	WP_000080057.1	EW036_RS15345	hisB	bifunctional histidinol-phosphatase/imidazoleglycerol-phosphate dehydratase HisB	0.0004998375	hisB — bifunctional histidinol-phosphatase/imidazoleglycerol-phosphate dehydratase HisB	search FASTA description + reference GFF	28.982843121485605
PROT:WP_000080885.1	WP_000080885.1	EW036_RS17530	moaC	cyclic pyranopterin monophosphate synthase MoaC	0.0004998375	moaC — cyclic pyranopterin monophosphate synthase MoaC	search FASTA description + reference GFF	27.863748316339105
PROT:WP_000081550.1	WP_000081550.1	EW036_RS06070	rpoS	RNA polymerase sigma factor RpoS	0.0005123118	rpoS — RNA polymerase sigma factor RpoS	search FASTA description + reference GFF	24.51739120209421
PROT:WP_000081656.1	WP_000081656.1	EW036_RS02935	gltD	glutamate synthase subunit GltD	0.0004998375	gltD — glutamate synthase subunit GltD	search FASTA description + reference GFF	30.28137043594969
PROT:WP_000081885.1	WP_000081885.1	EW036_RS01930	malP	maltodextrin phosphorylase	0.0004998375	malP — maltodextrin phosphorylase	search FASTA description + reference GFF	32.49660927895968
PROT:WP_000082031.1	WP_000082031.1	EW036_RS12995	astC	succinylornithine/acetylornithine transaminase	0.0004998375	astC — succinylornithine/acetylornithine transaminase	search FASTA description + reference GFF	28.01015219264624
PROT:WP_000082127.1	WP_000082127.1	EW036_RS13760	yecJ	DUF2766 family protein YecJ	0.0004998375	yecJ — DUF2766 family protein YecJ	search FASTA description + reference GFF	27.498047864804136
PROT:WP_000082935.1	WP_000082935.1	EW036_RS06710	patZ	peptidyl-lysine N-acetyltransferase PatZ	0.0004998375	patZ — peptidyl-lysine N-acetyltransferase PatZ	search FASTA description + reference GFF	28.88918482437527
PROT:WP_000083065.1	WP_000083065.1	EW036_RS04055	hybC	hydrogenase 2 large subunit	0.0004998375	hybC — hydrogenase 2 large subunit	search FASTA description + reference GFF	31.1193060488814
PROT:WP_000083216.1	WP_000083216.1	EW036_RS23525	alsR	MurR/RpiR family transcriptional regulator	0.00072487234	alsR — MurR/RpiR family transcriptional regulator	search FASTA description + reference GFF	23.971161354838472
PROT:WP_000083886.1	WP_000083886.1	EW036_RS04185	glcB	malate synthase G	0.0004998375	glcB — malate synthase G	search FASTA description + reference GFF	32.971107312634174
PROT:WP_000083947.1	WP_000083947.1	EW036_RS18960	copA	copper-exporting P-type ATPase CopA	0.0004998375	copA — copper-exporting P-type ATPase CopA	search FASTA description + reference GFF	32.12928017695107
PROT:WP_000084021.1	WP_000084021.1	EW036_RS01605		PTS sugar transporter subunit IIB	0.0004998375	EW036_RS01605 — PTS sugar transporter subunit IIB	search FASTA description + reference GFF	26.07534914918935
PROT:WP_000084213.1	WP_000084213.1	EW036_RS16575		phage tail assembly protein	0.0004998375	EW036_RS16575 — phage tail assembly protein	search FASTA description + reference GFF	24.828060260097907
PROT:WP_000084387.1	WP_000084387.1	EW036_RS11410	tpx	thiol peroxidase	0.0004998375	tpx — thiol peroxidase	search FASTA description + reference GFF	32.66771968035208
PROT:WP_000084467.1	WP_000084467.1	EW036_RS18190	ybeY	rRNA maturation RNase YbeY	0.0004998375	ybeY — rRNA maturation RNase YbeY	search FASTA description + reference GFF	29.216225354369364
PROT:WP_000084590.1	WP_000084590.1	EW036_RS07375	yfeX	porphyrinogen peroxidase	0.0004998375	yfeX — porphyrinogen peroxidase	search FASTA description + reference GFF	30.802676076568837
PROT:WP_000084639.1	WP_000084639.1	EW036_RS17535	moaB	molybdenum cofactor biosynthesis protein B	0.0004998375	moaB — molybdenum cofactor biosynthesis protein B	search FASTA description + reference GFF	29.633897895062542
PROT:WP_000084677.1	WP_000084677.1	EW036_RS01235	dppC	dipeptide ABC transporter permease DppC	0.0050879805	dppC — dipeptide ABC transporter permease DppC	search FASTA description + reference GFF	29.912973417000543
PROT:WP_000084762.1	WP_000084762.1	EW036_RS02170	nirD	nitrite reductase small subunit NirD	0.0004998375	nirD — nitrite reductase small subunit NirD	search FASTA description + reference GFF	29.190854977960345
PROT:WP_000086709.1	WP_000086709.1	EW036_RS08010	pta	phosphate acetyltransferase	0.0004998375	pta — phosphate acetyltransferase	search FASTA description + reference GFF	34.797907343912584
PROT:WP_000087313.1	WP_000087313.1	EW036_RS07250	tkt	transketolase	0.0004998375	tkt — transketolase	search FASTA description + reference GFF	33.92526995012699
PROT:WP_000089583.1	WP_000089583.1	EW036_RS01475	chuA	TonB-dependent heme/hemoglobin receptor ChuA/ShuA	0.00051511824	chuA — TonB-dependent heme/hemoglobin receptor ChuA/ShuA	search FASTA description + reference GFF	24.111711449187855
PROT:WP_000089698.1	WP_000089698.1	EW036_RS03170	truB	tRNA pseudouridine(55) synthase TruB	0.0004998375	truB — tRNA pseudouridine(55) synthase TruB	search FASTA description + reference GFF	25.28547552012048
PROT:WP_000090178.1	WP_000090178.1	EW036_RS17295	gsiB	glutathione ABC transporter substrate-binding protein GsiB	0.0004998375	gsiB — glutathione ABC transporter substrate-binding protein GsiB	search FASTA description + reference GFF	29.12373031657117
PROT:WP_000090775.1	WP_000090775.1	EW036_RS02515	rpsM	30S ribosomal protein S13	0.0004998375	rpsM — 30S ribosomal protein S13	search FASTA description + reference GFF	34.1662965168339
PROT:WP_000091016.1	WP_000091016.1	EW036_RS17355	mntR	manganese-binding transcriptional regulator MntR	0.0004998375	mntR — manganese-binding transcriptional regulator MntR	search FASTA description + reference GFF	25.79439316887062
PROT:WP_000091149.1	WP_000091149.1	EW036_RS13525	pyk	pyruvate kinase	0.0004998375	pyk — pyruvate kinase	search FASTA description + reference GFF	34.07327578308793
PROT:WP_000091466.1	WP_000091466.1	EW036_RS02275	yheO	helix-turn-helix transcriptional regulator	0.0004998375	yheO — helix-turn-helix transcriptional regulator	search FASTA description + reference GFF	28.389893736816266
PROT:WP_000091700.1	WP_000091700.1	EW036_RS04835	yggX	oxidative damage protection protein	0.0004998375	yggX — oxidative damage protection protein	search FASTA description + reference GFF	30.41693386599783
PROT:WP_000091945.1	WP_000091945.1	EW036_RS02480	rplF	50S ribosomal protein L6	0.0004998375	rplF — 50S ribosomal protein L6	search FASTA description + reference GFF	35.33265969389833
PROT:WP_000091955.1	WP_000091955.1	EW036_RS00760	rpmB	50S ribosomal protein L28	0.0004998375	rpmB — 50S ribosomal protein L28	search FASTA description + reference GFF	32.55076258699977
PROT:WP_000092069.1	WP_000092069.1	EW036_RS19505	yaiW	surface-exposed outer membrane lipoprotein YaiW	0.0004998375	yaiW — surface-exposed outer membrane lipoprotein YaiW	search FASTA description + reference GFF	27.393981446118296
PROT:WP_000093245.1	WP_000093245.1	EW036_RS00960	mtlA	PTS mannitol transporter subunit IICBA	0.0004998375	mtlA — PTS mannitol transporter subunit IICBA	search FASTA description + reference GFF	31.00650052635573
PROT:WP_000093582.1	WP_000093582.1	EW036_RS12520	nemA	N-ethylmaleimide reductase	0.0004998375	nemA — N-ethylmaleimide reductase	search FASTA description + reference GFF	25.67111586494412
PROT:WP_000093834.1	WP_000093834.1	EW036_RS21565	nadR	multifunctional transcriptional regulator/nicotinamide-nucleotide adenylyltransferase/ribosylnicotinamide kinase NadR	0.0004998375	nadR — multifunctional transcriptional regulator/nicotinamide-nucleotide adenylyltransferase/ribosylnicotinamide kinase NadR	search FASTA description + reference GFF	27.25940738874246
PROT:WP_000095204.1	WP_000095204.1	EW036_RS03965	ygiQ	YgiQ family radical SAM protein	0.0047912947	ygiQ — YgiQ family radical SAM protein	search FASTA description + reference GFF	22.680423096377357
PROT:WP_000095707.1	WP_000095707.1	EW036_RS08015	ackA	acetate kinase	0.0004998375	ackA — acetate kinase	search FASTA description + reference GFF	33.6680015640167
PROT:WP_000095786.1	WP_000095786.1	EW036_RS10300		hypothetical protein	0.0004998375	EW036_RS10300 — hypothetical protein	search FASTA description + reference GFF	28.29082113556587
PROT:WP_000095941.1	WP_000095941.1	EW036_RS24035	metH	methionine synthase	0.0004998375	metH — methionine synthase	search FASTA description + reference GFF	27.85621371326331
PROT:WP_000096093.1	WP_000096093.1	EW036_RS03475	yqjK	YqjK-like family protein	0.0004998375	yqjK — YqjK-like family protein	search FASTA description + reference GFF	27.30557972699976
PROT:WP_000096640.1	WP_000096640.1	EW036_RS07430	pdxK	pyridoxine/pyridoxal/pyridoxamine kinase	0.0004998375	pdxK — pyridoxine/pyridoxal/pyridoxamine kinase	search FASTA description + reference GFF	22.992499788174324
PROT:WP_000096765.1	WP_000096765.1	EW036_RS18535	wzz(fepE)	LPS O-antigen length regulator Wzz(fepE)	0.008628614	wzz(fepE) — LPS O-antigen length regulator Wzz(fepE)	search FASTA description + reference GFF	27.1285177977912
PROT:WP_000097409.1	WP_000097409.1	EW036_RS15885	dld	D-lactate dehydrogenase	0.0004998375	dld — D-lactate dehydrogenase	search FASTA description + reference GFF	29.45358763362932
PROT:WP_000097576.1	WP_000097576.1	EW036_RS17735	cpoB	cell division protein CpoB	0.0004998375	cpoB — cell division protein CpoB	search FASTA description + reference GFF	30.122265793006893
PROT:WP_000097823.1	WP_000097823.1	EW036_RS11605	pdxI	pyridoxine 4-dehydrogenase	0.0004998375	pdxI — pyridoxine 4-dehydrogenase	search FASTA description + reference GFF	30.96942601357146
PROT:WP_000098246.1	WP_000098246.1	EW036_RS05855	gudD	glucarate dehydratase	0.0004998375	gudD — glucarate dehydratase	search FASTA description + reference GFF	29.374927184120548
PROT:WP_000098615.1	WP_000098615.1	EW036_RS04990	tkt	transketolase	0.0004998375	tkt — transketolase	search FASTA description + reference GFF	33.66818653757527
PROT:WP_000098818.1	WP_000098818.1	EW036_RS21715	dnaT	primosomal protein DnaT	0.0004998375	dnaT — primosomal protein DnaT	search FASTA description + reference GFF	25.450383118659072
PROT:WP_000098896.1	WP_000098896.1	EW036_RS12585	cfa	cyclopropane fatty acyl phospholipid synthase	0.0004998375	cfa — cyclopropane fatty acyl phospholipid synthase	search FASTA description + reference GFF	27.89896968546649
PROT:WP_000099483.1	WP_000099483.1	EW036_RS11170	acnA	aconitate hydratase AcnA	0.0004998375	acnA — aconitate hydratase AcnA	search FASTA description + reference GFF	35.9859387387944
PROT:WP_000099866.1	WP_000099866.1	EW036_RS17825	odhB	2-oxoglutarate dehydrogenase complex dihydrolipoyllysine-residue succinyltransferase	0.0004998375	odhB — 2-oxoglutarate dehydrogenase complex dihydrolipoyllysine-residue succinyltransferase	search FASTA description + reference GFF	34.93863844694158
PROT:WP_000100405.1	WP_000100405.1	EW036_RS05820	queF	NADPH-dependent 7-cyano-7-deazaguanine reductase QueF	0.0004998375	queF — NADPH-dependent 7-cyano-7-deazaguanine reductase QueF	search FASTA description + reference GFF	28.898349666619712
PROT:WP_000100751.1	WP_000100751.1	EW036_RS10665	yciA	acyl-CoA thioester hydrolase YciA	0.0004998375	yciA — acyl-CoA thioester hydrolase YciA	search FASTA description + reference GFF	25.740273136297876
PROT:WP_000100800.1	WP_000100800.1	EW036_RS17385	dps	DNA starvation/stationary phase protection protein Dps	0.0004998375	dps — DNA starvation/stationary phase protection protein Dps	search FASTA description + reference GFF	37.48852181751458
PROT:WP_000101055.1	WP_000101055.1	EW036_RS10080	minD	septum site-determining protein MinD	0.0004998375	minD — septum site-determining protein MinD	search FASTA description + reference GFF	32.64612563745612
PROT:WP_000102319.1	WP_000102319.1	EW036_RS25490	kup	low affinity potassium transporter Kup	0.0021525156	kup — low affinity potassium transporter Kup	search FASTA description + reference GFF	24.0997460487704
PROT:WP_000102485.1	WP_000102485.1	EW036_RS20860	lpdA	dihydrolipoyl dehydrogenase	0.0004998375	lpdA — dihydrolipoyl dehydrogenase	search FASTA description + reference GFF	35.66728358767222
PROT:WP_000103571.1	WP_000103571.1	EW036_RS01245	dppF	dipeptide ABC transporter ATP-binding subunit DppF	0.0004998375	dppF — dipeptide ABC transporter ATP-binding subunit DppF	search FASTA description + reference GFF	23.64602240656827
PROT:WP_000103687.1	WP_000103687.1	EW036_RS10725		LexA family protein	0.0004998375	EW036_RS10725 — LexA family protein	search FASTA description + reference GFF	26.621039558443883
PROT:WP_000103754.1	WP_000103754.1	EW036_RS09430	acpP	acyl carrier protein	0.0004998375	acpP — acyl carrier protein	search FASTA description + reference GFF	33.824115868737934
PROT:WP_000103863.1	WP_000103863.1	EW036_RS06120	mutS	DNA mismatch repair protein MutS	0.0004998375	mutS — DNA mismatch repair protein MutS	search FASTA description + reference GFF	30.27629102209685
PROT:WP_000104567.1	WP_000104567.1	EW036_RS02035	igaA	intracellular growth attenuator protein IgaA	0.0004998375	igaA — intracellular growth attenuator protein IgaA	search FASTA description + reference GFF	25.623038187492316
PROT:WP_000105467.1	WP_000105467.1	EW036_RS07420	cysM	cysteine synthase B	0.0004998375	cysM — cysteine synthase B	search FASTA description + reference GFF	26.568566072233736
PROT:WP_000105562.1	WP_000105562.1	EW036_RS04980	speB	agmatinase	0.0004998375	speB — agmatinase	search FASTA description + reference GFF	31.445410587356054
PROT:WP_000105853.1	WP_000105853.1	EW036_RS21585	lplA	lipoate--protein ligase LplA	0.0004998375	lplA — lipoate--protein ligase LplA	search FASTA description + reference GFF	26.727554560830207
PROT:WP_000106599.1	WP_000106599.1	EW036_RS01680	zntA	Zn(II)/Cd(II)/Pb(II) translocating P-type ATPase ZntA	0.0004998375	zntA — Zn(II)/Cd(II)/Pb(II) translocating P-type ATPase ZntA	search FASTA description + reference GFF	24.700376307398724
PROT:WP_000106821.1	WP_000106821.1	EW036_RS12890	hxpB	hexitol phosphatase HxpB	0.0004998375	hxpB — hexitol phosphatase HxpB	search FASTA description + reference GFF	28.731075518589183
PROT:WP_000107362.1	WP_000107362.1	EW036_RS08890	hyaB	Ni/Fe-hydrogenase large subunit	0.0004998375	hyaB — Ni/Fe-hydrogenase large subunit	search FASTA description + reference GFF	34.01882212263188
PROT:WP_000107487.1	WP_000107487.1	EW036_RS22465		aldose 1-epimerase family protein	0.0004998375	EW036_RS22465 — aldose 1-epimerase family protein	search FASTA description + reference GFF	29.36497674341165
PROT:WP_000108172.1	WP_000108172.1	EW036_RS12545	grxD	monothiol glutaredoxin 4	0.0004998375	grxD — monothiol glutaredoxin 4	search FASTA description + reference GFF	31.390238401455225
PROT:WP_000108320.1	WP_000108320.1	EW036_RS01825	gntK	gluconokinase	0.0004998375	gntK — gluconokinase	search FASTA description + reference GFF	28.50658234925273
PROT:WP_000108615.1	WP_000108615.1	EW036_RS07005	sseA	3-mercaptopyruvate sulfurtransferase	0.0004998375	sseA — 3-mercaptopyruvate sulfurtransferase	search FASTA description + reference GFF	32.813984949506136
PROT:WP_000108967.1	WP_000108967.1	EW036_RS15340	hisC	histidinol-phosphate transaminase	0.0004998375	hisC — histidinol-phosphate transaminase	search FASTA description + reference GFF	28.76728948276292
PROT:WP_000109147.1	WP_000109147.1	EW036_RS04720		TetR/AcrR family transcriptional regulator	0.0004998375	EW036_RS04720 — TetR/AcrR family transcriptional regulator	search FASTA description + reference GFF	24.561542077375503
PROT:WP_000109949.1	WP_000109949.1	EW036_RS24940	tatC	Sec-independent protein translocase subunit TatC	0.0005743257	tatC — Sec-independent protein translocase subunit TatC	search FASTA description + reference GFF	23.448749906223117
PROT:WP_000110759.1	WP_000110759.1	EW036_RS24440	metL	bifunctional aspartate kinase/homoserine dehydrogenase II	0.0004998375	metL — bifunctional aspartate kinase/homoserine dehydrogenase II	search FASTA description + reference GFF	27.02900760342377
PROT:WP_000110940.1	WP_000110940.1	EW036_RS10625	oppD	murein tripeptide/oligopeptide ABC transporter ATP-binding protein OppD	0.0004998375	oppD — murein tripeptide/oligopeptide ABC transporter ATP-binding protein OppD	search FASTA description + reference GFF	28.97990449905948
PROT:WP_000111043.1	WP_000111043.1	EW036_RS16680	pflA	pyruvate formate lyase 1-activating protein	0.0004998375	pflA — pyruvate formate lyase 1-activating protein	search FASTA description + reference GFF	30.46705788826168
PROT:WP_000111200.1	WP_000111200.1	EW036_RS05155	ubiH	2-octaprenyl-6-methoxyphenyl hydroxylase	0.0004998375	ubiH — 2-octaprenyl-6-methoxyphenyl hydroxylase	search FASTA description + reference GFF	28.07504391617877
PROT:WP_000111269.1	WP_000111269.1	EW036_RS05065	pgk	phosphoglycerate kinase	0.0004998375	pgk — phosphoglycerate kinase	search FASTA description + reference GFF	35.81166567460823
PROT:WP_000113014.1	WP_000113014.1	EW036_RS17630	modA	molybdate ABC transporter substrate-binding protein	0.0004998375	modA — molybdate ABC transporter substrate-binding protein	search FASTA description + reference GFF	31.96985084235436
PROT:WP_000113933.1	WP_000113933.1	EW036_RS19400	phoB	phosphate response regulator transcription factor PhoB	0.0004998375	phoB — phosphate response regulator transcription factor PhoB	search FASTA description + reference GFF	28.320764476662045
PROT:WP_000114256.1	WP_000114256.1	EW036_RS17335	ybiV	sugar-phosphatase YbiV	0.0004998375	ybiV — sugar-phosphatase YbiV	search FASTA description + reference GFF	27.62830982776923
PROT:WP_000114984.1	WP_000114984.1	EW036_RS02575	def	peptide deformylase	0.0004998375	def — peptide deformylase	search FASTA description + reference GFF	30.99795638494552
PROT:WP_000115381.1	WP_000115381.1	EW036_RS06470	stpA	DNA-binding protein StpA	0.0004998375	stpA — DNA-binding protein StpA	search FASTA description + reference GFF	31.787126784564023
PROT:WP_000115757.1	WP_000115757.1	EW036_RS04290		hypothetical protein	0.0004998375	EW036_RS04290 — hypothetical protein	search FASTA description + reference GFF	24.120544325047128
PROT:WP_000115931.1	WP_000115931.1	EW036_RS11625	aldA	aldehyde dehydrogenase	0.0004998375	aldA — aldehyde dehydrogenase	search FASTA description + reference GFF	28.86035250638919
PROT:WP_000116096.1	WP_000116096.1	EW036_RS24810	hemN	oxygen-independent coproporphyrinogen III oxidase	0.0004998375	hemN — oxygen-independent coproporphyrinogen III oxidase	search FASTA description + reference GFF	29.66932738496814
PROT:WP_000116318.1	WP_000116318.1	EW036_RS08860	rlmI	23S rRNA (cytosine(1962)-C(5))-methyltransferase RlmI	0.0004998375	rlmI — 23S rRNA (cytosine(1962)-C(5))-methyltransferase RlmI	search FASTA description + reference GFF	28.70127118567521
PROT:WP_000117262.1	WP_000117262.1	EW036_RS26300		ABC transporter ATP-binding protein	0.0004998375	EW036_RS26300 — ABC transporter ATP-binding protein	search FASTA description + reference GFF	27.807469150858356
PROT:WP_000117888.1	WP_000117888.1	EW036_RS08705	asnS	asparagine--tRNA ligase	0.0004998375	asnS — asparagine--tRNA ligase	search FASTA description + reference GFF	33.17365706467116
PROT:WP_000118404.1	WP_000118404.1	EW036_RS07920	accD	acetyl-CoA carboxylase, carboxyltransferase subunit beta	0.0004998375	accD — acetyl-CoA carboxylase, carboxyltransferase subunit beta	search FASTA description + reference GFF	32.0401874139125
PROT:WP_000118512.1	WP_000118512.1	EW036_RS08085	nuoH	NADH-quinone oxidoreductase subunit NuoH	0.0004998375	nuoH — NADH-quinone oxidoreductase subunit NuoH	search FASTA description + reference GFF	25.14791496525477
PROT:WP_000119836.1	WP_000119836.1	EW036_RS26285		Fe-S-containing protein	0.0004998375	EW036_RS26285 — Fe-S-containing protein	search FASTA description + reference GFF	20.5066935692332
PROT:WP_000121413.1	WP_000121413.1	EW036_RS03570	fadH	NADPH-dependent 2,4-dienoyl-CoA reductase	0.0004998375	fadH — NADPH-dependent 2,4-dienoyl-CoA reductase	search FASTA description + reference GFF	27.32194079449808
PROT:WP_000122044.1	WP_000122044.1	EW036_RS19045	dnaX	DNA polymerase III subunit gamma/tau	0.0004998375	dnaX — DNA polymerase III subunit gamma/tau	search FASTA description + reference GFF	27.45414134280752
PROT:WP_000122413.1	WP_000122413.1	EW036_RS13725	uspC	universal stress protein UspC	0.0004998375	uspC — universal stress protein UspC	search FASTA description + reference GFF	25.06911358914084
PROT:WP_000123197.1	WP_000123197.1	EW036_RS02810	rng	ribonuclease G	0.0004998375	rng — ribonuclease G	search FASTA description + reference GFF	28.89518175705487
PROT:WP_000124281.1	WP_000124281.1	EW036_RS04270		ABC transporter permease	0.0035416277	EW036_RS04270 — ABC transporter permease	search FASTA description + reference GFF	28.013308110498013
PROT:WP_000124398.1	WP_000124398.1	EW036_RS20665	fhuA	ferrichrome porin FhuA	0.0004998375	fhuA — ferrichrome porin FhuA	search FASTA description + reference GFF	29.40479450501636
PROT:WP_000124700.1	WP_000124700.1	EW036_RS02305	fusA	elongation factor G	0.0004998375	fusA — elongation factor G	search FASTA description + reference GFF	36.730662462432925
PROT:WP_000124850.1	WP_000124850.1	EW036_RS12835	rplT	50S ribosomal protein L20	0.0004998375	rplT — 50S ribosomal protein L20	search FASTA description + reference GFF	33.01907339004673
PROT:WP_000125016.1	WP_000125016.1	EW036_RS08605	cmk	(d)CMP kinase	0.0004998375	cmk — (d)CMP kinase	search FASTA description + reference GFF	29.7437903242534
PROT:WP_000126500.1	WP_000126500.1	EW036_RS18375	dpiA	two-component response regulator DpiA	0.0004998375	dpiA — two-component response regulator DpiA	search FASTA description + reference GFF	23.20312520395497
PROT:WP_000126542.1	WP_000126542.1	EW036_RS09270	pyrC	dihydroorotase	0.0004998375	pyrC — dihydroorotase	search FASTA description + reference GFF	31.50162622339238
PROT:WP_000127356.1	WP_000127356.1	EW036_RS19050	apt	adenine phosphoribosyltransferase	0.0004998375	apt — adenine phosphoribosyltransferase	search FASTA description + reference GFF	30.41260699308633
PROT:WP_000129562.1	WP_000129562.1	EW036_RS15690	fbaB	class I fructose-bisphosphate aldolase	0.0004998375	fbaB — class I fructose-bisphosphate aldolase	search FASTA description + reference GFF	34.88835559874136
PROT:WP_000130072.1	WP_000130072.1	EW036_RS21010	ddlB	D-alanine--D-alanine ligase	0.0004998375	ddlB — D-alanine--D-alanine ligase	search FASTA description + reference GFF	28.31983950847536
PROT:WP_000130100.1	WP_000130100.1	EW036_RS02450	rpsQ	30S ribosomal protein S17	0.0004998375	rpsQ — 30S ribosomal protein S17	search FASTA description + reference GFF	31.99478674868671
PROT:WP_000130187.1	WP_000130187.1	EW036_RS21460	tal	transaldolase	0.0004998375	tal — transaldolase	search FASTA description + reference GFF	34.517415865327415
PROT:WP_000130299.1	WP_000130299.1	EW036_RS19205	clpX	ATP-dependent protease ATP-binding subunit ClpX	0.0004998375	clpX — ATP-dependent protease ATP-binding subunit ClpX	search FASTA description + reference GFF	32.50729515634197
PROT:WP_000130380.1	WP_000130380.1	EW036_RS03205	yhbW	luciferase-like monooxygenase	0.0004998375	yhbW — luciferase-like monooxygenase	search FASTA description + reference GFF	21.73776033940457
PROT:WP_000130676.1	WP_000130676.1	EW036_RS25170	xerC	tyrosine recombinase XerC	0.004350767	xerC — tyrosine recombinase XerC	search FASTA description + reference GFF	26.16431391091482
PROT:WP_000131310.1	WP_000131310.1	EW036_RS17760	tolQ	Tol-Pal system protein TolQ	0.0004998375	tolQ — Tol-Pal system protein TolQ	search FASTA description + reference GFF	26.41403928931536
PROT:WP_000131702.1	WP_000131702.1	EW036_RS18040	fur	ferric iron uptake transcriptional regulator	0.0004998375	fur — ferric iron uptake transcriptional regulator	search FASTA description + reference GFF	31.97545443472261
PROT:WP_000131717.1	WP_000131717.1	EW036_RS18310	mrdB	peptidoglycan glycosyltransferase MrdB	0.0009456595	mrdB — peptidoglycan glycosyltransferase MrdB	search FASTA description + reference GFF	23.665926254946555
PROT:WP_000131782.1	WP_000131782.1	EW036_RS15330	hisG	ATP phosphoribosyltransferase	0.0004998375	hisG — ATP phosphoribosyltransferase	search FASTA description + reference GFF	28.885559936606143
PROT:WP_000132953.1	WP_000132953.1	EW036_RS06210	hycI	hydrogenase maturation peptidase HycI	0.0004998375	hycI — hydrogenase maturation peptidase HycI	search FASTA description + reference GFF	27.024748000192567
PROT:WP_000133040.1	WP_000133040.1	EW036_RS03160	infB	translation initiation factor IF-2	0.0004998375	infB — translation initiation factor IF-2	search FASTA description + reference GFF	33.920631431847625
PROT:WP_000133610.1	WP_000133610.1	EW036_RS06995	pepB	aminopeptidase PepB	0.0004998375	pepB — aminopeptidase PepB	search FASTA description + reference GFF	31.684614177663462
PROT:WP_000133631.1	WP_000133631.1	EW036_RS22960	ulaR	HTH-type transcriptional regulator UlaR	0.0004998375	ulaR — HTH-type transcriptional regulator UlaR	search FASTA description + reference GFF	25.247414881964666
PROT:WP_000135058.1	WP_000135058.1	EW036_RS00705	rpoZ	DNA-directed RNA polymerase subunit omega	0.0004998375	rpoZ — DNA-directed RNA polymerase subunit omega	search FASTA description + reference GFF	31.678482890186466
PROT:WP_000135199.1	WP_000135199.1	EW036_RS22905	rpsR	30S ribosomal protein S18	0.0004998375	rpsR — 30S ribosomal protein S18	search FASTA description + reference GFF	32.31240690937818
PROT:WP_000135224.1	WP_000135224.1	EW036_RS02525	rpsD	30S ribosomal protein S4	0.0004998375	rpsD — 30S ribosomal protein S4	search FASTA description + reference GFF	35.095408121741464
PROT:WP_000136804.1	WP_000136804.1	EW036_RS24510	glpK	glycerol kinase GlpK	0.0004998375	glpK — glycerol kinase GlpK	search FASTA description + reference GFF	36.15927904778528
PROT:WP_000137653.1	WP_000137653.1	EW036_RS24140	hemE	uroporphyrinogen decarboxylase	0.0004998375	hemE — uroporphyrinogen decarboxylase	search FASTA description + reference GFF	30.16883216481836
PROT:WP_000137877.1	WP_000137877.1	EW036_RS15630	baeR	two-component system response regulator BaeR	0.0004998375	baeR — two-component system response regulator BaeR	search FASTA description + reference GFF	29.02091041976109
PROT:WP_000138282.1	WP_000138282.1	EW036_RS07090	guaA	glutamine-hydrolyzing GMP synthase	0.0004998375	guaA — glutamine-hydrolyzing GMP synthase	search FASTA description + reference GFF	33.508969523950405
PROT:WP_000138728.1	WP_000138728.1	EW036_RS11400	ycjF	YcjF family protein	0.0004998375	ycjF — YcjF family protein	search FASTA description + reference GFF	25.136471501377567
PROT:WP_000138849.1	WP_000138849.1	EW036_RS24055	aceB	malate synthase A	0.0004998375	aceB — malate synthase A	search FASTA description + reference GFF	30.04766767855673
PROT:WP_000139094.1	WP_000139094.1	EW036_RS25215	hemX	uroporphyrinogen-III C-methyltransferase	0.0004998375	hemX — uroporphyrinogen-III C-methyltransferase	search FASTA description + reference GFF	31.03243125235936
PROT:WP_000139528.1	WP_000139528.1	EW036_RS11615	hrpA	ATP-dependent RNA helicase HrpA	0.0004998375	hrpA — ATP-dependent RNA helicase HrpA	search FASTA description + reference GFF	29.903367598439768
PROT:WP_000139678.1	WP_000139678.1	EW036_RS20510	lpxB	lipid-A-disaccharide synthase	0.0004998375	lpxB — lipid-A-disaccharide synthase	search FASTA description + reference GFF	27.28535706925016
PROT:WP_000140273.1	WP_000140273.1	EW036_RS06305	pncC	nicotinamide-nucleotide amidase	0.0004998375	pncC — nicotinamide-nucleotide amidase	search FASTA description + reference GFF	27.349390375414377
PROT:WP_000140327.1	WP_000140327.1	EW036_RS08610	rpsA	30S ribosomal protein S1	0.0004998375	rpsA — 30S ribosomal protein S1	search FASTA description + reference GFF	35.81149430183932
PROT:WP_000141269.1	WP_000141269.1	EW036_RS18855	allR	HTH-type transcriptional repressor AllR	0.0004998375	allR — HTH-type transcriptional repressor AllR	search FASTA description + reference GFF	27.845660329478765
PROT:WP_000144583.1	WP_000144583.1	EW036_RS12680	sufS	cysteine desulfurase SufS	0.0004998375	sufS — cysteine desulfurase SufS	search FASTA description + reference GFF	28.74981261387755
PROT:WP_000145423.1	WP_000145423.1	EW036_RS04040	hybO	hydrogenase 2 small subunit	0.0004998375	hybO — hydrogenase 2 small subunit	search FASTA description + reference GFF	28.04243638570326
PROT:WP_000145975.1	WP_000145975.1	EW036_RS03105	rlmE	23S rRNA (uridine(2552)-2'-O)-methyltransferase RlmE	0.0004998375	rlmE — 23S rRNA (uridine(2552)-2'-O)-methyltransferase RlmE	search FASTA description + reference GFF	28.911023337773777
PROT:WP_000147017.1	WP_000147017.1	EW036_RS04800		hypothetical protein	0.0004998375	EW036_RS04800 — hypothetical protein	search FASTA description + reference GFF	27.664391663448345
PROT:WP_000147302.1	WP_000147302.1	EW036_RS13695	cheW	chemotaxis protein CheW	0.0012777289	cheW — chemotaxis protein CheW	search FASTA description + reference GFF	24.98504252860768
PROT:WP_000148581.1	WP_000148581.1	EW036_RS22655	pyrI	aspartate carbamoyltransferase regulatory subunit	0.0004998375	pyrI — aspartate carbamoyltransferase regulatory subunit	search FASTA description + reference GFF	30.65056847014725
PROT:WP_000148965.1	WP_000148965.1	EW036_RS18910	ybbO	NADP(+)-dependent aldehyde reductase	0.0004998375	ybbO — NADP(+)-dependent aldehyde reductase	search FASTA description + reference GFF	26.66303797801765
PROT:WP_000150294.1	WP_000150294.1	EW036_RS10760		epoxyqueuosine reductase QueH	0.00084582594	EW036_RS10760 — epoxyqueuosine reductase QueH	search FASTA description + reference GFF	23.772640828462777
PROT:WP_000150538.1	WP_000150538.1	EW036_RS13335	manX	PTS mannose transporter subunit IIAB	0.0004998375	manX — PTS mannose transporter subunit IIAB	search FASTA description + reference GFF	33.27074443753896
PROT:WP_000150638.1	WP_000150638.1	EW036_RS20805	yadG	ABC transporter ATP-binding protein	0.0004998375	yadG — ABC transporter ATP-binding protein	search FASTA description + reference GFF	27.37319578184772
PROT:WP_000151734.1	WP_000151734.1	EW036_RS21185	araA	L-arabinose isomerase	0.0004998375	araA — L-arabinose isomerase	search FASTA description + reference GFF	26.54757800070772
PROT:WP_000152305.1	WP_000152305.1	EW036_RS11910	osmC	peroxiredoxin OsmC	0.0004998375	osmC — peroxiredoxin OsmC	search FASTA description + reference GFF	32.64525690525983
PROT:WP_000152940.1	WP_000152940.1	EW036_RS10395	pth	aminoacyl-tRNA hydrolase	0.0004998375	pth — aminoacyl-tRNA hydrolase	search FASTA description + reference GFF	29.95642104899804
PROT:WP_000153067.1	WP_000153067.1	EW036_RS15740	rcnB	Ni(II)/Co(II) efflux transporter accessory subunit RcnB	0.0004998375	rcnB — Ni(II)/Co(II) efflux transporter accessory subunit RcnB	search FASTA description + reference GFF	26.722194570677846
PROT:WP_000153129.1	WP_000153129.1	EW036_RS18125	nagD	ribonucleotide monophosphatase NagD	0.0004998375	nagD — ribonucleotide monophosphatase NagD	search FASTA description + reference GFF	29.91182171156706
PROT:WP_000153502.1	WP_000153502.1	EW036_RS13150	gapA	glyceraldehyde-3-phosphate dehydrogenase	0.0004998375	gapA — glyceraldehyde-3-phosphate dehydrogenase	search FASTA description + reference GFF	35.41775039185238
PROT:WP_000153726.1	WP_000153726.1	EW036_RS23730	yjbR	MmcQ/YjbR family DNA-binding protein	0.0004998375	yjbR — MmcQ/YjbR family DNA-binding protein	search FASTA description + reference GFF	30.5799520275398
PROT:WP_000154381.1	WP_000154381.1	EW036_RS09085	efeO	iron uptake system protein EfeO	0.0004998375	efeO — iron uptake system protein EfeO	search FASTA description + reference GFF	31.23824571984679
PROT:WP_000156502.1	WP_000156502.1	EW036_RS08800	ycbZ	AAA family ATPase	0.0004998375	ycbZ — AAA family ATPase	search FASTA description + reference GFF	27.20081975545249
PROT:WP_000157008.1	WP_000157008.1	EW036_RS07930	dedD	cell division protein DedD	0.0004998375	dedD — cell division protein DedD	search FASTA description + reference GFF	28.297423724545567
PROT:WP_000160794.1	WP_000160794.1	EW036_RS01510	gorA	glutathione-disulfide reductase	0.0004998375	gorA — glutathione-disulfide reductase	search FASTA description + reference GFF	32.39801944405985
PROT:WP_000162574.1	WP_000162574.1	EW036_RS06535	smpB	SsrA-binding protein SmpB	0.0004998375	smpB — SsrA-binding protein SmpB	search FASTA description + reference GFF	27.353727329612347
PROT:WP_000162747.1	WP_000162747.1	EW036_RS18180	miaB	tRNA (N6-isopentenyl adenosine(37)-C2)-methylthiotransferase MiaB	0.0004998375	miaB — tRNA (N6-isopentenyl adenosine(37)-C2)-methylthiotransferase MiaB	search FASTA description + reference GFF	30.130016299503804
PROT:WP_000163771.1	WP_000163771.1	EW036_RS13165	mipA	scaffolding protein MipA	0.0004998375	mipA — scaffolding protein MipA	search FASTA description + reference GFF	27.76492828068499
PROT:WP_000164043.1	WP_000164043.1	EW036_RS26100	tetR(A)	tetracycline resistance transcriptional repressor TetR(A)	0.0004998375	tetR(A) — tetracycline resistance transcriptional repressor TetR(A)	search FASTA description + reference GFF	27.785781641942904
PROT:WP_000164453.1	WP_000164453.1	EW036_RS09485	lpoB	penicillin-binding protein activator LpoB	0.0004998375	lpoB — penicillin-binding protein activator LpoB	search FASTA description + reference GFF	30.934218508584365
PROT:WP_000165543.1	WP_000165543.1	EW036_RS02105	trpS	tryptophan--tRNA ligase	0.0004998375	trpS — tryptophan--tRNA ligase	search FASTA description + reference GFF	31.37997798648192
PROT:WP_000165876.1	WP_000165876.1	EW036_RS16690	ycaC	isochorismate family cysteine hydrolase YcaC	0.0004998375	ycaC — isochorismate family cysteine hydrolase YcaC	search FASTA description + reference GFF	34.6205340017996
PROT:WP_000166270.1	WP_000166270.1	EW036_RS22710	yjgA	ribosome biogenesis factor YjgA	0.0004998375	yjgA — ribosome biogenesis factor YjgA	search FASTA description + reference GFF	30.55433001093234
PROT:WP_000166449.1	WP_000166449.1	EW036_RS07150	arsC	arsenate reductase (glutaredoxin)	0.0004998375	arsC — arsenate reductase (glutaredoxin)	search FASTA description + reference GFF	31.235926388678816
PROT:WP_000167336.1	WP_000167336.1	EW036_RS08615	ihfB	integration host factor subunit beta	0.0004998375	ihfB — integration host factor subunit beta	search FASTA description + reference GFF	32.51024889635541
PROT:WP_000168305.1	WP_000168305.1	EW036_RS23720	ssb1	single-stranded DNA-binding protein SSB1	0.0004998375	ssb1 — single-stranded DNA-binding protein SSB1	search FASTA description + reference GFF	31.39813481273841
PROT:WP_000168502.1	WP_000168502.1	EW036_RS00135	ilvB	acetolactate synthase large subunit	0.0004998375	ilvB — acetolactate synthase large subunit	search FASTA description + reference GFF	26.629987870587453
PROT:WP_000168747.1	WP_000168747.1	EW036_RS13460	yobA	CopC domain-containing protein YobA	0.0004998375	yobA — CopC domain-containing protein YobA	search FASTA description + reference GFF	27.02691512998639
PROT:WP_000169713.1	WP_000169713.1	EW036_RS08200	arnD	4-deoxy-4-formamido-L-arabinose-phosphoundecaprenol deformylase	0.0072570383	arnD — 4-deoxy-4-formamido-L-arabinose-phosphoundecaprenol deformylase	search FASTA description + reference GFF	21.200337537026805
PROT:WP_000170355.1	WP_000170355.1	EW036_RS07580	glk	glucokinase	0.0004998375	glk — glucokinase	search FASTA description + reference GFF	29.020617421183434
PROT:WP_000171980.1	WP_000171980.1	EW036_RS20925	ampE	beta-lactamase regulator AmpE	0.0004998375	ampE — beta-lactamase regulator AmpE	search FASTA description + reference GFF	26.120879143950905
PROT:WP_000172749.1	WP_000172749.1	EW036_RS08090	nuoI	NADH-quinone oxidoreductase subunit NuoI	0.0004998375	nuoI — NADH-quinone oxidoreductase subunit NuoI	search FASTA description + reference GFF	29.85108566086593
PROT:WP_000173466.1	WP_000173466.1	EW036_RS13500	purT	formate-dependent phosphoribosylglycinamide formyltransferase	0.0004998375	purT — formate-dependent phosphoribosylglycinamide formyltransferase	search FASTA description + reference GFF	31.82747356301392
PROT:WP_000174305.1	WP_000174305.1	EW036_RS00040	dgoR	D-galactonate utilization transcriptional regulator DgoR	0.0004998375	dgoR — D-galactonate utilization transcriptional regulator DgoR	search FASTA description + reference GFF	24.132655749822074
PROT:WP_000174480.1	WP_000174480.1	EW036_RS10420	lolB	lipoprotein insertase outer membrane protein LolB	0.0004998375	lolB — lipoprotein insertase outer membrane protein LolB	search FASTA description + reference GFF	28.31467990213681
PROT:WP_000174703.1	WP_000174703.1	EW036_RS20025	crl	sigma factor-binding protein Crl	0.0004998375	crl — sigma factor-binding protein Crl	search FASTA description + reference GFF	28.06372220298636
PROT:WP_000175016.1	WP_000175016.1	EW036_RS12955	nadE	ammonia-dependent NAD(+) synthetase	0.0004998375	nadE — ammonia-dependent NAD(+) synthetase	search FASTA description + reference GFF	32.194444958077
PROT:WP_000175289.1	WP_000175289.1	EW036_RS22790	ytfJ	YtfJ family protein	0.0004998375	ytfJ — YtfJ family protein	search FASTA description + reference GFF	29.31418082151373
PROT:WP_000175457.1	WP_000175457.1	EW036_RS22385	fecE	Fe(3+) dicitrate ABC transporter ATP-binding protein FecE	0.0004998375	fecE — Fe(3+) dicitrate ABC transporter ATP-binding protein FecE	search FASTA description + reference GFF	28.0402898119197
PROT:WP_000175943.1	WP_000175943.1	EW036_RS21645	prfC	peptide chain release factor 3	0.0004998375	prfC — peptide chain release factor 3	search FASTA description + reference GFF	30.623825605914025
PROT:WP_000176187.1	WP_000176187.1	EW036_RS07170	gcvR	glycine cleavage system transcriptional repressor	0.0004998375	gcvR — glycine cleavage system transcriptional repressor	search FASTA description + reference GFF	29.323468914556877
PROT:WP_000176263.1	WP_000176263.1	EW036_RS11195	pyrF	orotidine-5'-phosphate decarboxylase	0.0004998375	pyrF — orotidine-5'-phosphate decarboxylase	search FASTA description + reference GFF	30.63642096386668
PROT:WP_000176523.1	WP_000176523.1	EW036_RS20480	tilS	tRNA lysidine(34) synthetase TilS	0.0014064927	tilS — tRNA lysidine(34) synthetase TilS	search FASTA description + reference GFF	24.00690319899663
PROT:WP_000177311.1	WP_000177311.1	EW036_RS12985	astD	succinylglutamate-semialdehyde dehydrogenase	0.0004998375	astD — succinylglutamate-semialdehyde dehydrogenase	search FASTA description + reference GFF	28.739083950180085
PROT:WP_000177739.1	WP_000177739.1	EW036_RS19070	mscK	mechanosensitive channel MscK	0.0004998375	mscK — mechanosensitive channel MscK	search FASTA description + reference GFF	26.95061597480493
PROT:WP_000178050.1	WP_000178050.1	EW036_RS26280		iron transporter	0.0004998375	EW036_RS26280 — iron transporter	search FASTA description + reference GFF	31.76683622697601
PROT:WP_000178456.1	WP_000178456.1	EW036_RS06650	raiA	ribosome-associated translation inhibitor RaiA	0.0004998375	raiA — ribosome-associated translation inhibitor RaiA	search FASTA description + reference GFF	33.133116484685075
PROT:WP_000178692.1	WP_000178692.1	EW036_RS17085	hcr	NADH oxidoreductase	0.0004998375	hcr — NADH oxidoreductase	search FASTA description + reference GFF	30.278443454830462
PROT:WP_000179165.1	WP_000179165.1	EW036_RS23905	malK	maltose/maltodextrin ABC transporter ATP-binding protein MalK	0.0004998375	malK — maltose/maltodextrin ABC transporter ATP-binding protein MalK	search FASTA description + reference GFF	30.44687170688616
PROT:WP_000183040.1	WP_000183040.1	EW036_RS15440	galF	UTP--glucose-1-phosphate uridylyltransferase GalF	0.0004998375	galF — UTP--glucose-1-phosphate uridylyltransferase GalF	search FASTA description + reference GFF	30.049541149396408
PROT:WP_000183349.1	WP_000183349.1	EW036_RS24820	yihA	ribosome biogenesis GTP-binding protein YihA/YsxC	0.0004998375	yihA — ribosome biogenesis GTP-binding protein YihA/YsxC	search FASTA description + reference GFF	29.807327355903748
PROT:WP_000183674.1	WP_000183674.1	EW036_RS02980	ptsN	PTS IIA-like nitrogen regulatory protein PtsN	0.0004998375	ptsN — PTS IIA-like nitrogen regulatory protein PtsN	search FASTA description + reference GFF	29.079049210445035
PROT:WP_000184272.1	WP_000184272.1	EW036_RS05735	csdE	cysteine desulfurase sulfur acceptor subunit CsdE	0.0004998375	csdE — cysteine desulfurase sulfur acceptor subunit CsdE	search FASTA description + reference GFF	27.875727968384894
PROT:WP_000184611.1	WP_000184611.1	EW036_RS18175	ubiF	3-demethoxyubiquinol 3-hydroxylase	0.0004998375	ubiF — 3-demethoxyubiquinol 3-hydroxylase	search FASTA description + reference GFF	29.014334307897585
PROT:WP_000186068.1	WP_000186068.1	EW036_RS17985	kdpE	two-component system response regulator KdpE	0.0004998375	kdpE — two-component system response regulator KdpE	search FASTA description + reference GFF	25.627720694380933
PROT:WP_000186432.1	WP_000186432.1	EW036_RS05860	barA	two-component sensor histidine kinase BarA	0.0004998375	barA — two-component sensor histidine kinase BarA	search FASTA description + reference GFF	23.269169751520803
PROT:WP_000186633.1	WP_000186633.1	EW036_RS18980	ybaK	Cys-tRNA(Pro)/Cys-tRNA(Cys) deacylase YbaK	0.0004998375	ybaK — Cys-tRNA(Pro)/Cys-tRNA(Cys) deacylase YbaK	search FASTA description + reference GFF	28.67138992234811
PROT:WP_000186998.1	WP_000186998.1	EW036_RS24300	trmA	tRNA (uridine(54)-C5)-methyltransferase TrmA	0.0004998375	trmA — tRNA (uridine(54)-C5)-methyltransferase TrmA	search FASTA description + reference GFF	28.480099984534245
PROT:WP_000187442.1	WP_000187442.1	EW036_RS03515	uxaC	glucuronate isomerase	0.0004998375	uxaC — glucuronate isomerase	search FASTA description + reference GFF	31.54314544762172
PROT:WP_000187545.1	WP_000187545.1	EW036_RS24955	ubiB	ubiquinone biosynthesis regulatory protein kinase UbiB	0.0004998375	ubiB — ubiquinone biosynthesis regulatory protein kinase UbiB	search FASTA description + reference GFF	27.13704098255556
PROT:WP_000187594.1	WP_000187594.1	EW036_RS18120	nagC	DNA-binding transcriptional regulator NagC	0.0004998375	nagC — DNA-binding transcriptional regulator NagC	search FASTA description + reference GFF	27.17628894259273
PROT:WP_000187791.1	WP_000187791.1	EW036_RS22690	nrdD	anaerobic ribonucleoside-triphosphate reductase	0.0004998375	nrdD — anaerobic ribonucleoside-triphosphate reductase	search FASTA description + reference GFF	26.57355287368303
PROT:WP_000187880.1	WP_000187880.1	EW036_RS11820	nhoA	N-hydroxyarylamine O-acetyltransferase	0.0004998375	nhoA — N-hydroxyarylamine O-acetyltransferase	search FASTA description + reference GFF	24.90665038965974
PROT:WP_000188262.1	WP_000188262.1	EW036_RS22365	fecA	TonB-dependent Fe(3+) dicitrate receptor FecA	0.0004998375	fecA — TonB-dependent Fe(3+) dicitrate receptor FecA	search FASTA description + reference GFF	32.85163693967231
PROT:WP_000189165.1	WP_000189165.1	EW036_RS17190	nfsA	nitroreductase NfsA	0.0004998375	nfsA — nitroreductase NfsA	search FASTA description + reference GFF	28.64694592952404
PROT:WP_000189351.1	WP_000189351.1	EW036_RS01450	chuY	anaerobilin reductase	0.0004998375	chuY — anaerobilin reductase	search FASTA description + reference GFF	23.19343537963794
PROT:WP_000189575.1	WP_000189575.1	EW036_RS20030	frsA	esterase FrsA	0.0004998375	frsA — esterase FrsA	search FASTA description + reference GFF	30.37578667505905
PROT:WP_000189743.1	WP_000189743.1	EW036_RS05115	rpiA	ribose-5-phosphate isomerase RpiA	0.0004998375	rpiA — ribose-5-phosphate isomerase RpiA	search FASTA description + reference GFF	32.714256646679964
PROT:WP_000190282.1	WP_000190282.1	EW036_RS18745	ybcJ	ribosome-associated protein YbcJ	0.0004998375	ybcJ — ribosome-associated protein YbcJ	search FASTA description + reference GFF	27.07413769346048
PROT:WP_000190506.1	WP_000190506.1	EW036_RS25565	atpD	F0F1 ATP synthase subunit beta	0.0004998375	atpD — F0F1 ATP synthase subunit beta	search FASTA description + reference GFF	35.36637991057779
PROT:WP_000190516.1	WP_000190516.1	EW036_RS01170	yiaF	DUF3053 domain-containing protein	0.0004998375	yiaF — DUF3053 domain-containing protein	search FASTA description + reference GFF	31.12365505889431
PROT:WP_000190854.1	WP_000190854.1	EW036_RS10145	ycgB	SpoVR family protein	0.0004998375	ycgB — SpoVR family protein	search FASTA description + reference GFF	24.777139888933068
PROT:WP_000190985.1	WP_000190985.1	EW036_RS12570	purR	HTH-type transcriptional repressor PurR	0.0004998375	purR — HTH-type transcriptional repressor PurR	search FASTA description + reference GFF	29.968211999828803
PROT:WP_000191263.1	WP_000191263.1	EW036_RS01360	yhjD	inner membrane protein YhjD	0.0004998375	yhjD — inner membrane protein YhjD	search FASTA description + reference GFF	27.740496436553947
PROT:WP_000191372.1	WP_000191372.1	EW036_RS09420	fabD	ACP S-malonyltransferase	0.0004998375	fabD — ACP S-malonyltransferase	search FASTA description + reference GFF	32.44719195399816
PROT:WP_000191512.1	WP_000191512.1	EW036_RS17655	galT	galactose-1-phosphate uridylyltransferase	0.0004998375	galT — galactose-1-phosphate uridylyltransferase	search FASTA description + reference GFF	28.226239982595555
PROT:WP_000191553.1	WP_000191553.1	EW036_RS01280	bcsG	cellulose biosynthesis protein BcsG	0.0004998375	bcsG — cellulose biosynthesis protein BcsG	search FASTA description + reference GFF	27.79151988289596
PROT:WP_000192563.1	WP_000192563.1	EW036_RS01860	glgX	glycogen debranching protein GlgX	0.0004998375	glgX — glycogen debranching protein GlgX	search FASTA description + reference GFF	27.903932757195467
PROT:WP_000192747.1	WP_000192747.1	EW036_RS05130	fau	5-formyltetrahydrofolate cyclo-ligase	0.0004998375	fau — 5-formyltetrahydrofolate cyclo-ligase	search FASTA description + reference GFF	25.409351661602827
PROT:WP_000193451.1	WP_000193451.1	EW036_RS10575	rssB	two-component system response regulator RssB	0.0004998375	rssB — two-component system response regulator RssB	search FASTA description + reference GFF	25.94374813500641
PROT:WP_000193867.1	WP_000193867.1	EW036_RS08715	pepN	aminopeptidase N	0.0004998375	pepN — aminopeptidase N	search FASTA description + reference GFF	33.0339390739016
PROT:WP_000194832.1	WP_000194832.1	EW036_RS16665	ycaO	30S ribosomal protein S12 methylthiotransferase accessory factor YcaO	0.0004998375	ycaO — 30S ribosomal protein S12 methylthiotransferase accessory factor YcaO	search FASTA description + reference GFF	27.11365044757665
PROT:WP_000194884.1	WP_000194884.1	EW036_RS16125	yejF	microcin C ABC transporter ATP-binding protein YejF	0.0004998375	yejF — microcin C ABC transporter ATP-binding protein YejF	search FASTA description + reference GFF	24.749476227961143
PROT:WP_000195012.1	WP_000195012.1	EW036_RS05180	gcvP	aminomethyl-transferring glycine dehydrogenase	0.0004998375	gcvP — aminomethyl-transferring glycine dehydrogenase	search FASTA description + reference GFF	33.06349373856358
PROT:WP_000195275.1	WP_000195275.1	EW036_RS03835	parE	DNA topoisomerase IV subunit B	0.0004998375	parE — DNA topoisomerase IV subunit B	search FASTA description + reference GFF	26.693213613506963
PROT:WP_000195961.1	WP_000195961.1	EW036_RS17250	dacC	serine-type D-Ala-D-Ala carboxypeptidase	0.0004998375	dacC — serine-type D-Ala-D-Ala carboxypeptidase	search FASTA description + reference GFF	32.94721446996363
PROT:WP_000197203.1	WP_000197203.1	EW036_RS24445	metB	cystathionine gamma-synthase	0.0004998375	metB — cystathionine gamma-synthase	search FASTA description + reference GFF	25.49785032728901
PROT:WP_000197578.1	WP_000197578.1	EW036_RS09410	plsX	phosphate acyltransferase PlsX	0.0004998375	plsX — phosphate acyltransferase PlsX	search FASTA description + reference GFF	24.23192769844693
PROT:WP_000197686.1	WP_000197686.1	EW036_RS06655	bamD	outer membrane protein assembly factor BamD	0.0004998375	bamD — outer membrane protein assembly factor BamD	search FASTA description + reference GFF	31.14497480702361
PROT:WP_000197847.1	WP_000197847.1	EW036_RS10155	dadX	catabolic alanine racemase DadX	0.0004998375	dadX — catabolic alanine racemase DadX	search FASTA description + reference GFF	28.829358427769524
PROT:WP_000198798.1	WP_000198798.1	EW036_RS16090	yeiR	zinc-binding GTPase YeiR	0.0004998375	yeiR — zinc-binding GTPase YeiR	search FASTA description + reference GFF	25.490551736833723
PROT:WP_000200140.1	WP_000200140.1	EW036_RS06640	pheA	bifunctional chorismate mutase/prephenate dehydratase	0.0004998375	pheA — bifunctional chorismate mutase/prephenate dehydratase	search FASTA description + reference GFF	27.73667878023032
PROT:WP_000201041.1	WP_000201041.1	EW036_RS05420	galR	HTH-type transcriptional regulator GalR	0.0004998375	galR — HTH-type transcriptional regulator GalR	search FASTA description + reference GFF	25.25324944378884
PROT:WP_000202996.1	WP_000202996.1	EW036_RS13545	znuC	zinc ABC transporter ATP-binding protein ZnuC	0.0004998375	znuC — zinc ABC transporter ATP-binding protein ZnuC	search FASTA description + reference GFF	25.195392734491215
PROT:WP_000203095.1	WP_000203095.1	EW036_RS02805	yhdE	nucleoside triphosphate pyrophosphatase YhdE	0.0004998375	yhdE — nucleoside triphosphate pyrophosphatase YhdE	search FASTA description + reference GFF	24.718066681863228
PROT:WP_000204031.1	WP_000204031.1	EW036_RS21660	holD	DNA polymerase III subunit psi	0.0004998375	holD — DNA polymerase III subunit psi	search FASTA description + reference GFF	24.18099393082788
PROT:WP_000204658.1	WP_000204658.1	EW036_RS05470	lgt	prolipoprotein diacylglyceryl transferase	0.0004998375	lgt — prolipoprotein diacylglyceryl transferase	search FASTA description + reference GFF	25.301851161003885
PROT:WP_000206260.1	WP_000206260.1	EW036_RS00980	selA	L-seryl-tRNA(Sec) selenium transferase	0.0004998375	selA — L-seryl-tRNA(Sec) selenium transferase	search FASTA description + reference GFF	29.192019388068523
PROT:WP_000206991.1	WP_000206991.1	EW036_RS05830	yqcC	YqcC family protein	0.0004998375	yqcC — YqcC family protein	search FASTA description + reference GFF	24.67390297409167
PROT:WP_000207133.1	WP_000207133.1	EW036_RS17945	phrB	deoxyribodipyrimidine photo-lyase	0.0004998375	phrB — deoxyribodipyrimidine photo-lyase	search FASTA description + reference GFF	27.48289812736964
PROT:WP_000207680.1	WP_000207680.1	EW036_RS03140	argG	argininosuccinate synthase	0.0004998375	argG — argininosuccinate synthase	search FASTA description + reference GFF	30.944153794006656
PROT:WP_000208194.1	WP_000208194.1	EW036_RS21910	uxuB	fructuronate reductase	0.0004998375	uxuB — fructuronate reductase	search FASTA description + reference GFF	28.27727492055561
PROT:WP_000208242.1	WP_000208242.1	EW036_RS24480	hslV	ATP-dependent protease subunit HslV	0.0004998375	hslV — ATP-dependent protease subunit HslV	search FASTA description + reference GFF	31.186339658630068
PROT:WP_000208520.1	WP_000208520.1	EW036_RS25380	ilvE	branched-chain-amino-acid transaminase	0.0004998375	ilvE — branched-chain-amino-acid transaminase	search FASTA description + reference GFF	31.278270226457696
PROT:WP_000208757.1	WP_000208757.1	EW036_RS23155	frdC	fumarate reductase subunit FrdC	0.0005052738	frdC — fumarate reductase subunit FrdC	search FASTA description + reference GFF	28.740977237598035
PROT:WP_000209057.1	WP_000209057.1	EW036_RS02925	nanK	N-acetylmannosamine kinase	0.0004998375	nanK — N-acetylmannosamine kinase	search FASTA description + reference GFF	28.477357144241427
PROT:WP_000209513.1	WP_000209513.1	EW036_RS11070	trpB	tryptophan synthase subunit beta	0.0004998375	trpB — tryptophan synthase subunit beta	search FASTA description + reference GFF	32.84614299690393
PROT:WP_000209826.1	WP_000209826.1	EW036_RS24920	fre	NAD(P)H-flavin reductase	0.0004998375	fre — NAD(P)H-flavin reductase	search FASTA description + reference GFF	29.87971269972097
PROT:WP_000210739.1	WP_000210739.1	EW036_RS20520	fabZ	3-hydroxyacyl-ACP dehydratase FabZ	0.0004998375	fabZ — 3-hydroxyacyl-ACP dehydratase FabZ	search FASTA description + reference GFF	31.083262907045512
PROT:WP_000210878.1	WP_000210878.1	EW036_RS05880	pyrG	glutamine hydrolyzing CTP synthase	0.0004998375	pyrG — glutamine hydrolyzing CTP synthase	search FASTA description + reference GFF	33.07713119060762
PROT:WP_000211225.1	WP_000211225.1	EW036_RS22830	fklB	FKBP-type peptidyl-prolyl cis-trans isomerase	0.0004998375	fklB — FKBP-type peptidyl-prolyl cis-trans isomerase	search FASTA description + reference GFF	30.8611897285205
PROT:WP_000211784.1	WP_000211784.1	EW036_RS05850	gudX	enolase C-terminal domain-like protein	0.0004998375	gudX — enolase C-terminal domain-like protein	search FASTA description + reference GFF	26.710453206946745
PROT:WP_000211915.1	WP_000211915.1	EW036_RS05985	cysJ	NADPH-dependent assimilatory sulfite reductase flavoprotein subunit	0.0004998375	cysJ — NADPH-dependent assimilatory sulfite reductase flavoprotein subunit	search FASTA description + reference GFF	30.20202029515304
PROT:WP_000212450.1	WP_000212450.1	EW036_RS03600	ebgR	transcriptional regulator EbgR	0.00049985934	ebgR — transcriptional regulator EbgR	search FASTA description + reference GFF	24.417025600337915
PROT:WP_000212681.1	WP_000212681.1	EW036_RS12615	ydhR	monooxygenase	0.0004998375	ydhR — monooxygenase	search FASTA description + reference GFF	27.47005131063873
PROT:WP_000213098.1	WP_000213098.1	EW036_RS16700	dmsB	dimethylsulfoxide reductase iron-sulfur subunit DmsB	0.0004998375	dmsB — dimethylsulfoxide reductase iron-sulfur subunit DmsB	search FASTA description + reference GFF	27.604230734189613
PROT:WP_000214516.1	WP_000214516.1	EW036_RS10640	cls	cardiolipin synthase	0.0004998375	cls — cardiolipin synthase	search FASTA description + reference GFF	26.980035165409326
PROT:WP_000214712.1	WP_000214712.1	EW036_RS12135	ydfZ	putative selenium delivery protein YdfZ	0.0004998375	ydfZ — putative selenium delivery protein YdfZ	search FASTA description + reference GFF	31.92532474440999
PROT:WP_000215152.1	WP_000215152.1	EW036_RS20725	folK	2-amino-4-hydroxy-6-hydroxymethyldihydropteridine diphosphokinase	0.0004998375	folK — 2-amino-4-hydroxy-6-hydroxymethyldihydropteridine diphosphokinase	search FASTA description + reference GFF	24.830332839526523
PROT:WP_000215549.1	WP_000215549.1	EW036_RS12130	rspR	DNA-binding transcriptional regulator rspR	0.0004998375	rspR — DNA-binding transcriptional regulator rspR	search FASTA description + reference GFF	26.820878183795948
PROT:WP_000217256.1	WP_000217256.1	EW036_RS25275	rffT	TDP-N-acetylfucosamine:lipid II N-acetylfucosaminyltransferase	0.0004998375	rffT — TDP-N-acetylfucosamine:lipid II N-acetylfucosaminyltransferase	search FASTA description + reference GFF	23.643972115298684
PROT:WP_000217950.1	WP_000217950.1	EW036_RS12395	ydgT	transcription modulator YdgT	0.0004998375	ydgT — transcription modulator YdgT	search FASTA description + reference GFF	27.76145279337493
PROT:WP_000218217.1	WP_000218217.1	EW036_RS14390	hchA	glyoxalase III HchA	0.0004998375	hchA — glyoxalase III HchA	search FASTA description + reference GFF	33.05467189653485
PROT:WP_000218480.1	WP_000218480.1	EW036_RS05060	epd	erythrose-4-phosphate dehydrogenase	0.0004998375	epd — erythrose-4-phosphate dehydrogenase	search FASTA description + reference GFF	28.396856338941102
PROT:WP_000219193.1	WP_000219193.1	EW036_RS06750	srmB	ATP-dependent RNA helicase SrmB	0.0004998375	srmB — ATP-dependent RNA helicase SrmB	search FASTA description + reference GFF	31.51972584872383
PROT:WP_000219391.1	WP_000219391.1	EW036_RS26210		Mph(A) family macrolide 2'-phosphotransferase	0.0004998375	EW036_RS26210 — Mph(A) family macrolide 2'-phosphotransferase	search FASTA description + reference GFF	31.63242802984827
PROT:WP_000219684.1	WP_000219684.1	EW036_RS13175	yeaH	YeaH/YhbH family protein	0.0004998375	yeaH — YeaH/YhbH family protein	search FASTA description + reference GFF	27.207620494120214
PROT:WP_000224099.1	WP_000224099.1	EW036_RS02995	lptB	LPS export ABC transporter ATP-binding protein	0.0004998375	lptB — LPS export ABC transporter ATP-binding protein	search FASTA description + reference GFF	30.134267290815448
PROT:WP_000224299.1	WP_000224299.1	EW036_RS08760	ycbX	6-N-hydroxylaminopurine resistance protein YcbX	0.0004998375	ycbX — 6-N-hydroxylaminopurine resistance protein YcbX	search FASTA description + reference GFF	28.227446042684743
PROT:WP_000224573.1	WP_000224573.1	EW036_RS20565	pyrH	UMP kinase	0.0004998375	pyrH — UMP kinase	search FASTA description + reference GFF	30.95681265719099
PROT:WP_000224714.1	WP_000224714.1	EW036_RS02910	nanA	N-acetylneuraminate lyase	0.0004998375	nanA — N-acetylneuraminate lyase	search FASTA description + reference GFF	28.34556508493644
PROT:WP_000224749.1	WP_000224749.1	EW036_RS13975		ImmA/IrrE family metallo-endopeptidase	0.0004998375	EW036_RS13975 — ImmA/IrrE family metallo-endopeptidase	search FASTA description + reference GFF	25.84701668854292
PROT:WP_000224879.1	WP_000224879.1	EW036_RS21595	deoD	purine-nucleoside phosphorylase	0.0004998375	deoD — purine-nucleoside phosphorylase	search FASTA description + reference GFF	33.591276052467954
PROT:WP_000225212.1	WP_000225212.1	EW036_RS06635	tyrA	bifunctional chorismate mutase/prephenate dehydrogenase	0.0004998375	tyrA — bifunctional chorismate mutase/prephenate dehydrogenase	search FASTA description + reference GFF	23.804081764121797
PROT:WP_000225276.1	WP_000225276.1	EW036_RS12225	mlc	sugar metabolism global transcriptional regulator Mlc	0.0004998375	mlc — sugar metabolism global transcriptional regulator Mlc	search FASTA description + reference GFF	26.359987517913517
PROT:WP_000226409.1	WP_000226409.1	EW036_RS24040	iclR	glyoxylate bypass operon transcriptional repressor IclR	0.0004998375	iclR — glyoxylate bypass operon transcriptional repressor IclR	search FASTA description + reference GFF	25.99322413746614
PROT:WP_000226815.1	WP_000226815.1	EW036_RS05870	relA	GTP diphosphokinase	0.0004998375	relA — GTP diphosphokinase	search FASTA description + reference GFF	30.368690727818954
PROT:WP_000227926.1	WP_000227926.1	EW036_RS08795	fabA	bifunctional 3-hydroxydecanoyl-ACP dehydratase/trans-2-decenoyl-ACP isomerase	0.0004998375	fabA — bifunctional 3-hydroxydecanoyl-ACP dehydratase/trans-2-decenoyl-ACP isomerase	search FASTA description + reference GFF	30.970702917150323
PROT:WP_000227959.1	WP_000227959.1	EW036_RS24965	ubiE	bifunctional demethylmenaquinone methyltransferase/2-methoxy-6-polyprenyl-1,4-benzoquinol methylase UbiE	0.0004998375	ubiE — bifunctional demethylmenaquinone methyltransferase/2-methoxy-6-polyprenyl-1,4-benzoquinol methylase UbiE	search FASTA description + reference GFF	30.795885942982867
PROT:WP_000228473.1	WP_000228473.1	EW036_RS17000	lrp	leucine-responsive transcriptional regulator Lrp	0.0004998375	lrp — leucine-responsive transcriptional regulator Lrp	search FASTA description + reference GFF	30.05292099601704
PROT:WP_000228655.1	WP_000228655.1	EW036_RS13345	manZ	PTS mannose transporter subunit IID	0.0004998375	manZ — PTS mannose transporter subunit IID	search FASTA description + reference GFF	29.513548334122003
PROT:WP_000228937.1	WP_000228937.1	EW036_RS03640	mug	G/U mismatch-specific DNA glycosylase	0.0004998375	mug — G/U mismatch-specific DNA glycosylase	search FASTA description + reference GFF	30.627596184576024
PROT:WP_000229741.1	WP_000229741.1	EW036_RS19975		HsdM family class I SAM-dependent methyltransferase	0.0004998375	EW036_RS19975 — HsdM family class I SAM-dependent methyltransferase	search FASTA description + reference GFF	29.299672615382992
PROT:WP_000234823.1	WP_000234823.1	EW036_RS10140	fadR	fatty acid metabolism transcriptional regulator FadR	0.0004998375	fadR — fatty acid metabolism transcriptional regulator FadR	search FASTA description + reference GFF	27.111507311915503
PROT:WP_000235538.1	WP_000235538.1	EW036_RS23840	qorA	quinone oxidoreductase	0.0004998375	qorA — quinone oxidoreductase	search FASTA description + reference GFF	31.78362710127055
PROT:WP_000236275.1	WP_000236275.1	EW036_RS01810	yhhX	oxidoreductase	0.0004998375	yhhX — oxidoreductase	search FASTA description + reference GFF	30.908992696810955
PROT:WP_000236495.1	WP_000236495.1	EW036_RS16815		hypothetical protein	0.0004998375	EW036_RS16815 — hypothetical protein	search FASTA description + reference GFF	29.57159572059398
PROT:WP_000239170.1	WP_000239170.1	EW036_RS20455	nlpE	envelope stress response activation lipoprotein NlpE	0.0004998375	nlpE — envelope stress response activation lipoprotein NlpE	search FASTA description + reference GFF	28.69754605156182
PROT:WP_000239596.1	WP_000239596.1	EW036_RS23180	ecnB	lipoprotein toxin entericidin B	0.0004998375	ecnB — lipoprotein toxin entericidin B	search FASTA description + reference GFF	30.009134241327157
PROT:WP_000239730.1	WP_000239730.1	EW036_RS25715	rnpA	ribonuclease P protein component	0.0004998375	rnpA — ribonuclease P protein component	search FASTA description + reference GFF	26.04166990220294
PROT:WP_000241227.1	WP_000241227.1	EW036_RS21225	pdxA	4-hydroxythreonine-4-phosphate dehydrogenase PdxA	0.0004998375	pdxA — 4-hydroxythreonine-4-phosphate dehydrogenase PdxA	search FASTA description + reference GFF	28.75114193949685
PROT:WP_000241659.1	WP_000241659.1	EW036_RS21485	thrB	homoserine kinase	0.0004998375	thrB — homoserine kinase	search FASTA description + reference GFF	27.096483147021747
PROT:WP_000242755.1	WP_000242755.1	EW036_RS02215	crp	cAMP-activated global transcriptional regulator CRP	0.0004998375	crp — cAMP-activated global transcriptional regulator CRP	search FASTA description + reference GFF	31.910437096346797
PROT:WP_000243741.1	WP_000243741.1	EW036_RS02975	rapZ	RNase adapter RapZ	0.0004998375	rapZ — RNase adapter RapZ	search FASTA description + reference GFF	30.335561401000145
PROT:WP_000246011.1	WP_000246011.1	EW036_RS11930	gadC	acid resistance gamma-aminobutyrate antiporter GadC	0.0004998375	gadC — acid resistance gamma-aminobutyrate antiporter GadC	search FASTA description + reference GFF	34.22225314516921
PROT:WP_000246149.1	WP_000246149.1	EW036_RS06040	ispD	2-C-methyl-D-erythritol 4-phosphate cytidylyltransferase	0.0004998375	ispD — 2-C-methyl-D-erythritol 4-phosphate cytidylyltransferase	search FASTA description + reference GFF	27.04929629069756
PROT:WP_000246815.1	WP_000246815.1	EW036_RS02295	rpsL	30S ribosomal protein S12	0.0004998375	rpsL — 30S ribosomal protein S12	search FASTA description + reference GFF	31.86169392928962
PROT:WP_000246882.1	WP_000246882.1	EW036_RS20575	rpsB	30S ribosomal protein S2	0.0004998375	rpsB — 30S ribosomal protein S2	search FASTA description + reference GFF	35.325582566974376
PROT:WP_000247881.1	WP_000247881.1	EW036_RS08065	nuoC	NADH-quinone oxidoreductase subunit C/D	0.0004998375	nuoC — NADH-quinone oxidoreductase subunit C/D	search FASTA description + reference GFF	32.96554596572398
PROT:WP_000249175.1	WP_000249175.1	EW036_RS03270	lpoA	penicillin-binding protein activator LpoA	0.0004998375	lpoA — penicillin-binding protein activator LpoA	search FASTA description + reference GFF	30.706135789881827
PROT:WP_000249371.1	WP_000249371.1	EW036_RS04225	gspE	type II secretion system ATPase GspE	0.009807684	gspE — type II secretion system ATPase GspE	search FASTA description + reference GFF	28.109069137235146
PROT:WP_000249989.1	WP_000249989.1	EW036_RS24825	polA	DNA polymerase I	0.0004998375	polA — DNA polymerase I	search FASTA description + reference GFF	31.84196536210208
PROT:WP_000250227.1	WP_000250227.1	EW036_RS22255		hypothetical protein	0.0004998375	EW036_RS22255 — hypothetical protein	search FASTA description + reference GFF	24.558790173981368
PROT:WP_000250634.1	WP_000250634.1	EW036_RS12505	ydhF	aldo/keto reductase	0.0004998375	ydhF — aldo/keto reductase	search FASTA description + reference GFF	29.960132254730823
PROT:WP_000251758.1	WP_000251758.1	EW036_RS12870	pfkB	6-phosphofructokinase II	0.0004998375	pfkB — 6-phosphofructokinase II	search FASTA description + reference GFF	32.41886751685373
PROT:WP_000252401.1	WP_000252401.1	EW036_RS12960	cho	excinuclease Cho	0.0037620205	cho — excinuclease Cho	search FASTA description + reference GFF	21.043095057107266
PROT:WP_000253971.1	WP_000253971.1	EW036_RS01865	glgC	glucose-1-phosphate adenylyltransferase	0.0004998375	glgC — glucose-1-phosphate adenylyltransferase	search FASTA description + reference GFF	31.10729628707253
PROT:WP_000254365.1	WP_000254365.1	EW036_RS17845	sdhD	succinate dehydrogenase membrane anchor subunit	0.0004998375	sdhD — succinate dehydrogenase membrane anchor subunit	search FASTA description + reference GFF	26.07224351011566
PROT:WP_000254708.1	WP_000254708.1	EW036_RS06060	pcm	protein-L-isoaspartate O-methyltransferase	0.00077907747	pcm — protein-L-isoaspartate O-methyltransferase	search FASTA description + reference GFF	25.6307136844484
PROT:WP_000254839.1	WP_000254839.1	EW036_RS07455	cysZ	sulfate transporter CysZ	0.0005251891	cysZ — sulfate transporter CysZ	search FASTA description + reference GFF	24.43435472454006
PROT:WP_000255034.1	WP_000255034.1	EW036_RS15965	mglA	galactose/methyl galactoside ABC transporter ATP-binding protein MglA	0.0004998375	mglA — galactose/methyl galactoside ABC transporter ATP-binding protein MglA	search FASTA description + reference GFF	27.37393135673983
PROT:WP_000255987.1	WP_000255987.1	EW036_RS18760	ppiB	peptidylprolyl isomerase B	0.0004998375	ppiB — peptidylprolyl isomerase B	search FASTA description + reference GFF	33.03237483886716
PROT:WP_000256203.1	WP_000256203.1	EW036_RS16165	yejM	LPS biosynthesis-modulating metalloenzyme YejM	0.0004998375	yejM — LPS biosynthesis-modulating metalloenzyme YejM	search FASTA description + reference GFF	25.73005792025945
PROT:WP_000256450.1	WP_000256450.1	EW036_RS06590	rpsP	30S ribosomal protein S16	0.0004998375	rpsP — 30S ribosomal protein S16	search FASTA description + reference GFF	34.71904401072689
PROT:WP_000257181.1	WP_000257181.1	EW036_RS21240	apaH	bis(5'-nucleosyl)-tetraphosphatase (symmetrical) ApaH	0.0004998375	apaH — bis(5'-nucleosyl)-tetraphosphatase (symmetrical) ApaH	search FASTA description + reference GFF	27.404162964729828
PROT:WP_000257278.1	WP_000257278.1	EW036_RS23190	efp	elongation factor P	0.0004998375	efp — elongation factor P	search FASTA description + reference GFF	31.650324737335875
PROT:WP_000257293.1	WP_000257293.1	EW036_RS02895	sspA	stringent starvation protein SspA	0.0004998375	sspA — stringent starvation protein SspA	search FASTA description + reference GFF	33.40077253684449
PROT:WP_000257409.1	WP_000257409.1	EW036_RS12050	glsB	glutaminase B	0.0004998375	glsB — glutaminase B	search FASTA description + reference GFF	23.64774406378368
PROT:WP_000257738.1	WP_000257738.1	EW036_RS13495	yebG	DNA damage-inducible protein YebG	0.0004998375	yebG — DNA damage-inducible protein YebG	search FASTA description + reference GFF	26.05396687545728
PROT:WP_000258253.1	WP_000258253.1	EW036_RS07215	yffB	ArsC family reductase	0.0004998375	yffB — ArsC family reductase	search FASTA description + reference GFF	29.083758156863755
PROT:WP_000259031.1	WP_000259031.1	EW036_RS26155	sul1	sulfonamide-resistant dihydropteroate synthase Sul1	0.0004998375	sul1 — sulfonamide-resistant dihydropteroate synthase Sul1	search FASTA description + reference GFF	26.84688549634156
PROT:WP_000262171.1	WP_000262171.1	EW036_RS04025	gpr	L-glyceraldehyde 3-phosphate reductase	0.0004998375	gpr — L-glyceraldehyde 3-phosphate reductase	search FASTA description + reference GFF	29.492000774770684
PROT:WP_000262536.1	WP_000262536.1	EW036_RS15385		glycosyltransferase	0.0017134635	EW036_RS15385 — glycosyltransferase	search FASTA description + reference GFF	23.57487883964476
PROT:WP_000263098.1	WP_000263098.1	EW036_RS24190	rpoB	DNA-directed RNA polymerase subunit beta	0.0004998375	rpoB — DNA-directed RNA polymerase subunit beta	search FASTA description + reference GFF	35.69122882965693
PROT:WP_000263355.1	WP_000263355.1	EW036_RS17850	sdhC	succinate dehydrogenase cytochrome b556 subunit	0.0004998375	sdhC — succinate dehydrogenase cytochrome b556 subunit	search FASTA description + reference GFF	27.019247153893534
PROT:WP_000263563.1	WP_000263563.1	EW036_RS08915	appC	cytochrome bd-II oxidase subunit 1	0.0004998375	appC — cytochrome bd-II oxidase subunit 1	search FASTA description + reference GFF	29.168958264280107
PROT:WP_000264790.1	WP_000264790.1	EW036_RS06600	trmD	tRNA (guanosine(37)-N1)-methyltransferase TrmD	0.0004998375	trmD — tRNA (guanosine(37)-N1)-methyltransferase TrmD	search FASTA description + reference GFF	26.234091050304908
PROT:WP_000265933.1	WP_000265933.1	EW036_RS22740	ytfQ	galactofuranose ABC transporter substrate-binding protein YtfQ	0.0004998375	ytfQ — galactofuranose ABC transporter substrate-binding protein YtfQ	search FASTA description + reference GFF	31.487931433168164
PROT:WP_000267670.1	WP_000267670.1	EW036_RS12880	yniA	fructosamine kinase family protein	0.0004998375	yniA — fructosamine kinase family protein	search FASTA description + reference GFF	31.053385839778795
PROT:WP_000270369.1	WP_000270369.1	EW036_RS23735	yjbQ	secondary thiamine-phosphate synthase enzyme YjbQ	0.0004998375	yjbQ — secondary thiamine-phosphate synthase enzyme YjbQ	search FASTA description + reference GFF	29.272903092791054
PROT:WP_000271154.1	WP_000271154.1	EW036_RS18115	nagA	N-acetylglucosamine-6-phosphate deacetylase	0.0004998375	nagA — N-acetylglucosamine-6-phosphate deacetylase	search FASTA description + reference GFF	30.93617596236641
PROT:WP_000271401.1	WP_000271401.1	EW036_RS03070	rplU	50S ribosomal protein L21	0.0004998375	rplU — 50S ribosomal protein L21	search FASTA description + reference GFF	32.36825947863872
PROT:WP_000271888.1	WP_000271888.1	EW036_RS06515	lhgO	L-2-hydroxyglutarate oxidase	0.0005135656	lhgO — L-2-hydroxyglutarate oxidase	search FASTA description + reference GFF	25.20615916446472
PROT:WP_000272188.1	WP_000272188.1	EW036_RS20595	yaeH	DUF3461 family protein	0.0004998375	yaeH — DUF3461 family protein	search FASTA description + reference GFF	32.31097410110806
PROT:WP_000273309.1	WP_000273309.1	EW036_RS06355	yqaB	fructose-1-phosphate/6-phosphogluconate phosphatase	0.0004998375	yqaB — fructose-1-phosphate/6-phosphogluconate phosphatase	search FASTA description + reference GFF	25.05755796055235
PROT:WP_000275338.1	WP_000275338.1	EW036_RS01120	xylB	xylulokinase	0.0004998375	xylB — xylulokinase	search FASTA description + reference GFF	26.22459315805068
PROT:WP_000279551.1	WP_000279551.1	EW036_RS01300	bcsQ	cellulose biosynthesis protein BcsQ	0.0004998375	bcsQ — cellulose biosynthesis protein BcsQ	search FASTA description + reference GFF	23.737109012298102
PROT:WP_000279730.1	WP_000279730.1	EW036_RS12675	sufE	cysteine desulfuration protein SufE	0.0004998375	sufE — cysteine desulfuration protein SufE	search FASTA description + reference GFF	27.315990559240404
PROT:WP_000280473.1	WP_000280473.1	EW036_RS00700	spoT	bifunctional GTP diphosphokinase/guanosine-3',5'-bis pyrophosphate 3'-pyrophosphohydrolase	0.0004998375	spoT — bifunctional GTP diphosphokinase/guanosine-3',5'-bis pyrophosphate 3'-pyrophosphohydrolase	search FASTA description + reference GFF	26.913627393711767
PROT:WP_000281682.1	WP_000281682.1	EW036_RS25200	cyaA	class I adenylate cyclase	0.0004998375	cyaA — class I adenylate cyclase	search FASTA description + reference GFF	24.310174223348778
PROT:WP_000283670.1	WP_000283670.1	EW036_RS09135	ycdX	zinc-binding phosphatase	0.0004998375	ycdX — zinc-binding phosphatase	search FASTA description + reference GFF	26.797732287062203
PROT:WP_000284040.1	WP_000284040.1	EW036_RS18330	lipB	lipoyl(octanoyl) transferase LipB	0.0004998375	lipB — lipoyl(octanoyl) transferase LipB	search FASTA description + reference GFF	26.65720970323176
PROT:WP_000284050.1	WP_000284050.1	EW036_RS20315	lpcA	D-sedoheptulose 7-phosphate isomerase	0.0004998375	lpcA — D-sedoheptulose 7-phosphate isomerase	search FASTA description + reference GFF	31.759259043428727
PROT:WP_000284278.1	WP_000284278.1	EW036_RS10105	ycgM	fumarylacetoacetate hydrolase family protein	0.0004998375	ycgM — fumarylacetoacetate hydrolase family protein	search FASTA description + reference GFF	27.943434103646204
PROT:WP_000284714.1	WP_000284714.1	EW036_RS09540	lolC	lipoprotein-releasing ABC transporter permease subunit LolC	0.0004998375	lolC — lipoprotein-releasing ABC transporter permease subunit LolC	search FASTA description + reference GFF	25.73145665355973
PROT:WP_000285360.1	WP_000285360.1	EW036_RS25090	yigL	sugar/pyridoxal phosphate phosphatase YigL	0.0004998375	yigL — sugar/pyridoxal phosphate phosphatase YigL	search FASTA description + reference GFF	28.27624245670305
PROT:WP_000287253.1	WP_000287253.1	EW036_RS07760		sce7725 family protein	0.0004998375	EW036_RS07760 — sce7725 family protein	search FASTA description + reference GFF	31.297536312282887
PROT:WP_000288138.1	WP_000288138.1	EW036_RS09415	fabH	beta-ketoacyl-ACP synthase III	0.0004998375	fabH — beta-ketoacyl-ACP synthase III	search FASTA description + reference GFF	31.64079967449876
PROT:WP_000290263.1	WP_000290263.1	EW036_RS07400	cysP	thiosulfate/sulfate ABC transporter substrate-binding protein CysP	0.0004998375	cysP — thiosulfate/sulfate ABC transporter substrate-binding protein CysP	search FASTA description + reference GFF	30.60203156746225
PROT:WP_000290577.1	WP_000290577.1	EW036_RS13280	yeaY	Slp family lipoprotein YeaY	0.0004998375	yeaY — Slp family lipoprotein YeaY	search FASTA description + reference GFF	29.687011112985587
PROT:WP_000290727.1	WP_000290727.1	EW036_RS09405	rpmF	50S ribosomal protein L32	0.0004998375	rpmF — 50S ribosomal protein L32	search FASTA description + reference GFF	33.07401883772833
PROT:WP_000291272.1	WP_000291272.1	EW036_RS09555	nagK	N-acetylglucosamine kinase	0.0004998375	nagK — N-acetylglucosamine kinase	search FASTA description + reference GFF	27.9517836568039
PROT:WP_000301062.1	WP_000301062.1	EW036_RS06130		TOBE domain-containing protein	0.0016011582	EW036_RS06130 — TOBE domain-containing protein	search FASTA description + reference GFF	23.516828083943143
PROT:WP_000301660.1	WP_000301660.1	EW036_RS10600	adhE	bifunctional acetaldehyde-CoA/alcohol dehydrogenase	0.0004998375	adhE — bifunctional acetaldehyde-CoA/alcohol dehydrogenase	search FASTA description + reference GFF	35.64889814640509
PROT:WP_000301727.1	WP_000301727.1	EW036_RS13515	zwf	glucose-6-phosphate dehydrogenase	0.0004998375	zwf — glucose-6-phosphate dehydrogenase	search FASTA description + reference GFF	32.390967537344174
PROT:WP_000301864.1	WP_000301864.1	EW036_RS02420	rplB	50S ribosomal protein L2	0.0004998375	rplB — 50S ribosomal protein L2	search FASTA description + reference GFF	36.21221965055128
PROT:WP_000312479.1	WP_000312479.1	EW036_RS23045	hflK	FtsH protease activity modulator HflK	0.0004998375	hflK — FtsH protease activity modulator HflK	search FASTA description + reference GFF	32.62550750558562
PROT:WP_000323555.1	WP_000323555.1	EW036_RS24525	uspD	universal stress protein UspD	0.0004998375	uspD — universal stress protein UspD	search FASTA description + reference GFF	32.51293057689413
PROT:WP_000323571.1	WP_000323571.1	EW036_RS01540	uspA	universal stress protein UspA	0.0004998375	uspA — universal stress protein UspA	search FASTA description + reference GFF	33.983814365305754
PROT:WP_000331383.1	WP_000331383.1	EW036_RS24660	fdoH	formate dehydrogenase O subunit beta	0.0004998375	fdoH — formate dehydrogenase O subunit beta	search FASTA description + reference GFF	27.59810645222635
PROT:WP_000331456.1	WP_000331456.1	EW036_RS22820	ytfE	iron-sulfur cluster repair protein YtfE	0.0004998375	ytfE — iron-sulfur cluster repair protein YtfE	search FASTA description + reference GFF	30.128241526909264
PROT:WP_000331707.1	WP_000331707.1	EW036_RS06965	iscU	Fe-S cluster assembly scaffold IscU	0.0004998375	iscU — Fe-S cluster assembly scaffold IscU	search FASTA description + reference GFF	29.615151828479355
PROT:WP_000331776.1	WP_000331776.1	EW036_RS20875	pdhR	pyruvate dehydrogenase complex transcriptional repressor PdhR	0.0004998375	pdhR — pyruvate dehydrogenase complex transcriptional repressor PdhR	search FASTA description + reference GFF	25.859268269044524
PROT:WP_000332036.1	WP_000332036.1	EW036_RS08305	nrdB	class Ia ribonucleoside-diphosphate reductase subunit beta	0.0004998375	nrdB — class Ia ribonucleoside-diphosphate reductase subunit beta	search FASTA description + reference GFF	31.24708046761927
PROT:WP_000333380.1	WP_000333380.1	EW036_RS20310	yafJ	class II glutamine amidotransferase	0.0004998375	yafJ — class II glutamine amidotransferase	search FASTA description + reference GFF	29.349294945034547
PROT:WP_000334086.1	WP_000334086.1	EW036_RS25585	glmS	glutamine--fructose-6-phosphate transaminase (isomerizing)	0.0004998375	glmS — glutamine--fructose-6-phosphate transaminase (isomerizing)	search FASTA description + reference GFF	33.20436408234839
PROT:WP_000334229.1	WP_000334229.1	EW036_RS07940	purF	amidophosphoribosyltransferase	0.0004998375	purF — amidophosphoribosyltransferase	search FASTA description + reference GFF	32.42412870709546
PROT:WP_000337077.1	WP_000337077.1	EW036_RS18130	asnB	asparagine synthase B	0.0004998375	asnB — asparagine synthase B	search FASTA description + reference GFF	34.38528158446124
PROT:WP_000337665.1	WP_000337665.1	EW036_RS06155	hypB	hydrogenase nickel incorporation protein HypB	0.0004998375	hypB — hydrogenase nickel incorporation protein HypB	search FASTA description + reference GFF	29.14901838056133
PROT:WP_000339292.1	WP_000339292.1	EW036_RS13075	ydjA	NAD(P)H nitroreductase	0.0004998375	ydjA — NAD(P)H nitroreductase	search FASTA description + reference GFF	31.291573495001813
PROT:WP_000339804.1	WP_000339804.1	EW036_RS24925	ubiD	4-hydroxy-3-polyprenylbenzoate decarboxylase	0.0004998375	ubiD — 4-hydroxy-3-polyprenylbenzoate decarboxylase	search FASTA description + reference GFF	28.527534457238275
PROT:WP_000342643.1	WP_000342643.1	EW036_RS07260	maeB	NADP-dependent oxaloacetate-decarboxylating malate dehydrogenase	0.0004998375	maeB — NADP-dependent oxaloacetate-decarboxylating malate dehydrogenase	search FASTA description + reference GFF	33.18958983487519
PROT:WP_000343172.1	WP_000343172.1	EW036_RS02085	damX	cell division protein DamX	0.0004998375	damX — cell division protein DamX	search FASTA description + reference GFF	30.75274557184765
PROT:WP_000347720.1	WP_000347720.1	EW036_RS24970	rmuC	DNA recombination protein RmuC	0.0004998375	rmuC — DNA recombination protein RmuC	search FASTA description + reference GFF	23.505713724008423
PROT:WP_000349860.1	WP_000349860.1	EW036_RS02160	cysG	siroheme synthase CysG	0.0004998375	cysG — siroheme synthase CysG	search FASTA description + reference GFF	28.23298727808668
PROT:WP_000350265.1	WP_000350265.1	EW036_RS22455	rbsK	ribokinase	0.0004998375	rbsK — ribokinase	search FASTA description + reference GFF	25.384917085178163
PROT:WP_000351279.1	WP_000351279.1	EW036_RS09130	ghrA	glyoxylate/hydroxypyruvate reductase GhrA	0.0004998375	ghrA — glyoxylate/hydroxypyruvate reductase GhrA	search FASTA description + reference GFF	27.21659339148949
PROT:WP_000351450.1	WP_000351450.1	EW036_RS18650	nfsB	oxygen-insensitive NAD(P)H nitroreductase	0.0004998375	nfsB — oxygen-insensitive NAD(P)H nitroreductase	search FASTA description + reference GFF	28.704379809569204
PROT:WP_000354249.1	WP_000354249.1	EW036_RS22025	yjhP	SAM-dependent methyltransferase	0.0004998375	yjhP — SAM-dependent methyltransferase	search FASTA description + reference GFF	24.961205684861053
PROT:WP_000354622.1	WP_000354622.1	EW036_RS02770	accB	acetyl-CoA carboxylase biotin carboxyl carrier protein	0.0004998375	accB — acetyl-CoA carboxylase biotin carboxyl carrier protein	search FASTA description + reference GFF	30.94754699441345
PROT:WP_000357259.1	WP_000357259.1	EW036_RS03055	murA	UDP-N-acetylglucosamine 1-carboxyvinyltransferase	0.0004998375	murA — UDP-N-acetylglucosamine 1-carboxyvinyltransferase	search FASTA description + reference GFF	30.423039705721852
PROT:WP_000357755.1	WP_000357755.1	EW036_RS23725	uvrA	excinuclease ABC subunit UvrA	0.0004998375	uvrA — excinuclease ABC subunit UvrA	search FASTA description + reference GFF	30.403697527479395
PROT:WP_000358930.1	WP_000358930.1	EW036_RS11935	gadB	glutamate decarboxylase	0.0004998375	gadB — glutamate decarboxylase	search FASTA description + reference GFF	34.487363187394386
PROT:WP_000358960.1	WP_000358960.1	EW036_RS02485	rplR	50S ribosomal protein L18	0.0004998375	rplR — 50S ribosomal protein L18	search FASTA description + reference GFF	32.78003473515901
PROT:WP_000359446.1	WP_000359446.1	EW036_RS09595	pepT	peptidase T	0.0004998375	pepT — peptidase T	search FASTA description + reference GFF	32.06494818420208
PROT:WP_000360408.1	WP_000360408.1	EW036_RS00785	rfaQ	lipopolysaccharide core heptosyltransferase RfaQ	0.0004998375	rfaQ — lipopolysaccharide core heptosyltransferase RfaQ	search FASTA description + reference GFF	27.825774743592348
PROT:WP_000360948.1	WP_000360948.1	EW036_RS18645	ybdF	MmcQ/YjbR family DNA-binding protein	0.0004998375	ybdF — MmcQ/YjbR family DNA-binding protein	search FASTA description + reference GFF	28.18625082292105
PROT:WP_000361455.1	WP_000361455.1	EW036_RS01570	yhiI	HlyD family secretion protein	0.0004998375	yhiI — HlyD family secretion protein	search FASTA description + reference GFF	30.880245172619144
PROT:WP_000362153.1	WP_000362153.1	EW036_RS14695		hypothetical protein	0.0004998375	EW036_RS14695 — hypothetical protein	search FASTA description + reference GFF	26.3323659782769
PROT:WP_000362389.1	WP_000362389.1	EW036_RS24135	nfi	deoxyribonuclease V	0.0004998375	nfi — deoxyribonuclease V	search FASTA description + reference GFF	23.24353454425207
PROT:WP_000365762.1	WP_000365762.1	EW036_RS25365	ilvY	HTH-type transcriptional activator IlvY	0.0005586637	ilvY — HTH-type transcriptional activator IlvY	search FASTA description + reference GFF	23.2804726244076
PROT:WP_000366127.1	WP_000366127.1	EW036_RS02900	sspB	ClpXP protease specificity-enhancing factor	0.0004998375	sspB — ClpXP protease specificity-enhancing factor	search FASTA description + reference GFF	28.91732230810508
PROT:WP_000366620.1	WP_000366620.1	EW036_RS22125		McrB family protein	0.0004998375	EW036_RS22125 — McrB family protein	search FASTA description + reference GFF	28.92549515059901
PROT:WP_000366959.1	WP_000366959.1	EW036_RS10635	yciU	HI1450 family dsDNA-mimic protein	0.0006086741	yciU — HI1450 family dsDNA-mimic protein	search FASTA description + reference GFF	26.745510277549723
PROT:WP_000368046.1	WP_000368046.1	EW036_RS12770	ppsR	posphoenolpyruvate synthetase regulatory kinase/phosphorylase PpsR	0.0004998375	ppsR — posphoenolpyruvate synthetase regulatory kinase/phosphorylase PpsR	search FASTA description + reference GFF	29.771243713299334
PROT:WP_000368123.1	WP_000368123.1	EW036_RS07775	yfdC	formate/nitrite transporter family protein	0.0004998375	yfdC — formate/nitrite transporter family protein	search FASTA description + reference GFF	24.9527450715781
PROT:WP_000368514.1	WP_000368514.1	EW036_RS12975	astE	succinylglutamate desuccinylase	0.0004998375	astE — succinylglutamate desuccinylase	search FASTA description + reference GFF	25.39550724849527
PROT:WP_000369850.1	WP_000369850.1	EW036_RS10845		hypothetical protein	0.0004998375	EW036_RS10845 — hypothetical protein	search FASTA description + reference GFF	28.49564621468663
PROT:WP_000371666.1	WP_000371666.1	EW036_RS21535	robA	MDR efflux pump AcrAB transcriptional activator RobA	0.0004998375	robA — MDR efflux pump AcrAB transcriptional activator RobA	search FASTA description + reference GFF	31.52361793612969
PROT:WP_000371715.1	WP_000371715.1	EW036_RS23345	yjdI	4Fe-4S mono-cluster protein YjdI	0.0004998375	yjdI — 4Fe-4S mono-cluster protein YjdI	search FASTA description + reference GFF	27.583961446954437
PROT:WP_000372240.1	WP_000372240.1	EW036_RS01385	gadA	glutamate decarboxylase	0.0004998375	gadA — glutamate decarboxylase	search FASTA description + reference GFF	33.77126724787128
PROT:WP_000372392.1	WP_000372392.1	EW036_RS06015	cysD	sulfate adenylyltransferase subunit CysD	0.0004998375	cysD — sulfate adenylyltransferase subunit CysD	search FASTA description + reference GFF	27.155819082813498
PROT:WP_000373044.1	WP_000373044.1	EW036_RS13060	gdhA	NADP-specific glutamate dehydrogenase	0.0004998375	gdhA — NADP-specific glutamate dehydrogenase	search FASTA description + reference GFF	28.882497178286748
PROT:WP_000373366.1	WP_000373366.1	EW036_RS22090	yjhU	sugar-binding transcriptional regulator	0.0004998375	yjhU — sugar-binding transcriptional regulator	search FASTA description + reference GFF	29.248060620900088
PROT:WP_000373624.1	WP_000373624.1	EW036_RS17515	ybhL	Bax inhibitor-1/YccA family protein	0.00086613843	ybhL — Bax inhibitor-1/YccA family protein	search FASTA description + reference GFF	24.31838352529639
PROT:WP_000373941.1	WP_000373941.1	EW036_RS24145	nudC	NAD(+) diphosphatase	0.0004998375	nudC — NAD(+) diphosphatase	search FASTA description + reference GFF	24.90924332415947
PROT:WP_000374004.1	WP_000374004.1	EW036_RS24405	gldA	bifunctional L-1,2-propanediol dehydrogenase/glycerol dehydrogenase	0.0004998375	gldA — bifunctional L-1,2-propanediol dehydrogenase/glycerol dehydrogenase	search FASTA description + reference GFF	33.68133945492101
PROT:WP_000375944.1	WP_000375944.1	EW036_RS11665	opgD	glucan biosynthesis protein OpgD	0.0004998375	opgD — glucan biosynthesis protein OpgD	search FASTA description + reference GFF	29.342749242856577
PROT:WP_000376337.1	WP_000376337.1	EW036_RS07560	nupC	nucleoside permease NupC	0.0004998375	nupC — nucleoside permease NupC	search FASTA description + reference GFF	31.21796526574572
PROT:WP_000376840.1	WP_000376840.1	EW036_RS00815	rfaJ	lipopolysaccharide 1,2-glucosyltransferase RfaJ	0.0004998375	rfaJ — lipopolysaccharide 1,2-glucosyltransferase RfaJ	search FASTA description + reference GFF	26.098307860778224
PROT:WP_000377106.1	WP_000377106.1	EW036_RS21260	kefC	glutathione-regulated potassium-efflux system protein KefC	0.0004998375	kefC — glutathione-regulated potassium-efflux system protein KefC	search FASTA description + reference GFF	24.2667506465451
PROT:WP_000377224.1	WP_000377224.1	EW036_RS13780	yecH	YecH family metal-binding protein	0.0004998375	yecH — YecH family metal-binding protein	search FASTA description + reference GFF	26.768816662336107
PROT:WP_000377784.1	WP_000377784.1	EW036_RS25610	phoU	phosphate signaling complex protein PhoU	0.0004998375	phoU — phosphate signaling complex protein PhoU	search FASTA description + reference GFF	30.71686240792527
PROT:WP_000378258.1	WP_000378258.1	EW036_RS25705	yidC	membrane protein insertase YidC	0.0004998375	yidC — membrane protein insertase YidC	search FASTA description + reference GFF	31.06434635412979
PROT:WP_000378443.1	WP_000378443.1	EW036_RS06395	emrR	multidrug efflux transporter EmrAB transcriptional repressor EmrR	0.0004998375	emrR — multidrug efflux transporter EmrAB transcriptional repressor EmrR	search FASTA description + reference GFF	30.21868421509113
PROT:WP_000379257.1	WP_000379257.1	EW036_RS25415	hdfR	HTH-type transcriptional regulator HdfR	0.0004998375	hdfR — HTH-type transcriptional regulator HdfR	search FASTA description + reference GFF	23.852412632281887
PROT:WP_000383407.1	WP_000383407.1	EW036_RS25160	uvrD	DNA helicase II	0.0004998375	uvrD — DNA helicase II	search FASTA description + reference GFF	27.78845658373456
PROT:WP_000384306.1	WP_000384306.1	EW036_RS20845	yacL	protein YacL	0.0004998375	yacL — protein YacL	search FASTA description + reference GFF	27.91515004258349
PROT:WP_000384413.1	WP_000384413.1	EW036_RS06975	hscB	co-chaperone HscB	0.0004998375	hscB — co-chaperone HscB	search FASTA description + reference GFF	25.893427882208226
PROT:WP_000386550.1	WP_000386550.1	EW036_RS17445	ybiB	DNA-binding protein YbiB	0.0004998375	ybiB — DNA-binding protein YbiB	search FASTA description + reference GFF	32.249346875952014
PROT:WP_000386733.1	WP_000386733.1	EW036_RS08060	nuoB	NADH-quinone oxidoreductase subunit NuoB	0.0004998375	nuoB — NADH-quinone oxidoreductase subunit NuoB	search FASTA description + reference GFF	31.255514046345777
PROT:WP_000387388.1	WP_000387388.1	EW036_RS11505	zntB	zinc transporter ZntB	0.0004998375	zntB — zinc transporter ZntB	search FASTA description + reference GFF	27.03255473307436
PROT:WP_000387713.1	WP_000387713.1	EW036_RS07290	eutM	ethanolamine utilization microcompartment protein EutM	0.0004998375	eutM — ethanolamine utilization microcompartment protein EutM	search FASTA description + reference GFF	26.26544832367666
PROT:WP_000389811.1	WP_000389811.1	EW036_RS05075	mscS	small-conductance mechanosensitive channel MscS	0.0004998375	mscS — small-conductance mechanosensitive channel MscS	search FASTA description + reference GFF	30.443581973291465
PROT:WP_000394132.1	WP_000394132.1	EW036_RS04860	ansB	L-asparaginase 2	0.0004998375	ansB — L-asparaginase 2	search FASTA description + reference GFF	33.54367271309465
PROT:WP_000394983.1	WP_000394983.1	EW036_RS13330	yoaE	CNNM family cation transport protein YoaE	0.0004998375	yoaE — CNNM family cation transport protein YoaE	search FASTA description + reference GFF	26.742126999895607
PROT:WP_000397144.1	WP_000397144.1	EW036_RS22585	pepA	leucyl aminopeptidase	0.0004998375	pepA — leucyl aminopeptidase	search FASTA description + reference GFF	32.726739242446506
PROT:WP_000397350.1	WP_000397350.1	EW036_RS17310	moeA	molybdopterin molybdotransferase MoeA	0.0004998375	moeA — molybdopterin molybdotransferase MoeA	search FASTA description + reference GFF	30.64150558909813
PROT:WP_000402206.1	WP_000402206.1	EW036_RS23690	yjcE	Na+/H+ antiporter	0.0009722891	yjcE — Na+/H+ antiporter	search FASTA description + reference GFF	23.30689724887643
PROT:WP_000406012.1	WP_000406012.1	EW036_RS07360	ypeA	GNAT family acetyltransferase	0.0004998375	ypeA — GNAT family acetyltransferase	search FASTA description + reference GFF	27.22483315127281
PROT:WP_000406487.1	WP_000406487.1	EW036_RS03505	exuR	transcriptional regulator ExuR	0.0004998375	exuR — transcriptional regulator ExuR	search FASTA description + reference GFF	28.20960425063046
PROT:WP_000409203.1	WP_000409203.1	EW036_RS07045	yfgM	ancillary SecYEG translocon subunit YfgM	0.0004998375	yfgM — ancillary SecYEG translocon subunit YfgM	search FASTA description + reference GFF	29.873255029849098
PROT:WP_000409419.1	WP_000409419.1	EW036_RS21555	sltY	murein transglycosylase	0.0004998375	sltY — murein transglycosylase	search FASTA description + reference GFF	29.561392503249326
PROT:WP_000410785.1	WP_000410785.1	EW036_RS17045	cspD	cold shock-like protein CspD	0.0004998375	cspD — cold shock-like protein CspD	search FASTA description + reference GFF	26.757931712226863
PROT:WP_000412169.1	WP_000412169.1	EW036_RS12940	chbB	PTS N,N'-diacetylchitobiose transporter subunit IIB	0.0004998375	chbB — PTS N,N'-diacetylchitobiose transporter subunit IIB	search FASTA description + reference GFF	27.776136151380136
PROT:WP_000413686.1	WP_000413686.1	EW036_RS19490	ddlA	D-alanine--D-alanine ligase	0.0004998375	ddlA — D-alanine--D-alanine ligase	search FASTA description + reference GFF	31.10224492025609
PROT:WP_000416264.1	WP_000416264.1	EW036_RS23855	zur	zinc uptake transcriptional repressor Zur	0.0004998375	zur — zinc uptake transcriptional repressor Zur	search FASTA description + reference GFF	27.7788566737756
PROT:WP_000416407.1	WP_000416407.1	EW036_RS22595	valS	valine--tRNA ligase	0.0004998375	valS — valine--tRNA ligase	search FASTA description + reference GFF	33.528502396475474
PROT:WP_000417058.1	WP_000417058.1	EW036_RS20470	yaeP	YaeP family protein	0.0004998375	yaeP — YaeP family protein	search FASTA description + reference GFF	29.5084791399564
PROT:WP_000420117.1	WP_000420117.1	EW036_RS08135	rbn	ribonuclease BN	0.0004998375	rbn — ribonuclease BN	search FASTA description + reference GFF	26.171199036616237
PROT:WP_000420625.1	WP_000420625.1	EW036_RS09000	cbpA	curved DNA-binding protein	0.0004998375	cbpA — curved DNA-binding protein	search FASTA description + reference GFF	32.36533870382566
PROT:WP_000421272.1	WP_000421272.1	EW036_RS26400		type II toxin-antitoxin system RelE/ParE family toxin	0.0004998375	EW036_RS26400 — type II toxin-antitoxin system RelE/ParE family toxin	search FASTA description + reference GFF	27.71985390148277
PROT:WP_000421758.1	WP_000421758.1	EW036_RS24015	pepE	dipeptidase PepE	0.0004998375	pepE — dipeptidase PepE	search FASTA description + reference GFF	30.137702966195796
PROT:WP_000422062.1	WP_000422062.1	EW036_RS11135	sohB	protease SohB	0.0004998375	sohB — protease SohB	search FASTA description + reference GFF	29.083444208915022
PROT:WP_000423736.1	WP_000423736.1	EW036_RS09615	purB	adenylosuccinate lyase	0.0004998375	purB — adenylosuccinate lyase	search FASTA description + reference GFF	32.4890573927554
PROT:WP_000424395.1	WP_000424395.1	EW036_RS02410	rplD	50S ribosomal protein L4	0.0004998375	rplD — 50S ribosomal protein L4	search FASTA description + reference GFF	34.04640462386026
PROT:WP_000425017.1	WP_000425017.1	EW036_RS07800	fadJ	fatty acid oxidation complex subunit alpha FadJ	0.0004998375	fadJ — fatty acid oxidation complex subunit alpha FadJ	search FASTA description + reference GFF	27.49571700627913
PROT:WP_000426124.1	WP_000426124.1	EW036_RS08025	yfbU	YfbU family protein	0.0004998375	yfbU — YfbU family protein	search FASTA description + reference GFF	31.611885731565128
PROT:WP_000426446.1	WP_000426446.1	EW036_RS07695	dsdA	D-serine ammonia-lyase	0.0004998375	dsdA — D-serine ammonia-lyase	search FASTA description + reference GFF	29.3994315134534
PROT:WP_000429656.1	WP_000429656.1	EW036_RS03050	ibaG	BolA family iron metabolism protein IbaG	0.0004998375	ibaG — BolA family iron metabolism protein IbaG	search FASTA description + reference GFF	26.987514149493283
PROT:WP_000431388.1	WP_000431388.1	EW036_RS13410	proQ	RNA chaperone ProQ	0.0004998375	proQ — RNA chaperone ProQ	search FASTA description + reference GFF	29.572080033928703
PROT:WP_000432970.1	WP_000432970.1	EW036_RS25510	asnC	transcriptional regulator AsnC	0.0004998375	asnC — transcriptional regulator AsnC	search FASTA description + reference GFF	25.00182565468521
PROT:WP_000433462.1	WP_000433462.1	EW036_RS11895	maeA	malate dehydrogenase	0.0004998375	maeA — malate dehydrogenase	search FASTA description + reference GFF	31.30469445507321
PROT:WP_000434047.1	WP_000434047.1	EW036_RS15710	yegW	GntR family transcriptional regulator	0.0056161196	yegW — GntR family transcriptional regulator	search FASTA description + reference GFF	24.86568261437201
PROT:WP_000436917.1	WP_000436917.1	EW036_RS08650	ycbJ	YcbJ family phosphotransferase	0.0004998375	ycbJ — YcbJ family phosphotransferase	search FASTA description + reference GFF	27.736274581595616
PROT:WP_000437380.1	WP_000437380.1	EW036_RS03645	rpoD	RNA polymerase sigma factor RpoD	0.0004998375	rpoD — RNA polymerase sigma factor RpoD	search FASTA description + reference GFF	32.61738681287429
PROT:WP_000437935.1	WP_000437935.1	EW036_RS08000	yfcD	NUDIX hydrolase YfcD	0.0004998375	yfcD — NUDIX hydrolase YfcD	search FASTA description + reference GFF	29.1011461379768
PROT:WP_000438245.1	WP_000438245.1	EW036_RS03025	mlaF	phospholipid ABC transporter ATP-binding protein MlaF	0.0004998375	mlaF — phospholipid ABC transporter ATP-binding protein MlaF	search FASTA description + reference GFF	28.71471817184858
PROT:WP_000438582.1	WP_000438582.1	EW036_RS21915	uxuA	mannonate dehydratase	0.0004998375	uxuA — mannonate dehydratase	search FASTA description + reference GFF	31.50889326149889
PROT:WP_000438655.1	WP_000438655.1	EW036_RS03960		FadR/GntR family transcriptional regulator	0.0004998375	EW036_RS03960 — FadR/GntR family transcriptional regulator	search FASTA description + reference GFF	27.394051172046648
PROT:WP_000438747.1	WP_000438747.1	EW036_RS24915	fadA	acetyl-CoA C-acyltransferase FadA	0.0004998375	fadA — acetyl-CoA C-acyltransferase FadA	search FASTA description + reference GFF	28.055217670262085
PROT:WP_000438947.1	WP_000438947.1	EW036_RS01195	tag	DNA-3-methyladenine glycosylase I	0.0004998375	tag — DNA-3-methyladenine glycosylase I	search FASTA description + reference GFF	24.594607512084483
PROT:WP_000439159.1	WP_000439159.1	EW036_RS01555	yhiN	NAD(P)/FAD-dependent oxidoreductase	0.00050063676	yhiN — NAD(P)/FAD-dependent oxidoreductase	search FASTA description + reference GFF	25.37422715346455
PROT:WP_000439331.1	WP_000439331.1	EW036_RS04020	yqhA	TIGR00645 family protein	0.0004998375	yqhA — TIGR00645 family protein	search FASTA description + reference GFF	24.763585206302132
PROT:WP_000439434.1	WP_000439434.1	EW036_RS26000	pemK-mt	type II toxin-antitoxin system toxin endoribonuclease PemK-mt	0.0004998375	pemK-mt — type II toxin-antitoxin system toxin endoribonuclease PemK-mt	search FASTA description + reference GFF	29.801518604869948
PROT:WP_000439857.1	WP_000439857.1	EW036_RS02080	aroB	3-dehydroquinate synthase	0.0004998375	aroB — 3-dehydroquinate synthase	search FASTA description + reference GFF	30.51738202412493
PROT:WP_000440185.1	WP_000440185.1	EW036_RS22510		PdxA family dehydrogenase	0.0004998375	EW036_RS22510 — PdxA family dehydrogenase	search FASTA description + reference GFF	28.48997716824825
PROT:WP_000440317.1	WP_000440317.1	EW036_RS02825	aaeR	HTH-type transcriptional activator AaeR	0.0004998375	aaeR — HTH-type transcriptional activator AaeR	search FASTA description + reference GFF	24.811915492756665
PROT:WP_000442882.1	WP_000442882.1	EW036_RS03800	ygiC	glutathionylspermidine synthase family protein	0.0004998375	ygiC — glutathionylspermidine synthase family protein	search FASTA description + reference GFF	29.83057042186153
PROT:WP_000443082.1	WP_000443082.1	EW036_RS11065	trpA	tryptophan synthase subunit alpha	0.0004998375	trpA — tryptophan synthase subunit alpha	search FASTA description + reference GFF	33.030244594901816
PROT:WP_000443542.1	WP_000443542.1	EW036_RS17440	hcxB	hydroxycarboxylate dehydrogenase HcXB	0.0004998375	hcxB — hydroxycarboxylate dehydrogenase HcXB	search FASTA description + reference GFF	30.14250901503264
PROT:WP_000443709.1	WP_000443709.1	EW036_RS07465	ligA	NAD-dependent DNA ligase LigA	0.0004998375	ligA — NAD-dependent DNA ligase LigA	search FASTA description + reference GFF	30.20720536339072
PROT:WP_000444305.1	WP_000444305.1	EW036_RS01935	malQ	4-alpha-glucanotransferase	0.0004998375	malQ — 4-alpha-glucanotransferase	search FASTA description + reference GFF	28.95684718966536
PROT:WP_000444487.1	WP_000444487.1	EW036_RS09640	icd	NADP-dependent isocitrate dehydrogenase	0.0004998375	icd — NADP-dependent isocitrate dehydrogenase	search FASTA description + reference GFF	34.31024255883404
PROT:WP_000444561.1	WP_000444561.1	EW036_RS24905	pepQ	Xaa-Pro dipeptidase	0.0004998375	pepQ — Xaa-Pro dipeptidase	search FASTA description + reference GFF	32.01634540715164
PROT:WP_000444744.1	WP_000444744.1	EW036_RS03825	cpdA	3',5'-cyclic-AMP phosphodiesterase	0.0004998375	cpdA — 3',5'-cyclic-AMP phosphodiesterase	search FASTA description + reference GFF	26.59244236382129
PROT:WP_000445240.1	WP_000445240.1	EW036_RS16650	aroA	3-phosphoshikimate 1-carboxyvinyltransferase	0.0004998375	aroA — 3-phosphoshikimate 1-carboxyvinyltransferase	search FASTA description + reference GFF	29.552851228536703
PROT:WP_000445547.1	WP_000445547.1	EW036_RS08780	pqiB	intermembrane transport protein PqiB	0.0004998375	pqiB — intermembrane transport protein PqiB	search FASTA description + reference GFF	28.599705764030023
PROT:WP_000445640.1	WP_000445640.1	EW036_RS12480	slyA	transcriptional regulator SlyA	0.0004998375	slyA — transcriptional regulator SlyA	search FASTA description + reference GFF	29.502548562497356
PROT:WP_000447529.1	WP_000447529.1	EW036_RS02430	rplV	50S ribosomal protein L22	0.0004998375	rplV — 50S ribosomal protein L22	search FASTA description + reference GFF	34.61036258025629
PROT:WP_000448164.1	WP_000448164.1	EW036_RS01895	glpD	glycerol-3-phosphate dehydrogenase	0.0004998375	glpD — glycerol-3-phosphate dehydrogenase	search FASTA description + reference GFF	34.91357764960047
PROT:WP_000450118.1	WP_000450118.1	EW036_RS17245	deoR	DNA-binding transcriptional repressor DeoR	0.0004998375	deoR — DNA-binding transcriptional repressor DeoR	search FASTA description + reference GFF	26.12503020967643
PROT:WP_000450409.1	WP_000450409.1	EW036_RS15245	tmaR	DUF496 family protein	0.0004998375	tmaR — DUF496 family protein	search FASTA description + reference GFF	30.15190597924713
PROT:WP_000450473.1	WP_000450473.1	EW036_RS05810	sdaC	HAAAP family serine/threonine permease SdaC	0.0004998375	sdaC — HAAAP family serine/threonine permease SdaC	search FASTA description + reference GFF	26.707391679833787
PROT:WP_000451255.1	WP_000451255.1	EW036_RS02600	aroE	shikimate dehydrogenase	0.0004998375	aroE — shikimate dehydrogenase	search FASTA description + reference GFF	29.000840936154145
PROT:WP_000456450.1	WP_000456450.1	EW036_RS10435	prmC	peptide chain release factor N(5)-glutamine methyltransferase	0.0004998375	prmC — peptide chain release factor N(5)-glutamine methyltransferase	search FASTA description + reference GFF	24.80567069591875
PROT:WP_000456729.1	WP_000456729.1	EW036_RS13315	nudL	CoA pyrophosphatase	0.0004998375	nudL — CoA pyrophosphatase	search FASTA description + reference GFF	26.975519388851357
PROT:WP_000458841.1	WP_000458841.1	EW036_RS17080	hcp	hydroxylamine reductase	0.0004998375	hcp — hydroxylamine reductase	search FASTA description + reference GFF	31.332330501966737
PROT:WP_000459358.1	WP_000459358.1	EW036_RS12375	malY	bifunctional maltose regulon transcriptional repressor/cystathionine beta-lyase MalY	0.0004998375	malY — bifunctional maltose regulon transcriptional repressor/cystathionine beta-lyase MalY	search FASTA description + reference GFF	26.92021895825341
PROT:WP_000459601.1	WP_000459601.1	EW036_RS24945	tatB	Sec-independent protein translocase protein TatB	0.0004998375	tatB — Sec-independent protein translocase protein TatB	search FASTA description + reference GFF	27.83604447262288
PROT:WP_000460035.1	WP_000460035.1	EW036_RS06585	ffh	signal recognition particle protein	0.0004998375	ffh — signal recognition particle protein	search FASTA description + reference GFF	31.149985389067258
PROT:WP_000460357.1	WP_000460357.1	EW036_RS23050	hflX	ribosome rescue GTPase HflX	0.0004998375	hflX — ribosome rescue GTPase HflX	search FASTA description + reference GFF	29.742683112264626
PROT:WP_000461638.1	WP_000461638.1	EW036_RS08210	arnC	undecaprenyl-phosphate 4-deoxy-4-formamido-L-arabinose transferase	0.0004998375	arnC — undecaprenyl-phosphate 4-deoxy-4-formamido-L-arabinose transferase	search FASTA description + reference GFF	28.06665602627009
PROT:WP_000462681.1	WP_000462681.1	EW036_RS08695	aspC	aspartate transaminase	0.0004998375	aspC — aspartate transaminase	search FASTA description + reference GFF	33.24381770433067
PROT:WP_000462776.1	WP_000462776.1	EW036_RS20995	ftsZ	cell division protein FtsZ	0.0004998375	ftsZ — cell division protein FtsZ	search FASTA description + reference GFF	33.51524549795486
PROT:WP_000462905.1	WP_000462905.1	EW036_RS02700	fis	DNA-binding transcriptional regulator Fis	0.0004998375	fis — DNA-binding transcriptional regulator Fis	search FASTA description + reference GFF	28.198724843813515
PROT:WP_000467098.1	WP_000467098.1	EW036_RS19040	ybaB	YbaB/EbfC family nucleoid-associated protein	0.0004998375	ybaB — YbaB/EbfC family nucleoid-associated protein	search FASTA description + reference GFF	31.257270332687188
PROT:WP_000467176.1	WP_000467176.1	EW036_RS19240	cyoB	cytochrome o ubiquinol oxidase subunit I	0.0004998375	cyoB — cytochrome o ubiquinol oxidase subunit I	search FASTA description + reference GFF	29.897396469352262
PROT:WP_000468182.1	WP_000468182.1	EW036_RS09290	rimJ	ribosomal protein S5-alanine N-acetyltransferase	0.0004998375	rimJ — ribosomal protein S5-alanine N-acetyltransferase	search FASTA description + reference GFF	26.68597217850285
PROT:WP_000468826.1	WP_000468826.1	EW036_RS00685	gltS	sodium/glutamate symporter	0.0004998375	gltS — sodium/glutamate symporter	search FASTA description + reference GFF	24.595356878302137
PROT:WP_000469031.1	WP_000469031.1	EW036_RS17485	ybhR	ABC transporter permease	0.0004998375	ybhR — ABC transporter permease	search FASTA description + reference GFF	29.82756036378239
PROT:WP_000469298.1	WP_000469298.1	EW036_RS26500		helix-turn-helix domain-containing protein	0.0004998375	EW036_RS26500 — helix-turn-helix domain-containing protein	search FASTA description + reference GFF	26.76241687403434
PROT:WP_000470587.1	WP_000470587.1	EW036_RS16105	pdeN	cyclic di-GMP phosphodiesterase	0.0004998375	pdeN — cyclic di-GMP phosphodiesterase	search FASTA description + reference GFF	23.00789739755883
PROT:WP_000470720.1	WP_000470720.1	EW036_RS25050		LysR substrate-binding domain-containing protein	0.0004998375	EW036_RS25050 — LysR substrate-binding domain-containing protein	search FASTA description + reference GFF	24.097537085045257
PROT:WP_000471866.1	WP_000471866.1	EW036_RS22665	mgtA	magnesium-translocating P-type ATPase	0.0004998375	mgtA — magnesium-translocating P-type ATPase	search FASTA description + reference GFF	27.635495536403354
PROT:WP_000473128.1	WP_000473128.1	EW036_RS11330	pspE	thiosulfate sulfurtransferase PspE	0.0004998375	pspE — thiosulfate sulfurtransferase PspE	search FASTA description + reference GFF	30.98179436668137
PROT:WP_000475726.1	WP_000475726.1	EW036_RS09465	ptsG	PTS glucose transporter subunit IIBC	0.0004998375	ptsG — PTS glucose transporter subunit IIBC	search FASTA description + reference GFF	31.424840725932576
PROT:WP_000476014.1	WP_000476014.1	EW036_RS15640	yegQ	tRNA 5-hydroxyuridine modification protein YegQ	0.0004998375	yegQ — tRNA 5-hydroxyuridine modification protein YegQ	search FASTA description + reference GFF	28.231277764841465
PROT:WP_000476093.1	WP_000476093.1	EW036_RS09630	nudJ	phosphatase NudJ	0.0004998375	nudJ — phosphatase NudJ	search FASTA description + reference GFF	28.529086883326546
PROT:WP_000476484.1	WP_000476484.1	EW036_RS03040	mlaC	phospholipid-binding protein MlaC	0.0004998375	mlaC — phospholipid-binding protein MlaC	search FASTA description + reference GFF	31.089961757003607
PROT:WP_000476838.1	WP_000476838.1	EW036_RS06295	mltB	lytic murein transglycosylase B	0.0004998375	mltB — lytic murein transglycosylase B	search FASTA description + reference GFF	28.046854422994038
PROT:WP_000477225.1	WP_000477225.1	EW036_RS02185	ppiA	peptidylprolyl isomerase A	0.0004998375	ppiA — peptidylprolyl isomerase A	search FASTA description + reference GFF	30.884914971997784
PROT:WP_000477800.1	WP_000477800.1	EW036_RS21605	deoA	thymidine phosphorylase	0.0004998375	deoA — thymidine phosphorylase	search FASTA description + reference GFF	32.01002165169729
PROT:WP_000480245.1	WP_000480245.1	EW036_RS09460	ycfH	metal-dependent hydrolase	0.0004998375	ycfH — metal-dependent hydrolase	search FASTA description + reference GFF	28.07138659944389
PROT:WP_000483357.1	WP_000483357.1	EW036_RS12360	hdhA	7-alpha-hydroxysteroid dehydrogenase	0.0004998375	hdhA — 7-alpha-hydroxysteroid dehydrogenase	search FASTA description + reference GFF	30.38078130671706
PROT:WP_000485012.1	WP_000485012.1	EW036_RS11230	rnb	exoribonuclease II	0.0004998375	rnb — exoribonuclease II	search FASTA description + reference GFF	30.87476370391001
PROT:WP_000486956.1	WP_000486956.1	EW036_RS23790	tyrB	aromatic amino acid transaminase	0.0004998375	tyrB — aromatic amino acid transaminase	search FASTA description + reference GFF	29.658715587158134
PROT:WP_000487246.1	WP_000487246.1	EW036_RS16065	fruB	fused PTS fructose transporter subunit IIA/HPr protein	0.0004998375	fruB — fused PTS fructose transporter subunit IIA/HPr protein	search FASTA description + reference GFF	30.050011730194903
PROT:WP_000487600.1	WP_000487600.1	EW036_RS07445	ptsH	phosphocarrier protein Hpr	0.0004998375	ptsH — phosphocarrier protein Hpr	search FASTA description + reference GFF	34.01244527452791
PROT:WP_000487669.1	WP_000487669.1	EW036_RS25095	pldB	lysophospholipase L2	0.0004998375	pldB — lysophospholipase L2	search FASTA description + reference GFF	25.273943221964668
PROT:WP_000489665.1	WP_000489665.1	EW036_RS07155	bepA	beta-barrel assembly-enhancing protease	0.0004998375	bepA — beta-barrel assembly-enhancing protease	search FASTA description + reference GFF	30.20612597413137
PROT:WP_000490439.1	WP_000490439.1	EW036_RS06010	iap	alkaline phosphatase isozyme conversion aminopeptidase	0.0020867055	iap — alkaline phosphatase isozyme conversion aminopeptidase	search FASTA description + reference GFF	22.97036328628654
PROT:WP_000491527.1	WP_000491527.1	EW036_RS14330	yedP	mannosyl-3-phosphoglycerate phosphatase-related protein	0.0004998375	yedP — mannosyl-3-phosphoglycerate phosphatase-related protein	search FASTA description + reference GFF	23.998233670285487
PROT:WP_000493124.1	WP_000493124.1	EW036_RS01645	nikA	nickel ABC transporter substrate-binding protein	0.0004998375	nikA — nickel ABC transporter substrate-binding protein	search FASTA description + reference GFF	31.06937646131826
PROT:WP_000493947.1	WP_000493947.1	EW036_RS12590	ribE	riboflavin synthase	0.0004998375	ribE — riboflavin synthase	search FASTA description + reference GFF	30.851121051210328
PROT:WP_000494186.1	WP_000494186.1	EW036_RS16150	rplY	50S ribosomal protein L25	0.0004998375	rplY — 50S ribosomal protein L25	search FASTA description + reference GFF	34.25840108336478
PROT:WP_000497726.1	WP_000497726.1	EW036_RS02865	degS	outer membrane-stress sensor serine endopeptidase DegS	0.0004998375	degS — outer membrane-stress sensor serine endopeptidase DegS	search FASTA description + reference GFF	27.83030213725039
PROT:WP_000498253.1	WP_000498253.1	EW036_RS11205	osmB	osmotically-inducible lipoprotein OsmB	0.0004998375	osmB — osmotically-inducible lipoprotein OsmB	search FASTA description + reference GFF	28.46722806881672
PROT:WP_000499788.1	WP_000499788.1	EW036_RS25520	mnmG	tRNA uridine-5-carboxymethylaminomethyl(34) synthesis enzyme MnmG	0.0004998375	mnmG — tRNA uridine-5-carboxymethylaminomethyl(34) synthesis enzyme MnmG	search FASTA description + reference GFF	28.8262985822675
PROT:WP_000503931.1	WP_000503931.1	EW036_RS18345	tatE	twin-arginine translocase subunit TatE	0.0004998375	tatE — twin-arginine translocase subunit TatE	search FASTA description + reference GFF	26.072606158603087
PROT:WP_000505872.1	WP_000505872.1	EW036_RS10390	ychF	redox-regulated ATPase YchF	0.0004998375	ychF — redox-regulated ATPase YchF	search FASTA description + reference GFF	32.407533111050284
PROT:WP_000506492.1	WP_000506492.1	EW036_RS11240	fabI	enoyl-ACP reductase FabI	0.0004998375	fabI — enoyl-ACP reductase FabI	search FASTA description + reference GFF	33.64070651184046
PROT:WP_000511017.1	WP_000511017.1	EW036_RS11310	pspA	phage shock protein PspA	0.0004998375	pspA — phage shock protein PspA	search FASTA description + reference GFF	30.33675504457203
PROT:WP_000513797.1	WP_000513797.1	EW036_RS17305	iaaA	beta-aspartyl-peptidase	0.0004998375	iaaA — beta-aspartyl-peptidase	search FASTA description + reference GFF	26.40999326817923
PROT:WP_000514241.1	WP_000514241.1	EW036_RS01070	yiaJ	IclR family transcriptional regulator YiaJ	0.0004998375	yiaJ — IclR family transcriptional regulator YiaJ	search FASTA description + reference GFF	26.16322523173709
PROT:WP_000516135.1	WP_000516135.1	EW036_RS21435	dnaK	molecular chaperone DnaK	0.0004998375	dnaK — molecular chaperone DnaK	search FASTA description + reference GFF	36.99839925143599
PROT:WP_000516894.1	WP_000516894.1	EW036_RS22890		helix-turn-helix domain-containing protein	0.0004998375	EW036_RS22890 — helix-turn-helix domain-containing protein	search FASTA description + reference GFF	23.52721980542663
PROT:WP_000517097.1	WP_000517097.1	EW036_RS00945	yibT	protein YibT	0.0004998375	yibT — protein YibT	search FASTA description + reference GFF	30.7232530783753
PROT:WP_000517443.1	WP_000517443.1	EW036_RS07395	ucpA	SDR family oxidoreductase UcpA	0.0004998375	ucpA — SDR family oxidoreductase UcpA	search FASTA description + reference GFF	30.402280659745053
PROT:WP_000520812.1	WP_000520812.1	EW036_RS12295	folM	dihydromonapterin reductase	0.0004998375	folM — dihydromonapterin reductase	search FASTA description + reference GFF	26.08421333158239
PROT:WP_000522247.1	WP_000522247.1	EW036_RS07435	crr	PTS glucose transporter subunit IIA	0.0004998375	crr — PTS glucose transporter subunit IIA	search FASTA description + reference GFF	34.70236292525972
PROT:WP_000522415.1	WP_000522415.1	EW036_RS06490	kbp	potassium binding protein Kbp	0.0004998375	kbp — potassium binding protein Kbp	search FASTA description + reference GFF	34.360799854403915
PROT:WP_000525208.1	WP_000525208.1	EW036_RS21205	rluA	bifunctional tRNA pseudouridine(32) synthase/23S rRNA pseudouridine(746) synthase RluA	0.0004998375	rluA — bifunctional tRNA pseudouridine(32) synthase/23S rRNA pseudouridine(746) synthase RluA	search FASTA description + reference GFF	22.125820313942853
PROT:WP_000527844.1	WP_000527844.1	EW036_RS04005	exbB	tol-pal system-associated acyl-CoA thioesterase	0.0004998375	exbB — tol-pal system-associated acyl-CoA thioesterase	search FASTA description + reference GFF	26.70214848450183
PROT:WP_000527954.1	WP_000527954.1	EW036_RS23030	purA	adenylosuccinate synthase	0.0004998375	purA — adenylosuccinate synthase	search FASTA description + reference GFF	33.913669073266014
PROT:WP_000528342.1	WP_000528342.1	EW036_RS12655	fumD	fumarate hydratase FumD	0.0004998375	fumD — fumarate hydratase FumD	search FASTA description + reference GFF	25.873627577710817
PROT:WP_000528932.1	WP_000528932.1	EW036_RS26450		HEPN family nuclease	0.0004998375	EW036_RS26450 — HEPN family nuclease	search FASTA description + reference GFF	28.5454847601264
PROT:WP_000529298.1	WP_000529298.1	EW036_RS09495	nagZ	beta-N-acetylhexosaminidase	0.0004998375	nagZ — beta-N-acetylhexosaminidase	search FASTA description + reference GFF	29.310245233888786
PROT:WP_000529945.1	WP_000529945.1	EW036_RS02435	rpsC	30S ribosomal protein S3	0.0004998375	rpsC — 30S ribosomal protein S3	search FASTA description + reference GFF	35.35271610042814
PROT:WP_000531173.1	WP_000531173.1	EW036_RS03465	yqjG	glutathionyl-hydroquinone reductase YqjG	0.0004998375	yqjG — glutathionyl-hydroquinone reductase YqjG	search FASTA description + reference GFF	30.115240244338143
PROT:WP_000531594.1	WP_000531594.1	EW036_RS09590	potA	spermidine/putrescine ABC transporter ATP-binding protein PotA	0.0004998375	potA — spermidine/putrescine ABC transporter ATP-binding protein PotA	search FASTA description + reference GFF	28.46769498132591
PROT:WP_000531977.1	WP_000531977.1	EW036_RS07795	fadI	acetyl-CoA C-acyltransferase FadI	0.0004998375	fadI — acetyl-CoA C-acyltransferase FadI	search FASTA description + reference GFF	27.45115972380148
PROT:WP_000532923.1	WP_000532923.1	EW036_RS14850	yeeN	YebC/PmpR family DNA-binding transcriptional regulator	0.0004998375	yeeN — YebC/PmpR family DNA-binding transcriptional regulator	search FASTA description + reference GFF	28.98539930477317
PROT:WP_000534260.1	WP_000534260.1	EW036_RS12600	ydhQ	AIDA repeat-containing protein	0.0004998375	ydhQ — AIDA repeat-containing protein	search FASTA description + reference GFF	27.61780966451102
PROT:WP_000535012.1	WP_000535012.1	EW036_RS21790		restriction endonuclease subunit S	0.0004998375	EW036_RS21790 — restriction endonuclease subunit S	search FASTA description + reference GFF	23.04533429746676
PROT:WP_000536919.1	WP_000536919.1	EW036_RS13970		hypothetical protein	0.0004998375	EW036_RS13970 — hypothetical protein	search FASTA description + reference GFF	24.51051114272937
PROT:WP_000537457.1	WP_000537457.1	EW036_RS16540		DUF2190 family protein	0.0004998375	EW036_RS16540 — DUF2190 family protein	search FASTA description + reference GFF	24.435734662052624
PROT:WP_000543535.1	WP_000543535.1	EW036_RS19330	nrdR	transcriptional regulator NrdR	0.0004998375	nrdR — transcriptional regulator NrdR	search FASTA description + reference GFF	29.81827152144627
PROT:WP_000543585.1	WP_000543585.1	EW036_RS21340	dapB	4-hydroxy-tetrahydrodipicolinate reductase	0.0004998375	dapB — 4-hydroxy-tetrahydrodipicolinate reductase	search FASTA description + reference GFF	29.609528112825718
PROT:WP_000544836.1	WP_000544836.1	EW036_RS00405	istB	IS21-like element IS21 family helper ATPase IstB	0.0004998375	istB — IS21-like element IS21 family helper ATPase IstB	search FASTA description + reference GFF	26.488181897560523
PROT:WP_000545042.1	WP_000545042.1	EW036_RS08070	nuoE	NADH-quinone oxidoreductase subunit NuoE	0.0004998375	nuoE — NADH-quinone oxidoreductase subunit NuoE	search FASTA description + reference GFF	30.52277751754136
PROT:WP_000546254.1	WP_000546254.1	EW036_RS19005	ybaL	YbaL family putative K(+) efflux transporter	0.0004998375	ybaL — YbaL family putative K(+) efflux transporter	search FASTA description + reference GFF	26.796355004717828
PROT:WP_000548294.1	WP_000548294.1	EW036_RS16010	yieE	DNA-binding transcriptional regulator YeiE	0.0004998375	yieE — DNA-binding transcriptional regulator YeiE	search FASTA description + reference GFF	28.333854323631986
PROT:WP_000548680.1	WP_000548680.1	EW036_RS13750	araF	arabinose ABC transporter substrate-binding protein AraF	0.0004998375	araF — arabinose ABC transporter substrate-binding protein AraF	search FASTA description + reference GFF	27.81019607897336
PROT:WP_000550598.1	WP_000550598.1	EW036_RS21350	rihC	ribonucleoside hydrolase RihC	0.0004998375	rihC — ribonucleoside hydrolase RihC	search FASTA description + reference GFF	28.68932741323006
PROT:WP_000550656.1	WP_000550656.1	EW036_RS11795	yncE	YncE family protein	0.0004998375	yncE — YncE family protein	search FASTA description + reference GFF	27.391905878370423
PROT:WP_000551259.1	WP_000551259.1	EW036_RS08625	msbA	lipid A ABC transporter ATP-binding protein/permease MsbA	0.0004998375	msbA — lipid A ABC transporter ATP-binding protein/permease MsbA	search FASTA description + reference GFF	29.302774213099028
PROT:WP_000551807.1	WP_000551807.1	EW036_RS07035	ispG	flavodoxin-dependent (E)-4-hydroxy-3-methylbut-2-enyl-diphosphate synthase	0.0004998375	ispG — flavodoxin-dependent (E)-4-hydroxy-3-methylbut-2-enyl-diphosphate synthase	search FASTA description + reference GFF	31.27020866956488
PROT:WP_000553451.1	WP_000553451.1	EW036_RS06945	suhB	inositol-1-monophosphatase	0.0004998375	suhB — inositol-1-monophosphatase	search FASTA description + reference GFF	31.38696504197209
PROT:WP_000553553.1	WP_000553553.1	EW036_RS15935	cdd	cytidine deaminase	0.0004998375	cdd — cytidine deaminase	search FASTA description + reference GFF	30.088203182351428
PROT:WP_000555630.1	WP_000555630.1	EW036_RS09965	sitA	iron/manganese ABC transporter substrate-binding protein SitA	0.0020221935	sitA — iron/manganese ABC transporter substrate-binding protein SitA	search FASTA description + reference GFF	24.51909260933397
PROT:WP_000555842.1	WP_000555842.1	EW036_RS10560	purU	formyltetrahydrofolate deformylase	0.0004998375	purU — formyltetrahydrofolate deformylase	search FASTA description + reference GFF	30.459834322516777
PROT:WP_000556298.1	WP_000556298.1	EW036_RS24360	eptC	phosphoethanolamine transferase CptA	0.0004998375	eptC — phosphoethanolamine transferase CptA	search FASTA description + reference GFF	28.8936644801632
PROT:WP_000558209.1	WP_000558209.1	EW036_RS23205	yjeI	DUF4156 domain-containing protein	0.0004998375	yjeI — DUF4156 domain-containing protein	search FASTA description + reference GFF	28.641396723205823
PROT:WP_000559273.1	WP_000559273.1	EW036_RS11130	yciK	YciK family oxidoreductase	0.0004998375	yciK — YciK family oxidoreductase	search FASTA description + reference GFF	29.39167248417945
PROT:WP_000560684.1	WP_000560684.1	EW036_RS18615		SDR family oxidoreductase	0.0005033023	EW036_RS18615 — SDR family oxidoreductase	search FASTA description + reference GFF	24.26846294512858
PROT:WP_000561827.1	WP_000561827.1	EW036_RS18895	ybbP	putative ABC transporter permease subunit YbbP	0.0004998375	ybbP — putative ABC transporter permease subunit YbbP	search FASTA description + reference GFF	25.558556244170017
PROT:WP_000562172.1	WP_000562172.1	EW036_RS26390		IclR family transcriptional regulator	0.0004998375	EW036_RS26390 — IclR family transcriptional regulator	search FASTA description + reference GFF	29.563665556230863
PROT:WP_000563058.1	WP_000563058.1	EW036_RS21625	yjjV	metal-dependent hydrolase	0.0005885084	yjjV — metal-dependent hydrolase	search FASTA description + reference GFF	25.752802538053523
PROT:WP_000564759.1	WP_000564759.1	EW036_RS13620	cmoB	tRNA 5-methoxyuridine(34)/uridine 5-oxyacetic acid(34) synthase CmoB	0.0004998375	cmoB — tRNA 5-methoxyuridine(34)/uridine 5-oxyacetic acid(34) synthase CmoB	search FASTA description + reference GFF	26.88235967123866
PROT:WP_000565966.1	WP_000565966.1	EW036_RS20515	lpxA	acyl-ACP--UDP-N-acetylglucosamine O-acyltransferase	0.0004998375	lpxA — acyl-ACP--UDP-N-acetylglucosamine O-acyltransferase	search FASTA description + reference GFF	30.35037347078925
PROT:WP_000566382.1	WP_000566382.1	EW036_RS17095	ltaE	low-specificity L-threonine aldolase	0.0004998375	ltaE — low-specificity L-threonine aldolase	search FASTA description + reference GFF	29.261385049509297
PROT:WP_000566494.1	WP_000566494.1	EW036_RS07985	yfcG	GSH-dependent disulfide bond oxidoreductase	0.0013197628	yfcG — GSH-dependent disulfide bond oxidoreductase	search FASTA description + reference GFF	25.09525442931632
PROT:WP_000566901.1	WP_000566901.1	EW036_RS00565	brxB	BREX-1 system protein BrxB	0.000785781	brxB — BREX-1 system protein BrxB	search FASTA description + reference GFF	24.23269522031947
PROT:WP_000567530.1	WP_000567530.1	EW036_RS12380	add	adenosine deaminase	0.0004998375	add — adenosine deaminase	search FASTA description + reference GFF	31.45898795408745
PROT:WP_000568142.1	WP_000568142.1	EW036_RS08140	elaA	GNAT family N-acetyltransferase	0.0004998375	elaA — GNAT family N-acetyltransferase	search FASTA description + reference GFF	26.14370221177641
PROT:WP_000568275.1	WP_000568275.1	EW036_RS17780	cydB	cytochrome d ubiquinol oxidase subunit II	0.0004998375	cydB — cytochrome d ubiquinol oxidase subunit II	search FASTA description + reference GFF	30.437944643542217
PROT:WP_000568416.1	WP_000568416.1	EW036_RS21880	iadA	beta-aspartyl-peptidase	0.0004998375	iadA — beta-aspartyl-peptidase	search FASTA description + reference GFF	30.32619683514513
PROT:WP_000568520.1	WP_000568520.1	EW036_RS13560	ruvB	Holliday junction branch migration DNA helicase RuvB	0.0004998375	ruvB — Holliday junction branch migration DNA helicase RuvB	search FASTA description + reference GFF	26.90040225492604
PROT:WP_000568920.1	WP_000568920.1	EW036_RS06050	truD	tRNA pseudouridine(13) synthase TruD	0.0004998375	truD — tRNA pseudouridine(13) synthase TruD	search FASTA description + reference GFF	29.460039260924106
PROT:WP_000569080.1	WP_000569080.1	EW036_RS17400	glnQ	glutamine ABC transporter ATP-binding protein GlnQ	0.0004998375	glnQ — glutamine ABC transporter ATP-binding protein GlnQ	search FASTA description + reference GFF	29.99854699095653
PROT:WP_000569716.1	WP_000569716.1	EW036_RS22965	yjfP	esterase	0.0004998375	yjfP — esterase	search FASTA description + reference GFF	26.551202664702817
PROT:WP_000570668.1	WP_000570668.1	EW036_RS24785	typA	ribosome-dependent GTPase TypA	0.0004998375	typA — ribosome-dependent GTPase TypA	search FASTA description + reference GFF	33.07992203914865
PROT:WP_000571681.1	WP_000571681.1	EW036_RS10510	narJ	nitrate reductase molybdenum cofactor assembly chaperone	0.0004998375	narJ — nitrate reductase molybdenum cofactor assembly chaperone	search FASTA description + reference GFF	30.692376082773983
PROT:WP_000572714.1	WP_000572714.1	EW036_RS08675	mukB	chromosome partition protein MukB	0.0004998375	mukB — chromosome partition protein MukB	search FASTA description + reference GFF	30.765846659239557
PROT:WP_000573407.1	WP_000573407.1	EW036_RS11270	sapF	peptide ABC transporter ATP-binding protein SapF	0.0004998375	sapF — peptide ABC transporter ATP-binding protein SapF	search FASTA description + reference GFF	24.76656304991249
PROT:WP_000574008.1	WP_000574008.1	EW036_RS18665	cusA	Cu(+)/Ag(+) efflux RND transporter permease subunit CusA	0.0004998375	cusA — Cu(+)/Ag(+) efflux RND transporter permease subunit CusA	search FASTA description + reference GFF	28.28561836306829
PROT:WP_000576690.1	WP_000576690.1	EW036_RS01415	gadE	acid resistance transcriptional activator GadE	0.0009057879	gadE — acid resistance transcriptional activator GadE	search FASTA description + reference GFF	24.06375563268694
PROT:WP_000579251.1	WP_000579251.1	EW036_RS04300		capsular polysaccharide biosynthesis protein	0.0004998375	EW036_RS04300 — capsular polysaccharide biosynthesis protein	search FASTA description + reference GFF	26.20610978023548
PROT:WP_000579833.1	WP_000579833.1	EW036_RS02405	rplC	50S ribosomal protein L3	0.0004998375	rplC — 50S ribosomal protein L3	search FASTA description + reference GFF	34.39893942901848
PROT:WP_000580009.1	WP_000580009.1	EW036_RS10325		hypothetical protein	0.0004998375	EW036_RS10325 — hypothetical protein	search FASTA description + reference GFF	25.74918713614134
PROT:WP_000580323.1	WP_000580323.1	EW036_RS13565	ruvA	Holliday junction branch migration protein RuvA	0.0004998375	ruvA — Holliday junction branch migration protein RuvA	search FASTA description + reference GFF	26.098723663972304
PROT:WP_000580417.1	WP_000580417.1	EW036_RS24580	cpxA	envelope stress sensor histidine kinase CpxA	0.0004998375	cpxA — envelope stress sensor histidine kinase CpxA	search FASTA description + reference GFF	26.901799025308428
PROT:WP_000581502.1	WP_000581502.1	EW036_RS04410		IrmA family protein	0.0004998375	EW036_RS04410 — IrmA family protein	search FASTA description + reference GFF	26.687922377057827
PROT:WP_000584114.1	WP_000584114.1	EW036_RS22580	lptF	LPS export ABC transporter permease LptF	0.0004998375	lptF — LPS export ABC transporter permease LptF	search FASTA description + reference GFF	28.05882010694209
PROT:WP_000584587.1	WP_000584587.1	EW036_RS07925	folC	bifunctional tetrahydrofolate synthase/dihydrofolate synthase	0.0004998375	folC — bifunctional tetrahydrofolate synthase/dihydrofolate synthase	search FASTA description + reference GFF	30.146561969118665
PROT:WP_000586468.1	WP_000586468.1	EW036_RS15355	hisA	1-(5-phosphoribosyl)-5-[(5-phosphoribosylamino)methylideneamino]imidazole-4-carboxamide isomerase	0.0004998375	hisA — 1-(5-phosphoribosyl)-5-[(5-phosphoribosylamino)methylideneamino]imidazole-4-carboxamide isomerase	search FASTA description + reference GFF	27.44597164116477
PROT:WP_000586718.1	WP_000586718.1	EW036_RS11690	tehB	tellurite resistance methyltransferase TehB	0.0004998375	tehB — tellurite resistance methyltransferase TehB	search FASTA description + reference GFF	28.27674582265464
PROT:WP_000586976.1	WP_000586976.1	EW036_RS00915	lldD	quinone-dependent L-lactate dehydrogenase	0.0004998375	lldD — quinone-dependent L-lactate dehydrogenase	search FASTA description + reference GFF	28.79499114194829
PROT:WP_000587626.1	WP_000587626.1	EW036_RS00985	selB	selenocysteine-specific translation elongation factor	0.0004998375	selB — selenocysteine-specific translation elongation factor	search FASTA description + reference GFF	28.21520405171247
PROT:WP_000587750.1	WP_000587750.1	EW036_RS00850	rfaD	ADP-glyceromanno-heptose 6-epimerase	0.0004998375	rfaD — ADP-glyceromanno-heptose 6-epimerase	search FASTA description + reference GFF	33.42777705760674
PROT:WP_000587933.1	WP_000587933.1	EW036_RS09500	ycfP	alpha/beta hydrolase YcfP	0.0004998375	ycfP — alpha/beta hydrolase YcfP	search FASTA description + reference GFF	31.282687676707408
PROT:WP_000588474.1	WP_000588474.1	EW036_RS21000	ftsA	cell division protein FtsA	0.0004998375	ftsA — cell division protein FtsA	search FASTA description + reference GFF	29.16672933401125
PROT:WP_000589423.1	WP_000589423.1	EW036_RS22800	cpdB	2',3'-cyclic-nucleotide 2'-phosphodiesterase	0.0004998375	cpdB — 2',3'-cyclic-nucleotide 2'-phosphodiesterase	search FASTA description + reference GFF	31.02266120381641
PROT:WP_000589797.1	WP_000589797.1	EW036_RS24990		Bug family tripartite tricarboxylate transporter substrate binding protein	0.0004998375	EW036_RS24990 — Bug family tripartite tricarboxylate transporter substrate binding protein	search FASTA description + reference GFF	25.753593685917917
PROT:WP_000590239.1	WP_000590239.1	EW036_RS04275		ABC transporter ATP-binding protein	0.0004998375	EW036_RS04275 — ABC transporter ATP-binding protein	search FASTA description + reference GFF	28.3334141471563
PROT:WP_000591795.1	WP_000591795.1	EW036_RS24560	pfkA	6-phosphofructokinase	0.0004998375	pfkA — 6-phosphofructokinase	search FASTA description + reference GFF	32.4382910459236
PROT:WP_000592283.1	WP_000592283.1	EW036_RS23585		ABC transporter substrate-binding protein	0.0004998375	EW036_RS23585 — ABC transporter substrate-binding protein	search FASTA description + reference GFF	31.97290017715885
PROT:WP_000593274.1	WP_000593274.1	EW036_RS04925	gshB	glutathione synthase	0.0004998375	gshB — glutathione synthase	search FASTA description + reference GFF	31.310552647198723
PROT:WP_000593994.1	WP_000593994.1	EW036_RS20420	metN	methionine ABC transporter ATP-binding protein MetN	0.0004998375	metN — methionine ABC transporter ATP-binding protein MetN	search FASTA description + reference GFF	28.23997561715668
PROT:WP_000595482.1	WP_000595482.1	EW036_RS20990	lpxC	UDP-3-O-acyl-N-acetylglucosamine deacetylase	0.0004998375	lpxC — UDP-3-O-acyl-N-acetylglucosamine deacetylase	search FASTA description + reference GFF	27.889855205957662
PROT:WP_000597201.1	WP_000597201.1	EW036_RS12475	slyB	outer membrane lipoprotein SlyB	0.0004998375	slyB — outer membrane lipoprotein SlyB	search FASTA description + reference GFF	32.94793851909593
PROT:WP_000599803.1	WP_000599803.1	EW036_RS17065	ybjD	ATP-dependent endonuclease	0.0004998375	ybjD — ATP-dependent endonuclease	search FASTA description + reference GFF	27.634778949405057
PROT:WP_000600725.1	WP_000600725.1	EW036_RS21265	kefF	glutathione-regulated potassium-efflux system oxidoreductase KefF	0.00053652626	kefF — glutathione-regulated potassium-efflux system oxidoreductase KefF	search FASTA description + reference GFF	25.58310721772924
PROT:WP_000601853.1	WP_000601853.1	EW036_RS02200	pabA	aminodeoxychorismate synthase component 2	0.0004998375	pabA — aminodeoxychorismate synthase component 2	search FASTA description + reference GFF	24.447308755925548
PROT:WP_000609663.1	WP_000609663.1	EW036_RS23160	frdD	fumarate reductase subunit FrdD	0.0004998375	frdD — fumarate reductase subunit FrdD	search FASTA description + reference GFF	27.53753449112914
PROT:WP_000610901.1	WP_000610901.1	EW036_RS21235	apaG	Co2+/Mg2+ efflux protein ApaG	0.000745106	apaG — Co2+/Mg2+ efflux protein ApaG	search FASTA description + reference GFF	27.075647038158845
PROT:WP_000611261.1	WP_000611261.1	EW036_RS17525	moaD	molybdopterin synthase sulfur carrier subunit	0.0004998375	moaD — molybdopterin synthase sulfur carrier subunit	search FASTA description + reference GFF	26.550390886633927
PROT:WP_000611328.1	WP_000611328.1	EW036_RS14115	uvrY	UvrY/SirA/GacA family response regulator transcription factor	0.0004998375	uvrY — UvrY/SirA/GacA family response regulator transcription factor	search FASTA description + reference GFF	29.098121839345342
PROT:WP_000611804.1	WP_000611804.1	EW036_RS06365	gshA	glutamate--cysteine ligase	0.0004998375	gshA — glutamate--cysteine ligase	search FASTA description + reference GFF	30.205400573505877
PROT:WP_000611911.1	WP_000611911.1	EW036_RS11465	fnr	fumarate/nitrate reduction transcriptional regulator Fnr	0.0004998375	fnr — fumarate/nitrate reduction transcriptional regulator Fnr	search FASTA description + reference GFF	29.69856227970677
PROT:WP_000612067.1	WP_000612067.1	EW036_RS25285	rffA	dTDP-4-amino-4,6-dideoxygalactose transaminase	0.0004998375	rffA — dTDP-4-amino-4,6-dideoxygalactose transaminase	search FASTA description + reference GFF	28.55436426194066
PROT:WP_000613955.1	WP_000613955.1	EW036_RS02455	rplN	50S ribosomal protein L14	0.0004998375	rplN — 50S ribosomal protein L14	search FASTA description + reference GFF	33.539121648734415
PROT:WP_000615251.1	WP_000615251.1	EW036_RS00820	rfaY	lipopolysaccharide core heptose(II) kinase RfaY	0.0004998375	rfaY — lipopolysaccharide core heptose(II) kinase RfaY	search FASTA description + reference GFF	25.533545154420093
PROT:WP_000617136.1	WP_000617136.1	EW036_RS11830	narI	respiratory nitrate reductase subunit gamma	0.00050390663	narI — respiratory nitrate reductase subunit gamma	search FASTA description + reference GFF	24.09968509643343
PROT:WP_000617544.1	WP_000617544.1	EW036_RS02415	rplW	50S ribosomal protein L23	0.0004998375	rplW — 50S ribosomal protein L23	search FASTA description + reference GFF	31.62260704456635
PROT:WP_000617723.1	WP_000617723.1	EW036_RS01710	ftsE	cell division ATP-binding protein FtsE	0.0004998375	ftsE — cell division ATP-binding protein FtsE	search FASTA description + reference GFF	28.85044126212528
PROT:WP_000619389.1	WP_000619389.1	EW036_RS01945	nfuA	Fe-S biogenesis protein NfuA	0.0004998375	nfuA — Fe-S biogenesis protein NfuA	search FASTA description + reference GFF	30.742341708250443
PROT:WP_000620539.1	WP_000620539.1	EW036_RS18280	holA	DNA polymerase III subunit delta	0.0004998375	holA — DNA polymerase III subunit delta	search FASTA description + reference GFF	24.545855031146377
PROT:WP_000621332.1	WP_000621332.1	EW036_RS00725	yicC	YicC/YloC family endoribonuclease	0.0004998375	yicC — YicC/YloC family endoribonuclease	search FASTA description + reference GFF	30.834132386469744
PROT:WP_000621515.1	WP_000621515.1	EW036_RS20785	panD	aspartate 1-decarboxylase	0.0004998375	panD — aspartate 1-decarboxylase	search FASTA description + reference GFF	28.144410240263387
PROT:WP_000622122.1	WP_000622122.1	EW036_RS03420	tdcG	L-serine ammonia-lyase	0.0004998375	tdcG — L-serine ammonia-lyase	search FASTA description + reference GFF	24.72118678675119
PROT:WP_000622291.1	WP_000622291.1	EW036_RS08050	lrhA	transcriptional regulator LrhA	0.0004998375	lrhA — transcriptional regulator LrhA	search FASTA description + reference GFF	25.44594321182256
PROT:WP_000622418.1	WP_000622418.1	EW036_RS20560	frr	ribosome recycling factor	0.0004998375	frr — ribosome recycling factor	search FASTA description + reference GFF	33.47832708599936
PROT:WP_000623108.1	WP_000623108.1	EW036_RS07440	ptsI	phosphoenolpyruvate-protein phosphotransferase PtsI	0.0004998375	ptsI — phosphoenolpyruvate-protein phosphotransferase PtsI	search FASTA description + reference GFF	34.88685620114257
PROT:WP_000624295.1	WP_000624295.1	EW036_RS13320	sdaA	L-serine ammonia-lyase	0.0004998375	sdaA — L-serine ammonia-lyase	search FASTA description + reference GFF	30.857576251910764
PROT:WP_000624375.1	WP_000624375.1	EW036_RS21255	folA	type 3 dihydrofolate reductase	0.0004998375	folA — type 3 dihydrofolate reductase	search FASTA description + reference GFF	30.493109225700085
PROT:WP_000625041.1	WP_000625041.1	EW036_RS06505	gabT	4-aminobutyrate--2-oxoglutarate transaminase	0.0004998375	gabT — 4-aminobutyrate--2-oxoglutarate transaminase	search FASTA description + reference GFF	32.740718554185975
PROT:WP_000626404.1	WP_000626404.1	EW036_RS05805	sdaB	L-serine ammonia-lyase II	0.0004998375	sdaB — L-serine ammonia-lyase II	search FASTA description + reference GFF	27.36890454556753
PROT:WP_000626694.1	WP_000626694.1	EW036_RS21040	murF	UDP-N-acetylmuramoyl-tripeptide--D-alanyl-D-alanine ligase	0.0004998375	murF — UDP-N-acetylmuramoyl-tripeptide--D-alanyl-D-alanine ligase	search FASTA description + reference GFF	29.06109857709341
PROT:WP_000627804.1	WP_000627804.1	EW036_RS06735	grcA	autonomous glycyl radical cofactor GrcA	0.0004998375	grcA — autonomous glycyl radical cofactor GrcA	search FASTA description + reference GFF	36.11135746501133
PROT:WP_000627995.1	WP_000627995.1	EW036_RS05815	ppnN	nucleotide 5'-monophosphate nucleosidase PpnN	0.0004998375	ppnN — nucleotide 5'-monophosphate nucleosidase PpnN	search FASTA description + reference GFF	31.834620898688787
PROT:WP_000628229.1	WP_000628229.1	EW036_RS11555	nifJ	pyruvate:ferredoxin (flavodoxin) oxidoreductase	0.0004998375	nifJ — pyruvate:ferredoxin (flavodoxin) oxidoreductase	search FASTA description + reference GFF	32.75385903718227
PROT:WP_000633738.1	WP_000633738.1	EW036_RS03870	ygiN	putative quinol monooxygenase	0.0004998375	ygiN — putative quinol monooxygenase	search FASTA description + reference GFF	32.572455722691366
PROT:WP_000634259.1	WP_000634259.1	EW036_RS00790	waaG	glycosyltransferase family 4 protein	0.0004998375	waaG — glycosyltransferase family 4 protein	search FASTA description + reference GFF	27.454060558398098
PROT:WP_000634830.1	WP_000634830.1	EW036_RS02240	yheS	ABC transporter ATP-binding protein	0.0004998375	yheS — ABC transporter ATP-binding protein	search FASTA description + reference GFF	29.332161372705016
PROT:WP_000639815.1	WP_000639815.1	EW036_RS01815	yhhW	quercetin 2,3-dioxygenase	0.0004998375	yhhW — quercetin 2,3-dioxygenase	search FASTA description + reference GFF	28.481854212453296
PROT:WP_000639996.1	WP_000639996.1	EW036_RS08165	menB	1,4-dihydroxy-2-naphthoyl-CoA synthase	0.0004998375	menB — 1,4-dihydroxy-2-naphthoyl-CoA synthase	search FASTA description + reference GFF	31.819479365824705
PROT:WP_000642417.1	WP_000642417.1	EW036_RS11890	adhP	alcohol dehydrogenase AdhP	0.0004998375	adhP — alcohol dehydrogenase AdhP	search FASTA description + reference GFF	31.80804832817355
PROT:WP_000644741.1	WP_000644741.1	EW036_RS02445	rpmC	50S ribosomal protein L29	0.0004998375	rpmC — 50S ribosomal protein L29	search FASTA description + reference GFF	33.81780564405901
PROT:WP_000644908.1	WP_000644908.1	EW036_RS24470	cytR	DNA-binding transcriptional regulator CytR	0.0004998375	cytR — DNA-binding transcriptional regulator CytR	search FASTA description + reference GFF	25.87413433877401
PROT:WP_000645408.1	WP_000645408.1	EW036_RS00955	mtlD	mannitol-1-phosphate 5-dehydrogenase	0.0004998375	mtlD — mannitol-1-phosphate 5-dehydrogenase	search FASTA description + reference GFF	32.14104362139735
PROT:WP_000646014.1	WP_000646014.1	EW036_RS00860	tdh	L-threonine 3-dehydrogenase	0.0004998375	tdh — L-threonine 3-dehydrogenase	search FASTA description + reference GFF	31.35279829955654
PROT:WP_000646033.1	WP_000646033.1	EW036_RS03255	dolP	division/outer membrane stress-associated lipid-binding lipoprotein	0.0004998375	dolP — division/outer membrane stress-associated lipid-binding lipoprotein	search FASTA description + reference GFF	30.44659860710248
PROT:WP_000646078.1	WP_000646078.1	EW036_RS23870	lexA	transcriptional repressor LexA	0.0004998375	lexA — transcriptional repressor LexA	search FASTA description + reference GFF	29.48220839244716
PROT:WP_000648420.1	WP_000648420.1	EW036_RS12665	lpp	murein lipoprotein Lpp	0.0004998375	lpp — murein lipoprotein Lpp	search FASTA description + reference GFF	28.0090073398342
PROT:WP_000648564.1	WP_000648564.1	EW036_RS20375	yafC	DNA-binding transcriptional regulator YafC	0.0004998375	yafC — DNA-binding transcriptional regulator YafC	search FASTA description + reference GFF	27.726421885353712
PROT:WP_000651599.1	WP_000651599.1	EW036_RS20810	can	carbonate dehydratase	0.0004998375	can — carbonate dehydratase	search FASTA description + reference GFF	30.48746227538671
PROT:WP_000653952.1	WP_000653952.1	EW036_RS24185	rpoC	DNA-directed RNA polymerase subunit beta'	0.0004998375	rpoC — DNA-directed RNA polymerase subunit beta'	search FASTA description + reference GFF	35.86239229013788
PROT:WP_000654592.1	WP_000654592.1	EW036_RS24255	birA	bifunctional biotin--[acetyl-CoA-carboxylase] ligase/biotin operon repressor BirA	0.0004998375	birA — bifunctional biotin--[acetyl-CoA-carboxylase] ligase/biotin operon repressor BirA	search FASTA description + reference GFF	26.989249095717184
PROT:WP_000655986.1	WP_000655986.1	EW036_RS24530	yiiS	DUF406 domain-containing protein	0.0004998375	yiiS — DUF406 domain-containing protein	search FASTA description + reference GFF	30.764293355210963
PROT:WP_000660487.1	WP_000660487.1	EW036_RS02025	hslR	ribosome-associated heat shock protein Hsp15	0.0004998375	hslR — ribosome-associated heat shock protein Hsp15	search FASTA description + reference GFF	23.44924542490425
PROT:WP_000665217.1	WP_000665217.1	EW036_RS08850	yccU	CoA-binding protein	0.0004998375	yccU — CoA-binding protein	search FASTA description + reference GFF	31.884529837215027
PROT:WP_000665680.1	WP_000665680.1	EW036_RS00940	yibL	YibL family ribosome-associated protein	0.0004998375	yibL — YibL family ribosome-associated protein	search FASTA description + reference GFF	29.59933534305816
PROT:WP_000666499.1	WP_000666499.1	EW036_RS16555		hypothetical protein	0.0004998375	EW036_RS16555 — hypothetical protein	search FASTA description + reference GFF	23.56840063839428
PROT:WP_000667319.1	WP_000667319.1	EW036_RS19365	tgt	tRNA guanosine(34) transglycosylase Tgt	0.0004998375	tgt — tRNA guanosine(34) transglycosylase Tgt	search FASTA description + reference GFF	29.164155743357888
PROT:WP_000668686.1	WP_000668686.1	EW036_RS19280	thiI	tRNA uracil 4-sulfurtransferase ThiI	0.0004998375	thiI — tRNA uracil 4-sulfurtransferase ThiI	search FASTA description + reference GFF	29.006296262465167
PROT:WP_000669785.1	WP_000669785.1	EW036_RS03000	lptA	lipopolysaccharide ABC transporter substrate-binding protein LptA	0.0004998375	lptA — lipopolysaccharide ABC transporter substrate-binding protein LptA	search FASTA description + reference GFF	26.987891636378876
PROT:WP_000669838.1	WP_000669838.1	EW036_RS05085	yggE	oxidative stress defense protein	0.0004998375	yggE — oxidative stress defense protein	search FASTA description + reference GFF	33.22203595145095
PROT:WP_000671528.1	WP_000671528.1	EW036_RS19980		restriction endonuclease subunit S	0.0004998375	EW036_RS19980 — restriction endonuclease subunit S	search FASTA description + reference GFF	27.468717973692577
PROT:WP_000671574.1	WP_000671574.1	EW036_RS19010	gsk	inosine/guanosine kinase	0.0004998375	gsk — inosine/guanosine kinase	search FASTA description + reference GFF	29.09953860155946
PROT:WP_000672320.1	WP_000672320.1	EW036_RS12820	pheT	phenylalanine--tRNA ligase subunit beta	0.0004998375	pheT — phenylalanine--tRNA ligase subunit beta	search FASTA description + reference GFF	33.020594337615314
PROT:WP_000673070.1	WP_000673070.1	EW036_RS19970		type I restriction endonuclease subunit R	0.0004998375	EW036_RS19970 — type I restriction endonuclease subunit R	search FASTA description + reference GFF	28.589659220134767
PROT:WP_000673383.1	WP_000673383.1	EW036_RS03890	qseC	quorum sensing histidine kinase QseC	0.0004998375	qseC — quorum sensing histidine kinase QseC	search FASTA description + reference GFF	23.20666081657073
PROT:WP_000673464.1	WP_000673464.1	EW036_RS00010	dnaN	DNA polymerase III subunit beta	0.0004998375	dnaN — DNA polymerase III subunit beta	search FASTA description + reference GFF	30.102038659963508
PROT:WP_000673561.1	WP_000673561.1	EW036_RS03085	cgtA	Obg family GTPase CgtA	0.0004998375	cgtA — Obg family GTPase CgtA	search FASTA description + reference GFF	30.678698998902043
PROT:WP_000673940.1	WP_000673940.1	EW036_RS13000	xthA	exodeoxyribonuclease III	0.0004998375	xthA — exodeoxyribonuclease III	search FASTA description + reference GFF	30.851154085098607
PROT:WP_000675176.1	WP_000675176.1	EW036_RS15625	baeS	two-component system sensor histidine kinase BaeS	0.0004998375	baeS — two-component system sensor histidine kinase BaeS	search FASTA description + reference GFF	24.596647630545768
PROT:WP_000675504.1	WP_000675504.1	EW036_RS02325	bfr	bacterioferritin	0.0004998375	bfr — bacterioferritin	search FASTA description + reference GFF	35.2418054883381
PROT:WP_000676056.1	WP_000676056.1	EW036_RS25295	rfbA	glucose-1-phosphate thymidylyltransferase RfbA	0.0004998375	rfbA — glucose-1-phosphate thymidylyltransferase RfbA	search FASTA description + reference GFF	25.88512299014015
PROT:WP_000678189.1	WP_000678189.1	EW036_RS19030	htpG	molecular chaperone HtpG	0.0004998375	htpG — molecular chaperone HtpG	search FASTA description + reference GFF	35.19921389517992
PROT:WP_000678405.1	WP_000678405.1	EW036_RS00690	recG	ATP-dependent DNA helicase RecG	0.0011201402	recG — ATP-dependent DNA helicase RecG	search FASTA description + reference GFF	23.50160245491012
PROT:WP_000678650.1	WP_000678650.1	EW036_RS05725	mltA	murein transglycosylase A	0.0004998375	mltA — murein transglycosylase A	search FASTA description + reference GFF	25.92814770297744
PROT:WP_000679830.1	WP_000679830.1	EW036_RS07200	ypfH	esterase	0.0004998375	ypfH — esterase	search FASTA description + reference GFF	25.98742904416596
PROT:WP_000683029.1	WP_000683029.1	EW036_RS11445	mppA	murein tripeptide ABC transporter substrate-binding protein MppA	0.0004998375	mppA — murein tripeptide ABC transporter substrate-binding protein MppA	search FASTA description + reference GFF	29.01562747753026
PROT:WP_000683335.1	WP_000683335.1	EW036_RS20815	hpt	hypoxanthine phosphoribosyltransferase	0.0004998375	hpt — hypoxanthine phosphoribosyltransferase	search FASTA description + reference GFF	29.987856109419592
PROT:WP_000683761.1	WP_000683761.1	EW036_RS07880	mnmC	bifunctional tRNA (5-methylaminomethyl-2-thiouridine)(34)-methyltransferase MnmD/FAD-dependent 5-carboxymethylaminomethyl-2-thiouridine(34) oxidoreductase MnmC	0.00064459065	mnmC — bifunctional tRNA (5-methylaminomethyl-2-thiouridine)(34)-methyltransferase MnmD/FAD-dependent 5-carboxymethylaminomethyl-2-thiouridine(34) oxidoreductase MnmC	search FASTA description + reference GFF	24.25932181723548
PROT:WP_000683970.1	WP_000683970.1	EW036_RS00805	waaB	lipopolysaccharide 1,6-galactosyltransferase	0.0004998375	waaB — lipopolysaccharide 1,6-galactosyltransferase	search FASTA description + reference GFF	27.74332124245913
PROT:WP_000684321.1	WP_000684321.1	EW036_RS17185	rimK	30S ribosomal protein S6--L-glutamate ligase	0.00077236746	rimK — 30S ribosomal protein S6--L-glutamate ligase	search FASTA description + reference GFF	24.36972936818185
PROT:WP_000686606.1	WP_000686606.1	EW036_RS01525	rsmJ	16S rRNA (guanine(1516)-N(2))-methyltransferase RsmJ	0.0028727455	rsmJ — 16S rRNA (guanine(1516)-N(2))-methyltransferase RsmJ	search FASTA description + reference GFF	19.19670175582265
PROT:WP_000687120.1	WP_000687120.1	EW036_RS17920	pxpA	5-oxoprolinase subunit PxpA	0.0004998375	pxpA — 5-oxoprolinase subunit PxpA	search FASTA description + reference GFF	24.644234275842003
PROT:WP_000689844.1	WP_000689844.1	EW036_RS20615	mtnN	5'-methylthioadenosine/S-adenosylhomocysteine nucleosidase	0.0004998375	mtnN — 5'-methylthioadenosine/S-adenosylhomocysteine nucleosidase	search FASTA description + reference GFF	29.127230326323023
PROT:WP_000691382.1	WP_000691382.1	EW036_RS02560	trkA	Trk system potassium transporter TrkA	0.0004998375	trkA — Trk system potassium transporter TrkA	search FASTA description + reference GFF	28.68328783062151
PROT:WP_000691951.1	WP_000691951.1	EW036_RS19670	yahO	DUF1471 family periplasmic protein YahO	0.0004998375	yahO — DUF1471 family periplasmic protein YahO	search FASTA description + reference GFF	32.574564259539414
PROT:WP_000692730.1	WP_000692730.1	EW036_RS19685	yahK	NADPH-dependent aldehyde reductase YahK	0.0004998375	yahK — NADPH-dependent aldehyde reductase YahK	search FASTA description + reference GFF	28.514879511842764
PROT:WP_000693755.1	WP_000693755.1	EW036_RS10095	pliG	g-type lysoyme inhibitor PliG	0.0004998375	pliG — g-type lysoyme inhibitor PliG	search FASTA description + reference GFF	29.135386689696777
PROT:WP_000695401.1	WP_000695401.1	EW036_RS23910	malE	maltose/maltodextrin ABC transporter substrate-binding protein MalE	0.0004998375	malE — maltose/maltodextrin ABC transporter substrate-binding protein MalE	search FASTA description + reference GFF	34.18714299635953
PROT:WP_000695662.1	WP_000695662.1	EW036_RS07530	gltX	glutamate--tRNA ligase	0.0004998375	gltX — glutamate--tRNA ligase	search FASTA description + reference GFF	32.545458819306766
PROT:WP_000696050.1	WP_000696050.1	EW036_RS00465		Dr family adhesin structural subunit	0.0004998375	EW036_RS00465 — Dr family adhesin structural subunit	search FASTA description + reference GFF	31.671380318731693
PROT:WP_000697905.1	WP_000697905.1	EW036_RS23405	basR	two-component system response regulator BasR	0.0004998375	basR — two-component system response regulator BasR	search FASTA description + reference GFF	28.716979120008794
PROT:WP_000698843.1	WP_000698843.1	EW036_RS19410	sbcC	exonuclease subunit SbcC	0.0004998375	sbcC — exonuclease subunit SbcC	search FASTA description + reference GFF	24.64409016040669
PROT:WP_000699128.1	WP_000699128.1	EW036_RS07900	pdxB	4-phosphoerythronate dehydrogenase PdxB	0.0004998375	pdxB — 4-phosphoerythronate dehydrogenase PdxB	search FASTA description + reference GFF	31.444746999775823
PROT:WP_000699228.1	WP_000699228.1	EW036_RS00845	rfaF	ADP-heptose--LPS heptosyltransferase RfaF	0.0004998375	rfaF — ADP-heptose--LPS heptosyltransferase RfaF	search FASTA description + reference GFF	28.327534899341675
PROT:WP_000699407.1	WP_000699407.1	EW036_RS15435	rfbB	dTDP-glucose 4,6-dehydratase	0.0004998375	rfbB — dTDP-glucose 4,6-dehydratase	search FASTA description + reference GFF	31.73367938790205
PROT:WP_000700202.1	WP_000700202.1	EW036_RS09740		alpha/beta hydrolase	0.0004998375	EW036_RS09740 — alpha/beta hydrolase	search FASTA description + reference GFF	30.73784009104358
PROT:WP_000702528.1	WP_000702528.1	EW036_RS11840	narH	nitrate reductase subunit beta	0.0004998375	narH — nitrate reductase subunit beta	search FASTA description + reference GFF	29.484434728214723
PROT:WP_000702647.1	WP_000702647.1	EW036_RS10505	narH	nitrate reductase subunit beta	0.0004998375	narH — nitrate reductase subunit beta	search FASTA description + reference GFF	33.35689786830053
PROT:WP_000703040.1	WP_000703040.1	EW036_RS14760	ybtS	yersiniabactin biosynthesis salicylate synthase Irp9/YbtS	0.007789462	ybtS — yersiniabactin biosynthesis salicylate synthase Irp9/YbtS	search FASTA description + reference GFF	26.34699416511509
PROT:WP_000705204.1	WP_000705204.1	EW036_RS12165	ynfB	DUF1283 family protein	0.0004998375	ynfB — DUF1283 family protein	search FASTA description + reference GFF	24.71874168754636
PROT:WP_000705836.1	WP_000705836.1	EW036_RS19270	panE	2-dehydropantoate 2-reductase	0.0004998375	panE — 2-dehydropantoate 2-reductase	search FASTA description + reference GFF	27.903786476124765
PROT:WP_000708473.1	WP_000708473.1	EW036_RS03700	cca	fused tRNA nucleotidyltransferase/2',3'-cyclic phosphodiesterase/2' nucleotidase/phosphatase Cca	0.0004998375	cca — fused tRNA nucleotidyltransferase/2',3'-cyclic phosphodiesterase/2' nucleotidase/phosphatase Cca	search FASTA description + reference GFF	28.4130465304928
PROT:WP_000709873.1	WP_000709873.1	EW036_RS18675	cusF	Cu(+)/Ag(+) efflux RND transporter periplasmic metallochaperone CusF	0.0004998375	cusF — Cu(+)/Ag(+) efflux RND transporter periplasmic metallochaperone CusF	search FASTA description + reference GFF	28.24368639781189
PROT:WP_000710769.1	WP_000710769.1	EW036_RS24460	rpmE	50S ribosomal protein L31	0.0004998375	rpmE — 50S ribosomal protein L31	search FASTA description + reference GFF	32.3075381913427
PROT:WP_000712252.1	WP_000712252.1	EW036_RS16260	eco	serine protease inhibitor ecotin	0.0004998375	eco — serine protease inhibitor ecotin	search FASTA description + reference GFF	29.13387558062934
PROT:WP_000712658.1	WP_000712658.1	EW036_RS03900	ygiW	OB fold stress tolerance protein YgiW	0.0004998375	ygiW — OB fold stress tolerance protein YgiW	search FASTA description + reference GFF	34.01119643128969
PROT:WP_000715230.1	WP_000715230.1	EW036_RS05225	dsbC	bifunctional protein-disulfide isomerase/oxidoreductase DsbC	0.0004998375	dsbC — bifunctional protein-disulfide isomerase/oxidoreductase DsbC	search FASTA description + reference GFF	29.49129949074294
PROT:WP_000717135.1	WP_000717135.1	EW036_RS18670	cusB	Cu(+)/Ag(+) efflux RND transporter periplasmic adaptor subunit CusB	0.0004998375	cusB — Cu(+)/Ag(+) efflux RND transporter periplasmic adaptor subunit CusB	search FASTA description + reference GFF	28.59642516418561
PROT:WP_000717694.1	WP_000717694.1	EW036_RS06875	glnB	nitrogen regulatory protein P-II	0.0004998375	glnB — nitrogen regulatory protein P-II	search FASTA description + reference GFF	30.068892977178887
PROT:WP_000718995.1	WP_000718995.1	EW036_RS10580	galU	UTP--glucose-1-phosphate uridylyltransferase GalU	0.0004998375	galU — UTP--glucose-1-phosphate uridylyltransferase GalU	search FASTA description + reference GFF	32.683526512916295
PROT:WP_000719098.1	WP_000719098.1	EW036_RS13105	ydjF	DeoR/GlpR family DNA-binding transcription regulator	0.0004998375	ydjF — DeoR/GlpR family DNA-binding transcription regulator	search FASTA description + reference GFF	25.96167714524537
PROT:WP_000719791.1	WP_000719791.1	EW036_RS02955	elbB	isoprenoid biosynthesis glyoxalase ElbB	0.0004998375	elbB — isoprenoid biosynthesis glyoxalase ElbB	search FASTA description + reference GFF	30.676644900925563
PROT:WP_000719990.1	WP_000719990.1	EW036_RS03415	tdcF	enamine/imine deaminase	0.0004998375	tdcF — enamine/imine deaminase	search FASTA description + reference GFF	29.071170527299785
PROT:WP_000724161.1	WP_000724161.1	EW036_RS05780	fucI	L-fucose isomerase	0.0004998375	fucI — L-fucose isomerase	search FASTA description + reference GFF	25.4615109174793
PROT:WP_000725344.1	WP_000725344.1	EW036_RS24845	dsbA	thiol:disulfide interchange protein DsbA	0.0004998375	dsbA — thiol:disulfide interchange protein DsbA	search FASTA description + reference GFF	31.115071259981896
PROT:WP_000729117.1	WP_000729117.1	EW036_RS23210	groL	chaperonin GroEL	0.0004998375	groL — chaperonin GroEL	search FASTA description + reference GFF	37.31009240652062
PROT:WP_000729155.1	WP_000729155.1	EW036_RS18740	folD	bifunctional methylenetetrahydrofolate dehydrogenase/methenyltetrahydrofolate cyclohydrolase FolD	0.0004998375	folD — bifunctional methylenetetrahydrofolate dehydrogenase/methenyltetrahydrofolate cyclohydrolase FolD	search FASTA description + reference GFF	30.632349641585357
PROT:WP_000729186.1	WP_000729186.1	EW036_RS02460	rplX	50S ribosomal protein L24	0.0004998375	rplX — 50S ribosomal protein L24	search FASTA description + reference GFF	34.35586546121463
PROT:WP_000730252.1	WP_000730252.1	EW036_RS01820	gntR	gluconate operon transcriptional repressor GntR	0.0004998375	gntR — gluconate operon transcriptional repressor GntR	search FASTA description + reference GFF	28.13122091647813
PROT:WP_000733698.1	WP_000733698.1	EW036_RS10235	dhaK	dihydroxyacetone kinase subunit DhaK	0.0004998375	dhaK — dihydroxyacetone kinase subunit DhaK	search FASTA description + reference GFF	29.548717838185915
PROT:WP_000734300.1	WP_000734300.1	EW036_RS20840	speD	adenosylmethionine decarboxylase	0.0004998375	speD — adenosylmethionine decarboxylase	search FASTA description + reference GFF	29.54990132645471
PROT:WP_000735289.1	WP_000735289.1	EW036_RS03810	tolC	outer membrane channel protein TolC	0.0004998375	tolC — outer membrane channel protein TolC	search FASTA description + reference GFF	32.17682746917145
PROT:WP_000735412.1	WP_000735412.1	EW036_RS09605	phoQ	two-component system sensor histidine kinase PhoQ	0.006009846	phoQ — two-component system sensor histidine kinase PhoQ	search FASTA description + reference GFF	23.156740850209445
PROT:WP_000736146.1	WP_000736146.1	EW036_RS09300	yceM	Gfo/Idh/MocA family protein	0.0004998375	yceM — Gfo/Idh/MocA family protein	search FASTA description + reference GFF	27.789637607735035
PROT:WP_000736347.1	WP_000736347.1	EW036_RS07010	yfhM	alpha2-macroglobulin	0.0004998375	yfhM — alpha2-macroglobulin	search FASTA description + reference GFF	29.870566352745072
PROT:WP_000736858.1	WP_000736858.1	EW036_RS02190	yhfG	YhfG family protein	0.0004998375	yhfG — YhfG family protein	search FASTA description + reference GFF	29.25576742758525
PROT:WP_000737040.1	WP_000737040.1	EW036_RS01970	feoB	Fe(2+) transporter permease subunit FeoB	0.0004998375	feoB — Fe(2+) transporter permease subunit FeoB	search FASTA description + reference GFF	26.70164541627356
PROT:WP_000737214.1	WP_000737214.1	EW036_RS10685	ompW	outer membrane protein OmpW	0.0004998375	ompW — outer membrane protein OmpW	search FASTA description + reference GFF	31.71225868902008
PROT:WP_000737621.1	WP_000737621.1	EW036_RS07955	hisJ	histidine ABC transporter substrate-binding protein HisJ	0.0004998375	hisJ — histidine ABC transporter substrate-binding protein HisJ	search FASTA description + reference GFF	29.985774450586035
PROT:WP_000738421.1	WP_000738421.1	EW036_RS14565	iss	increased serum survival lipoprotein Iss	0.0004998375	iss — increased serum survival lipoprotein Iss	search FASTA description + reference GFF	29.0693171988052
PROT:WP_000740067.1	WP_000740067.1	EW036_RS14410	msrP	protein-methionine-sulfoxide reductase catalytic subunit MsrP	0.0004998375	msrP — protein-methionine-sulfoxide reductase catalytic subunit MsrP	search FASTA description + reference GFF	28.760805556114384
PROT:WP_000742109.1	WP_000742109.1	EW036_RS19310	thiL	thiamine-phosphate kinase	0.0004998375	thiL — thiamine-phosphate kinase	search FASTA description + reference GFF	28.723250549052224
PROT:WP_000742141.1	WP_000742141.1	EW036_RS02090	dam	adenine-specific DNA-methyltransferase	0.0004998375	dam — adenine-specific DNA-methyltransferase	search FASTA description + reference GFF	23.14987201585803
PROT:WP_000743189.1	WP_000743189.1	EW036_RS01700	rsmD	16S rRNA (guanine(966)-N(2))-methyltransferase	0.0004998375	rsmD — 16S rRNA (guanine(966)-N(2))-methyltransferase	search FASTA description + reference GFF	27.886209761932214
PROT:WP_000743444.1	WP_000743444.1	EW036_RS17470	hlyD	secretion protein HlyD	0.0004998375	hlyD — secretion protein HlyD	search FASTA description + reference GFF	30.066138415458315
PROT:WP_000744765.1	WP_000744765.1	EW036_RS02565	rsmB	16S rRNA (cytosine(967)-C(5))-methyltransferase RsmB	0.0004998375	rsmB — 16S rRNA (cytosine(967)-C(5))-methyltransferase RsmB	search FASTA description + reference GFF	28.02610116638911
PROT:WP_000746171.1	WP_000746171.1	EW036_RS21215	lptD	LPS assembly protein LptD	0.0004998375	lptD — LPS assembly protein LptD	search FASTA description + reference GFF	31.58526758692634
PROT:WP_000747631.1	WP_000747631.1	EW036_RS01180	yiaD	OmpA family lipoprotein	0.0004998375	yiaD — OmpA family lipoprotein	search FASTA description + reference GFF	28.8830045366343
PROT:WP_000748258.1	WP_000748258.1	EW036_RS07950	argT	lysine/arginine/ornithine ABC transporter substrate-binding protein ArgT	0.0004998375	argT — lysine/arginine/ornithine ABC transporter substrate-binding protein ArgT	search FASTA description + reference GFF	29.29382151876128
PROT:WP_000749265.1	WP_000749265.1	EW036_RS09240	yceI	YceI family protein	0.0004998375	yceI — YceI family protein	search FASTA description + reference GFF	27.33852415874526
PROT:WP_000750398.1	WP_000750398.1	EW036_RS05745	ygdI	YgdI/YgdR family lipoprotein	0.0004998375	ygdI — YgdI/YgdR family lipoprotein	search FASTA description + reference GFF	32.31703229625295
PROT:WP_000751617.1	WP_000751617.1	EW036_RS25155		SAM hydrolase/SAM-dependent halogenase family protein	0.0004998375	EW036_RS25155 — SAM hydrolase/SAM-dependent halogenase family protein	search FASTA description + reference GFF	26.02550574432895
PROT:WP_000753589.1	WP_000753589.1	EW036_RS24645	fdhD	formate dehydrogenase accessory sulfurtransferase FdhD	0.0004998375	fdhD — formate dehydrogenase accessory sulfurtransferase FdhD	search FASTA description + reference GFF	24.49158220840403
PROT:WP_000753937.1	WP_000753937.1	EW036_RS20605	degP	serine endoprotease DegP	0.0004998375	degP — serine endoprotease DegP	search FASTA description + reference GFF	33.75891625882715
PROT:WP_000754737.1	WP_000754737.1	EW036_RS15305	yeeZ	SDR family oxidoreductase	0.0004998375	yeeZ — SDR family oxidoreductase	search FASTA description + reference GFF	31.25145002609302
PROT:WP_000756548.1	WP_000756548.1	EW036_RS01425	hdeA	acid-activated periplasmic chaperone HdeA	0.0004998375	hdeA — acid-activated periplasmic chaperone HdeA	search FASTA description + reference GFF	32.91249814143956
PROT:WP_000756574.1	WP_000756574.1	EW036_RS17130	artI	arginine ABC transporter substrate-binding protein ArtI	0.0004998375	artI — arginine ABC transporter substrate-binding protein ArtI	search FASTA description + reference GFF	32.83403197247618
PROT:WP_000756838.1	WP_000756838.1	EW036_RS09445	yceG	cell division protein YceG	0.0005984273	yceG — cell division protein YceG	search FASTA description + reference GFF	23.58734787219413
PROT:WP_000758422.1	WP_000758422.1	EW036_RS13275	fadD	long-chain-fatty-acid--CoA ligase FadD	0.0004998375	fadD — long-chain-fatty-acid--CoA ligase FadD	search FASTA description + reference GFF	29.106244859775234
PROT:WP_000758655.1	WP_000758655.1	EW036_RS05440	ygdR	lipoprotein YgdR	0.0004998375	ygdR — lipoprotein YgdR	search FASTA description + reference GFF	28.851025449994893
PROT:WP_000758956.1	WP_000758956.1	EW036_RS20530	skp	molecular chaperone Skp	0.0004998375	skp — molecular chaperone Skp	search FASTA description + reference GFF	32.17745305759016
PROT:WP_000759108.1	WP_000759108.1	EW036_RS08785	pqiC	membrane integrity-associated transporter subunit PqiC	0.0004998375	pqiC — membrane integrity-associated transporter subunit PqiC	search FASTA description + reference GFF	29.234934734452736
PROT:WP_000759309.1	WP_000759309.1	EW036_RS09575	potD	spermidine/putrescine ABC transporter substrate-binding protein PotD	0.0004998375	potD — spermidine/putrescine ABC transporter substrate-binding protein PotD	search FASTA description + reference GFF	31.933882411342744
PROT:WP_000762229.1	WP_000762229.1	EW036_RS11570	ldhA	D-lactate dehydrogenase	0.0004998375	ldhA — D-lactate dehydrogenase	search FASTA description + reference GFF	31.04168288806957
PROT:WP_000762401.1	WP_000762401.1	EW036_RS21070	cra	catabolite repressor/activator	0.0004998375	cra — catabolite repressor/activator	search FASTA description + reference GFF	29.05433919049788
PROT:WP_000763535.1	WP_000763535.1	EW036_RS11080	trpD	bifunctional anthranilate synthase glutamate amidotransferase component TrpG/anthranilate phosphoribosyltransferase TrpD	0.0004998375	trpD — bifunctional anthranilate synthase glutamate amidotransferase component TrpG/anthranilate phosphoribosyltransferase TrpD	search FASTA description + reference GFF	32.19509696702144
PROT:WP_000763867.1	WP_000763867.1	EW036_RS13670	cheY	chemotaxis response regulator CheY	0.0004998375	cheY — chemotaxis response regulator CheY	search FASTA description + reference GFF	28.53246160919505
PROT:WP_000764749.1	WP_000764749.1	EW036_RS03115	folP	dihydropteroate synthase	0.0004998375	folP — dihydropteroate synthase	search FASTA description + reference GFF	29.71034625895936
PROT:WP_000765749.1	WP_000765749.1	EW036_RS12445	gstA	glutathione transferase GstA	0.0004998375	gstA — glutathione transferase GstA	search FASTA description + reference GFF	32.323346744608024
PROT:WP_000765828.1	WP_000765828.1	EW036_RS18840	glxR	2-hydroxy-3-oxopropionate reductase	0.0004998375	glxR — 2-hydroxy-3-oxopropionate reductase	search FASTA description + reference GFF	23.969869257947728
PROT:WP_000766111.1	WP_000766111.1	EW036_RS14530		phage major capsid protein	0.0007046405	EW036_RS14530 — phage major capsid protein	search FASTA description + reference GFF	21.31632252216804
PROT:WP_000767329.1	WP_000767329.1	EW036_RS21375	ribF	bifunctional riboflavin kinase/FAD synthetase	0.0004998375	ribF — bifunctional riboflavin kinase/FAD synthetase	search FASTA description + reference GFF	30.088527819279552
PROT:WP_000767411.1	WP_000767411.1	EW036_RS17580	ybhB	kinase inhibitor	0.0004998375	ybhB — kinase inhibitor	search FASTA description + reference GFF	32.932898080985204
PROT:WP_000769322.1	WP_000769322.1	EW036_RS12285	ydgH	DUF1471 family protein YdgH	0.0004998375	ydgH — DUF1471 family protein YdgH	search FASTA description + reference GFF	31.95856538718243
PROT:WP_000770953.1	WP_000770953.1	EW036_RS18685	cusR	copper response regulator transcription factor CusR	0.0004998375	cusR — copper response regulator transcription factor CusR	search FASTA description + reference GFF	26.691594796834103
PROT:WP_000771748.1	WP_000771748.1	EW036_RS18995	ushA	bifunctional UDP-sugar hydrolase/5'-nucleotidase	0.0004998375	ushA — bifunctional UDP-sugar hydrolase/5'-nucleotidase	search FASTA description + reference GFF	30.280905396834783
PROT:WP_000772446.1	WP_000772446.1	EW036_RS25735	sopA	plasmid-partitioning protein SopA	0.0004998375	sopA — plasmid-partitioning protein SopA	search FASTA description + reference GFF	30.695363455541823
PROT:WP_000772452.1	WP_000772452.1	EW036_RS07995	yfcE	phosphodiesterase	0.0004998375	yfcE — phosphodiesterase	search FASTA description + reference GFF	28.13816648576644
PROT:WP_000772888.1	WP_000772888.1	EW036_RS06510	gabD	NADP-dependent succinate-semialdehyde dehydrogenase	0.0004998375	gabD — NADP-dependent succinate-semialdehyde dehydrogenase	search FASTA description + reference GFF	32.05946622969367
PROT:WP_000773180.1	WP_000773180.1	EW036_RS02315	chiA	bifunctional chitinase/lysozyme	0.000499918	chiA — bifunctional chitinase/lysozyme	search FASTA description + reference GFF	22.900743554464597
PROT:WP_000773282.1	WP_000773282.1	EW036_RS18020	ybfF	esterase	0.0004998375	ybfF — esterase	search FASTA description + reference GFF	29.730733501083776
PROT:WP_000774966.1	WP_000774966.1	EW036_RS06420	proW	glycine betaine/L-proline ABC transporter permease ProW	0.0004998375	proW — glycine betaine/L-proline ABC transporter permease ProW	search FASTA description + reference GFF	24.509638403442327
PROT:WP_000775098.1	WP_000775098.1	EW036_RS21045	murE	UDP-N-acetylmuramoyl-L-alanyl-D-glutamate--2,6-diaminopimelate ligase	0.0004998375	murE — UDP-N-acetylmuramoyl-L-alanyl-D-glutamate--2,6-diaminopimelate ligase	search FASTA description + reference GFF	30.15217325857406
PROT:WP_000775540.1	WP_000775540.1	EW036_RS17840	sdhA	succinate dehydrogenase flavoprotein subunit	0.0004998375	sdhA — succinate dehydrogenase flavoprotein subunit	search FASTA description + reference GFF	34.19136326406856
PROT:WP_000775933.1	WP_000775933.1	EW036_RS05515	recD	exodeoxyribonuclease V subunit alpha	0.0004998375	recD — exodeoxyribonuclease V subunit alpha	search FASTA description + reference GFF	26.306656116807112
PROT:WP_000776104.1	WP_000776104.1	EW036_RS18300	rlmH	23S rRNA (pseudouridine(1915)-N(3))-methyltransferase RlmH	0.0004998375	rlmH — 23S rRNA (pseudouridine(1915)-N(3))-methyltransferase RlmH	search FASTA description + reference GFF	26.91811283358891
PROT:WP_000776253.1	WP_000776253.1	EW036_RS11150	cysB	HTH-type transcriptional regulator CysB	0.0004998375	cysB — HTH-type transcriptional regulator CysB	search FASTA description + reference GFF	29.47736615848926
PROT:WP_000776774.1	WP_000776774.1	EW036_RS07780	mlaA	phospholipid-binding lipoprotein MlaA	0.0004998375	mlaA — phospholipid-binding lipoprotein MlaA	search FASTA description + reference GFF	29.09338263012785
PROT:WP_000776799.1	WP_000776799.1	EW036_RS18590		D-ribose ABC transporter substrate-binding protein	0.0004998375	EW036_RS18590 — D-ribose ABC transporter substrate-binding protein	search FASTA description + reference GFF	30.02916652153549
PROT:WP_000778067.1	WP_000778067.1	EW036_RS16245	napA	periplasmic nitrate reductase subunit alpha	0.0004998375	napA — periplasmic nitrate reductase subunit alpha	search FASTA description + reference GFF	31.86039342925697
PROT:WP_000779086.1	WP_000779086.1	EW036_RS08290	glpQ	glycerophosphodiester phosphodiesterase	0.0004998375	glpQ — glycerophosphodiester phosphodiesterase	search FASTA description + reference GFF	34.076882319279285
PROT:WP_000779409.1	WP_000779409.1	EW036_RS00210	nlpA	lipoprotein NlpA	0.0004998375	nlpA — lipoprotein NlpA	search FASTA description + reference GFF	28.06614715920385
PROT:WP_000779792.1	WP_000779792.1	EW036_RS00975	yibF	glutathione S-transferase	0.0004998375	yibF — glutathione S-transferase	search FASTA description + reference GFF	27.684123801287907
PROT:WP_000779831.1	WP_000779831.1	EW036_RS19130	ybaY	YbaY family lipoprotein	0.0004998375	ybaY — YbaY family lipoprotein	search FASTA description + reference GFF	33.07379030210298
PROT:WP_000780912.1	WP_000780912.1	EW036_RS09280	grxB	glutaredoxin 2	0.0004998375	grxB — glutaredoxin 2	search FASTA description + reference GFF	35.31988124261036
PROT:WP_000781072.1	WP_000781072.1	EW036_RS21480	thrC	threonine synthase	0.0004998375	thrC — threonine synthase	search FASTA description + reference GFF	32.305527304375204
PROT:WP_000781370.1	WP_000781370.1	EW036_RS11880	yddM	HigA family addiction module antitoxin	0.0005423056	yddM — HigA family addiction module antitoxin	search FASTA description + reference GFF	26.46943587811548
PROT:WP_000781649.1	WP_000781649.1	EW036_RS22135		Alw26I/Eco31I/Esp3I family type II restriction endonuclease	0.0004998375	EW036_RS22135 — Alw26I/Eco31I/Esp3I family type II restriction endonuclease	search FASTA description + reference GFF	26.0421853945388
PROT:WP_000783912.1	WP_000783912.1	EW036_RS00445	draB	Dr fimbrial biogenesis chaperone DraB	0.0004998375	draB — Dr fimbrial biogenesis chaperone DraB	search FASTA description + reference GFF	28.27230561738073
PROT:WP_000784348.1	WP_000784348.1	EW036_RS17680	ybgS	YbgS-like family protein	0.0004998375	ybgS — YbgS-like family protein	search FASTA description + reference GFF	29.2913587583369
PROT:WP_000785599.1	WP_000785599.1	EW036_RS25370	ilvA	threonine ammonia-lyase, biosynthetic	0.0004998375	ilvA — threonine ammonia-lyase, biosynthetic	search FASTA description + reference GFF	31.30386208491476
PROT:WP_000785722.1	WP_000785722.1	EW036_RS03480	yqjE	phage holin family protein	0.0004998375	yqjE — phage holin family protein	search FASTA description + reference GFF	27.356783151414096
PROT:WP_000785832.1	WP_000785832.1	EW036_RS17860	gltA	citrate synthase	0.0004998375	gltA — citrate synthase	search FASTA description + reference GFF	34.24759087688255
PROT:WP_000785931.1	WP_000785931.1	EW036_RS07625	alaC	alanine transaminase	0.0004998375	alaC — alanine transaminase	search FASTA description + reference GFF	29.76285056161153
PROT:WP_000786399.1	WP_000786399.1	EW036_RS22590	holC	DNA polymerase III subunit chi	0.0004998375	holC — DNA polymerase III subunit chi	search FASTA description + reference GFF	24.066986144226963
PROT:WP_000786911.1	WP_000786911.1	EW036_RS04845	trmB	tRNA (guanosine(46)-N7)-methyltransferase TrmB	0.0004998375	trmB — tRNA (guanosine(46)-N7)-methyltransferase TrmB	search FASTA description + reference GFF	29.229517361793715
PROT:WP_000789507.1	WP_000789507.1	EW036_RS08075	nuoF	NADH-quinone oxidoreductase subunit NuoF	0.0004998375	nuoF — NADH-quinone oxidoreductase subunit NuoF	search FASTA description + reference GFF	32.187697090847486
PROT:WP_000789981.1	WP_000789981.1	EW036_RS23955	pgi	glucose-6-phosphate isomerase	0.0004998375	pgi — glucose-6-phosphate isomerase	search FASTA description + reference GFF	34.75814366166107
PROT:WP_000790159.1	WP_000790159.1	EW036_RS06790	lepA	translation elongation factor 4	0.0004998375	lepA — translation elongation factor 4	search FASTA description + reference GFF	30.71637593484591
PROT:WP_000792973.1	WP_000792973.1	EW036_RS19485	iraP	anti-adapter protein IraP	0.0004998375	iraP — anti-adapter protein IraP	search FASTA description + reference GFF	28.76199383645564
PROT:WP_000796342.1	WP_000796342.1	EW036_RS24520	fpr	ferredoxin--NADP(+) reductase	0.0004998375	fpr — ferredoxin--NADP(+) reductase	search FASTA description + reference GFF	28.37262032087309
PROT:WP_000796460.1	WP_000796460.1	EW036_RS21030	murD	UDP-N-acetylmuramoyl-L-alanine--D-glutamate ligase	0.0004998375	murD — UDP-N-acetylmuramoyl-L-alanine--D-glutamate ligase	search FASTA description + reference GFF	31.06072037788333
PROT:WP_000798857.1	WP_000798857.1	EW036_RS17935	ybgI	radiation resistance protein YbgI	0.0004998375	ybgI — radiation resistance protein YbgI	search FASTA description + reference GFF	31.608054638861333
PROT:WP_000799889.1	WP_000799889.1	EW036_RS25185	lptM	LPS translocon maturation chaperone LptM	0.0004998375	lptM — LPS translocon maturation chaperone LptM	search FASTA description + reference GFF	25.154246654576053
PROT:WP_000799911.1	WP_000799911.1	EW036_RS21720	dnaC	DNA replication protein DnaC	0.0004998375	dnaC — DNA replication protein DnaC	search FASTA description + reference GFF	24.434508878002568
PROT:WP_000799949.1	WP_000799949.1	EW036_RS01850	asd	aspartate-semialdehyde dehydrogenase	0.0004998375	asd — aspartate-semialdehyde dehydrogenase	search FASTA description + reference GFF	32.446021014429846
PROT:WP_000800177.1	WP_000800177.1	EW036_RS11425		SDR family oxidoreductase	0.0004998375	EW036_RS11425 — SDR family oxidoreductase	search FASTA description + reference GFF	28.85737450881628
PROT:WP_000800457.1	WP_000800457.1	EW036_RS21220	surA	peptidylprolyl isomerase SurA	0.0004998375	surA — peptidylprolyl isomerase SurA	search FASTA description + reference GFF	32.51521844923849
PROT:WP_000800503.1	WP_000800503.1	EW036_RS13505	kdgA	bifunctional 4-hydroxy-2-oxoglutarate aldolase/2-dehydro-3-deoxy-phosphogluconate aldolase	0.0004998375	kdgA — bifunctional 4-hydroxy-2-oxoglutarate aldolase/2-dehydro-3-deoxy-phosphogluconate aldolase	search FASTA description + reference GFF	32.209950227283095
PROT:WP_000800831.1	WP_000800831.1	EW036_RS21780		restriction endonuclease	0.0004998375	EW036_RS21780 — restriction endonuclease	search FASTA description + reference GFF	24.26000855307825
PROT:WP_000801125.1	WP_000801125.1	EW036_RS19315	nusB	transcription antitermination factor NusB	0.0004998375	nusB — transcription antitermination factor NusB	search FASTA description + reference GFF	30.833833170507702
PROT:WP_000802080.1	WP_000802080.1	EW036_RS03185	nlpI	lipoprotein NlpI	0.0004998375	nlpI — lipoprotein NlpI	search FASTA description + reference GFF	27.27020484259653
PROT:WP_000802235.1	WP_000802235.1	EW036_RS24540	yiiQ	YiiQ family protein	0.0015500417	yiiQ — YiiQ family protein	search FASTA description + reference GFF	29.966164888692493
PROT:WP_000802518.1	WP_000802518.1	EW036_RS02795	mreC	rod shape-determining protein MreC	0.00050160516	mreC — rod shape-determining protein MreC	search FASTA description + reference GFF	24.91105235653749
PROT:WP_000803587.1	WP_000803587.1	EW036_RS01770	ugpB	sn-glycerol-3-phosphate ABC transporter substrate-binding protein UgpB	0.0004998375	ugpB — sn-glycerol-3-phosphate ABC transporter substrate-binding protein UgpB	search FASTA description + reference GFF	31.873431674263472
PROT:WP_000804430.1	WP_000804430.1	EW036_RS11825	yddE	PhzF family isomerase	0.0004998375	yddE — PhzF family isomerase	search FASTA description + reference GFF	30.956038878779992
PROT:WP_000804726.1	WP_000804726.1	EW036_RS10430	prfA	peptide chain release factor 1	0.0004998375	prfA — peptide chain release factor 1	search FASTA description + reference GFF	27.370191191776076
PROT:WP_000805026.1	WP_000805026.1	EW036_RS01175	ghrB	glyoxylate/hydroxypyruvate reductase GhrB	0.0004998375	ghrB — glyoxylate/hydroxypyruvate reductase GhrB	search FASTA description + reference GFF	31.118294969725078
PROT:WP_000805472.1	WP_000805472.1	EW036_RS20765	panB	3-methyl-2-oxobutanoate hydroxymethyltransferase	0.0004998375	panB — 3-methyl-2-oxobutanoate hydroxymethyltransferase	search FASTA description + reference GFF	31.46382624018221
PROT:WP_000806177.1	WP_000806177.1	EW036_RS00735	pyrE	orotate phosphoribosyltransferase	0.0004998375	pyrE — orotate phosphoribosyltransferase	search FASTA description + reference GFF	29.814328710106345
PROT:WP_000807125.1	WP_000807125.1	EW036_RS09475	hinT	purine nucleoside phosphoramidase	0.0004998375	hinT — purine nucleoside phosphoramidase	search FASTA description + reference GFF	31.292075374842884
PROT:WP_000807341.1	WP_000807341.1	EW036_RS15650	yegS	lipid kinase YegS	0.0004998375	yegS — lipid kinase YegS	search FASTA description + reference GFF	27.507658312807308
PROT:WP_000807757.1	WP_000807757.1	EW036_RS05840	yqcA	flavodoxin	0.0005009208	yqcA — flavodoxin	search FASTA description + reference GFF	26.07028554416431
PROT:WP_000809258.1	WP_000809258.1	EW036_RS03275	rsmI	16S rRNA (cytidine(1402)-2'-O)-methyltransferase	0.0004998375	rsmI — 16S rRNA (cytidine(1402)-2'-O)-methyltransferase	search FASTA description + reference GFF	27.8171733630976
PROT:WP_000809780.1	WP_000809780.1	EW036_RS02950	arcB	aerobic respiration two-component sensor histidine kinase ArcB	0.0004998375	arcB — aerobic respiration two-component sensor histidine kinase ArcB	search FASTA description + reference GFF	29.731192779459064
PROT:WP_000811065.1	WP_000811065.1	EW036_RS10450	kdsA	3-deoxy-8-phosphooctulonate synthase	0.0004998375	kdsA — 3-deoxy-8-phosphooctulonate synthase	search FASTA description + reference GFF	33.19542894473484
PROT:WP_000811939.1	WP_000811939.1	EW036_RS20555	ispC	1-deoxy-D-xylulose-5-phosphate reductoisomerase	0.0004998375	ispC — 1-deoxy-D-xylulose-5-phosphate reductoisomerase	search FASTA description + reference GFF	26.94700364927109
PROT:WP_000812028.1	WP_000812028.1	EW036_RS06780	rseB	sigma-E factor regulatory protein RseB	0.0004998375	rseB — sigma-E factor regulatory protein RseB	search FASTA description + reference GFF	28.707158461293563
PROT:WP_000812795.1	WP_000812795.1	EW036_RS25175	yigA	DUF484 domain-containing protein	0.0004998375	yigA — DUF484 domain-containing protein	search FASTA description + reference GFF	23.735655505890733
PROT:WP_000813195.1	WP_000813195.1	EW036_RS05230	recJ	single-stranded-DNA-specific exonuclease RecJ	0.0004998375	recJ — single-stranded-DNA-specific exonuclease RecJ	search FASTA description + reference GFF	25.64475481261089
PROT:WP_000813854.1	WP_000813854.1	EW036_RS08040	yfbR	5'-deoxynucleotidase	0.0004998375	yfbR — 5'-deoxynucleotidase	search FASTA description + reference GFF	26.075704776436563
PROT:WP_000815373.1	WP_000815373.1	EW036_RS17090	poxB	ubiquinone-dependent pyruvate dehydrogenase	0.0004998375	poxB — ubiquinone-dependent pyruvate dehydrogenase	search FASTA description + reference GFF	33.881585814104376
PROT:WP_000815435.1	WP_000815435.1	EW036_RS17610	pgl	6-phosphogluconolactonase	0.0004998375	pgl — 6-phosphogluconolactonase	search FASTA description + reference GFF	32.68223054496664
PROT:WP_000815584.1	WP_000815584.1	EW036_RS18780	purK	5-(carboxyamino)imidazole ribonucleotide synthase	0.0004998375	purK — 5-(carboxyamino)imidazole ribonucleotide synthase	search FASTA description + reference GFF	29.83967920207048
PROT:WP_000816232.1	WP_000816232.1	EW036_RS05475	thyA	thymidylate synthase	0.0004998375	thyA — thymidylate synthase	search FASTA description + reference GFF	28.883354905822927
PROT:WP_000816280.1	WP_000816280.1	EW036_RS02095	rpe	ribulose-phosphate 3-epimerase	0.0004998375	rpe — ribulose-phosphate 3-epimerase	search FASTA description + reference GFF	32.20512800331223
PROT:WP_000816460.1	WP_000816460.1	EW036_RS21600	deoB	phosphopentomutase	0.0004998375	deoB — phosphopentomutase	search FASTA description + reference GFF	34.63519263691199
PROT:WP_000817036.1	WP_000817036.1	EW036_RS25740		ParB/RepB/Spo0J family plasmid partition protein	0.0004998375	EW036_RS25740 — ParB/RepB/Spo0J family plasmid partition protein	search FASTA description + reference GFF	29.523970684130457
PROT:WP_000817095.1	WP_000817095.1	EW036_RS12670	ldtE	L,D-transpeptidase LdtE	0.0004998375	ldtE — L,D-transpeptidase LdtE	search FASTA description + reference GFF	31.94386915544304
PROT:WP_000817178.1	WP_000817178.1	EW036_RS07885	fabB	beta-ketoacyl-ACP synthase I	0.0004998375	fabB — beta-ketoacyl-ACP synthase I	search FASTA description + reference GFF	34.891343641762845
PROT:WP_000817227.1	WP_000817227.1	EW036_RS19175	queC	7-cyano-7-deazaguanine synthase QueC	0.0004998375	queC — 7-cyano-7-deazaguanine synthase QueC	search FASTA description + reference GFF	28.5962219831566
PROT:WP_000818114.1	WP_000818114.1	EW036_RS20570	tsf	translation elongation factor Ts	0.0004998375	tsf — translation elongation factor Ts	search FASTA description + reference GFF	35.17225905538212
PROT:WP_000818231.1	WP_000818231.1	EW036_RS21115	leuD	3-isopropylmalate dehydratase small subunit	0.0004998375	leuD — 3-isopropylmalate dehydratase small subunit	search FASTA description + reference GFF	26.13907570599825
PROT:WP_000818414.1	WP_000818414.1	EW036_RS20835	speE	polyamine aminopropyltransferase	0.0004998375	speE — polyamine aminopropyltransferase	search FASTA description + reference GFF	29.67970123177658
PROT:WP_000818618.1	WP_000818618.1	EW036_RS02075	aroK	shikimate kinase AroK	0.0004998375	aroK — shikimate kinase AroK	search FASTA description + reference GFF	30.24327730753952
PROT:WP_000823243.1	WP_000823243.1	EW036_RS22340		esterase-like activity of phytase family protein	0.0004998375	EW036_RS22340 — esterase-like activity of phytase family protein	search FASTA description + reference GFF	28.683175327921735
PROT:WP_000824439.1	WP_000824439.1	EW036_RS16190	dsbE	thiol:disulfide interchange protein DsbE	0.0004998375	dsbE — thiol:disulfide interchange protein DsbE	search FASTA description + reference GFF	25.483820006384207
PROT:WP_000825701.1	WP_000825701.1	EW036_RS07945	ubiX	flavin prenyltransferase UbiX	0.0004998375	ubiX — flavin prenyltransferase UbiX	search FASTA description + reference GFF	24.767782864549385
PROT:WP_000826133.1	WP_000826133.1	EW036_RS01795	yhhA	DUF2756 family protein	0.0004998375	yhhA — DUF2756 family protein	search FASTA description + reference GFF	31.784368256656357
PROT:WP_000827406.1	WP_000827406.1	EW036_RS09380	rne	ribonuclease E	0.0004998375	rne — ribonuclease E	search FASTA description + reference GFF	32.78088603760874
PROT:WP_000828351.1	WP_000828351.1	EW036_RS05105	argP	DNA-binding transcriptional regulator ArgP	0.0004998375	argP — DNA-binding transcriptional regulator ArgP	search FASTA description + reference GFF	27.540126429161923
PROT:WP_000829255.1	WP_000829255.1	EW036_RS17315	moeB	molybdopterin-synthase adenylyltransferase MoeB	0.0004998375	moeB — molybdopterin-synthase adenylyltransferase MoeB	search FASTA description + reference GFF	26.453800559173427
PROT:WP_000829498.1	WP_000829498.1	EW036_RS23150	frdB	fumarate reductase iron-sulfur protein	0.0004998375	frdB — fumarate reductase iron-sulfur protein	search FASTA description + reference GFF	32.500338504105734
PROT:WP_000829818.1	WP_000829818.1	EW036_RS02890	rpsI	30S ribosomal protein S9	0.0004998375	rpsI — 30S ribosomal protein S9	search FASTA description + reference GFF	33.107330148489616
PROT:WP_000830769.1	WP_000830769.1	EW036_RS19515	ampH	D-alanyl-D-alanine-carboxypeptidase/endopeptidase AmpH	0.0004998375	ampH — D-alanyl-D-alanine-carboxypeptidase/endopeptidase AmpH	search FASTA description + reference GFF	24.911825132751417
PROT:WP_000831330.1	WP_000831330.1	EW036_RS25720	rpmH	50S ribosomal protein L34	0.0004998375	rpmH — 50S ribosomal protein L34	search FASTA description + reference GFF	31.66917924747435
PROT:WP_000833686.1	WP_000833686.1	EW036_RS21905	uxuR	Uxu operon transcriptional regulator	0.0004998375	uxuR — Uxu operon transcriptional regulator	search FASTA description + reference GFF	26.84746132432629
PROT:WP_000835082.1	WP_000835082.1	EW036_RS12470	anmK	anhydro-N-acetylmuramic acid kinase	0.0004998375	anmK — anhydro-N-acetylmuramic acid kinase	search FASTA description + reference GFF	27.2323036133857
PROT:WP_000838261.1	WP_000838261.1	EW036_RS02270	fkpA	FKBP-type peptidyl-prolyl cis-trans isomerase	0.0004998375	fkpA — FKBP-type peptidyl-prolyl cis-trans isomerase	search FASTA description + reference GFF	33.64342170362277
PROT:WP_000838881.1	WP_000838881.1	EW036_RS18285	nadD	nicotinate-nucleotide adenylyltransferase	0.0004998375	nadD — nicotinate-nucleotide adenylyltransferase	search FASTA description + reference GFF	23.67382525659692
PROT:WP_000838953.1	WP_000838953.1	EW036_RS07370	yfeY	RpoE-regulated lipoprotein	0.0004998375	yfeY — RpoE-regulated lipoprotein	search FASTA description + reference GFF	27.94993600892171
PROT:WP_000839781.1	WP_000839781.1	EW036_RS04820	speC	ornithine decarboxylase	0.0004998375	speC — ornithine decarboxylase	search FASTA description + reference GFF	28.483624952314667
PROT:WP_000841001.1	WP_000841001.1	EW036_RS25410	maoP	macrodomain Ori organization protein MaoP	0.0004998375	maoP — macrodomain Ori organization protein MaoP	search FASTA description + reference GFF	32.00888969516812
PROT:WP_000841554.1	WP_000841554.1	EW036_RS11900	sra	stationary-phase-induced ribosome-associated protein	0.0004998375	sra — stationary-phase-induced ribosome-associated protein	search FASTA description + reference GFF	30.12644758504091
PROT:WP_000841745.1	WP_000841745.1	EW036_RS10220	treA	alpha,alpha-trehalase	0.0004998375	treA — alpha,alpha-trehalase	search FASTA description + reference GFF	30.98683492815844
PROT:WP_000842109.1	WP_000842109.1	EW036_RS19560	frmA	S-(hydroxymethyl)glutathione dehydrogenase	0.0004998375	frmA — S-(hydroxymethyl)glutathione dehydrogenase	search FASTA description + reference GFF	30.285337047824957
PROT:WP_000843866.1	WP_000843866.1	EW036_RS17390	glnH	glutamine ABC transporter substrate-binding protein GlnH	0.0004998375	glnH — glutamine ABC transporter substrate-binding protein GlnH	search FASTA description + reference GFF	32.85413132027646
PROT:WP_000843962.1	WP_000843962.1	EW036_RS02730		DeoR/GlpR family DNA-binding transcription regulator	0.0004998375	EW036_RS02730 — DeoR/GlpR family DNA-binding transcription regulator	search FASTA description + reference GFF	25.335215800611603
PROT:WP_000844800.1	WP_000844800.1	EW036_RS14325	yodD	peroxide/acid resistance protein YodD	0.0004998375	yodD — peroxide/acid resistance protein YodD	search FASTA description + reference GFF	29.6562979247983
PROT:WP_000845115.1	WP_000845115.1	EW036_RS25505	asnA	aspartate--ammonia ligase	0.0004998375	asnA — aspartate--ammonia ligase	search FASTA description + reference GFF	32.842671343222946
PROT:WP_000845408.1	WP_000845408.1	EW036_RS20640	clcA	H(+)/Cl(-) exchange transporter ClcA	0.0004998375	clcA — H(+)/Cl(-) exchange transporter ClcA	search FASTA description + reference GFF	23.56930157736541
PROT:WP_000846342.1	WP_000846342.1	EW036_RS09390	rluC	23S rRNA pseudouridine(955/2504/2580) synthase RluC	0.0004998375	rluC — 23S rRNA pseudouridine(955/2504/2580) synthase RluC	search FASTA description + reference GFF	26.88415063802213
PROT:WP_000847559.1	WP_000847559.1	EW036_RS02885	rplM	50S ribosomal protein L13	0.0004998375	rplM — 50S ribosomal protein L13	search FASTA description + reference GFF	34.72181824551688
PROT:WP_000847882.1	WP_000847882.1	EW036_RS13790	yecA	UPF0149 family protein YecA	0.0004998375	yecA — UPF0149 family protein YecA	search FASTA description + reference GFF	30.22974554150632
PROT:WP_000848653.1	WP_000848653.1	EW036_RS05405	ygeA	amino acid racemase	0.0004998375	ygeA — amino acid racemase	search FASTA description + reference GFF	25.999332972579545
PROT:WP_000850306.1	WP_000850306.1	EW036_RS16705	dmsA	dimethylsulfoxide reductase subunit A	0.0004998375	dmsA — dimethylsulfoxide reductase subunit A	search FASTA description + reference GFF	29.7438518370262
PROT:WP_000850550.1	WP_000850550.1	EW036_RS18325	ybeD	DUF493 family protein YbeD	0.0004998375	ybeD — DUF493 family protein YbeD	search FASTA description + reference GFF	30.889722481510464
PROT:WP_000852287.1	WP_000852287.1	EW036_RS17520	moaE	molybdopterin synthase catalytic subunit MoaE	0.0004998375	moaE — molybdopterin synthase catalytic subunit MoaE	search FASTA description + reference GFF	28.803023400694315
PROT:WP_000852398.1	WP_000852398.1	EW036_RS24975		IclR family transcriptional regulator	0.0007518387	EW036_RS24975 — IclR family transcriptional regulator	search FASTA description + reference GFF	25.05547638853216
PROT:WP_000852812.1	WP_000852812.1	EW036_RS24450	metJ	met regulon transcriptional regulator MetJ	0.0004998375	metJ — met regulon transcriptional regulator MetJ	search FASTA description + reference GFF	27.53010821760173
PROT:WP_000853068.1	WP_000853068.1	EW036_RS18200	lnt	apolipoprotein N-acyltransferase	0.0004998375	lnt — apolipoprotein N-acyltransferase	search FASTA description + reference GFF	25.04133840541328
PROT:WP_000853753.1	WP_000853753.1	EW036_RS22720	fbp	class 1 fructose-bisphosphatase	0.0004998375	fbp — class 1 fructose-bisphosphatase	search FASTA description + reference GFF	32.46879818513664
PROT:WP_000853959.1	WP_000853959.1	EW036_RS24890	hemG	menaquinone-dependent protoporphyrinogen IX dehydrogenase	0.0004998375	hemG — menaquinone-dependent protoporphyrinogen IX dehydrogenase	search FASTA description + reference GFF	28.96097974553525
PROT:WP_000854422.1	WP_000854422.1	EW036_RS16055	fruA	PTS fructose transporter subunit IIBC	0.0004998375	fruA — PTS fructose transporter subunit IIBC	search FASTA description + reference GFF	29.25950092596193
PROT:WP_000854638.1	WP_000854638.1	EW036_RS12035	uxaB	tagaturonate reductase	0.0004998375	uxaB — tagaturonate reductase	search FASTA description + reference GFF	25.93047813370922
PROT:WP_000854961.1	WP_000854961.1	EW036_RS13310	pabB	aminodeoxychorismate synthase component 1	0.0004998375	pabB — aminodeoxychorismate synthase component 1	search FASTA description + reference GFF	25.370631607188727
PROT:WP_000856744.1	WP_000856744.1	EW036_RS01985	greB	transcription elongation factor GreB	0.0004998375	greB — transcription elongation factor GreB	search FASTA description + reference GFF	23.47926540971854
PROT:WP_000857235.1	WP_000857235.1	EW036_RS08280	glpA	anaerobic glycerol-3-phosphate dehydrogenase subunit A	0.0004998375	glpA — anaerobic glycerol-3-phosphate dehydrogenase subunit A	search FASTA description + reference GFF	31.604119901649387
PROT:WP_000857405.1	WP_000857405.1	EW036_RS09190	ymdB	O-acetyl-ADP-ribose deacetylase	0.0004998375	ymdB — O-acetyl-ADP-ribose deacetylase	search FASTA description + reference GFF	29.74761876926524
PROT:WP_000857525.1	WP_000857525.1	EW036_RS15425	rfbA	glucose-1-phosphate thymidylyltransferase RfbA	0.0004998375	rfbA — glucose-1-phosphate thymidylyltransferase RfbA	search FASTA description + reference GFF	31.063481796113024
PROT:WP_000857856.1	WP_000857856.1	EW036_RS24050	aceA	isocitrate lyase	0.0004998375	aceA — isocitrate lyase	search FASTA description + reference GFF	31.343886459296066
PROT:WP_000858975.1	WP_000858975.1	EW036_RS09710		S24 family peptidase	0.0004998375	EW036_RS09710 — S24 family peptidase	search FASTA description + reference GFF	26.899595913051087
PROT:WP_000860035.1	WP_000860035.1	EW036_RS19860		alpha/beta hydrolase	0.0004998375	EW036_RS19860 — alpha/beta hydrolase	search FASTA description + reference GFF	25.303704971935428
PROT:WP_000860201.1	WP_000860201.1	EW036_RS12720	aroD	type I 3-dehydroquinate dehydratase	0.0004998375	aroD — type I 3-dehydroquinate dehydratase	search FASTA description + reference GFF	29.5747727921366
PROT:WP_000860311.1	WP_000860311.1	EW036_RS08205	arnA	bifunctional UDP-4-amino-4-deoxy-L-arabinose formyltransferase/UDP-glucuronic acid oxidase ArnA	0.0004998375	arnA — bifunctional UDP-4-amino-4-deoxy-L-arabinose formyltransferase/UDP-glucuronic acid oxidase ArnA	search FASTA description + reference GFF	30.16962445295516
PROT:WP_000861334.1	WP_000861334.1	EW036_RS02260	slyD	peptidylprolyl isomerase	0.0004998375	slyD — peptidylprolyl isomerase	search FASTA description + reference GFF	31.75190034520258
PROT:WP_000861714.1	WP_000861714.1	EW036_RS03410	tdcE	2-ketobutyrate formate-lyase/pyruvate formate-lyase	0.0004998375	tdcE — 2-ketobutyrate formate-lyase/pyruvate formate-lyase	search FASTA description + reference GFF	32.0977739397011
PROT:WP_000865587.1	WP_000865587.1	EW036_RS16290	ompC	porin OmpC	0.0004998375	ompC — porin OmpC	search FASTA description + reference GFF	31.61889402423905
PROT:WP_000866670.1	WP_000866670.1	EW036_RS25310	wecB	non-hydrolyzing UDP-N-acetylglucosamine 2-epimerase	0.0004998375	wecB — non-hydrolyzing UDP-N-acetylglucosamine 2-epimerase	search FASTA description + reference GFF	28.018596848499968
PROT:WP_000866835.1	WP_000866835.1	EW036_RS24100	purD	phosphoribosylamine--glycine ligase	0.0004998375	purD — phosphoribosylamine--glycine ligase	search FASTA description + reference GFF	33.05895972007586
PROT:WP_000867146.1	WP_000867146.1	EW036_RS25590	pstS	phosphate ABC transporter substrate-binding protein PstS	0.0004998375	pstS — phosphate ABC transporter substrate-binding protein PstS	search FASTA description + reference GFF	33.105054939734174
PROT:WP_000869177.1	WP_000869177.1	EW036_RS03720	hldE	bifunctional D-glycero-beta-D-manno-heptose-7-phosphate kinase/D-glycero-beta-D-manno-heptose 1-phosphate adenylyltransferase HldE	0.0004998375	hldE — bifunctional D-glycero-beta-D-manno-heptose-7-phosphate kinase/D-glycero-beta-D-manno-heptose 1-phosphate adenylyltransferase HldE	search FASTA description + reference GFF	32.228016737285984
PROT:WP_000871487.1	WP_000871487.1	EW036_RS15880	bglX	beta-glucosidase BglX	0.0004998375	bglX — beta-glucosidase BglX	search FASTA description + reference GFF	30.175003523575537
PROT:WP_000872785.1	WP_000872785.1	EW036_RS09255	solA	N-methyl-L-tryptophan oxidase	0.0004998375	solA — N-methyl-L-tryptophan oxidase	search FASTA description + reference GFF	30.270506610529857
PROT:WP_000872908.1	WP_000872908.1	EW036_RS24495	rraA	ribonuclease E activity regulator RraA	0.0004998375	rraA — ribonuclease E activity regulator RraA	search FASTA description + reference GFF	31.889109528946715
PROT:WP_000873880.1	WP_000873880.1	EW036_RS16020	nfo	deoxyribonuclease IV	0.0004998375	nfo — deoxyribonuclease IV	search FASTA description + reference GFF	26.38714629735579
PROT:WP_000874226.1	WP_000874226.1	EW036_RS20430	metQ	methionine ABC transporter substrate-binding lipoprotein MetQ	0.0004998375	metQ — methionine ABC transporter substrate-binding lipoprotein MetQ	search FASTA description + reference GFF	32.49953322650244
PROT:WP_000875487.1	WP_000875487.1	EW036_RS21530	creA	protein CreA	0.0004998375	creA — protein CreA	search FASTA description + reference GFF	28.729309436608983
PROT:WP_000876284.1	WP_000876284.1	EW036_RS11185	lapA	lipopolysaccharide assembly protein LapA	0.0004998375	lapA — lipopolysaccharide assembly protein LapA	search FASTA description + reference GFF	26.921232031090703
PROT:WP_000877123.1	WP_000877123.1	EW036_RS09295	yceH	YceH family protein	0.0004998375	yceH — YceH family protein	search FASTA description + reference GFF	30.335297537038347
PROT:WP_000878135.1	WP_000878135.1	EW036_RS19115	ybaA	DUF1428 domain-containing protein	0.0004998375	ybaA — DUF1428 domain-containing protein	search FASTA description + reference GFF	30.10523199670613
PROT:WP_000879164.1	WP_000879164.1	EW036_RS22370	fecB	Fe(3+) dicitrate ABC transporter substrate-binding protein FecB	0.0004998375	fecB — Fe(3+) dicitrate ABC transporter substrate-binding protein FecB	search FASTA description + reference GFF	30.928519547478363
PROT:WP_000880182.1	WP_000880182.1	EW036_RS15360	hisF	imidazole glycerol phosphate synthase subunit HisF	0.0004998375	hisF — imidazole glycerol phosphate synthase subunit HisF	search FASTA description + reference GFF	27.34540788066525
PROT:WP_000883041.1	WP_000883041.1	EW036_RS18955	glsA	glutaminase A	0.0004998375	glsA — glutaminase A	search FASTA description + reference GFF	32.186585570779094
PROT:WP_000883165.1	WP_000883165.1	EW036_RS06880	hmpA	NO-inducible flavohemoprotein	0.0004998375	hmpA — NO-inducible flavohemoprotein	search FASTA description + reference GFF	29.813353123602788
PROT:WP_000884361.1	WP_000884361.1	EW036_RS17785	cydA	cytochrome ubiquinol oxidase subunit I	0.0004998375	cydA — cytochrome ubiquinol oxidase subunit I	search FASTA description + reference GFF	33.21774941261508
PROT:WP_000884645.1	WP_000884645.1	EW036_RS02765	accC	acetyl-CoA carboxylase biotin carboxylase subunit	0.0004998375	accC — acetyl-CoA carboxylase biotin carboxylase subunit	search FASTA description + reference GFF	33.07650676744014
PROT:WP_000886084.1	WP_000886084.1	EW036_RS05200	ygfZ	tRNA-modifying protein YgfZ	0.0004998375	ygfZ — tRNA-modifying protein YgfZ	search FASTA description + reference GFF	31.8370407229634
PROT:WP_000886683.1	WP_000886683.1	EW036_RS16980	serS	serine--tRNA ligase	0.0004998375	serS — serine--tRNA ligase	search FASTA description + reference GFF	33.46281481225076
PROT:WP_000886909.1	WP_000886909.1	EW036_RS22795	cysQ	3'(2'),5'-bisphosphate nucleotidase CysQ	0.0004998375	cysQ — 3'(2'),5'-bisphosphate nucleotidase CysQ	search FASTA description + reference GFF	32.45163454107297
PROT:WP_000887629.1	WP_000887629.1	EW036_RS18435	ahpF	alkyl hydroperoxide reductase subunit F	0.0004998375	ahpF — alkyl hydroperoxide reductase subunit F	search FASTA description + reference GFF	31.00879934117996
PROT:WP_000891345.1	WP_000891345.1	EW036_RS11190	lapB	lipopolysaccharide assembly protein LapB	0.0004998375	lapB — lipopolysaccharide assembly protein LapB	search FASTA description + reference GFF	24.008853212224047
PROT:WP_000891564.1	WP_000891564.1	EW036_RS00780	waaA	lipid IV(A) 3-deoxy-D-manno-octulosonic acid transferase	0.0004998375	waaA — lipid IV(A) 3-deoxy-D-manno-octulosonic acid transferase	search FASTA description + reference GFF	25.22572382315883
PROT:WP_000891625.1	WP_000891625.1	EW036_RS13600	yecD	hydrolase	0.0004998375	yecD — hydrolase	search FASTA description + reference GFF	28.975478737518014
PROT:WP_000891663.1	WP_000891663.1	EW036_RS17620	modC	molybdenum ABC transporter ATP-binding protein ModC	0.0005028159	modC — molybdenum ABC transporter ATP-binding protein ModC	search FASTA description + reference GFF	26.25212106291109
PROT:WP_000892043.1	WP_000892043.1	EW036_RS07160	yfgO	AI-2E family transporter	0.0004998375	yfgO — AI-2E family transporter	search FASTA description + reference GFF	23.48530258216137
PROT:WP_000893315.1	WP_000893315.1	EW036_RS20010	proA	glutamate-5-semialdehyde dehydrogenase	0.0004998375	proA — glutamate-5-semialdehyde dehydrogenase	search FASTA description + reference GFF	31.26563174149012
PROT:WP_000893576.1	WP_000893576.1	EW036_RS19395	phoR	phosphate regulon sensor histidine kinase PhoR	0.0004998375	phoR — phosphate regulon sensor histidine kinase PhoR	search FASTA description + reference GFF	23.484309171183583
PROT:WP_000896498.1	WP_000896498.1	EW036_RS25560	atpG	F0F1 ATP synthase subunit gamma	0.0004998375	atpG — F0F1 ATP synthase subunit gamma	search FASTA description + reference GFF	32.090828192978215
PROT:WP_000899021.1	WP_000899021.1	EW036_RS05425	aas	bifunctional acyl-ACP--phospholipid O-acyltransferase/long-chain-fatty-acid--ACP ligase	0.0004998375	aas — bifunctional acyl-ACP--phospholipid O-acyltransferase/long-chain-fatty-acid--ACP ligase	search FASTA description + reference GFF	27.07171958244824
PROT:WP_000901082.1	WP_000901082.1	EW036_RS20485	yaeR	VOC family protein	0.0004998375	yaeR — VOC family protein	search FASTA description + reference GFF	27.655913713306177
PROT:WP_000902780.1	WP_000902780.1	EW036_RS01550	pitA	inorganic phosphate transporter PitA	0.0004998375	pitA — inorganic phosphate transporter PitA	search FASTA description + reference GFF	27.80375310811113
PROT:WP_000903381.1	WP_000903381.1	EW036_RS02290	tusB	sulfurtransferase complex subunit TusB	0.0004998375	tusB — sulfurtransferase complex subunit TusB	search FASTA description + reference GFF	24.676336865841183
PROT:WP_000904443.1	WP_000904443.1	EW036_RS08870	tusE	sulfurtransferase TusE	0.001031574	tusE — sulfurtransferase TusE	search FASTA description + reference GFF	25.82301723445743
PROT:WP_000904497.1	WP_000904497.1	EW036_RS18930	qmcA	SPFH domain-containing protein	0.0004998375	qmcA — SPFH domain-containing protein	search FASTA description + reference GFF	29.88356254826972
PROT:WP_000905361.1	WP_000905361.1	EW036_RS20770	panC	pantoate--beta-alanine ligase	0.0004998375	panC — pantoate--beta-alanine ligase	search FASTA description + reference GFF	32.46055842066921
PROT:WP_000905766.1	WP_000905766.1	EW036_RS20980	secA	preprotein translocase subunit SecA	0.0004998375	secA — preprotein translocase subunit SecA	search FASTA description + reference GFF	32.72270497907056
PROT:WP_000905920.1	WP_000905920.1	EW036_RS04315		capsule polysaccharide export inner-membrane protein KpsE	0.0004998375	EW036_RS04315 — capsule polysaccharide export inner-membrane protein KpsE	search FASTA description + reference GFF	28.399309446923247
PROT:WP_000905949.1	WP_000905949.1	EW036_RS26455		hypothetical protein	0.0004998375	EW036_RS26455 — hypothetical protein	search FASTA description + reference GFF	28.342398900937667
PROT:WP_000906193.1	WP_000906193.1	EW036_RS21470	yaaA	peroxide stress protein YaaA	0.0004998375	yaaA — peroxide stress protein YaaA	search FASTA description + reference GFF	28.133740040506414
PROT:WP_000906486.1	WP_000906486.1	EW036_RS06325	csrA	carbon storage regulator CsrA	0.0004998375	csrA — carbon storage regulator CsrA	search FASTA description + reference GFF	28.973092648529605
PROT:WP_000907234.1	WP_000907234.1	EW036_RS13585	yebC	YebC/PmpR family DNA-binding transcriptional regulator	0.0004998375	yebC — YebC/PmpR family DNA-binding transcriptional regulator	search FASTA description + reference GFF	30.42403936406518
PROT:WP_000907823.1	WP_000907823.1	EW036_RS01785	ugpC	sn-glycerol 3-phosphate ABC transporter ATP binding protein UgpC	0.0004998375	ugpC — sn-glycerol 3-phosphate ABC transporter ATP binding protein UgpC	search FASTA description + reference GFF	25.202474172688405
PROT:WP_000908548.1	WP_000908548.1	EW036_RS03225	yhbS	GNAT family N-acetyltransferase	0.0004998375	yhbS — GNAT family N-acetyltransferase	search FASTA description + reference GFF	30.11098566290907
PROT:WP_000910713.1	WP_000910713.1	EW036_RS19850		LysR family transcriptional regulator	0.0004998375	EW036_RS19850 — LysR family transcriptional regulator	search FASTA description + reference GFF	25.170603329540985
PROT:WP_000911112.1	WP_000911112.1	EW036_RS10615	oppB	oligopeptide ABC transporter permease OppB	0.0004998375	oppB — oligopeptide ABC transporter permease OppB	search FASTA description + reference GFF	26.293554745237035
PROT:WP_000912352.1	WP_000912352.1	EW036_RS18755	cysS	cysteine--tRNA ligase	0.0004998375	cysS — cysteine--tRNA ligase	search FASTA description + reference GFF	31.8956592290799
PROT:WP_000912730.1	WP_000912730.1	EW036_RS17925	pxpC	5-oxoprolinase subunit PxpC	0.0004998375	pxpC — 5-oxoprolinase subunit PxpC	search FASTA description + reference GFF	30.157179181280178
PROT:WP_000913396.1	WP_000913396.1	EW036_RS02790	mreB	rod shape-determining protein MreB	0.0004998375	mreB — rod shape-determining protein MreB	search FASTA description + reference GFF	31.73710492287841
PROT:WP_000915728.1	WP_000915728.1	EW036_RS12415	rsxC	electron transport complex subunit RsxC	0.0004998375	rsxC — electron transport complex subunit RsxC	search FASTA description + reference GFF	24.066598153645938
PROT:WP_000917117.1	WP_000917117.1	EW036_RS03815	nudF	ADP-ribose diphosphatase	0.0004998375	nudF — ADP-ribose diphosphatase	search FASTA description + reference GFF	25.09736224880564
PROT:WP_000917208.1	WP_000917208.1	EW036_RS13775	ftnA	non-heme ferritin	0.0004998375	ftnA — non-heme ferritin	search FASTA description + reference GFF	32.47428547205194
PROT:WP_000918042.1	WP_000918042.1	EW036_RS10490	narX	nitrate/nitrite two-component system sensor histidine kinase NarX	0.0004998375	narX — nitrate/nitrite two-component system sensor histidine kinase NarX	search FASTA description + reference GFF	25.62827003758432
PROT:WP_000918160.1	WP_000918160.1	EW036_RS20690	mrcB	bifunctional glycosyl transferase/transpeptidase	0.0004998375	mrcB — bifunctional glycosyl transferase/transpeptidase	search FASTA description + reference GFF	30.570435428381888
PROT:WP_000918810.1	WP_000918810.1	EW036_RS03650	dnaG	DNA primase	0.0004998375	dnaG — DNA primase	search FASTA description + reference GFF	25.604505662912583
PROT:WP_000919159.1	WP_000919159.1	EW036_RS06885	glyA	serine hydroxymethyltransferase	0.0004998375	glyA — serine hydroxymethyltransferase	search FASTA description + reference GFF	34.56575463615969
PROT:WP_000919226.1	WP_000919226.1	EW036_RS12220	bioD	dethiobiotin synthase	0.0004998375	bioD — dethiobiotin synthase	search FASTA description + reference GFF	29.46547760073501
PROT:WP_000919544.1	WP_000919544.1	EW036_RS21750	tsr	methyl-accepting chemotaxis protein	0.0004998375	tsr — methyl-accepting chemotaxis protein	search FASTA description + reference GFF	23.09202914318381
PROT:WP_000920127.1	WP_000920127.1	EW036_RS14405	hiuH	hydroxyisourate hydrolase	0.0005000015	hiuH — hydroxyisourate hydrolase	search FASTA description + reference GFF	25.27402061532834
PROT:WP_000920791.1	WP_000920791.1	EW036_RS12425	rsxG	electron transport complex subunit RsxG	0.0004998375	rsxG — electron transport complex subunit RsxG	search FASTA description + reference GFF	24.28024250276793
PROT:WP_000920840.1	WP_000920840.1	EW036_RS05770	fucU	L-fucose mutarotase	0.0004998375	fucU — L-fucose mutarotase	search FASTA description + reference GFF	31.02822448530059
PROT:WP_000921607.1	WP_000921607.1	EW036_RS08235	yfaY	nicotinamide mononucleotide deamidase-related protein YfaY	0.0004998375	yfaY — nicotinamide mononucleotide deamidase-related protein YfaY	search FASTA description + reference GFF	29.024475960503317
PROT:WP_000921791.1	WP_000921791.1	EW036_RS25220	hemY	protoheme IX biogenesis protein HemY	0.0004998375	hemY — protoheme IX biogenesis protein HemY	search FASTA description + reference GFF	30.44800961132951
PROT:WP_000922683.1	WP_000922683.1	EW036_RS14345	yedI	DUF808 domain-containing protein	0.00091237423	yedI — DUF808 domain-containing protein	search FASTA description + reference GFF	23.27351960857101
PROT:WP_000922702.1	WP_000922702.1	EW036_RS26350		phosphodiesterase	0.00069790863	EW036_RS26350 — phosphodiesterase	search FASTA description + reference GFF	22.506058342882906
PROT:WP_000923703.1	WP_000923703.1	EW036_RS20930	ampD	1,6-anhydro-N-acetylmuramyl-L-alanine amidase AmpD	0.0004998375	ampD — 1,6-anhydro-N-acetylmuramyl-L-alanine amidase AmpD	search FASTA description + reference GFF	24.332445888770373
PROT:WP_000925795.1	WP_000925795.1	EW036_RS03030	mlaE	lipid asymmetry maintenance ABC transporter permease subunit MlaE	0.0004998375	mlaE — lipid asymmetry maintenance ABC transporter permease subunit MlaE	search FASTA description + reference GFF	26.428357831377607
PROT:WP_000925990.1	WP_000925990.1	EW036_RS08680	ldtD	L,D-transpeptidase	0.0004998375	ldtD — L,D-transpeptidase	search FASTA description + reference GFF	27.830460872252107
PROT:WP_000929408.1	WP_000929408.1	EW036_RS15635	yegP	YegP family protein	0.0004998375	yegP — YegP family protein	search FASTA description + reference GFF	32.174094347014616
PROT:WP_000931396.1	WP_000931396.1	EW036_RS17665	galM	galactose-1-epimerase	0.0004998375	galM — galactose-1-epimerase	search FASTA description + reference GFF	31.81271629123327
PROT:WP_000932347.1	WP_000932347.1	EW036_RS00910	trmL	tRNA (uridine(34)/cytosine(34)/5-carboxymethylaminomethyluridine(34)-2'-O)-methyltransferase TrmL	0.0004998375	trmL — tRNA (uridine(34)/cytosine(34)/5-carboxymethylaminomethyluridine(34)-2'-O)-methyltransferase TrmL	search FASTA description + reference GFF	27.748249156137128
PROT:WP_000932839.1	WP_000932839.1	EW036_RS25525	rsmG	16S rRNA (guanine(527)-N(7))-methyltransferase RsmG	0.0004998375	rsmG — 16S rRNA (guanine(527)-N(7))-methyltransferase RsmG	search FASTA description + reference GFF	27.67915077137225
PROT:WP_000933735.1	WP_000933735.1	EW036_RS25580	glmU	bifunctional UDP-N-acetylglucosamine diphosphorylase/glucosamine-1-phosphate N-acetyltransferase GlmU	0.0004998375	glmU — bifunctional UDP-N-acetylglucosamine diphosphorylase/glucosamine-1-phosphate N-acetyltransferase GlmU	search FASTA description + reference GFF	31.40513886120219
PROT:WP_000934041.1	WP_000934041.1	EW036_RS17035	clpA	ATP-dependent Clp protease ATP-binding subunit ClpA	0.0004998375	clpA — ATP-dependent Clp protease ATP-binding subunit ClpA	search FASTA description + reference GFF	32.12944231144211
PROT:WP_000934214.1	WP_000934214.1	EW036_RS01375	treF	alpha,alpha-trehalase	0.00051671243	treF — alpha,alpha-trehalase	search FASTA description + reference GFF	24.398705303254395
PROT:WP_000934300.1	WP_000934300.1	EW036_RS24150	rsd	sigma D regulator	0.0004998375	rsd — sigma D regulator	search FASTA description + reference GFF	25.61133392293004
PROT:WP_000934823.1	WP_000934823.1	EW036_RS19355	secD	protein translocase subunit SecD	0.0004998375	secD — protein translocase subunit SecD	search FASTA description + reference GFF	29.473910248351626
PROT:WP_000934914.1	WP_000934914.1	EW036_RS23120	asd	archaetidylserine decarboxylase	0.0004998375	asd — archaetidylserine decarboxylase	search FASTA description + reference GFF	30.016607879994588
PROT:WP_000935042.1	WP_000935042.1	EW036_RS22780	paeA	hemolysin family protein	0.0004998375	paeA — hemolysin family protein	search FASTA description + reference GFF	23.727998643829515
PROT:WP_000936388.1	WP_000936388.1	EW036_RS23975	rluF	23S rRNA pseudouridine(2604) synthase RluF	0.0008192029	rluF — 23S rRNA pseudouridine(2604) synthase RluF	search FASTA description + reference GFF	20.12355518511076
PROT:WP_000936925.1	WP_000936925.1	EW036_RS13480	ptrB	oligopeptidase B	0.0004998375	ptrB — oligopeptidase B	search FASTA description + reference GFF	27.72089839223205
PROT:WP_000937876.1	WP_000937876.1	EW036_RS07080	xseA	exodeoxyribonuclease VII large subunit	0.0004998375	xseA — exodeoxyribonuclease VII large subunit	search FASTA description + reference GFF	19.44751139336541
PROT:WP_000939317.1	WP_000939317.1	EW036_RS13250	yeaR	DUF1971 domain-containing protein YeaR	0.0004998375	yeaR — DUF1971 domain-containing protein YeaR	search FASTA description + reference GFF	27.638021383012745
PROT:WP_000940019.1	WP_000940019.1	EW036_RS06950	trmJ	tRNA (cytosine(32)/uridine(32)-2'-O)-methyltransferase TrmJ	0.0004998375	trmJ — tRNA (cytosine(32)/uridine(32)-2'-O)-methyltransferase TrmJ	search FASTA description + reference GFF	29.872668148392275
PROT:WP_000940085.1	WP_000940085.1	EW036_RS24130	yjaG	YjaG family protein	0.0004998375	yjaG — YjaG family protein	search FASTA description + reference GFF	27.42830216675973
PROT:WP_000940121.1	WP_000940121.1	EW036_RS02490	rpsE	30S ribosomal protein S5	0.0004998375	rpsE — 30S ribosomal protein S5	search FASTA description + reference GFF	35.57193312704247
PROT:WP_000940595.1	WP_000940595.1	EW036_RS03075	rpmA	50S ribosomal protein L27	0.0004998375	rpmA — 50S ribosomal protein L27	search FASTA description + reference GFF	31.75929507047105
PROT:WP_000941212.1	WP_000941212.1	EW036_RS02440	rplP	50S ribosomal protein L16	0.0004998375	rplP — 50S ribosomal protein L16	search FASTA description + reference GFF	33.33927788582761
PROT:WP_000941942.1	WP_000941942.1	EW036_RS19440	ppnP	pyrimidine/purine nucleoside phosphorylase	0.0004998375	ppnP — pyrimidine/purine nucleoside phosphorylase	search FASTA description + reference GFF	27.57293290602617
PROT:WP_000942350.1	WP_000942350.1	EW036_RS21540	gpmB	2,3-diphosphoglycerate-dependent phosphoglycerate mutase GpmB	0.0004998375	gpmB — 2,3-diphosphoglycerate-dependent phosphoglycerate mutase GpmB	search FASTA description + reference GFF	26.608477073509896
PROT:WP_000944256.1	WP_000944256.1	EW036_RS13475	exoX	exodeoxyribonuclease X	0.00051994575	exoX — exodeoxyribonuclease X	search FASTA description + reference GFF	25.90127248201601
PROT:WP_000945867.1	WP_000945867.1	EW036_RS12350	uidA	beta-glucuronidase	0.0004998375	uidA — beta-glucuronidase	search FASTA description + reference GFF	24.77525225627142
PROT:WP_000946905.1	WP_000946905.1	EW036_RS05500	recC	exodeoxyribonuclease V subunit gamma	0.0004998375	recC — exodeoxyribonuclease V subunit gamma	search FASTA description + reference GFF	27.77957167469349
PROT:WP_000947159.1	WP_000947159.1	EW036_RS25145	corA	magnesium/cobalt transporter CorA	0.0004998375	corA — magnesium/cobalt transporter CorA	search FASTA description + reference GFF	28.388414778978813
PROT:WP_000948732.1	WP_000948732.1	EW036_RS08285	glpT	glycerol-3-phosphate transporter	0.0004998375	glpT — glycerol-3-phosphate transporter	search FASTA description + reference GFF	30.613328077059137
PROT:WP_000952746.1	WP_000952746.1	EW036_RS09560	cobB	Sir2 family NAD+-dependent deacetylase	0.0004998375	cobB — Sir2 family NAD+-dependent deacetylase	search FASTA description + reference GFF	30.14272394739813
PROT:WP_000954913.1	WP_000954913.1	EW036_RS15365	hisIE	bifunctional phosphoribosyl-AMP cyclohydrolase/phosphoribosyl-ATP diphosphatase HisIE	0.00080585334	hisIE — bifunctional phosphoribosyl-AMP cyclohydrolase/phosphoribosyl-ATP diphosphatase HisIE	search FASTA description + reference GFF	21.918550565495963
PROT:WP_000956074.1	WP_000956074.1	EW036_RS15955	preA	NAD-dependent dihydropyrimidine dehydrogenase subunit PreA	0.0004998375	preA — NAD-dependent dihydropyrimidine dehydrogenase subunit PreA	search FASTA description + reference GFF	30.00524993911358
PROT:WP_000956822.1	WP_000956822.1	EW036_RS24020	yjbB	Na/Pi cotransporter family protein	0.0004998375	yjbB — Na/Pi cotransporter family protein	search FASTA description + reference GFF	25.643413568854463
PROT:WP_000957911.1	WP_000957911.1	EW036_RS05465	ptsP	phosphoenolpyruvate--protein phosphotransferase	0.0004998375	ptsP — phosphoenolpyruvate--protein phosphotransferase	search FASTA description + reference GFF	29.085528620332283
PROT:WP_000961458.1	WP_000961458.1	EW036_RS17340	ybiT	ABC-F family ATPase	0.0004998375	ybiT — ABC-F family ATPase	search FASTA description + reference GFF	30.335011358935176
PROT:WP_000961959.1	WP_000961959.1	EW036_RS23235	dcuA	anaerobic C4-dicarboxylate transporter DcuA	0.0004998375	dcuA — anaerobic C4-dicarboxylate transporter DcuA	search FASTA description + reference GFF	27.427550453236464
PROT:WP_000963143.1	WP_000963143.1	EW036_RS06310	recA	recombinase RecA	0.0004998375	recA — recombinase RecA	search FASTA description + reference GFF	32.68257055289979
PROT:WP_000963539.1	WP_000963539.1	EW036_RS20865	aceF	pyruvate dehydrogenase complex dihydrolipoyllysine-residue acetyltransferase	0.0004998375	aceF — pyruvate dehydrogenase complex dihydrolipoyllysine-residue acetyltransferase	search FASTA description + reference GFF	35.366030082100906
PROT:WP_000963841.1	WP_000963841.1	EW036_RS07020	ndk	nucleoside-diphosphate kinase	0.0004998375	ndk — nucleoside-diphosphate kinase	search FASTA description + reference GFF	32.58641804606863
PROT:WP_000964131.1	WP_000964131.1	EW036_RS21035	mraY	phospho-N-acetylmuramoyl-pentapeptide-transferase	0.0004998375	mraY — phospho-N-acetylmuramoyl-pentapeptide-transferase	search FASTA description + reference GFF	22.67786572866031
PROT:WP_000964653.1	WP_000964653.1	EW036_RS26290		ABC transporter permease	0.0004998375	EW036_RS26290 — ABC transporter permease	search FASTA description + reference GFF	24.328356303885496
PROT:WP_000965671.1	WP_000965671.1	EW036_RS01420	hdeD	acid-resistance protein HdeD	0.0004998375	hdeD — acid-resistance protein HdeD	search FASTA description + reference GFF	24.80130737546956
PROT:WP_000965706.1	WP_000965706.1	EW036_RS03920	plsC	1-acylglycerol-3-phosphate O-acyltransferase	0.0004998375	plsC — 1-acylglycerol-3-phosphate O-acyltransferase	search FASTA description + reference GFF	27.34426031713284
PROT:WP_000965911.1	WP_000965911.1	EW036_RS24910	fadB	fatty acid oxidation complex subunit alpha FadB	0.0004998375	fadB — fatty acid oxidation complex subunit alpha FadB	search FASTA description + reference GFF	29.9663790689034
PROT:WP_000967595.1	WP_000967595.1	EW036_RS10655	yciI	YciI family protein	0.0004998375	yciI — YciI family protein	search FASTA description + reference GFF	29.92957069502108
PROT:WP_000969092.1	WP_000969092.1	EW036_RS12355	uidR	DNA-binding transcriptional regulator UidR	0.0004998375	uidR — DNA-binding transcriptional regulator UidR	search FASTA description + reference GFF	25.69209775493089
PROT:WP_000969359.1	WP_000969359.1	EW036_RS19190	ppiD	peptidylprolyl isomerase	0.0004998375	ppiD — peptidylprolyl isomerase	search FASTA description + reference GFF	32.762993254127835
PROT:WP_000970318.1	WP_000970318.1	EW036_RS18935	ybbJ	NfeD family protein	0.0005183256	ybbJ — NfeD family protein	search FASTA description + reference GFF	24.11171188173597
PROT:WP_000970479.1	WP_000970479.1	EW036_RS21060	rsmH	16S rRNA (cytosine(1402)-N(4))-methyltransferase RsmH	0.0004998375	rsmH — 16S rRNA (cytosine(1402)-N(4))-methyltransferase RsmH	search FASTA description + reference GFF	30.35843955171397
PROT:WP_000972087.1	WP_000972087.1	EW036_RS01575	rbbA	ribosome-associated ATPase/putative transporter RbbA	0.0004998375	rbbA — ribosome-associated ATPase/putative transporter RbbA	search FASTA description + reference GFF	26.842388609863807
PROT:WP_000972134.1	WP_000972134.1	EW036_RS16915		tail fiber assembly protein	0.004277846	EW036_RS16915 — tail fiber assembly protein	search FASTA description + reference GFF	23.767264033040192
PROT:WP_000972294.1	WP_000972294.1	EW036_RS08495		hypothetical protein	0.0004998375	EW036_RS08495 — hypothetical protein	search FASTA description + reference GFF	27.877735826544654
PROT:WP_000973095.1	WP_000973095.1	EW036_RS20320	fadE	acyl-CoA dehydrogenase FadE	0.0004998375	fadE — acyl-CoA dehydrogenase FadE	search FASTA description + reference GFF	30.141485610291834
PROT:WP_000973448.1	WP_000973448.1	EW036_RS19220	bolA	transcriptional regulator BolA	0.0004998375	bolA — transcriptional regulator BolA	search FASTA description + reference GFF	27.85141799978808
PROT:WP_000973516.1	WP_000973516.1	EW036_RS04680	iutA	ferric aerobactin receptor IutA	0.0004998375	iutA — ferric aerobactin receptor IutA	search FASTA description + reference GFF	29.44630371697122
PROT:WP_000973666.1	WP_000973666.1	EW036_RS23900	lamB	maltoporin LamB	0.0004998375	lamB — maltoporin LamB	search FASTA description + reference GFF	29.44990692305409
PROT:WP_000974813.1	WP_000974813.1	EW036_RS19345	yajD	HNH nuclease YajD	0.0004998375	yajD — HNH nuclease YajD	search FASTA description + reference GFF	25.31831918341195
PROT:WP_000976070.1	WP_000976070.1	EW036_RS00745	dut	dUTP diphosphatase	0.0004998375	dut — dUTP diphosphatase	search FASTA description + reference GFF	29.84870428749101
PROT:WP_000976472.1	WP_000976472.1	EW036_RS13450	yebY	YebY family protein	0.0004998375	yebY — YebY family protein	search FASTA description + reference GFF	27.928073794384883
PROT:WP_000977908.1	WP_000977908.1	EW036_RS08700	ompF	porin OmpF	0.0004998375	ompF — porin OmpF	search FASTA description + reference GFF	25.929751036031263
PROT:WP_000979876.1	WP_000979876.1	EW036_RS02930	nanQ	N-acetylneuraminate anomerase	0.0004998375	nanQ — N-acetylneuraminate anomerase	search FASTA description + reference GFF	27.14243084489745
PROT:WP_000979977.1	WP_000979977.1	EW036_RS10045	ymgD	YmgD family protein	0.0004998375	ymgD — YmgD family protein	search FASTA description + reference GFF	25.93086604417864
PROT:WP_000980556.1	WP_000980556.1	EW036_RS15265	sbcB	exodeoxyribonuclease I	0.0004998375	sbcB — exodeoxyribonuclease I	search FASTA description + reference GFF	28.79782628500261
PROT:WP_000980740.1	WP_000980740.1	EW036_RS01980	yhgF	Tex family protein	0.0004998375	yhgF — Tex family protein	search FASTA description + reference GFF	30.80010900086518
PROT:WP_000981977.1	WP_000981977.1	EW036_RS23075	tsaE	tRNA (adenosine(37)-N6)-threonylcarbamoyltransferase complex ATPase subunit type 1 TsaE	0.0004998375	tsaE — tRNA (adenosine(37)-N6)-threonylcarbamoyltransferase complex ATPase subunit type 1 TsaE	search FASTA description + reference GFF	27.874022714540025
PROT:WP_000983028.1	WP_000983028.1	EW036_RS06935	csiE	stationary phase inducible protein CsiE	0.0004998375	csiE — stationary phase inducible protein CsiE	search FASTA description + reference GFF	26.23714214156534
PROT:WP_000984517.1	WP_000984517.1	EW036_RS13400	htpX	protease HtpX	0.0004998375	htpX — protease HtpX	search FASTA description + reference GFF	29.146594942378627
PROT:WP_000984796.1	WP_000984796.1	EW036_RS04855	yggN	DUF2884 domain-containing protein	0.0004998375	yggN — DUF2884 domain-containing protein	search FASTA description + reference GFF	28.293221676723604
PROT:WP_000985549.1	WP_000985549.1	EW036_RS00030	yidA	sugar-phosphatase	0.0004998375	yidA — sugar-phosphatase	search FASTA description + reference GFF	30.685321599511568
PROT:WP_000985737.1	WP_000985737.1	EW036_RS00995		Fic family protein	0.0004998375	EW036_RS00995 — Fic family protein	search FASTA description + reference GFF	24.934932555633445
PROT:WP_000986038.1	WP_000986038.1	EW036_RS06820	acpS	holo-ACP synthase	0.009141302	acpS — holo-ACP synthase	search FASTA description + reference GFF	23.08534644892111
PROT:WP_000986344.1	WP_000986344.1	EW036_RS14885	ldtA	L,D-transpeptidase	0.0004998375	ldtA — L,D-transpeptidase	search FASTA description + reference GFF	30.47844497216191
PROT:WP_000986617.1	WP_000986617.1	EW036_RS23375	melA	alpha-galactosidase	0.0004998375	melA — alpha-galactosidase	search FASTA description + reference GFF	26.87110655195968
PROT:WP_000989435.1	WP_000989435.1	EW036_RS12990	astA	arginine N-succinyltransferase	0.0004998375	astA — arginine N-succinyltransferase	search FASTA description + reference GFF	28.194338045870904
PROT:WP_000990769.1	WP_000990769.1	EW036_RS16370	ubiG	bifunctional 2-polyprenyl-6-hydroxyphenol methylase/3-demethylubiquinol 3-O-methyltransferase UbiG	0.0004998375	ubiG — bifunctional 2-polyprenyl-6-hydroxyphenol methylase/3-demethylubiquinol 3-O-methyltransferase UbiG	search FASTA description + reference GFF	30.14309795956228
PROT:WP_000991370.1	WP_000991370.1	EW036_RS07680	evgA	acid-sensing system DNA-binding response regulator EvgA	0.0004998375	evgA — acid-sensing system DNA-binding response regulator EvgA	search FASTA description + reference GFF	28.293618348199
PROT:WP_000993445.1	WP_000993445.1	EW036_RS01875	glgP	glycogen phosphorylase	0.0004998375	glgP — glycogen phosphorylase	search FASTA description + reference GFF	29.17994568341664
PROT:WP_000994905.1	WP_000994905.1	EW036_RS10630	oppF	murein tripeptide/oligopeptide ABC transporter ATP-binding protein OppF	0.0004998375	oppF — murein tripeptide/oligopeptide ABC transporter ATP-binding protein OppF	search FASTA description + reference GFF	29.38619872338412
PROT:WP_000994985.1	WP_000994985.1	EW036_RS12980	astB	N-succinylarginine dihydrolase	0.0004998375	astB — N-succinylarginine dihydrolase	search FASTA description + reference GFF	25.166903184712996
PROT:WP_000996111.1	WP_000996111.1	EW036_RS17475	ybhF	ATP-binding cassette domain-containing protein	0.0004998375	ybhF — ATP-binding cassette domain-containing protein	search FASTA description + reference GFF	25.153017613168387
PROT:WP_000997384.1	WP_000997384.1	EW036_RS06725	yfiF	tRNA/rRNA methyltransferase	0.0004998375	yfiF — tRNA/rRNA methyltransferase	search FASTA description + reference GFF	31.07349839637981
PROT:WP_000997795.1	WP_000997795.1	EW036_RS04905	yggS	pyridoxal phosphate homeostasis protein	0.0004998375	yggS — pyridoxal phosphate homeostasis protein	search FASTA description + reference GFF	27.217933002657688
PROT:WP_000999817.1	WP_000999817.1	EW036_RS16025		sugar kinase	0.0004998375	EW036_RS16025 — sugar kinase	search FASTA description + reference GFF	23.357489710693017
PROT:WP_000999850.1	WP_000999850.1	EW036_RS00610		tetratricopeptide repeat protein	0.0004998375	EW036_RS00610 — tetratricopeptide repeat protein	search FASTA description + reference GFF	28.296782984519204
PROT:WP_000999947.1	WP_000999947.1	EW036_RS25195	cyaY	iron donor protein CyaY	0.0004998375	cyaY — iron donor protein CyaY	search FASTA description + reference GFF	27.828214610022567
PROT:WP_001000369.1	WP_001000369.1	EW036_RS08270	glpC	anaerobic glycerol-3-phosphate dehydrogenase subunit GlpC	0.0004998375	glpC — anaerobic glycerol-3-phosphate dehydrogenase subunit GlpC	search FASTA description + reference GFF	30.62665702059169
PROT:WP_001001691.1	WP_001001691.1	EW036_RS17135	artQ	arginine ABC transporter permease ArtQ	0.0006380505	artQ — arginine ABC transporter permease ArtQ	search FASTA description + reference GFF	24.02204373953968
PROT:WP_001001921.1	WP_001001921.1	EW036_RS09140	ycdY	molecular chaperone YcdY	0.0004998375	ycdY — molecular chaperone YcdY	search FASTA description + reference GFF	29.39930868004955
PROT:WP_001003709.1	WP_001003709.1	EW036_RS07255	tal	transaldolase	0.0004998375	tal — transaldolase	search FASTA description + reference GFF	34.148358927308216
PROT:WP_001005448.1	WP_001005448.1	EW036_RS15780	apbC	iron-sulfur cluster carrier protein ApbC	0.0004998375	apbC — iron-sulfur cluster carrier protein ApbC	search FASTA description + reference GFF	31.29728381052224
PROT:WP_001005578.1	WP_001005578.1	EW036_RS24355	ppc	phosphoenolpyruvate carboxylase	0.0004998375	ppc — phosphoenolpyruvate carboxylase	search FASTA description + reference GFF	32.39038210397245
PROT:WP_001008535.1	WP_001008535.1	EW036_RS09425	fabG	3-oxoacyl-ACP reductase FabG	0.0004998375	fabG — 3-oxoacyl-ACP reductase FabG	search FASTA description + reference GFF	33.0200682327716
PROT:WP_001008954.1	WP_001008954.1	EW036_RS01635	nikC	nickel ABC transporter permease subunit NikC	0.0018952931	nikC — nickel ABC transporter permease subunit NikC	search FASTA description + reference GFF	28.347905238519456
PROT:WP_001009870.1	WP_001009870.1	EW036_RS19375	acpH	ACP phosphodiesterase	0.0004998375	acpH — ACP phosphodiesterase	search FASTA description + reference GFF	24.42746099183743
PROT:WP_001012588.1	WP_001012588.1	EW036_RS25390	ilvG	acetolactate synthase 2 catalytic subunit	0.0004998375	ilvG — acetolactate synthase 2 catalytic subunit	search FASTA description + reference GFF	28.49551867700693
PROT:WP_001014486.1	WP_001014486.1	EW036_RS00455	draD	Dr fimbrial tip invasin DraD	0.0004998375	draD — Dr fimbrial tip invasin DraD	search FASTA description + reference GFF	27.523194798134725
PROT:WP_001016671.1	WP_001016671.1	EW036_RS24260	murB	UDP-N-acetylmuramate dehydrogenase	0.0004998375	murB — UDP-N-acetylmuramate dehydrogenase	search FASTA description + reference GFF	22.903830140921908
PROT:WP_001017192.1	WP_001017192.1	EW036_RS01480	chuS	hematinate-forming heme oxygenase ChuS	0.0004998375	chuS — hematinate-forming heme oxygenase ChuS	search FASTA description + reference GFF	26.524364454206307
PROT:WP_001018040.1	WP_001018040.1	EW036_RS18185	ybeZ	PhoH family protein	0.0004998375	ybeZ — PhoH family protein	search FASTA description + reference GFF	31.98846464273048
PROT:WP_001018194.1	WP_001018194.1	EW036_RS20580	map	type I methionyl aminopeptidase	0.0004998375	map — type I methionyl aminopeptidase	search FASTA description + reference GFF	30.71529649424755
PROT:WP_001018504.1	WP_001018504.1	EW036_RS09075	putP	sodium/proline symporter PutP	0.0004998375	putP — sodium/proline symporter PutP	search FASTA description + reference GFF	25.529080908668902
PROT:WP_001018618.1	WP_001018618.1	EW036_RS18030	fldA	flavodoxin FldA	0.0004998375	fldA — flavodoxin FldA	search FASTA description + reference GFF	29.740050339216328
PROT:WP_001019197.1	WP_001019197.1	EW036_RS08955	gnsA	GnsA/GnsB family addiction module toxin	0.0004998375	gnsA — GnsA/GnsB family addiction module toxin	search FASTA description + reference GFF	29.197044359946943
PROT:WP_001019643.1	WP_001019643.1	EW036_RS00560	brxC	BREX system P-loop protein BrxC	0.0004998375	brxC — BREX system P-loop protein BrxC	search FASTA description + reference GFF	31.55863479788683
PROT:WP_001019882.1	WP_001019882.1	EW036_RS13170	yeaG	protein kinase YeaG	0.0004998375	yeaG — protein kinase YeaG	search FASTA description + reference GFF	31.950271976361304
PROT:WP_001019923.1	WP_001019923.1	EW036_RS19935	yagU	YagU family protein	0.0004998375	yagU — YagU family protein	search FASTA description + reference GFF	29.75209527771045
PROT:WP_001021005.1	WP_001021005.1	EW036_RS20490	ldcC	lysine decarboxylase LdcC	0.0004998375	ldcC — lysine decarboxylase LdcC	search FASTA description + reference GFF	29.26682724774269
PROT:WP_001021161.1	WP_001021161.1	EW036_RS19320	ribH	6,7-dimethyl-8-ribityllumazine synthase	0.0004998375	ribH — 6,7-dimethyl-8-ribityllumazine synthase	search FASTA description + reference GFF	32.64430587697144
PROT:WP_001021994.1	WP_001021994.1	EW036_RS01725	livJ	branched chain amino acid ABC transporter substrate-binding protein LivJ	0.0004998375	livJ — branched chain amino acid ABC transporter substrate-binding protein LivJ	search FASTA description + reference GFF	27.488829816624676
PROT:WP_001022015.1	WP_001022015.1	EW036_RS22105	mtnA	S-methyl-5-thioribose-1-phosphate isomerase	0.0004998375	mtnA — S-methyl-5-thioribose-1-phosphate isomerase	search FASTA description + reference GFF	26.233381077445472
PROT:WP_001023114.1	WP_001023114.1	EW036_RS18105	nagE	PTS N-acetyl glucosamine transporter subunit IIABC	0.0004998375	nagE — PTS N-acetyl glucosamine transporter subunit IIABC	search FASTA description + reference GFF	30.271849039089684
PROT:WP_001023641.1	WP_001023641.1	EW036_RS15430	rfbD	dTDP-4-dehydrorhamnose reductase	0.0004998375	rfbD — dTDP-4-dehydrorhamnose reductase	search FASTA description + reference GFF	30.71198784015277
PROT:WP_001025326.1	WP_001025326.1	EW036_RS13645	argS	arginine--tRNA ligase	0.0004998375	argS — arginine--tRNA ligase	search FASTA description + reference GFF	31.366068341405374
PROT:WP_001025939.1	WP_001025939.1	EW036_RS24330	oxyR	DNA-binding transcriptional regulator OxyR	0.0004998375	oxyR — DNA-binding transcriptional regulator OxyR	search FASTA description + reference GFF	29.60313752846176
PROT:WP_001026276.1	WP_001026276.1	EW036_RS23215	groS	co-chaperone GroES	0.0004998375	groS — co-chaperone GroES	search FASTA description + reference GFF	34.2073503520549
PROT:WP_001026418.1	WP_001026418.1	EW036_RS16200	ccmE	cytochrome c maturation protein CcmE	0.0004998375	ccmE — cytochrome c maturation protein CcmE	search FASTA description + reference GFF	27.90323128074735
PROT:WP_001027935.1	WP_001027935.1	EW036_RS11620	ydcF	DUF218 domain-containing protein YdcF	0.0004998375	ydcF — DUF218 domain-containing protein YdcF	search FASTA description + reference GFF	28.24699013978838
PROT:WP_001028309.1	WP_001028309.1	EW036_RS07975	yfcH	TIGR01777 family oxidoreductase	0.0004998375	yfcH — TIGR01777 family oxidoreductase	search FASTA description + reference GFF	29.07367054649857
PROT:WP_001028626.1	WP_001028626.1	EW036_RS07125	purN	phosphoribosylglycinamide formyltransferase	0.0004998375	purN — phosphoribosylglycinamide formyltransferase	search FASTA description + reference GFF	29.73642445313285
PROT:WP_001029106.1	WP_001029106.1	EW036_RS13415	msrC	L-methionine (R)-S-oxide reductase	0.0004998375	msrC — L-methionine (R)-S-oxide reductase	search FASTA description + reference GFF	28.13689203792887
PROT:WP_001029685.1	WP_001029685.1	EW036_RS02520	rpsK	30S ribosomal protein S11	0.0004998375	rpsK — 30S ribosomal protein S11	search FASTA description + reference GFF	33.93929609310231
PROT:WP_001029745.1	WP_001029745.1	EW036_RS21785		type I restriction-modification system subunit M	0.0004998375	EW036_RS21785 — type I restriction-modification system subunit M	search FASTA description + reference GFF	24.974510180804888
PROT:WP_001031057.1	WP_001031057.1	EW036_RS03155	nusA	transcription termination factor NusA	0.0004998375	nusA — transcription termination factor NusA	search FASTA description + reference GFF	33.43519603603614
PROT:WP_001031530.1	WP_001031530.1	EW036_RS11140	yciN	YciN family protein	0.0004998375	yciN — YciN family protein	search FASTA description + reference GFF	32.08001890809168
PROT:WP_001031711.1	WP_001031711.1	EW036_RS02100	gph	phosphoglycolate phosphatase	0.0004998375	gph — phosphoglycolate phosphatase	search FASTA description + reference GFF	30.27540230992678
PROT:WP_001033350.1	WP_001033350.1	EW036_RS10405	dauA	C4-dicarboxylic acid transporter DauA	0.00051109836	dauA — C4-dicarboxylic acid transporter DauA	search FASTA description + reference GFF	25.143361216290216
PROT:WP_001033695.1	WP_001033695.1	EW036_RS09545	lolD	lipoprotein-releasing ABC transporter ATP-binding protein LolD	0.0004998375	lolD — lipoprotein-releasing ABC transporter ATP-binding protein LolD	search FASTA description + reference GFF	29.50027034267113
PROT:WP_001033720.1	WP_001033720.1	EW036_RS24575	cpxR	envelope stress response regulator transcription factor CpxR	0.0004998375	cpxR — envelope stress response regulator transcription factor CpxR	search FASTA description + reference GFF	31.72144301219524
PROT:WP_001034044.1	WP_001034044.1	EW036_RS26425		type II toxin-antitoxin system VapC family toxin	0.0004998375	EW036_RS26425 — type II toxin-antitoxin system VapC family toxin	search FASTA description + reference GFF	25.5837284744092
PROT:WP_001034046.1	WP_001034046.1	EW036_RS26440		type II toxin-antitoxin system VapC family toxin	0.0004998375	EW036_RS26440 — type II toxin-antitoxin system VapC family toxin	search FASTA description + reference GFF	27.473392807109047
PROT:WP_001036964.1	WP_001036964.1	EW036_RS15970	mglB	galactose/glucose ABC transporter substrate-binding protein MglB	0.0004998375	mglB — galactose/glucose ABC transporter substrate-binding protein MglB	search FASTA description + reference GFF	33.3225439358278
PROT:WP_001037384.1	WP_001037384.1	EW036_RS21835	yjiN	DUF445 domain-containing protein	0.0004998375	yjiN — DUF445 domain-containing protein	search FASTA description + reference GFF	23.667430201484983
PROT:WP_001039046.1	WP_001039046.1	EW036_RS12950	osmE	osmotically-inducible lipoprotein OsmE	0.0004998375	osmE — osmotically-inducible lipoprotein OsmE	search FASTA description + reference GFF	35.11251077881221
PROT:WP_001040187.1	WP_001040187.1	EW036_RS17025	infA	translation initiation factor IF-1	0.0004998375	infA — translation initiation factor IF-1	search FASTA description + reference GFF	31.35438306188936
PROT:WP_001040205.1	WP_001040205.1	EW036_RS03165	rbfA	30S ribosome-binding factor RbfA	0.0004998375	rbfA — 30S ribosome-binding factor RbfA	search FASTA description + reference GFF	31.117765754774613
PROT:WP_001040681.1	WP_001040681.1	EW036_RS01705	ftsY	signal recognition particle-docking protein FtsY	0.0004998375	ftsY — signal recognition particle-docking protein FtsY	search FASTA description + reference GFF	30.75591355504601
PROT:WP_001041010.1	WP_001041010.1	EW036_RS03455	yhaJ	DNA-binding transcriptional regulator YhaJ	0.0004998375	yhaJ — DNA-binding transcriptional regulator YhaJ	search FASTA description + reference GFF	28.0962469531326
PROT:WP_001042013.1	WP_001042013.1	EW036_RS01715	ftsX	permease-like cell division protein FtsX	0.0004998375	ftsX — permease-like cell division protein FtsX	search FASTA description + reference GFF	26.21884276487951
PROT:WP_001043375.1	WP_001043375.1	EW036_RS12335	ydgA	YdgA family protein	0.0004998375	ydgA — YdgA family protein	search FASTA description + reference GFF	33.94415319220225
PROT:WP_001043561.1	WP_001043561.1	EW036_RS17010	cydD	heme ABC transporter permease/ATP-binding protein CydD	0.0004998375	cydD — heme ABC transporter permease/ATP-binding protein CydD	search FASTA description + reference GFF	26.480717258329864
PROT:WP_001043795.1	WP_001043795.1	EW036_RS07860	mepA	penicillin-insensitive murein endopeptidase	0.0004998375	mepA — penicillin-insensitive murein endopeptidase	search FASTA description + reference GFF	25.45696829191506
PROT:WP_001044302.1	WP_001044302.1	EW036_RS09005	agp	bifunctional glucose-1-phosphatase/inositol phosphatase	0.0004998375	agp — bifunctional glucose-1-phosphatase/inositol phosphatase	search FASTA description + reference GFF	33.302721973886385
PROT:WP_001044513.1	WP_001044513.1	EW036_RS24125	hupA	nucleoid-associated protein HU-alpha	0.0004998375	hupA — nucleoid-associated protein HU-alpha	search FASTA description + reference GFF	35.53607866555664
PROT:WP_001044880.1	WP_001044880.1	EW036_RS18265	ybeL	zinc ribbon-containing protein	0.0004998375	ybeL — zinc ribbon-containing protein	search FASTA description + reference GFF	31.472265828485515
PROT:WP_001046304.1	WP_001046304.1	EW036_RS19805	rclA	reactive chlorine resistance oxidoreductase RclA	0.0004998375	rclA — reactive chlorine resistance oxidoreductase RclA	search FASTA description + reference GFF	29.98155925487019
PROT:WP_001046838.1	WP_001046838.1	EW036_RS11495	smrA	DNA endonuclease SmrA	0.0004998375	smrA — DNA endonuclease SmrA	search FASTA description + reference GFF	25.418879144512815
PROT:WP_001047336.1	WP_001047336.1	EW036_RS03065	ispB	octaprenyl diphosphate synthase	0.0004998375	ispB — octaprenyl diphosphate synthase	search FASTA description + reference GFF	29.5020135292994
PROT:WP_001048602.1	WP_001048602.1	EW036_RS17820	sucC	ADP-forming succinate--CoA ligase subunit beta	0.0004998375	sucC — ADP-forming succinate--CoA ligase subunit beta	search FASTA description + reference GFF	34.577973287215855
PROT:WP_001051798.1	WP_001051798.1	EW036_RS00765	rpmG	50S ribosomal protein L33	0.0004998375	rpmG — 50S ribosomal protein L33	search FASTA description + reference GFF	32.80845445102851
PROT:WP_001052123.1	WP_001052123.1	EW036_RS23410	pmrB	two-component system sensor histidine kinase PmrB	0.0004998375	pmrB — two-component system sensor histidine kinase PmrB	search FASTA description + reference GFF	29.704203381283914
PROT:WP_001052187.1	WP_001052187.1	EW036_RS24860	mobA	molybdenum cofactor guanylyltransferase MobA	0.0004998375	mobA — molybdenum cofactor guanylyltransferase MobA	search FASTA description + reference GFF	24.825111874490588
PROT:WP_001052219.1	WP_001052219.1	EW036_RS25545	atpF	F0F1 ATP synthase subunit B	0.0004998375	atpF — F0F1 ATP synthase subunit B	search FASTA description + reference GFF	32.70188068468625
PROT:WP_001052747.1	WP_001052747.1	EW036_RS20355	gloB	hydroxyacylglutathione hydrolase	0.0004998375	gloB — hydroxyacylglutathione hydrolase	search FASTA description + reference GFF	29.49207532287771
PROT:WP_001053178.1	WP_001053178.1	EW036_RS04920	yqgE	YqgE/AlgH family protein	0.0004998375	yqgE — YqgE/AlgH family protein	search FASTA description + reference GFF	28.910525265717688
PROT:WP_001054420.1	WP_001054420.1	EW036_RS03100	yhbY	ribosome assembly RNA-binding protein YhbY	0.0004998375	yhbY — ribosome assembly RNA-binding protein YhbY	search FASTA description + reference GFF	28.515139959096565
PROT:WP_001054527.1	WP_001054527.1	EW036_RS25325	rho	transcription termination factor Rho	0.0004998375	rho — transcription termination factor Rho	search FASTA description + reference GFF	34.01765757176863
PROT:WP_001055794.1	WP_001055794.1	EW036_RS13405	prc	carboxy terminal-processing peptidase	0.0004998375	prc — carboxy terminal-processing peptidase	search FASTA description + reference GFF	31.15648035464375
PROT:WP_001056273.1	WP_001056273.1	EW036_RS25470	rbsB	ribose ABC transporter substrate-binding protein RbsB	0.0004998375	rbsB — ribose ABC transporter substrate-binding protein RbsB	search FASTA description + reference GFF	33.033607033668325
PROT:WP_001056384.1	WP_001056384.1	EW036_RS17345	ldtB	L,D-transpeptidase	0.0004998375	ldtB — L,D-transpeptidase	search FASTA description + reference GFF	31.81024364015593
PROT:WP_001056618.1	WP_001056618.1	EW036_RS08105	nuoL	NADH-quinone oxidoreductase subunit L	0.0004998375	nuoL — NADH-quinone oxidoreductase subunit L	search FASTA description + reference GFF	24.07607177484636
PROT:WP_001057453.1	WP_001057453.1	EW036_RS01490	slp	outer membrane lipoprotein Slp	0.0004998375	slp — outer membrane lipoprotein Slp	search FASTA description + reference GFF	34.86705172657469
PROT:WP_001058227.1	WP_001058227.1	EW036_RS03365	garL	2-dehydro-3-deoxyglucarate aldolase	0.0004998375	garL — 2-dehydro-3-deoxyglucarate aldolase	search FASTA description + reference GFF	27.690671739500296
PROT:WP_001058819.1	WP_001058819.1	EW036_RS03985	yqhD	alcohol dehydrogenase	0.0004998375	yqhD — alcohol dehydrogenase	search FASTA description + reference GFF	32.23221687885344
PROT:WP_001059176.1	WP_001059176.1	EW036_RS06560	nadK	NAD(+) kinase	0.0004998375	nadK — NAD(+) kinase	search FASTA description + reference GFF	26.075456789237123
PROT:WP_001059398.1	WP_001059398.1	EW036_RS22605	yjgM	GNAT family N-acetyltransferase	0.0005482535	yjgM — GNAT family N-acetyltransferase	search FASTA description + reference GFF	25.703094931460573
PROT:WP_001059911.1	WP_001059911.1	EW036_RS06140	hypE	hydrogenase maturation carbamoyl dehydratase HypE	0.0004998375	hypE — hydrogenase maturation carbamoyl dehydratase HypE	search FASTA description + reference GFF	27.954610423680634
PROT:WP_001060029.1	WP_001060029.1	EW036_RS25055		MurR/RpiR family transcriptional regulator	0.0007924782	EW036_RS25055 — MurR/RpiR family transcriptional regulator	search FASTA description + reference GFF	25.40200793042314
PROT:WP_001060089.1	WP_001060089.1	EW036_RS01955	bioH	pimeloyl-ACP methyl ester esterase BioH	0.0004998375	bioH — pimeloyl-ACP methyl ester esterase BioH	search FASTA description + reference GFF	25.05728134667644
PROT:WP_001060231.1	WP_001060231.1	EW036_RS14845	amn	AMP nucleosidase	0.0004998375	amn — AMP nucleosidase	search FASTA description + reference GFF	30.58727261192459
PROT:WP_001061917.1	WP_001061917.1	EW036_RS16300	rcsB	response regulator transcription factor RcsB	0.0004998375	rcsB — response regulator transcription factor RcsB	search FASTA description + reference GFF	29.992484052832427
PROT:WP_001062128.1	WP_001062128.1	EW036_RS04950	metK	methionine adenosyltransferase	0.0004998375	metK — methionine adenosyltransferase	search FASTA description + reference GFF	31.864016131481183
PROT:WP_001062678.1	WP_001062678.1	EW036_RS13365	cspE	transcription antiterminator/RNA stability regulator CspE	0.0004998375	cspE — transcription antiterminator/RNA stability regulator CspE	search FASTA description + reference GFF	32.742117226066824
PROT:WP_001064038.1	WP_001064038.1	EW036_RS25265	wecG	lipopolysaccharide N-acetylmannosaminouronosyltransferase	0.006850825	wecG — lipopolysaccharide N-acetylmannosaminouronosyltransferase	search FASTA description + reference GFF	20.647822593112963
PROT:WP_001064798.1	WP_001064798.1	EW036_RS22525		IclR family transcriptional regulator	0.0004998375	EW036_RS22525 — IclR family transcriptional regulator	search FASTA description + reference GFF	27.574216819892666
PROT:WP_001065365.1	WP_001065365.1	EW036_RS21230	rsmA	16S rRNA (adenine(1518)-N(6)/adenine(1519)-N(6))-dimethyltransferase RsmA	0.0004998375	rsmA — 16S rRNA (adenine(1518)-N(6)/adenine(1519)-N(6))-dimethyltransferase RsmA	search FASTA description + reference GFF	28.84984782181662
PROT:WP_001065497.1	WP_001065497.1	EW036_RS24850	srkA	stress response kinase SrkA	0.0004998375	srkA — stress response kinase SrkA	search FASTA description + reference GFF	26.999670884050087
PROT:WP_001065681.1	WP_001065681.1	EW036_RS00170	adeD	adenine deaminase	0.0004998375	adeD — adenine deaminase	search FASTA description + reference GFF	25.04135345376313
PROT:WP_001066500.1	WP_001066500.1	EW036_RS03630	nfeF	NADPH-dependent ferric chelate reductase NfeF	0.0004998375	nfeF — NADPH-dependent ferric chelate reductase NfeF	search FASTA description + reference GFF	28.702054924457254
PROT:WP_001068343.1	WP_001068343.1	EW036_RS06800	rnc	ribonuclease III	0.0004998375	rnc — ribonuclease III	search FASTA description + reference GFF	28.5455293141111
PROT:WP_001068682.1	WP_001068682.1	EW036_RS07165	bcp	thioredoxin-dependent thiol peroxidase	0.0004998375	bcp — thioredoxin-dependent thiol peroxidase	search FASTA description + reference GFF	32.767117817591576
PROT:WP_001069461.1	WP_001069461.1	EW036_RS13510	edd	phosphogluconate dehydratase	0.000758565	edd — phosphogluconate dehydratase	search FASTA description + reference GFF	26.05635458253659
PROT:WP_001070179.1	WP_001070179.1	EW036_RS00695	trmH	tRNA (guanosine(18)-2'-O)-methyltransferase TrmH	0.0004998375	trmH — tRNA (guanosine(18)-2'-O)-methyltransferase TrmH	search FASTA description + reference GFF	24.415314520135027
PROT:WP_001071631.1	WP_001071631.1	EW036_RS05875	mazG	nucleoside triphosphate pyrophosphohydrolase	0.0004998375	mazG — nucleoside triphosphate pyrophosphohydrolase	search FASTA description + reference GFF	26.63408895802877
PROT:WP_001075170.1	WP_001075170.1	EW036_RS08310	nrdA	class 1a ribonucleoside-diphosphate reductase subunit alpha	0.0004998375	nrdA — class 1a ribonucleoside-diphosphate reductase subunit alpha	search FASTA description + reference GFF	32.733661093167875
PROT:WP_001075784.1	WP_001075784.1	EW036_RS17950	ybgA	YbgA family protein	0.0004998375	ybgA — YbgA family protein	search FASTA description + reference GFF	29.08653141216069
PROT:WP_001076194.1	WP_001076194.1	EW036_RS00900	gpsA	NAD(P)H-dependent glycerol-3-phosphate dehydrogenase	0.0004998375	gpsA — NAD(P)H-dependent glycerol-3-phosphate dehydrogenase	search FASTA description + reference GFF	30.89006624038741
PROT:WP_001076989.1	WP_001076989.1	EW036_RS03750	ribB	3,4-dihydroxy-2-butanone-4-phosphate synthase	0.0004998375	ribB — 3,4-dihydroxy-2-butanone-4-phosphate synthase	search FASTA description + reference GFF	30.230960275915045
PROT:WP_001081886.1	WP_001081886.1	EW036_RS04045	hybA	hydrogenase 2 operon protein HybA	0.0004998375	hybA — hydrogenase 2 operon protein HybA	search FASTA description + reference GFF	28.360306599765075
PROT:WP_001082226.1	WP_001082226.1	EW036_RS12775	aroH	3-deoxy-7-phosphoheptulonate synthase AroH	0.0004998375	aroH — 3-deoxy-7-phosphoheptulonate synthase AroH	search FASTA description + reference GFF	29.55544993426418
PROT:WP_001085926.1	WP_001085926.1	EW036_RS24210	rplK	50S ribosomal protein L11	0.0004998375	rplK — 50S ribosomal protein L11	search FASTA description + reference GFF	34.56803412528932
PROT:WP_001086497.1	WP_001086497.1	EW036_RS08765	rlmKL	bifunctional 23S rRNA (guanine(2069)-N(7))-methyltransferase RlmK/23S rRNA (guanine(2445)-N(2))-methyltransferase RlmL	0.0004998375	rlmKL — bifunctional 23S rRNA (guanine(2069)-N(7))-methyltransferase RlmK/23S rRNA (guanine(2445)-N(2))-methyltransferase RlmL	search FASTA description + reference GFF	29.46089995545351
PROT:WP_001087296.1	WP_001087296.1	EW036_RS04235	gspG	type II secretion system major pseudopilin GspG	0.0004998375	gspG — type II secretion system major pseudopilin GspG	search FASTA description + reference GFF	25.01340716044664
PROT:WP_001088086.1	WP_001088086.1	EW036_RS25060	tkt	transketolase	0.0004998375	tkt — transketolase	search FASTA description + reference GFF	26.14958553385892
PROT:WP_001088623.1	WP_001088623.1	EW036_RS11210	yciT	DNA-binding transcriptional regulator YciT	0.0004998375	yciT — DNA-binding transcriptional regulator YciT	search FASTA description + reference GFF	25.60803571645771
PROT:WP_001090370.1	WP_001090370.1	EW036_RS06020	cysN	sulfate adenylyltransferase subunit CysN	0.0004998375	cysN — sulfate adenylyltransferase subunit CysN	search FASTA description + reference GFF	27.51318703056093
PROT:WP_001090837.1	WP_001090837.1	EW036_RS07030	rodZ	cytoskeleton protein RodZ	0.0004998375	rodZ — cytoskeleton protein RodZ	search FASTA description + reference GFF	30.763231555239365
PROT:WP_001091562.1	WP_001091562.1	EW036_RS17585	ybhC	putative acyl-CoA thioester hydrolase	0.0004998375	ybhC — putative acyl-CoA thioester hydrolase	search FASTA description + reference GFF	30.56914221129659
PROT:WP_001092082.1	WP_001092082.1	EW036_RS18320	dacA	D-alanyl-D-alanine carboxypeptidase DacA	0.0004998375	dacA — D-alanyl-D-alanine carboxypeptidase DacA	search FASTA description + reference GFF	31.882092719811176
PROT:WP_001092452.1	WP_001092452.1	EW036_RS21655	rimI	ribosomal protein S18-alanine N-acetyltransferase	0.0004998375	rimI — ribosomal protein S18-alanine N-acetyltransferase	search FASTA description + reference GFF	23.94045480703004
PROT:WP_001094534.1	WP_001094534.1	EW036_RS20585	glnD	bifunctional uridylyltransferase/uridylyl-removing protein GlnD	0.0004998375	glnD — bifunctional uridylyltransferase/uridylyl-removing protein GlnD	search FASTA description + reference GFF	27.23026147699128
PROT:WP_001094685.1	WP_001094685.1	EW036_RS21455	mog	molybdopterin adenylyltransferase	0.0004998375	mog — molybdopterin adenylyltransferase	search FASTA description + reference GFF	29.301825244479595
PROT:WP_001094831.1	WP_001094831.1	EW036_RS04900	yggT	osmotic shock tolerance protein YggT	0.001772908	yggT — osmotic shock tolerance protein YggT	search FASTA description + reference GFF	26.19992159004877
PROT:WP_001096048.1	WP_001096048.1	EW036_RS21015	murC	UDP-N-acetylmuramate--L-alanine ligase	0.0004998375	murC — UDP-N-acetylmuramate--L-alanine ligase	search FASTA description + reference GFF	30.05458559715697
PROT:WP_001096200.1	WP_001096200.1	EW036_RS02465	rplE	50S ribosomal protein L5	0.0004998375	rplE — 50S ribosomal protein L5	search FASTA description + reference GFF	34.89876731329449
PROT:WP_001096687.1	WP_001096687.1	EW036_RS24205	rplA	50S ribosomal protein L1	0.0004998375	rplA — 50S ribosomal protein L1	search FASTA description + reference GFF	35.360428752266166
PROT:WP_001096710.1	WP_001096710.1	EW036_RS19570	yaiL	DUF2058 domain-containing protein	0.0004998375	yaiL — DUF2058 domain-containing protein	search FASTA description + reference GFF	26.445447114596693
PROT:WP_001098384.1	WP_001098384.1	EW036_RS17765	ybgC	tol-pal system-associated acyl-CoA thioesterase	0.0004998375	ybgC — tol-pal system-associated acyl-CoA thioesterase	search FASTA description + reference GFF	25.267704254960154
PROT:WP_001098726.1	WP_001098726.1	EW036_RS06720	trxC	thioredoxin TrxC	0.0004998375	trxC — thioredoxin TrxC	search FASTA description + reference GFF	28.83336826936165
PROT:WP_001099099.1	WP_001099099.1	EW036_RS12320	fumC	class II fumarate hydratase	0.0004998375	fumC — class II fumarate hydratase	search FASTA description + reference GFF	29.867177069415884
PROT:WP_001100793.1	WP_001100793.1	EW036_RS15420	rfbC	dTDP-4-dehydrorhamnose 3,5-epimerase	0.0004998375	rfbC — dTDP-4-dehydrorhamnose 3,5-epimerase	search FASTA description + reference GFF	29.467844175470624
PROT:WP_001102123.1	WP_001102123.1	EW036_RS19795	ykgE	(Fe-S)-binding protein	0.0004998375	ykgE — (Fe-S)-binding protein	search FASTA description + reference GFF	26.58711289641182
PROT:WP_001103571.1	WP_001103571.1	EW036_RS15350	hisH	imidazole glycerol phosphate synthase subunit HisH	0.0004998375	hisH — imidazole glycerol phosphate synthase subunit HisH	search FASTA description + reference GFF	27.55245940388869
PROT:WP_001105368.1	WP_001105368.1	EW036_RS15255	sbmC	DNA gyrase inhibitor SbmC	0.0004998375	sbmC — DNA gyrase inhibitor SbmC	search FASTA description + reference GFF	28.86250538781035
PROT:WP_001107179.1	WP_001107179.1	EW036_RS07040	hisS	histidine--tRNA ligase	0.0004998375	hisS — histidine--tRNA ligase	search FASTA description + reference GFF	32.009045381364245
PROT:WP_001107467.1	WP_001107467.1	EW036_RS03110	ftsH	ATP-dependent zinc metalloprotease FtsH	0.0004998375	ftsH — ATP-dependent zinc metalloprotease FtsH	search FASTA description + reference GFF	33.11546761150725
PROT:WP_001107566.1	WP_001107566.1	EW036_RS04850	yggL	YggL family protein	0.0004998375	yggL — YggL family protein	search FASTA description + reference GFF	26.81928812774925
PROT:WP_001109194.1	WP_001109194.1	EW036_RS17675	aroG	3-deoxy-7-phosphoheptulonate synthase AroG	0.0004998375	aroG — 3-deoxy-7-phosphoheptulonate synthase AroG	search FASTA description + reference GFF	30.90994279812366
PROT:WP_001110573.1	WP_001110573.1	EW036_RS18900	ybbA	putative ABC transporter ATP-binding protein YbbA	0.0004998375	ybbA — putative ABC transporter ATP-binding protein YbbA	search FASTA description + reference GFF	26.506658859061638
PROT:WP_001110630.1	WP_001110630.1	EW036_RS23850	dusA	tRNA dihydrouridine(20/20a) synthase DusA	0.0004998375	dusA — tRNA dihydrouridine(20/20a) synthase DusA	search FASTA description + reference GFF	25.9667191569452
PROT:WP_001111047.1	WP_001111047.1	EW036_RS07335	eutL	ethanolamine utilization microcompartment protein EutL	0.0004998375	eutL — ethanolamine utilization microcompartment protein EutL	search FASTA description + reference GFF	26.67677205673032
PROT:WP_001113355.1	WP_001113355.1	EW036_RS17495	ybhP	endonuclease/exonuclease/phosphatase family protein	0.00093910145	ybhP — endonuclease/exonuclease/phosphatase family protein	search FASTA description + reference GFF	23.21176644679424
PROT:WP_001113641.1	WP_001113641.1	EW036_RS16180	narP	nitrate/nitrite response regulator protein NarP	0.0004998375	narP — nitrate/nitrite response regulator protein NarP	search FASTA description + reference GFF	26.71621235870261
PROT:WP_001114009.1	WP_001114009.1	EW036_RS17915	nei	endonuclease VIII	0.0004998375	nei — endonuclease VIII	search FASTA description + reference GFF	26.14848124178097
PROT:WP_001114533.1	WP_001114533.1	EW036_RS00770	mutM	bifunctional DNA-formamidopyrimidine glycosylase/DNA-(apurinic or apyrimidinic site) lyase	0.0004998375	mutM — bifunctional DNA-formamidopyrimidine glycosylase/DNA-(apurinic or apyrimidinic site) lyase	search FASTA description + reference GFF	25.351158018059422
PROT:WP_001117001.1	WP_001117001.1	EW036_RS21200	rapA	RNA polymerase-associated protein RapA	0.0004998375	rapA — RNA polymerase-associated protein RapA	search FASTA description + reference GFF	30.64559907495755
PROT:WP_001117834.1	WP_001117834.1	EW036_RS06545	yfjF	RnfH family protein	0.0004998375	yfjF — RnfH family protein	search FASTA description + reference GFF	28.254878877892832
PROT:WP_001118418.1	WP_001118418.1	EW036_RS18580		sugar-binding transcriptional regulator	0.0004998375	EW036_RS18580 — sugar-binding transcriptional regulator	search FASTA description + reference GFF	28.73385628738633
PROT:WP_001118464.1	WP_001118464.1	EW036_RS21430	dnaJ	molecular chaperone DnaJ	0.0004998375	dnaJ — molecular chaperone DnaJ	search FASTA description + reference GFF	30.74191937004329
PROT:WP_001118861.1	WP_001118861.1	EW036_RS02505	secY	preprotein translocase subunit SecY	0.0004998375	secY — preprotein translocase subunit SecY	search FASTA description + reference GFF	28.661449037188905
PROT:WP_001118930.1	WP_001118930.1	EW036_RS02470	rpsN	30S ribosomal protein S14	0.0004998375	rpsN — 30S ribosomal protein S14	search FASTA description + reference GFF	31.67934564967102
PROT:WP_001119459.1	WP_001119459.1	EW036_RS22840	ytfB	cell division protein YtfB	0.0004998375	ytfB — cell division protein YtfB	search FASTA description + reference GFF	28.303822528219182
PROT:WP_001120810.1	WP_001120810.1	EW036_RS24325	sthA	Si-specific NAD(P)(+) transhydrogenase	0.0004998375	sthA — Si-specific NAD(P)(+) transhydrogenase	search FASTA description + reference GFF	31.972234909289472
PROT:WP_001121363.1	WP_001121363.1	EW036_RS07115	ppx	exopolyphosphatase	0.0004998375	ppx — exopolyphosphatase	search FASTA description + reference GFF	29.80061072096636
PROT:WP_001124225.1	WP_001124225.1	EW036_RS12840	rpmI	50S ribosomal protein L35	0.00054527103	rpmI — 50S ribosomal protein L35	search FASTA description + reference GFF	26.671919836564975
PROT:WP_001124471.1	WP_001124471.1	EW036_RS06985	fdx	ISC system 2Fe-2S type ferredoxin	0.0004998375	fdx — ISC system 2Fe-2S type ferredoxin	search FASTA description + reference GFF	27.829105087011555
PROT:WP_001124935.1	WP_001124935.1	EW036_RS19285	xseB	exodeoxyribonuclease VII small subunit	0.0004998375	xseB — exodeoxyribonuclease VII small subunit	search FASTA description + reference GFF	28.170716875523336
PROT:WP_001125335.1	WP_001125335.1	EW036_RS03705	ygiM	TIGR04211 family SH3 domain-containing protein	0.0004998375	ygiM — TIGR04211 family SH3 domain-containing protein	search FASTA description + reference GFF	28.55517631724051
PROT:WP_001126342.1	WP_001126342.1	EW036_RS21330	carB	carbamoyl-phosphate synthase large subunit	0.0004998375	carB — carbamoyl-phosphate synthase large subunit	search FASTA description + reference GFF	33.341656286508105
PROT:WP_001127372.1	WP_001127372.1	EW036_RS25375	ilvD	dihydroxy-acid dehydratase	0.0004998375	ilvD — dihydroxy-acid dehydratase	search FASTA description + reference GFF	31.91906667499669
PROT:WP_001128232.1	WP_001128232.1	EW036_RS14145	dcyD	D-cysteine desulfhydrase	0.0004998375	dcyD — D-cysteine desulfhydrase	search FASTA description + reference GFF	30.038464078404097
PROT:WP_001128474.1	WP_001128474.1	EW036_RS26420		ATP-dependent nuclease	0.0004998375	EW036_RS26420 — ATP-dependent nuclease	search FASTA description + reference GFF	27.96508691404389
PROT:WP_001128858.1	WP_001128858.1	EW036_RS11275	sapD	peptide ABC transporter ATP-binding protein SapD	0.0004998375	sapD — peptide ABC transporter ATP-binding protein SapD	search FASTA description + reference GFF	25.42047555578284
PROT:WP_001129782.1	WP_001129782.1	EW036_RS23815		LacI family DNA-binding transcriptional regulator	0.0004998375	EW036_RS23815 — LacI family DNA-binding transcriptional regulator	search FASTA description + reference GFF	26.714168882349195
PROT:WP_001130208.1	WP_001130208.1	EW036_RS06370	luxS	S-ribosylhomocysteine lyase	0.0004998375	luxS — S-ribosylhomocysteine lyase	search FASTA description + reference GFF	33.5560450283467
PROT:WP_001130670.1	WP_001130670.1	EW036_RS18635	ybdK	YbdK family carboxylate-amine ligase	0.0004998375	ybdK — YbdK family carboxylate-amine ligase	search FASTA description + reference GFF	29.106734227851287
PROT:WP_001131267.1	WP_001131267.1	EW036_RS15875	osmF	glycine betaine ABC transporter substrate-binding protein OsmF	0.0004998375	osmF — glycine betaine ABC transporter substrate-binding protein OsmF	search FASTA description + reference GFF	31.636983237299543
PROT:WP_001131346.1	WP_001131346.1	EW036_RS23440	yjdN	VOC family metalloprotein YjdN	0.0004998375	yjdN — VOC family metalloprotein YjdN	search FASTA description + reference GFF	31.420682664423666
PROT:WP_001131758.1	WP_001131758.1	EW036_RS01940	gntT	gluconate transporter	0.0004998375	gntT — gluconate transporter	search FASTA description + reference GFF	26.61011956005039
PROT:WP_001132478.1	WP_001132478.1	EW036_RS19085	acrB	efflux RND transporter permease AcrB	0.0004998375	acrB — efflux RND transporter permease AcrB	search FASTA description + reference GFF	30.78636982872864
PROT:WP_001132966.1	WP_001132966.1	EW036_RS21575	serB	phosphoserine phosphatase	0.0004998375	serB — phosphoserine phosphatase	search FASTA description + reference GFF	24.70687461915601
PROT:WP_001135168.1	WP_001135168.1	EW036_RS20935	nadC	carboxylating nicotinate-nucleotide diphosphorylase	0.0004998375	nadC — carboxylating nicotinate-nucleotide diphosphorylase	search FASTA description + reference GFF	28.814067730141502
PROT:WP_001135574.1	WP_001135574.1	EW036_RS02020	hslO	Hsp33 family molecular chaperone HslO	0.0004998375	hslO — Hsp33 family molecular chaperone HslO	search FASTA description + reference GFF	30.614646964661382
PROT:WP_001135664.1	WP_001135664.1	EW036_RS16160	yejL	YejL family protein	0.0004998375	yejL — YejL family protein	search FASTA description + reference GFF	25.188664117769516
PROT:WP_001136339.1	WP_001136339.1	EW036_RS15950	preT	NAD-dependent dihydropyrimidine dehydrogenase subunit PreT	0.0004998375	preT — NAD-dependent dihydropyrimidine dehydrogenase subunit PreT	search FASTA description + reference GFF	28.7343732467023
PROT:WP_001136505.1	WP_001136505.1	EW036_RS17100	ybjT	SDR family oxidoreductase	0.0004998375	ybjT — SDR family oxidoreductase	search FASTA description + reference GFF	23.951548368085277
PROT:WP_001136827.1	WP_001136827.1	EW036_RS16080	yeiP	elongation factor P-like protein YeiP	0.0004998375	yeiP — elongation factor P-like protein YeiP	search FASTA description + reference GFF	28.912372682923703
PROT:WP_001138043.1	WP_001138043.1	EW036_RS02300	rpsG	30S ribosomal protein S7	0.0004998375	rpsG — 30S ribosomal protein S7	search FASTA description + reference GFF	35.33682802855334
PROT:WP_001138102.1	WP_001138102.1	EW036_RS05505	ptrA	pitrilysin	0.0004998375	ptrA — pitrilysin	search FASTA description + reference GFF	30.82446789237924
PROT:WP_001138117.1	WP_001138117.1	EW036_RS02425	rpsS	30S ribosomal protein S19	0.0004998375	rpsS — 30S ribosomal protein S19	search FASTA description + reference GFF	34.21742519922097
PROT:WP_001138584.1	WP_001138584.1	EW036_RS12170	speG	spermidine N1-acetyltransferase	0.0004998375	speG — spermidine N1-acetyltransferase	search FASTA description + reference GFF	28.00497758243058
PROT:WP_001138904.1	WP_001138904.1	EW036_RS19265	yajQ	nucleotide binding protein YajQ	0.0004998375	yajQ — nucleotide binding protein YajQ	search FASTA description + reference GFF	32.29308278109554
PROT:WP_001139282.1	WP_001139282.1	EW036_RS20525	lpxD	UDP-3-O-(3-hydroxymyristoyl)glucosamine N-acyltransferase	0.0004998375	lpxD — UDP-3-O-(3-hydroxymyristoyl)glucosamine N-acyltransferase	search FASTA description + reference GFF	29.351571197924105
PROT:WP_001139613.1	WP_001139613.1	EW036_RS15985	folE	GTP cyclohydrolase I FolE	0.0004998375	folE — GTP cyclohydrolase I FolE	search FASTA description + reference GFF	30.20635104274785
PROT:WP_001140167.1	WP_001140167.1	EW036_RS20415	gmhB	D-glycero-beta-D-manno-heptose 1,7-bisphosphate 7-phosphatase	0.0004998375	gmhB — D-glycero-beta-D-manno-heptose 1,7-bisphosphate 7-phosphatase	search FASTA description + reference GFF	28.331730595670187
PROT:WP_001140251.1	WP_001140251.1	EW036_RS25355	ppiC	peptidylprolyl isomerase PpiC	0.0004998375	ppiC — peptidylprolyl isomerase PpiC	search FASTA description + reference GFF	27.771365722368888
PROT:WP_001140433.1	WP_001140433.1	EW036_RS02495	rpmD	50S ribosomal protein L30	0.0004998375	rpmD — 50S ribosomal protein L30	search FASTA description + reference GFF	33.76698214691107
PROT:WP_001140652.1	WP_001140652.1	EW036_RS21110	leuC	3-isopropylmalate dehydratase large subunit	0.0004998375	leuC — 3-isopropylmalate dehydratase large subunit	search FASTA description + reference GFF	26.060982866947786
PROT:WP_001141271.1	WP_001141271.1	EW036_RS19555	frmR	formaldehyde-responsive transcriptional repressor FrmR	0.0004998375	frmR — formaldehyde-responsive transcriptional repressor FrmR	search FASTA description + reference GFF	27.159599675036397
PROT:WP_001142439.1	WP_001142439.1	EW036_RS19450	yaiA	protein YaiA	0.0004998375	yaiA — protein YaiA	search FASTA description + reference GFF	28.678560321885765
PROT:WP_001143120.1	WP_001143120.1	EW036_RS09010	yccJ	YccJ family protein	0.0004998375	yccJ — YccJ family protein	search FASTA description + reference GFF	33.01117403899407
PROT:WP_001143221.1	WP_001143221.1	EW036_RS21615	yjjI	YjjI family glycine radical enzyme	0.0004998375	yjjI — YjjI family glycine radical enzyme	search FASTA description + reference GFF	28.39674069122129
PROT:WP_001144069.1	WP_001144069.1	EW036_RS03655	rpsU	30S ribosomal protein S21	0.0004998375	rpsU — 30S ribosomal protein S21	search FASTA description + reference GFF	33.87181623842828
PROT:WP_001144199.1	WP_001144199.1	EW036_RS12850	thrS	threonine--tRNA ligase	0.0004998375	thrS — threonine--tRNA ligase	search FASTA description + reference GFF	33.414567902745475
PROT:WP_001144732.1	WP_001144732.1	EW036_RS26435		hypothetical protein	0.0004998375	EW036_RS26435 — hypothetical protein	search FASTA description + reference GFF	26.967136034403147
PROT:WP_001145827.1	WP_001145827.1	EW036_RS02710	prmA	50S ribosomal protein L11 methyltransferase	0.0004998375	prmA — 50S ribosomal protein L11 methyltransferase	search FASTA description + reference GFF	29.00329850019445
PROT:WP_001147314.1	WP_001147314.1	EW036_RS23805	alr	alanine racemase	0.0004998375	alr — alanine racemase	search FASTA description + reference GFF	27.545064910859693
PROT:WP_001147439.1	WP_001147439.1	EW036_RS17640	modE	molybdenum-dependent transcriptional regulator	0.0004998375	modE — molybdenum-dependent transcriptional regulator	search FASTA description + reference GFF	28.0942361798537
PROT:WP_001148001.1	WP_001148001.1	EW036_RS03095	greA	transcription elongation factor GreA	0.0004998375	greA — transcription elongation factor GreA	search FASTA description + reference GFF	31.625064622305405
PROT:WP_001148474.1	WP_001148474.1	EW036_RS02775	acuI	acrylyl-CoA reductase (NADPH)	0.0004998375	acuI — acrylyl-CoA reductase (NADPH)	search FASTA description + reference GFF	33.0438288535156
PROT:WP_001148908.1	WP_001148908.1	EW036_RS02220	yhfA	OsmC family protein	0.0004998375	yhfA — OsmC family protein	search FASTA description + reference GFF	28.63531027060601
PROT:WP_001149713.1	WP_001149713.1	EW036_RS17150	rlmC	23S rRNA (uracil(747)-C(5))-methyltransferase RlmC	0.00050237565	rlmC — 23S rRNA (uracil(747)-C(5))-methyltransferase RlmC	search FASTA description + reference GFF	25.213743784270896
PROT:WP_001149834.1	WP_001149834.1	EW036_RS04525		N-acetylneuraminate lyase	0.0004998375	EW036_RS04525 — N-acetylneuraminate lyase	search FASTA description + reference GFF	25.72207172559063
PROT:WP_001150440.1	WP_001150440.1	EW036_RS19325	ribD	bifunctional diaminohydroxyphosphoribosylaminopyrimidine deaminase/5-amino-6-(5-phosphoribosylamino)uracil reductase RibD	0.0004998375	ribD — bifunctional diaminohydroxyphosphoribosylaminopyrimidine deaminase/5-amino-6-(5-phosphoribosylamino)uracil reductase RibD	search FASTA description + reference GFF	30.55024125322992
PROT:WP_001151437.1	WP_001151437.1	EW036_RS09015	wrbA	NAD(P)H:quinone oxidoreductase	0.0004998375	wrbA — NAD(P)H:quinone oxidoreductase	search FASTA description + reference GFF	35.006161860250494
PROT:WP_001151604.1	WP_001151604.1	EW036_RS05120	serA	phosphoglycerate dehydrogenase	0.0004998375	serA — phosphoglycerate dehydrogenase	search FASTA description + reference GFF	31.487157143913127
PROT:WP_001152330.1	WP_001152330.1	EW036_RS04280		CDP-glycerol glycerophosphotransferase family protein	0.0004998375	EW036_RS04280 — CDP-glycerol glycerophosphotransferase family protein	search FASTA description + reference GFF	34.197219483990175
PROT:WP_001153132.1	WP_001153132.1	EW036_RS18655	ybdG	mechanosensitive ion channel YbdG	0.0004998375	ybdG — mechanosensitive ion channel YbdG	search FASTA description + reference GFF	27.428196623098746
PROT:WP_001154187.1	WP_001154187.1	EW036_RS12805	btuE	bifunctional thioredoxin/glutathione peroxidase	0.0004998375	btuE — bifunctional thioredoxin/glutathione peroxidase	search FASTA description + reference GFF	30.030113482760747
PROT:WP_001155227.1	WP_001155227.1	EW036_RS20710	dksA	RNA polymerase-binding protein DksA	0.0004998375	dksA — RNA polymerase-binding protein DksA	search FASTA description + reference GFF	32.38801529734092
PROT:WP_001156181.1	WP_001156181.1	EW036_RS00885	yibN	rhodanese-like domain-containing protein	0.0004998375	yibN — rhodanese-like domain-containing protein	search FASTA description + reference GFF	31.16171317719297
PROT:WP_001157265.1	WP_001157265.1	EW036_RS14360	dcm	DNA-cytosine methyltransferase	0.0004998375	dcm — DNA-cytosine methyltransferase	search FASTA description + reference GFF	25.81050192103736
PROT:WP_001157412.1	WP_001157412.1	EW036_RS11520	ttcA	tRNA 2-thiocytidine(32) synthetase TtcA	0.0004998375	ttcA — tRNA 2-thiocytidine(32) synthetase TtcA	search FASTA description + reference GFF	25.506004088123746
PROT:WP_001157551.1	WP_001157551.1	EW036_RS18925	fetA	iron efflux ABC transporter ATP-binding subunit FetA	0.0004998375	fetA — iron efflux ABC transporter ATP-binding subunit FetA	search FASTA description + reference GFF	27.61512587453553
PROT:WP_001157751.1	WP_001157751.1	EW036_RS01990	ompR	osmolarity response regulator transcription factor OmpR	0.0004998375	ompR — osmolarity response regulator transcription factor OmpR	search FASTA description + reference GFF	32.07491518818332
PROT:WP_001157896.1	WP_001157896.1	EW036_RS18270	leuS	leucine--tRNA ligase	0.0004998375	leuS — leucine--tRNA ligase	search FASTA description + reference GFF	32.91219176377115
PROT:WP_001157954.1	WP_001157954.1	EW036_RS18870	mnmH	tRNA 2-selenouridine(34) synthase MnmH	0.00065112725	mnmH — tRNA 2-selenouridine(34) synthase MnmH	search FASTA description + reference GFF	23.613958991579377
PROT:WP_001158035.1	WP_001158035.1	EW036_RS03260	diaA	DnaA initiator-associating protein DiaA	0.0004998375	diaA — DnaA initiator-associating protein DiaA	search FASTA description + reference GFF	26.25331928401149
PROT:WP_001158220.1	WP_001158220.1	EW036_RS14140	tcyL	cystine ABC transporter permease	0.0012007991	tcyL — cystine ABC transporter permease	search FASTA description + reference GFF	25.770792727811504
PROT:WP_001159065.1	WP_001159065.1	EW036_RS17395	glnP	glutamine ABC transporter permease GlnP	0.0004998375	glnP — glutamine ABC transporter permease GlnP	search FASTA description + reference GFF	24.97110533103435
PROT:WP_001159129.1	WP_001159129.1	EW036_RS19750	betA	choline dehydrogenase	0.0004998375	betA — choline dehydrogenase	search FASTA description + reference GFF	28.486182735575216
PROT:WP_001159868.1	WP_001159868.1	EW036_RS26490	ccdB	type II toxin-antitoxin system toxin CcdB	0.0004998375	ccdB — type II toxin-antitoxin system toxin CcdB	search FASTA description + reference GFF	28.64608093700969
PROT:WP_001160110.1	WP_001160110.1	EW036_RS10515	narI	respiratory nitrate reductase subunit gamma	0.0004998375	narI — respiratory nitrate reductase subunit gamma	search FASTA description + reference GFF	28.037598533194025
PROT:WP_001160648.1	WP_001160648.1	EW036_RS25180	dapF	diaminopimelate epimerase	0.0004998375	dapF — diaminopimelate epimerase	search FASTA description + reference GFF	25.900012611230807
PROT:WP_001160737.1	WP_001160737.1	EW036_RS17115	ybjQ	heavy metal-binding domain-containing protein	0.0007383671	ybjQ — heavy metal-binding domain-containing protein	search FASTA description + reference GFF	22.32407100018599
PROT:WP_001161648.1	WP_001161648.1	EW036_RS01610		PTS sugar transporter subunit IIA	0.0004998375	EW036_RS01610 — PTS sugar transporter subunit IIA	search FASTA description + reference GFF	25.087067365327584
PROT:WP_001161664.1	WP_001161664.1	EW036_RS18295	rsfS	ribosome silencing factor	0.0004998375	rsfS — ribosome silencing factor	search FASTA description + reference GFF	28.480375502254923
PROT:WP_001162094.1	WP_001162094.1	EW036_RS02530	rpoA	DNA-directed RNA polymerase subunit alpha	0.0004998375	rpoA — DNA-directed RNA polymerase subunit alpha	search FASTA description + reference GFF	34.8477141106364
PROT:WP_001162171.1	WP_001162171.1	EW036_RS22705	pmbA	metalloprotease PmbA	0.0004998375	pmbA — metalloprotease PmbA	search FASTA description + reference GFF	31.500689654634385
PROT:WP_001163135.1	WP_001163135.1	EW036_RS01335	yhjJ	M16 family metallopeptidase	0.0004998375	yhjJ — M16 family metallopeptidase	search FASTA description + reference GFF	29.307281593769662
PROT:WP_001163910.1	WP_001163910.1	EW036_RS11750	patD	aminobutyraldehyde dehydrogenase	0.0004998375	patD — aminobutyraldehyde dehydrogenase	search FASTA description + reference GFF	29.682528217623283
PROT:WP_001166395.1	WP_001166395.1	EW036_RS21355	ispH	4-hydroxy-3-methylbut-2-enyl diphosphate reductase	0.0004998375	ispH — 4-hydroxy-3-methylbut-2-enyl diphosphate reductase	search FASTA description + reference GFF	29.08605883555422
PROT:WP_001168459.1	WP_001168459.1	EW036_RS06775	rseA	anti-sigma-E factor RseA	0.0004998375	rseA — anti-sigma-E factor RseA	search FASTA description + reference GFF	27.68511759863045
PROT:WP_001168544.1	WP_001168544.1	EW036_RS01145	glyQ	glycine--tRNA ligase subunit alpha	0.0004998375	glyQ — glycine--tRNA ligase subunit alpha	search FASTA description + reference GFF	31.02527720319744
PROT:WP_001169659.1	WP_001169659.1	EW036_RS10475	ychN	DsrE/F sulfur relay family protein YchN	0.0004998375	ychN — DsrE/F sulfur relay family protein YchN	search FASTA description + reference GFF	30.0509096728284
PROT:WP_001170177.1	WP_001170177.1	EW036_RS13090	ansA	asparaginase	0.0004998375	ansA — asparaginase	search FASTA description + reference GFF	27.114646567968357
PROT:WP_001170641.1	WP_001170641.1	EW036_RS12330	manA	mannose-6-phosphate isomerase	0.0004998375	manA — mannose-6-phosphate isomerase	search FASTA description + reference GFF	30.70035094541785
PROT:WP_001171854.1	WP_001171854.1	EW036_RS00775	coaD	pantetheine-phosphate adenylyltransferase	0.0004998375	coaD — pantetheine-phosphate adenylyltransferase	search FASTA description + reference GFF	28.883411505853356
PROT:WP_001172283.1	WP_001172283.1	EW036_RS19845		aldo/keto reductase	0.0004998375	EW036_RS19845 — aldo/keto reductase	search FASTA description + reference GFF	29.12168281872852
PROT:WP_001174452.1	WP_001174452.1	EW036_RS19840		aldo/keto reductase	0.0004998375	EW036_RS19840 — aldo/keto reductase	search FASTA description + reference GFF	29.71907740275396
PROT:WP_001174481.1	WP_001174481.1	EW036_RS09400	yceD	23S rRNA accumulation protein YceD	0.0004998375	yceD — 23S rRNA accumulation protein YceD	search FASTA description + reference GFF	28.521003159777614
PROT:WP_001174754.1	WP_001174754.1	EW036_RS04890	rdgB	XTP/dITP diphosphatase	0.0004998375	rdgB — XTP/dITP diphosphatase	search FASTA description + reference GFF	28.99804613558682
PROT:WP_001175628.1	WP_001175628.1	EW036_RS07385	murQ	N-acetylmuramic acid 6-phosphate etherase	0.0004998375	murQ — N-acetylmuramic acid 6-phosphate etherase	search FASTA description + reference GFF	28.01010921305737
PROT:WP_001176294.1	WP_001176294.1	EW036_RS11175	ribA	GTP cyclohydrolase II	0.0004998375	ribA — GTP cyclohydrolase II	search FASTA description + reference GFF	29.654368668736318
PROT:WP_001176599.1	WP_001176599.1	EW036_RS02985	hpf	ribosome hibernation promoting factor	0.0004998375	hpf — ribosome hibernation promoting factor	search FASTA description + reference GFF	32.05704338352254
PROT:WP_001176745.1	WP_001176745.1	EW036_RS25555	atpA	F0F1 ATP synthase subunit alpha	0.0004998375	atpA — F0F1 ATP synthase subunit alpha	search FASTA description + reference GFF	34.986304859891504
PROT:WP_001177062.1	WP_001177062.1	EW036_RS07050	bamB	outer membrane protein assembly factor BamB	0.0004998375	bamB — outer membrane protein assembly factor BamB	search FASTA description + reference GFF	31.869371491467884
PROT:WP_001177639.1	WP_001177639.1	EW036_RS23025	nsrR	nitric oxide-sensing transcriptional repressor NsrR	0.0004998375	nsrR — nitric oxide-sensing transcriptional repressor NsrR	search FASTA description + reference GFF	26.67836148070937
PROT:WP_001180894.1	WP_001180894.1	EW036_RS00550	pglZ	BREX-1 system phosphatase PglZ type A	0.0004998375	pglZ — BREX-1 system phosphatase PglZ type A	search FASTA description + reference GFF	28.043724328058552
PROT:WP_001181004.1	WP_001181004.1	EW036_RS02400	rpsJ	30S ribosomal protein S10	0.0004998375	rpsJ — 30S ribosomal protein S10	search FASTA description + reference GFF	34.94631366210785
PROT:WP_001181324.1	WP_001181324.1	EW036_RS22675	treR	trehalose operon repressor TreR	0.0004998375	treR — trehalose operon repressor TreR	search FASTA description + reference GFF	25.11302006844565
PROT:WP_001181475.1	WP_001181475.1	EW036_RS17830	sucA	2-oxoglutarate dehydrogenase E1 component	0.0004998375	sucA — 2-oxoglutarate dehydrogenase E1 component	search FASTA description + reference GFF	34.703350678148574
PROT:WP_001182956.1	WP_001182956.1	EW036_RS05190	yqfB	N(4)-acetylcytidine aminohydrolase	0.0004998375	yqfB — N(4)-acetylcytidine aminohydrolase	search FASTA description + reference GFF	28.713795545071296
PROT:WP_001185283.1	WP_001185283.1	EW036_RS20465	yaeQ	YaeQ family protein	0.0004998375	yaeQ — YaeQ family protein	search FASTA description + reference GFF	26.158303712883317
PROT:WP_001185665.1	WP_001185665.1	EW036_RS10075	minE	cell division topological specificity factor MinE	0.0004998375	minE — cell division topological specificity factor MinE	search FASTA description + reference GFF	29.334113614110237
PROT:WP_001185734.1	WP_001185734.1	EW036_RS13635	cutC	copper homeostasis protein CutC	0.0004998375	cutC — copper homeostasis protein CutC	search FASTA description + reference GFF	28.460053671235748
PROT:WP_001186413.1	WP_001186413.1	EW036_RS08895	hyaC	Ni/Fe-hydrogenase b-type cytochrome subunit	0.00095221144	hyaC — Ni/Fe-hydrogenase b-type cytochrome subunit	search FASTA description + reference GFF	25.240876452298117
PROT:WP_001186656.1	WP_001186656.1	EW036_RS20590	dapD	2,3,4,5-tetrahydropyridine-2,6-dicarboxylate N-succinyltransferase	0.0004998375	dapD — 2,3,4,5-tetrahydropyridine-2,6-dicarboxylate N-succinyltransferase	search FASTA description + reference GFF	33.065851913215326
PROT:WP_001187526.1	WP_001187526.1	EW036_RS24095	purH	bifunctional phosphoribosylaminoimidazolecarboxamide formyltransferase/IMP cyclohydrolase	0.0004998375	purH — bifunctional phosphoribosylaminoimidazolecarboxamide formyltransferase/IMP cyclohydrolase	search FASTA description + reference GFF	33.00988709086783
PROT:WP_001188027.1	WP_001188027.1	EW036_RS00810	waaO	lipopolysaccharide 3-alpha-galactosyltransferase	0.0004998375	waaO — lipopolysaccharide 3-alpha-galactosyltransferase	search FASTA description + reference GFF	26.055640289144296
PROT:WP_001188329.1	WP_001188329.1	EW036_RS17930	pxpB	5-oxoprolinase subunit PxpB	0.0004998375	pxpB — 5-oxoprolinase subunit PxpB	search FASTA description + reference GFF	26.94136514542129
PROT:WP_001188520.1	WP_001188520.1	EW036_RS23250	dicD	transcriptional regulator	0.0004998375	dicD — transcriptional regulator	search FASTA description + reference GFF	30.77139233570042
PROT:WP_001188689.1	WP_001188689.1	EW036_RS21525	creB	two-component system response regulator CreB	0.0010998633	creB — two-component system response regulator CreB	search FASTA description + reference GFF	22.60577606099144
PROT:WP_001189632.1	WP_001189632.1	EW036_RS20825	cueO	multicopper oxidase CueO	0.0004998375	cueO — multicopper oxidase CueO	search FASTA description + reference GFF	29.023235875718125
PROT:WP_001190062.1	WP_001190062.1	EW036_RS01620	nikR	nickel-responsive transcriptional regulator NikR	0.0004998375	nikR — nickel-responsive transcriptional regulator NikR	search FASTA description + reference GFF	27.944285361665976
PROT:WP_001191434.1	WP_001191434.1	EW036_RS08150	menF	isochorismate synthase MenF	0.0004998375	menF — isochorismate synthase MenF	search FASTA description + reference GFF	25.47545963640818
PROT:WP_001192133.1	WP_001192133.1	EW036_RS05160	ubiI	FAD-dependent 2-octaprenylphenol hydroxylase	0.0004998375	ubiI — FAD-dependent 2-octaprenylphenol hydroxylase	search FASTA description + reference GFF	28.3345434814063
PROT:WP_001192301.1	WP_001192301.1	EW036_RS02880	zapE	cell division protein ZapE	0.0004998375	zapE — cell division protein ZapE	search FASTA description + reference GFF	26.657595530983297
PROT:WP_001192400.1	WP_001192400.1	EW036_RS24930	rfaH	transcription/translation regulatory transformer protein RfaH	0.0004998375	rfaH — transcription/translation regulatory transformer protein RfaH	search FASTA description + reference GFF	26.58373286361232
PROT:WP_001192798.1	WP_001192798.1	EW036_RS05245	idi	isopentenyl-diphosphate Delta-isomerase	0.0004998375	idi — isopentenyl-diphosphate Delta-isomerase	search FASTA description + reference GFF	27.36692324630357
PROT:WP_001192980.1	WP_001192980.1	EW036_RS23145	frdA	fumarate reductase (quinol) flavoprotein subunit	0.0004998375	frdA — fumarate reductase (quinol) flavoprotein subunit	search FASTA description + reference GFF	33.70483732314116
PROT:WP_001193072.1	WP_001193072.1	EW036_RS00545	brxL	protease Lon-related BREX system protein BrxL	0.0004998375	brxL — protease Lon-related BREX system protein BrxL	search FASTA description + reference GFF	29.005266963697725
PROT:WP_001194358.1	WP_001194358.1	EW036_RS21510	arcA	two-component system response regulator ArcA	0.0004998375	arcA — two-component system response regulator ArcA	search FASTA description + reference GFF	33.83037079553587
PROT:WP_001194644.1	WP_001194644.1	EW036_RS11085	trpE	anthranilate synthase component I	0.0004998375	trpE — anthranilate synthase component I	search FASTA description + reference GFF	31.006038297743924
PROT:WP_001194731.1	WP_001194731.1	EW036_RS20965	zapD	cell division protein ZapD	0.0004998375	zapD — cell division protein ZapD	search FASTA description + reference GFF	28.24743319385049
PROT:WP_001195025.1	WP_001195025.1	EW036_RS19035	recR	recombination mediator RecR	0.0004998375	recR — recombination mediator RecR	search FASTA description + reference GFF	27.34062678737567
PROT:WP_001195231.1	WP_001195231.1	EW036_RS17200	grxA	glutaredoxin 1	0.0004998375	grxA — glutaredoxin 1	search FASTA description + reference GFF	26.498706981796488
PROT:WP_001195273.1	WP_001195273.1	EW036_RS11075	trpCF	bifunctional indole-3-glycerol-phosphate synthase TrpC/phosphoribosylanthranilate isomerase TrpF	0.0004998375	trpCF — bifunctional indole-3-glycerol-phosphate synthase TrpC/phosphoribosylanthranilate isomerase TrpF	search FASTA description + reference GFF	31.821147396888872
PROT:WP_001195810.1	WP_001195810.1	EW036_RS07805	sixA	phosphohistidine phosphatase SixA	0.0004998375	sixA — phosphohistidine phosphatase SixA	search FASTA description + reference GFF	28.225773795873906
PROT:WP_001196062.1	WP_001196062.1	EW036_RS22900	rplI	50S ribosomal protein L9	0.0004998375	rplI — 50S ribosomal protein L9	search FASTA description + reference GFF	35.37030220352749
PROT:WP_001196477.1	WP_001196477.1	EW036_RS01240	dppD	dipeptide ABC transporter ATP-binding protein	0.0004998375	dppD — dipeptide ABC transporter ATP-binding protein	search FASTA description + reference GFF	25.64526805969628
PROT:WP_001196613.1	WP_001196613.1	EW036_RS06980	hscA	Fe-S protein assembly chaperone HscA	0.0004998375	hscA — Fe-S protein assembly chaperone HscA	search FASTA description + reference GFF	29.66801943548312
PROT:WP_001197646.1	WP_001197646.1	EW036_RS01870	glgA	glycogen synthase GlgA	0.0004998375	glgA — glycogen synthase GlgA	search FASTA description + reference GFF	31.320362422629344
PROT:WP_001198388.1	WP_001198388.1	EW036_RS19215	tig	trigger factor	0.0004998375	tig — trigger factor	search FASTA description + reference GFF	35.617255679927524
PROT:WP_001199301.1	WP_001199301.1	EW036_RS05435	tas	NADP(H)-dependent aldo-keto reductase	0.0004998375	tas — NADP(H)-dependent aldo-keto reductase	search FASTA description + reference GFF	30.725118935744693
PROT:WP_001199372.1	WP_001199372.1	EW036_RS03520	uxaA	altronate dehydratase	0.0004998375	uxaA — altronate dehydratase	search FASTA description + reference GFF	28.109889953343423
PROT:WP_001199825.1	WP_001199825.1	EW036_RS19300	yajO	1-deoxyxylulose-5-phosphate synthase YajO	0.0004998375	yajO — 1-deoxyxylulose-5-phosphate synthase YajO	search FASTA description + reference GFF	31.488280849672087
PROT:WP_001199974.1	WP_001199974.1	EW036_RS05900	queE	7-carboxy-7-deazaguanine synthase QueE	0.0004998375	queE — 7-carboxy-7-deazaguanine synthase QueE	search FASTA description + reference GFF	28.07701988413512
PROT:WP_001200577.1	WP_001200577.1	EW036_RS21210	djlA	co-chaperone DjlA	0.0004998375	djlA — co-chaperone DjlA	search FASTA description + reference GFF	25.866195072762583
PROT:WP_001201838.1	WP_001201838.1	EW036_RS18710	ompT	omptin family outer membrane protease OmpT	0.0004998375	ompT — omptin family outer membrane protease OmpT	search FASTA description + reference GFF	24.02579702145364
PROT:WP_001202204.1	WP_001202204.1	EW036_RS17015	cydC	heme ABC transporter ATP-binding protein/permease CydC	0.0004998375	cydC — heme ABC transporter ATP-binding protein/permease CydC	search FASTA description + reference GFF	26.39777260694867
PROT:WP_001202329.1	WP_001202329.1	EW036_RS20435	rcsF	Rcs stress response system protein RcsF	0.0004998375	rcsF — Rcs stress response system protein RcsF	search FASTA description + reference GFF	29.3225282692695
PROT:WP_001203415.1	WP_001203415.1	EW036_RS08030	hxpA	hexitol phosphatase HxpA	0.0004998375	hxpA — hexitol phosphatase HxpA	search FASTA description + reference GFF	29.44850829532387
PROT:WP_001203437.1	WP_001203437.1	EW036_RS06550	bamE	outer membrane protein assembly factor BamE	0.0004998375	bamE — outer membrane protein assembly factor BamE	search FASTA description + reference GFF	27.83792485932796
PROT:WP_001204941.1	WP_001204941.1	EW036_RS01290	bcsE	cellulose biosynthesis c-di-GMP-binding protein BcsE	0.0004998375	bcsE — cellulose biosynthesis c-di-GMP-binding protein BcsE	search FASTA description + reference GFF	26.29262265288077
PROT:WP_001205748.1	WP_001205748.1	EW036_RS00450	afaC	AfaC-I/III family usher protein	0.0004998375	afaC — AfaC-I/III family usher protein	search FASTA description + reference GFF	24.52819825149202
PROT:WP_001207201.1	WP_001207201.1	EW036_RS24200	rplJ	50S ribosomal protein L10	0.0004998375	rplJ — 50S ribosomal protein L10	search FASTA description + reference GFF	34.06203029640005
PROT:WP_001207535.1	WP_001207535.1	EW036_RS18235	rihA	pyrimidine-specific ribonucleoside hydrolase RihA	0.0004998375	rihA — pyrimidine-specific ribonucleoside hydrolase RihA	search FASTA description + reference GFF	29.31741588518292
PROT:WP_001207638.1	WP_001207638.1	EW036_RS23970	yjbD	DUF3811 domain-containing protein	0.0004998375	yjbD — DUF3811 domain-containing protein	search FASTA description + reference GFF	24.93663392945257
PROT:WP_001209934.1	WP_001209934.1	EW036_RS08275	glpB	glycerol-3-phosphate dehydrogenase subunit GlpB	0.0004998375	glpB — glycerol-3-phosphate dehydrogenase subunit GlpB	search FASTA description + reference GFF	30.786597269537317
PROT:WP_001212629.1	WP_001212629.1	EW036_RS03090	dacB	serine-type D-Ala-D-Ala carboxypeptidase	0.0004998375	dacB — serine-type D-Ala-D-Ala carboxypeptidase	search FASTA description + reference GFF	27.03596732866331
PROT:WP_001213584.1	WP_001213584.1	EW036_RS25165	yigB	5-amino-6-(5-phospho-D-ribitylamino)uracil phosphatase YigB	0.0004998375	yigB — 5-amino-6-(5-phospho-D-ribitylamino)uracil phosphatase YigB	search FASTA description + reference GFF	28.39402264219088
PROT:WP_001213854.1	WP_001213854.1	EW036_RS00855	kbl	glycine C-acetyltransferase	0.0004998375	kbl — glycine C-acetyltransferase	search FASTA description + reference GFF	32.30337165268865
PROT:WP_001215365.1	WP_001215365.1	EW036_RS13025	ynjB	ABC transporter substrate-binding protein	0.0004998375	ynjB — ABC transporter substrate-binding protein	search FASTA description + reference GFF	29.395249838413143
PROT:WP_001215903.1	WP_001215903.1	EW036_RS06865	qseG	two-component system QseEF-associated lipoprotein QseG	0.0004998375	qseG — two-component system QseEF-associated lipoprotein QseG	search FASTA description + reference GFF	24.76982438506196
PROT:WP_001216325.1	WP_001216325.1	EW036_RS24545	tpiA	triose-phosphate isomerase	0.0004998375	tpiA — triose-phosphate isomerase	search FASTA description + reference GFF	33.77759719417302
PROT:WP_001216368.1	WP_001216368.1	EW036_RS02535	rplQ	50S ribosomal protein L17	0.0004998375	rplQ — 50S ribosomal protein L17	search FASTA description + reference GFF	34.517007802160336
PROT:WP_001216534.1	WP_001216534.1	EW036_RS06415	proX	glycine betaine/L-proline ABC transporter substrate-binding protein ProX	0.0004998375	proX — glycine betaine/L-proline ABC transporter substrate-binding protein ProX	search FASTA description + reference GFF	30.22467829626332
PROT:WP_001216676.1	WP_001216676.1	EW036_RS22915	rpsF	30S ribosomal protein S6	0.0004998375	rpsF — 30S ribosomal protein S6	search FASTA description + reference GFF	33.87399066081769
PROT:WP_001217320.1	WP_001217320.1	EW036_RS20955	guaC	GMP reductase	0.0004998375	guaC — GMP reductase	search FASTA description + reference GFF	31.22430976231592
PROT:WP_001218657.1	WP_001218657.1	EW036_RS17450	dinG	ATP-dependent DNA helicase DinG	0.0004998375	dinG — ATP-dependent DNA helicase DinG	search FASTA description + reference GFF	24.15936891346828
PROT:WP_001218869.1	WP_001218869.1	EW036_RS04805		tyrosine-type recombinase/integrase	0.0004998375	EW036_RS04805 — tyrosine-type recombinase/integrase	search FASTA description + reference GFF	29.693893973009494
PROT:WP_001219160.1	WP_001219160.1	EW036_RS22760	ytfP	gamma-glutamylcyclotransferase family protein	0.0004998375	ytfP — gamma-glutamylcyclotransferase family protein	search FASTA description + reference GFF	29.47640745988218
PROT:WP_001219237.1	WP_001219237.1	EW036_RS06045	ispF	2-C-methyl-D-erythritol 2,4-cyclodiphosphate synthase	0.0004998375	ispF — 2-C-methyl-D-erythritol 2,4-cyclodiphosphate synthase	search FASTA description + reference GFF	30.03466624391521
PROT:WP_001219313.1	WP_001219313.1	EW036_RS19420	mak	fructokinase	0.0004998375	mak — fructokinase	search FASTA description + reference GFF	29.760590254652534
PROT:WP_001219652.1	WP_001219652.1	EW036_RS02705	dusB	tRNA dihydrouridine synthase DusB	0.0004998375	dusB — tRNA dihydrouridine synthase DusB	search FASTA description + reference GFF	25.93925506344896
PROT:WP_001219792.1	WP_001219792.1	EW036_RS22715	mpl	UDP-N-acetylmuramate:L-alanyl-gamma-D-glutamyl-meso-diaminopimelate ligase	0.0004998375	mpl — UDP-N-acetylmuramate:L-alanyl-gamma-D-glutamyl-meso-diaminopimelate ligase	search FASTA description + reference GFF	30.595830641337216
PROT:WP_001220233.1	WP_001220233.1	EW036_RS19025	adk	adenylate kinase	0.0004998375	adk — adenylate kinase	search FASTA description + reference GFF	33.62747497494085
PROT:WP_001220974.1	WP_001220974.1	EW036_RS13285	tsaB	tRNA (adenosine(37)-N6)-threonylcarbamoyltransferase complex dimerization subunit type 1 TsaB	0.0004998375	tsaB — tRNA (adenosine(37)-N6)-threonylcarbamoyltransferase complex dimerization subunit type 1 TsaB	search FASTA description + reference GFF	26.87468187413455
PROT:WP_001221493.1	WP_001221493.1	EW036_RS03895	qseB	quorum sensing response regulator transcription factor QseB	0.0004998375	qseB — quorum sensing response regulator transcription factor QseB	search FASTA description + reference GFF	27.018776515820065
PROT:WP_001221940.1	WP_001221940.1	EW036_RS04060	hybD	HyaD/HybD family hydrogenase maturation endopeptidase	0.0004998375	hybD — HyaD/HybD family hydrogenase maturation endopeptidase	search FASTA description + reference GFF	27.08316390889768
PROT:WP_001222509.1	WP_001222509.1	EW036_RS04930	rsmE	16S rRNA (uracil(1498)-N(3))-methyltransferase	0.0004998375	rsmE — 16S rRNA (uracil(1498)-N(3))-methyltransferase	search FASTA description + reference GFF	28.069144982869453
PROT:WP_001222871.1	WP_001222871.1	EW036_RS01220	dppA	dipeptide ABC transporter substrate-binding protein DppA	0.0004998375	dppA — dipeptide ABC transporter substrate-binding protein DppA	search FASTA description + reference GFF	31.113956543876903
PROT:WP_001223200.1	WP_001223200.1	EW036_RS21500	yjtD	tRNA/rRNA methyltransferase	0.0004998375	yjtD — tRNA/rRNA methyltransferase	search FASTA description + reference GFF	26.464258141708285
PROT:WP_001223344.1	WP_001223344.1	EW036_RS04595	iha	bifunctional siderophore receptor/adhesin Iha	0.0004998375	iha — bifunctional siderophore receptor/adhesin Iha	search FASTA description + reference GFF	27.84662663512911
PROT:WP_001223800.1	WP_001223800.1	EW036_RS24570	cpxP	cell-envelope stress modulator CpxP	0.0004998375	cpxP — cell-envelope stress modulator CpxP	search FASTA description + reference GFF	28.202309515449567
PROT:WP_001225072.1	WP_001225072.1	EW036_RS01320	bcsC	cellulose synthase complex outer membrane protein BcsC	0.0004998375	bcsC — cellulose synthase complex outer membrane protein BcsC	search FASTA description + reference GFF	29.83388889114146
PROT:WP_001226476.1	WP_001226476.1	EW036_RS10570	rssA	patatin-like phospholipase RssA	0.0004998375	rssA — patatin-like phospholipase RssA	search FASTA description + reference GFF	23.486477681984425
PROT:WP_001226629.1	WP_001226629.1	EW036_RS25300	rffG	dTDP-glucose 4,6-dehydratase	0.0004998375	rffG — dTDP-glucose 4,6-dehydratase	search FASTA description + reference GFF	26.42475478785113
PROT:WP_001226933.1	WP_001226933.1	EW036_RS23740	aphA	acid phosphatase AphA	0.0004998375	aphA — acid phosphatase AphA	search FASTA description + reference GFF	28.54598484938055
PROT:WP_001228972.1	WP_001228972.1	EW036_RS12970	spy	ATP-independent periplasmic protein-refolding chaperone Spy	0.0004998375	spy — ATP-independent periplasmic protein-refolding chaperone Spy	search FASTA description + reference GFF	31.325439760185656
PROT:WP_001229265.1	WP_001229265.1	EW036_RS12815	ihfA	integration host factor subunit alpha	0.0004998375	ihfA — integration host factor subunit alpha	search FASTA description + reference GFF	33.21962322552556
PROT:WP_001230098.1	WP_001230098.1	EW036_RS24335	argH	argininosuccinate lyase	0.0004998375	argH — argininosuccinate lyase	search FASTA description + reference GFF	28.187097121351965
PROT:WP_001231421.1	WP_001231421.1	EW036_RS18315	rlpA	endolytic peptidoglycan transglycosylase RlpA	0.0004998375	rlpA — endolytic peptidoglycan transglycosylase RlpA	search FASTA description + reference GFF	29.248202010456733
PROT:WP_001232240.1	WP_001232240.1	EW036_RS22700	cybC	cytochrome b562	0.0004998375	cybC — cytochrome b562	search FASTA description + reference GFF	30.577527311216546
PROT:WP_001232412.1	WP_001232412.1	EW036_RS23040	hflC	protease modulator HflC	0.0004998375	hflC — protease modulator HflC	search FASTA description + reference GFF	32.423415686497776
PROT:WP_001232702.1	WP_001232702.1	EW036_RS05905		LacI family DNA-binding transcriptional regulator	0.0004998375	EW036_RS05905 — LacI family DNA-binding transcriptional regulator	search FASTA description + reference GFF	25.3547618115855
PROT:WP_001234367.1	WP_001234367.1	EW036_RS18510	fepB	Fe2+-enterobactin ABC transporter substrate-binding protein	0.0004998375	fepB — Fe2+-enterobactin ABC transporter substrate-binding protein	search FASTA description + reference GFF	24.08612764366845
PROT:WP_001234767.1	WP_001234767.1	EW036_RS15555	dcd	dCTP deaminase	0.0004998375	dcd — dCTP deaminase	search FASTA description + reference GFF	30.159951263956707
PROT:WP_001234850.1	WP_001234850.1	EW036_RS16140	rsuA	16S rRNA pseudouridine(516) synthase RsuA	0.0004998375	rsuA — 16S rRNA pseudouridine(516) synthase RsuA	search FASTA description + reference GFF	29.17752578347329
PROT:WP_001235102.1	WP_001235102.1	EW036_RS06670	clpB	ATP-dependent chaperone ClpB	0.0004998375	clpB — ATP-dependent chaperone ClpB	search FASTA description + reference GFF	37.05080647707195
PROT:WP_001235263.1	WP_001235263.1	EW036_RS17835	sdhB	succinate dehydrogenase iron-sulfur subunit SdhB	0.0004998375	sdhB — succinate dehydrogenase iron-sulfur subunit SdhB	search FASTA description + reference GFF	32.89850743430681
PROT:WP_001236430.1	WP_001236430.1	EW036_RS00830	waaU	glycosyltransferase family 9 protein	0.0004998375	waaU — glycosyltransferase family 9 protein	search FASTA description + reference GFF	26.071253690631227
PROT:WP_001237072.1	WP_001237072.1	EW036_RS18110	nagB	glucosamine-6-phosphate deaminase	0.0004998375	nagB — glucosamine-6-phosphate deaminase	search FASTA description + reference GFF	31.83876537461765
PROT:WP_001237802.1	WP_001237802.1	EW036_RS12525	gloA	lactoylglutathione lyase	0.0004998375	gloA — lactoylglutathione lyase	search FASTA description + reference GFF	28.75352142020316
PROT:WP_001238369.1	WP_001238369.1	EW036_RS23170	blc	lipocalin Blc	0.0004998375	blc — lipocalin Blc	search FASTA description + reference GFF	29.368570359712248
PROT:WP_001238869.1	WP_001238869.1	EW036_RS25350	rep	DNA helicase Rep	0.0004998375	rep — DNA helicase Rep	search FASTA description + reference GFF	23.86173799477509
PROT:WP_001238917.1	WP_001238917.1	EW036_RS02500	rplO	50S ribosomal protein L15	0.0004998375	rplO — 50S ribosomal protein L15	search FASTA description + reference GFF	34.51293467211026
PROT:WP_001239434.1	WP_001239434.1	EW036_RS19235	cyoA	cytochrome o ubiquinol oxidase subunit II	0.0004998375	cyoA — cytochrome o ubiquinol oxidase subunit II	search FASTA description + reference GFF	31.186418490093267
PROT:WP_001240408.1	WP_001240408.1	EW036_RS15850	mlrA	HTH-type transcriptional regulator MlrA	0.0004998375	mlrA — HTH-type transcriptional regulator MlrA	search FASTA description + reference GFF	27.097672375035422
PROT:WP_001240896.1	WP_001240896.1	EW036_RS20535	bamA	outer membrane protein assembly factor BamA	0.0004998375	bamA — outer membrane protein assembly factor BamA	search FASTA description + reference GFF	32.42418483497182
PROT:WP_001241357.1	WP_001241357.1	EW036_RS06955	iscR	Fe-S cluster assembly transcriptional regulator IscR	0.0004998375	iscR — Fe-S cluster assembly transcriptional regulator IscR	search FASTA description + reference GFF	25.417201374643465
PROT:WP_001243437.1	WP_001243437.1	EW036_RS00080	ibpA	small heat shock chaperone IbpA	0.0004998375	ibpA — small heat shock chaperone IbpA	search FASTA description + reference GFF	26.241713550558856
PROT:WP_001245296.1	WP_001245296.1	EW036_RS01665	dcrB	phage sensitivity protein DcrB	0.0004998375	dcrB — phage sensitivity protein DcrB	search FASTA description + reference GFF	32.15354331766868
PROT:WP_001245699.1	WP_001245699.1	EW036_RS14185	amyA	alpha-amylase	0.0004998375	amyA — alpha-amylase	search FASTA description + reference GFF	29.317763943768306
PROT:WP_001247093.1	WP_001247093.1	EW036_RS00730	rph	ribonuclease PH	0.0004998375	rph — ribonuclease PH	search FASTA description + reference GFF	29.666848954636556
PROT:WP_001249136.1	WP_001249136.1	EW036_RS16295	rcsD	phosphotransferase RcsD	0.0004998375	rcsD — phosphotransferase RcsD	search FASTA description + reference GFF	25.79468021257128
PROT:WP_001249883.1	WP_001249883.1	EW036_RS08225	nudI	nucleoside triphosphatase NudI	0.0004998375	nudI — nucleoside triphosphatase NudI	search FASTA description + reference GFF	21.77914040220214
PROT:WP_001250114.1	WP_001250114.1	EW036_RS19020	hemH	ferrochelatase	0.0004998375	hemH — ferrochelatase	search FASTA description + reference GFF	29.74022096168427
PROT:WP_001250202.1	WP_001250202.1	EW036_RS11290	sapA	ABC transporter substrate-binding protein SapA	0.0004998375	sapA — ABC transporter substrate-binding protein SapA	search FASTA description + reference GFF	27.052596162952003
PROT:WP_001250644.1	WP_001250644.1	EW036_RS24515	glpX	class II fructose-bisphosphatase	0.0004998375	glpX — class II fructose-bisphosphatase	search FASTA description + reference GFF	29.15401027185553
PROT:WP_001251354.1	WP_001251354.1	EW036_RS09550	lolE	lipoprotein-releasing ABC transporter permease subunit LolE	0.0004998375	lolE — lipoprotein-releasing ABC transporter permease subunit LolE	search FASTA description + reference GFF	26.609929805100347
PROT:WP_001251965.1	WP_001251965.1	EW036_RS25570	atpC	F0F1 ATP synthase subunit epsilon	0.0004998375	atpC — F0F1 ATP synthase subunit epsilon	search FASTA description + reference GFF	31.703919749295963
PROT:WP_001252365.1	WP_001252365.1	EW036_RS15550	asmA	outer membrane assembly protein AsmA	0.0004998375	asmA — outer membrane assembly protein AsmA	search FASTA description + reference GFF	28.550794949638725
PROT:WP_001253634.1	WP_001253634.1	EW036_RS02815	yhdP	AsmA2 domain-containing protein YhdP	0.0004998375	yhdP — AsmA2 domain-containing protein YhdP	search FASTA description + reference GFF	26.007969883501488
PROT:WP_001253709.1	WP_001253709.1	EW036_RS01995	envZ	two-component system sensor histidine kinase EnvZ	0.0004998375	envZ — two-component system sensor histidine kinase EnvZ	search FASTA description + reference GFF	23.739209014734644
PROT:WP_001255186.1	WP_001255186.1	EW036_RS17110	amiD	N-acetylmuramoyl-L-alanine amidase AmiD	0.0004998375	amiD — N-acetylmuramoyl-L-alanine amidase AmiD	search FASTA description + reference GFF	27.44733928162026
PROT:WP_001255589.1	WP_001255589.1	EW036_RS08170	menC	o-succinylbenzoate synthase	0.0004998375	menC — o-succinylbenzoate synthase	search FASTA description + reference GFF	25.75657618027129
PROT:WP_001257002.1	WP_001257002.1	EW036_RS09450	tmk	dTMP kinase	0.0004998375	tmk — dTMP kinase	search FASTA description + reference GFF	26.68748012277137
PROT:WP_001257847.1	WP_001257847.1	EW036_RS02855	argR	transcriptional regulator ArgR	0.0004998375	argR — transcriptional regulator ArgR	search FASTA description + reference GFF	25.76906516671111
PROT:WP_001258676.1	WP_001258676.1	EW036_RS13595	aspS	aspartate--tRNA ligase	0.0004998375	aspS — aspartate--tRNA ligase	search FASTA description + reference GFF	33.04196212604508
PROT:WP_001259253.1	WP_001259253.1	EW036_RS15315	yefM	YoeB-YefM toxin-antitoxin system antitoxin YefM	0.0004998375	yefM — YoeB-YefM toxin-antitoxin system antitoxin YefM	search FASTA description + reference GFF	25.748474109965223
PROT:WP_001259268.1	WP_001259268.1	EW036_RS16460		helix-turn-helix domain-containing protein	0.0004998375	EW036_RS16460 — helix-turn-helix domain-containing protein	search FASTA description + reference GFF	24.59303867315379
PROT:WP_001259692.1	WP_001259692.1	EW036_RS25120	pldA	phospholipase A	0.0004998375	pldA — phospholipase A	search FASTA description + reference GFF	26.78869144835649
PROT:WP_001259838.1	WP_001259838.1	EW036_RS13080	sppA	signal peptide peptidase SppA	0.0004998375	sppA — signal peptide peptidase SppA	search FASTA description + reference GFF	29.263346818669408
PROT:WP_001260273.1	WP_001260273.1	EW036_RS13920		hypothetical protein	0.0004998375	EW036_RS13920 — hypothetical protein	search FASTA description + reference GFF	26.885210510995265
PROT:WP_001260309.1	WP_001260309.1	EW036_RS10415	ispE	4-(cytidine 5'-diphospho)-2-C-methyl-D-erythritol kinase	0.0004998375	ispE — 4-(cytidine 5'-diphospho)-2-C-methyl-D-erythritol kinase	search FASTA description + reference GFF	27.519317999223915
PROT:WP_001260690.1	WP_001260690.1	EW036_RS20445	proS	proline--tRNA ligase	0.0004998375	proS — proline--tRNA ligase	search FASTA description + reference GFF	32.81029497970395
PROT:WP_001260849.1	WP_001260849.1	EW036_RS12250	ydgD	trypsin-like serine peptidase	0.0004998375	ydgD — trypsin-like serine peptidase	search FASTA description + reference GFF	23.37315354742594
PROT:WP_001261013.1	WP_001261013.1	EW036_RS11695	ydcL	DUF3313 domain-containing protein	0.0004998375	ydcL — DUF3313 domain-containing protein	search FASTA description + reference GFF	31.360104292074222
PROT:WP_001261210.1	WP_001261210.1	EW036_RS11415	ycjG	L-Ala-D/L-Glu epimerase	0.0004998375	ycjG — L-Ala-D/L-Glu epimerase	search FASTA description + reference GFF	25.493719693692096
PROT:WP_001261235.1	WP_001261235.1	EW036_RS08830	yccF	YccF domain-containing protein	0.0004998375	yccF — YccF domain-containing protein	search FASTA description + reference GFF	24.240174031253343
PROT:WP_001261278.1	WP_001261278.1	EW036_RS26445	vapB	type II toxin-antitoxin system VapB family antitoxin	0.0009959845	vapB — type II toxin-antitoxin system VapB family antitoxin	search FASTA description + reference GFF	26.77751429186531
PROT:WP_001262123.1	WP_001262123.1	EW036_RS11460	uspE	universal stress protein UspE	0.0004998375	uspE — universal stress protein UspE	search FASTA description + reference GFF	33.474641655383614
PROT:WP_001262185.1	WP_001262185.1	EW036_RS13390	kdgR	DNA-binding transcriptional regulator KdgR	0.0004998375	kdgR — DNA-binding transcriptional regulator KdgR	search FASTA description + reference GFF	30.36351630383252
PROT:WP_001262723.1	WP_001262723.1	EW036_RS06730	ung	uracil-DNA glycosylase	0.0004998375	ung — uracil-DNA glycosylase	search FASTA description + reference GFF	26.376959757163142
PROT:WP_001264377.1	WP_001264377.1	EW036_RS03660	tsaD	tRNA (adenosine(37)-N6)-threonylcarbamoyltransferase complex transferase subunit TsaD	0.0004998375	tsaD — tRNA (adenosine(37)-N6)-threonylcarbamoyltransferase complex transferase subunit TsaD	search FASTA description + reference GFF	28.192532425273207
PROT:WP_001264592.1	WP_001264592.1	EW036_RS00840	rfaC	lipopolysaccharide heptosyltransferase RfaC	0.005768178	rfaC — lipopolysaccharide heptosyltransferase RfaC	search FASTA description + reference GFF	24.079242444295407
PROT:WP_001264707.1	WP_001264707.1	EW036_RS21490	thrA	bifunctional aspartate kinase/homoserine dehydrogenase I	0.0004998375	thrA — bifunctional aspartate kinase/homoserine dehydrogenase I	search FASTA description + reference GFF	31.23975183544429
PROT:WP_001264949.1	WP_001264949.1	EW036_RS08970	torT	TMAO reductase system periplasmic protein TorT	0.0009189543	torT — TMAO reductase system periplasmic protein TorT	search FASTA description + reference GFF	26.107179310168384
PROT:WP_001265440.1	WP_001265440.1	EW036_RS17650	galE	UDP-glucose 4-epimerase GalE	0.0004998375	galE — UDP-glucose 4-epimerase GalE	search FASTA description + reference GFF	30.71640155743666
PROT:WP_001265481.1	WP_001265481.1	EW036_RS09610	phoP	two-component system response regulator PhoP	0.0004998375	phoP — two-component system response regulator PhoP	search FASTA description + reference GFF	30.792314361285094
PROT:WP_001265681.1	WP_001265681.1	EW036_RS02000	pckA	phosphoenolpyruvate carboxykinase (ATP)	0.0004998375	pckA — phosphoenolpyruvate carboxykinase (ATP)	search FASTA description + reference GFF	33.737373995257684
PROT:WP_001266318.1	WP_001266318.1	EW036_RS01325	hmsP	biofilm formation regulator HmsP	0.0004998375	hmsP — biofilm formation regulator HmsP	search FASTA description + reference GFF	24.712433766598988
PROT:WP_001266506.1	WP_001266506.1	EW036_RS19370	queA	tRNA preQ1(34) S-adenosylmethionine ribosyltransferase-isomerase QueA	0.0004998375	queA — tRNA preQ1(34) S-adenosylmethionine ribosyltransferase-isomerase QueA	search FASTA description + reference GFF	27.958596868053263
PROT:WP_001266905.1	WP_001266905.1	EW036_RS10150	dadA	D-amino acid dehydrogenase	0.0004998375	dadA — D-amino acid dehydrogenase	search FASTA description + reference GFF	30.11591500486769
PROT:WP_001267445.1	WP_001267445.1	EW036_RS23225	fxsA	FxsA family protein	0.0004998375	fxsA — FxsA family protein	search FASTA description + reference GFF	25.709639325682986
PROT:WP_001267498.1	WP_001267498.1	EW036_RS07190	ypfJ	KPN_02809 family neutral zinc metallopeptidase	0.0004998375	ypfJ — KPN_02809 family neutral zinc metallopeptidase	search FASTA description + reference GFF	27.63875944323683
PROT:WP_001267919.1	WP_001267919.1	EW036_RS09455	holB	DNA polymerase III subunit delta'	0.00093253714	holB — DNA polymerase III subunit delta'	search FASTA description + reference GFF	20.61914455168733
PROT:WP_001269327.1	WP_001269327.1	EW036_RS22770	tamA	autotransporter assembly complex protein TamA	0.0004998375	tamA — autotransporter assembly complex protein TamA	search FASTA description + reference GFF	26.15549654761134
PROT:WP_001269673.1	WP_001269673.1	EW036_RS18275	lptE	LPS assembly lipoprotein LptE	0.0004998375	lptE — LPS assembly lipoprotein LptE	search FASTA description + reference GFF	30.009196300058413
PROT:WP_001270242.1	WP_001270242.1	EW036_RS24585	yiiM	6-hydroxyaminopurine reductase	0.0004998375	yiiM — 6-hydroxyaminopurine reductase	search FASTA description + reference GFF	29.682273671853302
PROT:WP_001271717.1	WP_001271717.1	EW036_RS24790	glnA	glutamate--ammonia ligase	0.0004998375	glnA — glutamate--ammonia ligase	search FASTA description + reference GFF	34.06465202079503
PROT:WP_001272297.1	WP_001272297.1	EW036_RS21665	rsmC	16S rRNA (guanine(1207)-N(2))-methyltransferase RsmC	0.0004998375	rsmC — 16S rRNA (guanine(1207)-N(2))-methyltransferase RsmC	search FASTA description + reference GFF	30.269645830124265
PROT:WP_001273763.1	WP_001273763.1	EW036_RS03355	garD	galactarate dehydratase	0.0004998375	garD — galactarate dehydratase	search FASTA description + reference GFF	28.59046751944196
PROT:WP_001274021.1	WP_001274021.1	EW036_RS21385	rpsT	30S ribosomal protein S20	0.0004998375	rpsT — 30S ribosomal protein S20	search FASTA description + reference GFF	33.733127356488765
PROT:WP_001274684.1	WP_001274684.1	EW036_RS02225	prkB	phosphoribulokinase	0.0004998375	prkB — phosphoribulokinase	search FASTA description + reference GFF	27.079243441405005
PROT:WP_001274963.1	WP_001274963.1	EW036_RS11315	pspB	envelope stress response membrane protein PspB	0.0004998375	pspB — envelope stress response membrane protein PspB	search FASTA description + reference GFF	26.34466438785472
PROT:WP_001276008.1	WP_001276008.1	EW036_RS05140	zapA	cell division protein ZapA	0.0004998375	zapA — cell division protein ZapA	search FASTA description + reference GFF	28.754017761163382
PROT:WP_001276309.1	WP_001276309.1	EW036_RS19275	yajL	protein deglycase YajL	0.0004998375	yajL — protein deglycase YajL	search FASTA description + reference GFF	28.72983009090258
PROT:WP_001277107.1	WP_001277107.1	EW036_RS01730	ataR	type II toxin-antitoxin system antitoxin AtaR	0.0004998375	ataR — type II toxin-antitoxin system antitoxin AtaR	search FASTA description + reference GFF	22.01059131704151
PROT:WP_001277561.1	WP_001277561.1	EW036_RS00905	cysE	serine O-acetyltransferase	0.0004998375	cysE — serine O-acetyltransferase	search FASTA description + reference GFF	29.041028206181178
PROT:WP_001277795.1	WP_001277795.1	EW036_RS07210	dapE	succinyl-diaminopimelate desuccinylase	0.0004998375	dapE — succinyl-diaminopimelate desuccinylase	search FASTA description + reference GFF	28.4874685483711
PROT:WP_001278605.1	WP_001278605.1	EW036_RS18195	corC	CNNM family magnesium/cobalt transport protein CorC	0.0004998375	corC — CNNM family magnesium/cobalt transport protein CorC	search FASTA description + reference GFF	29.11982308215252
PROT:WP_001278898.1	WP_001278898.1	EW036_RS11125	cobO	cob(I)yrinic acid a,c-diamide adenosyltransferase	0.0004998375	cobO — cob(I)yrinic acid a,c-diamide adenosyltransferase	search FASTA description + reference GFF	26.396168540587464
PROT:WP_001280359.1	WP_001280359.1	EW036_RS23060	miaA	tRNA (adenosine(37)-N6)-dimethylallyltransferase MiaA	0.0004998375	miaA — tRNA (adenosine(37)-N6)-dimethylallyltransferase MiaA	search FASTA description + reference GFF	29.524725217359087
PROT:WP_001280386.1	WP_001280386.1	EW036_RS05150	pepP	Xaa-Pro aminopeptidase	0.0004998375	pepP — Xaa-Pro aminopeptidase	search FASTA description + reference GFF	31.22765204267261
PROT:WP_001280613.1	WP_001280613.1	EW036_RS02195	fic	putative adenosine monophosphate-protein transferase Fic	0.0004998375	fic — putative adenosine monophosphate-protein transferase Fic	search FASTA description + reference GFF	29.35402170604544
PROT:WP_001280776.1	WP_001280776.1	EW036_RS25335	trxA	thioredoxin TrxA	0.0004998375	trxA — thioredoxin TrxA	search FASTA description + reference GFF	33.376447750426415
PROT:WP_001281848.1	WP_001281848.1	EW036_RS03915	parC	DNA topoisomerase IV subunit A	0.0004998375	parC — DNA topoisomerase IV subunit A	search FASTA description + reference GFF	28.48604440890548
PROT:WP_001282280.1	WP_001282280.1	EW036_RS12530	rnt	ribonuclease T	0.0004998375	rnt — ribonuclease T	search FASTA description + reference GFF	25.86793381068659
PROT:WP_001282319.1	WP_001282319.1	EW036_RS12460	pdxH	pyridoxamine 5'-phosphate oxidase	0.0004998375	pdxH — pyridoxamine 5'-phosphate oxidase	search FASTA description + reference GFF	28.610762816467133
PROT:WP_001282361.1	WP_001282361.1	EW036_RS25700	mnmE	tRNA uridine-5-carboxymethylaminomethyl(34) synthesis GTPase MnmE	0.0004998375	mnmE — tRNA uridine-5-carboxymethylaminomethyl(34) synthesis GTPase MnmE	search FASTA description + reference GFF	29.75865346951841
PROT:WP_001282552.1	WP_001282552.1	EW036_RS12385	ydgJ	oxidoreductase	0.0004998375	ydgJ — oxidoreductase	search FASTA description + reference GFF	29.89893081413041
PROT:WP_001282578.1	WP_001282578.1	EW036_RS04560	nanR	transcriptional regulator NanR	0.0004998375	nanR — transcriptional regulator NanR	search FASTA description + reference GFF	26.03433927382856
PROT:WP_001283421.1	WP_001283421.1	EW036_RS14110	uvrC	excinuclease ABC subunit UvrC	0.0004998375	uvrC — excinuclease ABC subunit UvrC	search FASTA description + reference GFF	25.88113885873793
PROT:WP_001283456.1	WP_001283456.1	EW036_RS13225	dgcP	diguanylate cyclase DgcP	0.0004998375	dgcP — diguanylate cyclase DgcP	search FASTA description + reference GFF	24.29992287989255
PROT:WP_001283598.1	WP_001283598.1	EW036_RS07910	truA	tRNA pseudouridine(38-40) synthase TruA	0.0004998375	truA — tRNA pseudouridine(38-40) synthase TruA	search FASTA description + reference GFF	26.35081908229204
PROT:WP_001283713.1	WP_001283713.1	EW036_RS01855	glgB	1,4-alpha-glucan branching enzyme	0.0004998375	glgB — 1,4-alpha-glucan branching enzyme	search FASTA description + reference GFF	30.66347797402259
PROT:WP_001284618.1	WP_001284618.1	EW036_RS13145	msrB	peptide-methionine (R)-S-oxide reductase MsrB	0.0004998375	msrB — peptide-methionine (R)-S-oxide reductase MsrB	search FASTA description + reference GFF	25.95827607456922
PROT:WP_001285288.1	WP_001285288.1	EW036_RS20015	proB	glutamate 5-kinase	0.0004998375	proB — glutamate 5-kinase	search FASTA description + reference GFF	30.577377343148505
PROT:WP_001286537.1	WP_001286537.1	EW036_RS12025	tam	trans-aconitate 2-methyltransferase	0.0004998375	tam — trans-aconitate 2-methyltransferase	search FASTA description + reference GFF	29.768298723623825
PROT:WP_001286823.1	WP_001286823.1	EW036_RS21370	ileS	isoleucine--tRNA ligase	0.0004998375	ileS — isoleucine--tRNA ligase	search FASTA description + reference GFF	33.16999967544851
PROT:WP_001286908.1	WP_001286908.1	EW036_RS16535		hypothetical protein	0.0004998375	EW036_RS16535 — hypothetical protein	search FASTA description + reference GFF	28.35421200808296
PROT:WP_001287134.1	WP_001287134.1	EW036_RS18055	glnS	glutamine--tRNA ligase	0.0004998375	glnS — glutamine--tRNA ligase	search FASTA description + reference GFF	32.23202175926986
PROT:WP_001287378.1	WP_001287378.1	EW036_RS10585	hns	histone-like nucleoid-structuring protein H-NS	0.0004998375	hns — histone-like nucleoid-structuring protein H-NS	search FASTA description + reference GFF	33.972235529273085
PROT:WP_001287403.1	WP_001287403.1	EW036_RS06260	gutQ	arabinose-5-phosphate isomerase GutQ	0.0004998375	gutQ — arabinose-5-phosphate isomerase GutQ	search FASTA description + reference GFF	29.71946166440239
PROT:WP_001287521.1	WP_001287521.1	EW036_RS24215	nusG	transcription termination/antitermination protein NusG	0.0004998375	nusG — transcription termination/antitermination protein NusG	search FASTA description + reference GFF	32.06712131586962
PROT:WP_001287828.1	WP_001287828.1	EW036_RS16730		hypothetical protein	0.0004998375	EW036_RS16730 — hypothetical protein	search FASTA description + reference GFF	29.793564452812475
PROT:WP_001288587.1	WP_001288587.1	EW036_RS25550	atpH	F0F1 ATP synthase subunit delta	0.0004998375	atpH — F0F1 ATP synthase subunit delta	search FASTA description + reference GFF	31.384595433145623
PROT:WP_001288856.1	WP_001288856.1	EW036_RS08665	mukF	chromosome partition protein MukF	0.0004998375	mukF — chromosome partition protein MukF	search FASTA description + reference GFF	27.334682876632428
PROT:WP_001289165.1	WP_001289165.1	EW036_RS07905	usg	aspartate-semialdehyde dehydrogenase	0.0004998375	usg — aspartate-semialdehyde dehydrogenase	search FASTA description + reference GFF	30.528160981454004
PROT:WP_001290321.1	WP_001290321.1	EW036_RS23965	lysC	lysine-sensitive aspartokinase 3	0.0004998375	lysC — lysine-sensitive aspartokinase 3	search FASTA description + reference GFF	29.76348766322835
PROT:WP_001290706.1	WP_001290706.1	EW036_RS05990	cysI	assimilatory sulfite reductase (NADPH) hemoprotein subunit	0.0004998375	cysI — assimilatory sulfite reductase (NADPH) hemoprotein subunit	search FASTA description + reference GFF	31.39482416743812
PROT:WP_001291206.1	WP_001291206.1	EW036_RS11110	rluB	23S rRNA pseudouridine(2605) synthase RluB	0.0004998375	rluB — 23S rRNA pseudouridine(2605) synthase RluB	search FASTA description + reference GFF	25.696670685526232
PROT:WP_001291261.1	WP_001291261.1	EW036_RS25665	yieF	class I chromate reductase YieF	0.0004998375	yieF — class I chromate reductase YieF	search FASTA description + reference GFF	29.687704335952045
PROT:WP_001291788.1	WP_001291788.1	EW036_RS01150	glyS	glycine--tRNA ligase subunit beta	0.0004998375	glyS — glycine--tRNA ligase subunit beta	search FASTA description + reference GFF	33.341389015231
PROT:WP_001291991.1	WP_001291991.1	EW036_RS20035	gpt	xanthine phosphoribosyltransferase	0.0004998375	gpt — xanthine phosphoribosyltransferase	search FASTA description + reference GFF	30.20159103755357
PROT:WP_001292681.1	WP_001292681.1	EW036_RS21730	opgB	phosphatidylglycerol--membrane-oligosaccharide glycerophosphotransferase	0.0004998375	opgB — phosphatidylglycerol--membrane-oligosaccharide glycerophosphotransferase	search FASTA description + reference GFF	20.697592700743837
PROT:WP_001292822.1	WP_001292822.1	EW036_RS16675	pflB	formate C-acetyltransferase	0.0004998375	pflB — formate C-acetyltransferase	search FASTA description + reference GFF	37.44999558774752
PROT:WP_001293022.1	WP_001293022.1	EW036_RS20040	pepD	cytosol nonspecific dipeptidase	0.0004998375	pepD — cytosol nonspecific dipeptidase	search FASTA description + reference GFF	34.2769738488941
PROT:WP_001293146.1	WP_001293146.1	EW036_RS16045	psuG	pseudouridine-5'-phosphate glycosidase	0.0004998375	psuG — pseudouridine-5'-phosphate glycosidase	search FASTA description + reference GFF	30.54357497859582
PROT:WP_001293282.1	WP_001293282.1	EW036_RS23015	rlmB	23S rRNA (guanosine(2251)-2'-O)-methyltransferase RlmB	0.0004998375	rlmB — 23S rRNA (guanosine(2251)-2'-O)-methyltransferase RlmB	search FASTA description + reference GFF	30.392463555725016
PROT:WP_001293344.1	WP_001293344.1	EW036_RS24485	hslU	HslU--HslV peptidase ATPase subunit	0.0004998375	hslU — HslU--HslV peptidase ATPase subunit	search FASTA description + reference GFF	34.007551334359874
PROT:WP_001294229.1	WP_001294229.1	EW036_RS23085	queG	tRNA epoxyqueuosine(34) reductase QueG	0.0004998375	queG — tRNA epoxyqueuosine(34) reductase QueG	search FASTA description + reference GFF	23.84587720530459
PROT:WP_001294595.1	WP_001294595.1	EW036_RS20425	metI	methionine ABC transporter permease MetI	0.0004998375	metI — methionine ABC transporter permease MetI	search FASTA description + reference GFF	26.284028383596347
PROT:WP_001294702.1	WP_001294702.1	EW036_RS20700	thpR	RNA 2',3'-cyclic phosphodiesterase	0.0004998375	thpR — RNA 2',3'-cyclic phosphodiesterase	search FASTA description + reference GFF	24.470454062025443
PROT:WP_001294788.1	WP_001294788.1	EW036_RS20500	dnaE	DNA polymerase III subunit alpha	0.0005216328	dnaE — DNA polymerase III subunit alpha	search FASTA description + reference GFF	25.11192865210737
PROT:WP_001295174.1	WP_001295174.1	EW036_RS06455	ygaM	DUF883 domain-containing protein	0.0004998375	ygaM — DUF883 domain-containing protein	search FASTA description + reference GFF	31.28546050260788
PROT:WP_001295175.1	WP_001295175.1	EW036_RS06390	emrA	multidrug efflux MFS transporter periplasmic adaptor subunit EmrA	0.0004998375	emrA — multidrug efflux MFS transporter periplasmic adaptor subunit EmrA	search FASTA description + reference GFF	27.982874713529792
PROT:WP_001295182.1	WP_001295182.1	EW036_RS06055	surE	5'/3'-nucleotidase SurE	0.0004998375	surE — 5'/3'-nucleotidase SurE	search FASTA description + reference GFF	26.943568367316
PROT:WP_001295188.1	WP_001295188.1	EW036_RS23110	orn	oligoribonuclease	0.0004998375	orn — oligoribonuclease	search FASTA description + reference GFF	28.61851873933448
PROT:WP_001295196.1	WP_001295196.1	EW036_RS22775	msrA	peptide-methionine (S)-S-oxide reductase MsrA	0.0004998375	msrA — peptide-methionine (S)-S-oxide reductase MsrA	search FASTA description + reference GFF	30.746000687309568
PROT:WP_001295237.1	WP_001295237.1	EW036_RS00710	gmk	guanylate kinase	0.0004998375	gmk — guanylate kinase	search FASTA description + reference GFF	29.297275061638533
PROT:WP_001295241.1	WP_001295241.1	EW036_RS00180	yicN	DUF1198 domain-containing protein	0.0015010793	yicN — DUF1198 domain-containing protein	search FASTA description + reference GFF	23.2798181010887
PROT:WP_001295260.1	WP_001295260.1	EW036_RS24950	tatA	Sec-independent protein translocase subunit TatA	0.0004998375	tatA — Sec-independent protein translocase subunit TatA	search FASTA description + reference GFF	27.78047902418951
PROT:WP_001295263.1	WP_001295263.1	EW036_RS24855	yihD	YihD family protein	0.0004998375	yihD — YihD family protein	search FASTA description + reference GFF	31.273208627253982
PROT:WP_001295266.1	WP_001295266.1	EW036_RS24815	yihI	Der GTPase-activating protein YihI	0.0004998375	yihI — Der GTPase-activating protein YihI	search FASTA description + reference GFF	29.03098208449172
PROT:WP_001295270.1	WP_001295270.1	EW036_RS02875	zapG	Z-ring associated protein ZapG	0.0004998375	zapG — Z-ring associated protein ZapG	search FASTA description + reference GFF	31.66883401740859
PROT:WP_001295272.1	WP_001295272.1	EW036_RS02860	mdh	malate dehydrogenase	0.0004998375	mdh — malate dehydrogenase	search FASTA description + reference GFF	35.047758029477244
PROT:WP_001295296.1	WP_001295296.1	EW036_RS17370	ompX	outer membrane protein OmpX	0.0004998375	ompX — outer membrane protein OmpX	search FASTA description + reference GFF	29.07716435134213
PROT:WP_001295305.1	WP_001295305.1	EW036_RS17670	gpmA	2,3-diphosphoglycerate-dependent phosphoglycerate mutase	0.0004998375	gpmA — 2,3-diphosphoglycerate-dependent phosphoglycerate mutase	search FASTA description + reference GFF	34.48154663398228
PROT:WP_001295307.1	WP_001295307.1	EW036_RS17745	tolB	Tol-Pal system beta propeller repeat protein TolB	0.0004998375	tolB — Tol-Pal system beta propeller repeat protein TolB	search FASTA description + reference GFF	32.817659774198454
PROT:WP_001295318.1	WP_001295318.1	EW036_RS18775	purE	5-(carboxyamino)imidazole ribonucleotide mutase	0.0004998375	purE — 5-(carboxyamino)imidazole ribonucleotide mutase	search FASTA description + reference GFF	31.316223711477736
PROT:WP_001295322.1	WP_001295322.1	EW036_RS18915	cnoX	chaperedoxin	0.0004998375	cnoX — chaperedoxin	search FASTA description + reference GFF	29.4103663054337
PROT:WP_001295325.1	WP_001295325.1	EW036_RS19200	lon	endopeptidase La	0.0004998375	lon — endopeptidase La	search FASTA description + reference GFF	33.96778518048099
PROT:WP_001295326.1	WP_001295326.1	EW036_RS19225	yajG	lipoprotein	0.0004998375	yajG — lipoprotein	search FASTA description + reference GFF	28.938264610954963
PROT:WP_001295337.1	WP_001295337.1	EW036_RS19530	hemB	porphobilinogen synthase	0.0004998375	hemB — porphobilinogen synthase	search FASTA description + reference GFF	28.962718325678686
PROT:WP_001295343.1	WP_001295343.1	EW036_RS16990	lolA	outer membrane lipoprotein chaperone LolA	0.0004998375	lolA — outer membrane lipoprotein chaperone LolA	search FASTA description + reference GFF	30.633526654356388
PROT:WP_001295364.1	WP_001295364.1	EW036_RS06770	rpoE	RNA polymerase sigma factor RpoE	0.0004998375	rpoE — RNA polymerase sigma factor RpoE	search FASTA description + reference GFF	25.43923460488877
PROT:WP_001295373.1	WP_001295373.1	EW036_RS06960	iscS	cysteine desulfurase	0.0004998375	iscS — cysteine desulfurase	search FASTA description + reference GFF	31.880762575068783
PROT:WP_001295377.1	WP_001295377.1	EW036_RS05175	gcvH	glycine cleavage system protein GcvH	0.0004998375	gcvH — glycine cleavage system protein GcvH	search FASTA description + reference GFF	27.65600058001745
PROT:WP_001295378.1	WP_001295378.1	EW036_RS05145	ygfB	UPF0149 family protein YgfB	0.0004998375	ygfB — UPF0149 family protein YgfB	search FASTA description + reference GFF	29.19917893653133
PROT:WP_001295380.1	WP_001295380.1	EW036_RS04970	speA	biosynthetic arginine decarboxylase	0.0004998375	speA — biosynthetic arginine decarboxylase	search FASTA description + reference GFF	32.805520431247594
PROT:WP_001295400.1	WP_001295400.1	EW036_RS12455	tyrS	tyrosine--tRNA ligase	0.0004998375	tyrS — tyrosine--tRNA ligase	search FASTA description + reference GFF	32.745690282810465
PROT:WP_001295403.1	WP_001295403.1	EW036_RS12660	pykF	pyruvate kinase PykF	0.0004998375	pykF — pyruvate kinase PykF	search FASTA description + reference GFF	34.309457077924385
PROT:WP_001295412.1	WP_001295412.1	EW036_RS21610	deoC	deoxyribose-phosphate aldolase	0.0004998375	deoC — deoxyribose-phosphate aldolase	search FASTA description + reference GFF	32.036223932045765
PROT:WP_001295424.1	WP_001295424.1	EW036_RS15560	udk	uridine kinase	0.0004998375	udk — uridine kinase	search FASTA description + reference GFF	29.81597628264617
PROT:WP_001295430.1	WP_001295430.1	EW036_RS15835	yehS	DUF1456 family protein	0.0004998375	yehS — DUF1456 family protein	search FASTA description + reference GFF	26.339406982015863
PROT:WP_001295435.1	WP_001295435.1	EW036_RS09600	roxA	[50S ribosomal protein L16]-arginine 3-hydroxylase	0.0004998375	roxA — [50S ribosomal protein L16]-arginine 3-hydroxylase	search FASTA description + reference GFF	28.89885329635988
PROT:WP_001295443.1	WP_001295443.1	EW036_RS09275	yceB	lipoprotein	0.0004998375	yceB — lipoprotein	search FASTA description + reference GFF	29.436466216534555
PROT:WP_001295467.1	WP_001295467.1	EW036_RS07185	purC	phosphoribosylaminoimidazolesuccinocarboxamide synthase	0.0004998375	purC — phosphoribosylaminoimidazolesuccinocarboxamide synthase	search FASTA description + reference GFF	33.412452680052766
PROT:WP_001295469.1	WP_001295469.1	EW036_RS07175	dapA	4-hydroxy-tetrahydrodipicolinate synthase	0.0004998375	dapA — 4-hydroxy-tetrahydrodipicolinate synthase	search FASTA description + reference GFF	32.172677649459345
PROT:WP_001295473.1	WP_001295473.1	EW036_RS07135	upp	uracil phosphoribosyltransferase	0.0004998375	upp — uracil phosphoribosyltransferase	search FASTA description + reference GFF	32.18475226390694
PROT:WP_001295493.1	WP_001295493.1	EW036_RS13295	yoaB	RidA family protein	0.0004998375	yoaB — RidA family protein	search FASTA description + reference GFF	29.7597942296677
PROT:WP_001295500.1	WP_001295500.1	EW036_RS13490	yebF	protein YebF	0.0004998375	yebF — protein YebF	search FASTA description + reference GFF	31.075612246264612
PROT:WP_001295524.1	WP_001295524.1	EW036_RS21755	btsT	pyruvate/proton symporter BtsT	0.0004998375	btsT — pyruvate/proton symporter BtsT	search FASTA description + reference GFF	25.972078847387348
PROT:WP_001295538.1	WP_001295538.1	EW036_RS22450		DeoR family transcriptional regulator	0.0004998375	EW036_RS22450 — DeoR family transcriptional regulator	search FASTA description + reference GFF	26.100410070704424
PROT:WP_001295543.1	WP_001295543.1	EW036_RS03490	yqjC	DUF1090 family protein YqjC	0.0004998375	yqjC — DUF1090 family protein YqjC	search FASTA description + reference GFF	26.59040075586704
PROT:WP_001295552.1	WP_001295552.1	EW036_RS03220	ubiT	ubiquinone anaerobic biosynthesis accessory factor UbiT	0.0029467936	ubiT — ubiquinone anaerobic biosynthesis accessory factor UbiT	search FASTA description + reference GFF	24.30376341055008
PROT:WP_001295553.1	WP_001295553.1	EW036_RS03195	deaD	ATP-dependent RNA helicase DeaD	0.0004998375	deaD — ATP-dependent RNA helicase DeaD	search FASTA description + reference GFF	29.507953184562727
PROT:WP_001295556.1	WP_001295556.1	EW036_RS03125	secG	preprotein translocase subunit SecG	0.0004998375	secG — preprotein translocase subunit SecG	search FASTA description + reference GFF	28.6270383353594
PROT:WP_001295557.1	WP_001295557.1	EW036_RS03015	kdsD	arabinose-5-phosphate isomerase KdsD	0.0004998375	kdsD — arabinose-5-phosphate isomerase KdsD	search FASTA description + reference GFF	30.15428124168985
PROT:WP_001295561.1	WP_001295561.1	EW036_RS20540	rseP	sigma E protease regulator RseP	0.0004998375	rseP — sigma E protease regulator RseP	search FASTA description + reference GFF	27.22837987012722
PROT:WP_001295562.1	WP_001295562.1	EW036_RS20550	ispU	(2E,6E)-farnesyl-diphosphate-specific ditrans,polycis-undecaprenyl-diphosphate synthase	0.0004998375	ispU — (2E,6E)-farnesyl-diphosphate-specific ditrans,polycis-undecaprenyl-diphosphate synthase	search FASTA description + reference GFF	24.50809313493876
PROT:WP_001295564.1	WP_001295564.1	EW036_RS20630	erpA	iron-sulfur cluster insertion protein ErpA	0.0004998375	erpA — iron-sulfur cluster insertion protein ErpA	search FASTA description + reference GFF	30.631411146612407
PROT:WP_001295568.1	WP_001295568.1	EW036_RS20830	yacC	YacC family pilotin-like protein	0.0006141319	yacC — YacC family pilotin-like protein	search FASTA description + reference GFF	23.5809986164586
PROT:WP_001295575.1	WP_001295575.1	EW036_RS11100	yciO	L-threonylcarbamoyladenylate synthase	0.0004998375	yciO — L-threonylcarbamoyladenylate synthase	search FASTA description + reference GFF	31.31535521721596
PROT:WP_001295593.1	WP_001295593.1	EW036_RS11545	uspF	universal stress protein UspF	0.0004998375	uspF — universal stress protein UspF	search FASTA description + reference GFF	33.52222073659796
PROT:WP_001295621.1	WP_001295621.1	EW036_RS10470	chaC	glutathione-specific gamma-glutamylcyclotransferase	0.0004998375	chaC — glutathione-specific gamma-glutamylcyclotransferase	search FASTA description + reference GFF	26.06084196461548
PROT:WP_001295726.1	WP_001295726.1	EW036_RS22145		Alw26I/Eco31I/Esp3I family type II restriction adenine-specific DNA-methyltransferase	0.0004998375	EW036_RS22145 — Alw26I/Eco31I/Esp3I family type II restriction adenine-specific DNA-methyltransferase	search FASTA description + reference GFF	26.65399461349724
PROT:WP_001295727.1	WP_001295727.1	EW036_RS22140	dcm	DNA (cytosine-5-)-methyltransferase	0.0004998375	dcm — DNA (cytosine-5-)-methyltransferase	search FASTA description + reference GFF	27.901390928712715
PROT:WP_001295733.1	WP_001295733.1	EW036_RS21990	nanM	N-acetylneuraminate epimerase	0.0004998375	nanM — N-acetylneuraminate epimerase	search FASTA description + reference GFF	27.950346078820296
PROT:WP_001295740.1	WP_001295740.1	EW036_RS21845	yjiL	putative 2-hydroxyacyl-CoA dehydratase activator YjiL	0.0005087936	yjiL — putative 2-hydroxyacyl-CoA dehydratase activator YjiL	search FASTA description + reference GFF	25.52621675587744
PROT:WP_001295741.1	WP_001295741.1	EW036_RS21840	yjiM	double-cubane-cluster-containing anaerobic reductase	0.0004998375	yjiM — double-cubane-cluster-containing anaerobic reductase	search FASTA description + reference GFF	24.72361167275479
PROT:WP_001295745.1	WP_001295745.1	EW036_RS21765	yjiA	GTPase	0.0004998375	yjiA — GTPase	search FASTA description + reference GFF	27.51223804438261
PROT:WP_001295748.1	WP_001295748.1	EW036_RS21640	osmY	molecular chaperone OsmY	0.0004998375	osmY — molecular chaperone OsmY	search FASTA description + reference GFF	35.38642274513399
PROT:WP_001295749.1	WP_001295749.1	EW036_RS21630	yjjU	patatin-like phospholipase family protein	0.0004998375	yjjU — patatin-like phospholipase family protein	search FASTA description + reference GFF	25.42438963905647
PROT:WP_001295751.1	WP_001295751.1	EW036_RS21570	radA	DNA repair protein RadA	0.0004998375	radA — DNA repair protein RadA	search FASTA description + reference GFF	26.10731185607123
PROT:WP_001295757.1	WP_001295757.1	EW036_RS21335	carA	glutamine-hydrolyzing carbamoyl-phosphate synthase small subunit	0.0004998375	carA — glutamine-hydrolyzing carbamoyl-phosphate synthase small subunit	search FASTA description + reference GFF	32.2016165169366
PROT:WP_001295765.1	WP_001295765.1	EW036_RS21130	thiB	thiamine ABC transporter substrate binding subunit	0.0004998375	thiB — thiamine ABC transporter substrate binding subunit	search FASTA description + reference GFF	28.569177330161995
PROT:WP_001295770.1	WP_001295770.1	EW036_RS21065	mraZ	division/cell wall cluster transcriptional repressor MraZ	0.000978894	mraZ — division/cell wall cluster transcriptional repressor MraZ	search FASTA description + reference GFF	27.24666943763274
PROT:WP_001295775.1	WP_001295775.1	EW036_RS20850	acnB	bifunctional aconitate hydratase 2/2-methylisocitrate dehydratase	0.0004998375	acnB — bifunctional aconitate hydratase 2/2-methylisocitrate dehydratase	search FASTA description + reference GFF	34.92779673172346
PROT:WP_001295777.1	WP_001295777.1	EW036_RS20820	gcd	quinoprotein glucose dehydrogenase	0.0004998375	gcd — quinoprotein glucose dehydrogenase	search FASTA description + reference GFF	29.86500236068585
PROT:WP_001295782.1	WP_001295782.1	EW036_RS20695	hrpB	ATP-dependent helicase HrpB	0.0004998375	hrpB — ATP-dependent helicase HrpB	search FASTA description + reference GFF	25.7750119086917
PROT:WP_001295799.1	WP_001295799.1	EW036_RS19820		aldo/keto reductase	0.0004998375	EW036_RS19820 — aldo/keto reductase	search FASTA description + reference GFF	29.550952957764466
PROT:WP_001295801.1	WP_001295801.1	EW036_RS19800	rclR	reactive chlorine-specific transcriptional regulator RclR	0.0004998375	rclR — reactive chlorine-specific transcriptional regulator RclR	search FASTA description + reference GFF	24.402938115511468
PROT:WP_001295802.1	WP_001295802.1	EW036_RS19790	ykgF	LutB/LldF family L-lactate oxidation iron-sulfur protein	0.0004998375	ykgF — LutB/LldF family L-lactate oxidation iron-sulfur protein	search FASTA description + reference GFF	27.11090018807269
PROT:WP_001295803.1	WP_001295803.1	EW036_RS19785	ykgG	LutC/YkgG family protein	0.0004998375	ykgG — LutC/YkgG family protein	search FASTA description + reference GFF	25.391616666856912
PROT:WP_001295806.1	WP_001295806.1	EW036_RS19745	betB	betaine-aldehyde dehydrogenase	0.0004998375	betB — betaine-aldehyde dehydrogenase	search FASTA description + reference GFF	29.994271488068826
PROT:WP_001295808.1	WP_001295808.1	EW036_RS19730	pdeL	DNA-binding transcriptional activator/c-di-GMP phosphodiesterase PdeL	0.0004998375	pdeL — DNA-binding transcriptional activator/c-di-GMP phosphodiesterase PdeL	search FASTA description + reference GFF	28.35178988193979
PROT:WP_001295811.1	WP_001295811.1	EW036_RS19635	codA	cytosine/isoguanine deaminase	0.0004998375	codA — cytosine/isoguanine deaminase	search FASTA description + reference GFF	28.86217058996173
PROT:WP_001295822.1	WP_001295822.1	EW036_RS19465	proC	pyrroline-5-carboxylate reductase	0.0004998375	proC — pyrroline-5-carboxylate reductase	search FASTA description + reference GFF	29.572044357152627
PROT:WP_001295827.1	WP_001295827.1	EW036_RS19340	tsx	nucleoside-specific channel-forming protein Tsx	0.0004998375	tsx — nucleoside-specific channel-forming protein Tsx	search FASTA description + reference GFF	30.930481241647687
PROT:WP_001295832.1	WP_001295832.1	EW036_RS19135	tesB	acyl-CoA thioesterase II	0.0004998375	tesB — acyl-CoA thioesterase II	search FASTA description + reference GFF	29.685731561406627
PROT:WP_001295833.1	WP_001295833.1	EW036_RS19080	acrA	multidrug efflux RND transporter periplasmic adaptor subunit AcrA	0.0004998375	acrA — multidrug efflux RND transporter periplasmic adaptor subunit AcrA	search FASTA description + reference GFF	32.176685946432244
PROT:WP_001295836.1	WP_001295836.1	EW036_RS18905	tesA	multifunctional acyl-CoA thioesterase I/protease I/lysophospholipase L1	0.0004998375	tesA — multifunctional acyl-CoA thioesterase I/protease I/lysophospholipase L1	search FASTA description + reference GFF	28.028843156047675
PROT:WP_001295838.1	WP_001295838.1	EW036_RS18850	gcl	glyoxylate carboligase	0.0004998375	gcl — glyoxylate carboligase	search FASTA description + reference GFF	26.510763259786447
PROT:WP_001295854.1	WP_001295854.1	EW036_RS18445	dsbG	thiol:disulfide interchange protein DsbG	0.0004998375	dsbG — thiol:disulfide interchange protein DsbG	search FASTA description + reference GFF	29.308677833282488
PROT:WP_001295855.1	WP_001295855.1	EW036_RS18430	uspG	universal stress protein UspG	0.0004998375	uspG — universal stress protein UspG	search FASTA description + reference GFF	34.075852894772744
PROT:WP_001295857.1	WP_001295857.1	EW036_RS18420	rna	ribonuclease I	0.0004998375	rna — ribonuclease I	search FASTA description + reference GFF	27.06483015863597
PROT:WP_001295861.1	WP_001295861.1	EW036_RS18350		deaminated glutathione amidase	0.0004998375	EW036_RS18350 — deaminated glutathione amidase	search FASTA description + reference GFF	26.594008894875515
PROT:WP_001295870.1	WP_001295870.1	EW036_RS18215	gltI	glutamate/aspartate ABC transporter substrate-binding protein GltI	0.0004998375	gltI — glutamate/aspartate ABC transporter substrate-binding protein GltI	search FASTA description + reference GFF	31.230986961293272
PROT:WP_001295872.1	WP_001295872.1	EW036_RS18015	seqA	replication initiation negative regulator SeqA	0.0004998375	seqA — replication initiation negative regulator SeqA	search FASTA description + reference GFF	30.51579596525377
PROT:WP_001295873.1	WP_001295873.1	EW036_RS18010	pgm	phosphoglucomutase (alpha-D-glucose-1,6-bisphosphate-dependent)	0.0004998375	pgm — phosphoglucomutase (alpha-D-glucose-1,6-bisphosphate-dependent)	search FASTA description + reference GFF	32.92501025370184
PROT:WP_001295883.1	WP_001295883.1	EW036_RS17740	pal	peptidoglycan-associated lipoprotein Pal	0.0004998375	pal — peptidoglycan-associated lipoprotein Pal	search FASTA description + reference GFF	26.96066957791444
PROT:WP_001295884.1	WP_001295884.1	EW036_RS17615	ybhA	bifunctional pyridoxal phosphate/fructose-1,6-bisphosphate phosphatase	0.0004998375	ybhA — bifunctional pyridoxal phosphate/fructose-1,6-bisphosphate phosphatase	search FASTA description + reference GFF	25.29913775237936
PROT:WP_001295888.1	WP_001295888.1	EW036_RS17540	moaA	GTP 3',8-cyclase MoaA	0.0004998375	moaA — GTP 3',8-cyclase MoaA	search FASTA description + reference GFF	22.742048287005872
PROT:WP_001295895.1	WP_001295895.1	EW036_RS17320	fsa	fructose-6-phosphate aldolase	0.0004998375	fsa — fructose-6-phosphate aldolase	search FASTA description + reference GFF	27.90616810080969
PROT:WP_001295897.1	WP_001295897.1	EW036_RS17255	gstB	glutathione S-transferase GstB	0.0004998375	gstB — glutathione S-transferase GstB	search FASTA description + reference GFF	31.07181243105441
PROT:WP_001295901.1	WP_001295901.1	EW036_RS17225	ybjI	5-amino-6-(5-phospho-D-ribitylamino)uracil phosphatase	0.0004998375	ybjI — 5-amino-6-(5-phospho-D-ribitylamino)uracil phosphatase	search FASTA description + reference GFF	25.337384577781343
PROT:WP_001295904.1	WP_001295904.1	EW036_RS17175	potF	spermidine/putrescine ABC transporter substrate-binding protein PotF	0.0004998375	potF — spermidine/putrescine ABC transporter substrate-binding protein PotF	search FASTA description + reference GFF	27.49768256295812
PROT:WP_001295905.1	WP_001295905.1	EW036_RS17145	artJ	arginine ABC transporter substrate-binding protein ArtJ	0.0004998375	artJ — arginine ABC transporter substrate-binding protein ArtJ	search FASTA description + reference GFF	26.89695033400832
PROT:WP_001295906.1	WP_001295906.1	EW036_RS17120	ybjP	lipoprotein	0.0004998375	ybjP — lipoprotein	search FASTA description + reference GFF	33.27526727107999
PROT:WP_001295917.1	WP_001295917.1	EW036_RS16670	focA	formate transporter FocA	0.0004998375	focA — formate transporter FocA	search FASTA description + reference GFF	28.98230911962892
PROT:WP_001295930.1	WP_001295930.1	EW036_RS08660	cmoM	tRNA uridine 5-oxyacetic acid(34) methyltransferase CmoM	0.0004998375	cmoM — tRNA uridine 5-oxyacetic acid(34) methyltransferase CmoM	search FASTA description + reference GFF	23.9652021094416
PROT:WP_001295931.1	WP_001295931.1	EW036_RS08670	mukE	chromosome partition protein MukE	0.0004998375	mukE — chromosome partition protein MukE	search FASTA description + reference GFF	29.079535592989632
PROT:WP_001295933.1	WP_001295933.1	EW036_RS08710	pncB	nicotinate phosphoribosyltransferase	0.0004998375	pncB — nicotinate phosphoribosyltransferase	search FASTA description + reference GFF	24.797127714130333
PROT:WP_001295934.1	WP_001295934.1	EW036_RS08750	pyrD	quinone-dependent dihydroorotate dehydrogenase	0.0004998375	pyrD — quinone-dependent dihydroorotate dehydrogenase	search FASTA description + reference GFF	30.916128105565964
PROT:WP_001295938.1	WP_001295938.1	EW036_RS08835	helD	DNA helicase IV	0.0004998375	helD — DNA helicase IV	search FASTA description + reference GFF	28.252184989520547
PROT:WP_001295939.1	WP_001295939.1	EW036_RS08840	mgsA	methylglyoxal synthase	0.0004998375	mgsA — methylglyoxal synthase	search FASTA description + reference GFF	29.701406079555763
PROT:WP_001295940.1	WP_001295940.1	EW036_RS08885	hyaA	hydrogenase 1 small subunit	0.0004998375	hyaA — hydrogenase 1 small subunit	search FASTA description + reference GFF	31.778196633611984
PROT:WP_001295941.1	WP_001295941.1	EW036_RS08930	appA	bifunctional acid phosphatase/4-phytase	0.0004998375	appA — bifunctional acid phosphatase/4-phytase	search FASTA description + reference GFF	30.064971318937644
PROT:WP_001295947.1	WP_001295947.1	EW036_RS09065	putA	trifunctional transcriptional regulator/proline dehydrogenase/L-glutamate gamma-semialdehyde dehydrogenase	0.0004998375	putA — trifunctional transcriptional regulator/proline dehydrogenase/L-glutamate gamma-semialdehyde dehydrogenase	search FASTA description + reference GFF	32.9283779198607
PROT:WP_001295957.1	WP_001295957.1	EW036_RS09220	msyB	MysB family protein	0.0004998375	msyB — MysB family protein	search FASTA description + reference GFF	30.95480957560942
PROT:WP_001295958.1	WP_001295958.1	EW036_RS09230	lpxL	kdo(2)-lipid IV(A) lauroyltransferase	0.0004998375	lpxL — kdo(2)-lipid IV(A) lauroyltransferase	search FASTA description + reference GFF	26.75983374432707
PROT:WP_001295966.1	WP_001295966.1	EW036_RS09505	ndh	NADH-quinone dehydrogenase	0.0004998375	ndh — NADH-quinone dehydrogenase	search FASTA description + reference GFF	30.285975520871023
PROT:WP_001295967.1	WP_001295967.1	EW036_RS09515	comR	TetR family copper-responsive transcriptional repressor ComR	0.003020773	comR — TetR family copper-responsive transcriptional repressor ComR	search FASTA description + reference GFF	22.54266432801989
PROT:WP_001295968.1	WP_001295968.1	EW036_RS09530	mfd	transcription-repair coupling factor	0.0004998375	mfd — transcription-repair coupling factor	search FASTA description + reference GFF	30.565188316499366
PROT:WP_001295971.1	WP_001295971.1	EW036_RS09620	hflD	high frequency lysogenization protein HflD	0.0004998375	hflD — high frequency lysogenization protein HflD	search FASTA description + reference GFF	27.543418999369184
PROT:WP_001295972.1	WP_001295972.1	EW036_RS09625	mnmA	tRNA 2-thiouridine(34) synthase MnmA	0.0004998375	mnmA — tRNA 2-thiouridine(34) synthase MnmA	search FASTA description + reference GFF	30.262281826917324
PROT:WP_001295990.1	WP_001295990.1	EW036_RS10085	minC	septum site-determining protein MinC	0.0004998375	minC — septum site-determining protein MinC	search FASTA description + reference GFF	28.51019154767436
PROT:WP_001295992.1	WP_001295992.1	EW036_RS10100		YcgL domain-containing protein	0.0004998375	EW036_RS10100 — YcgL domain-containing protein	search FASTA description + reference GFF	27.907742622997866
PROT:WP_001295994.1	WP_001295994.1	EW036_RS10170	emtA	membrane-bound lytic murein transglycosylase EmtA	0.0004998375	emtA — membrane-bound lytic murein transglycosylase EmtA	search FASTA description + reference GFF	25.253749136620705
PROT:WP_001295996.1	WP_001295996.1	EW036_RS10225	dhaM	dihydroxyacetone kinase phosphoryl donor subunit DhaM	0.0004998375	dhaM — dihydroxyacetone kinase phosphoryl donor subunit DhaM	search FASTA description + reference GFF	29.41794681208103
PROT:WP_001295997.1	WP_001295997.1	EW036_RS10230	dhaL	dihydroxyacetone kinase subunit DhaL	0.0004998375	dhaL — dihydroxyacetone kinase subunit DhaL	search FASTA description + reference GFF	29.11311674427392
PROT:WP_001296006.1	WP_001296006.1	EW036_RS10425	hemA	glutamyl-tRNA reductase	0.0004998375	hemA — glutamyl-tRNA reductase	search FASTA description + reference GFF	23.82719715992953
PROT:WP_001296037.1	WP_001296037.1	EW036_RS11305	pspF	phage shock protein operon transcriptional activator	0.0004998375	pspF — phage shock protein operon transcriptional activator	search FASTA description + reference GFF	25.01217899152128
PROT:WP_001296040.1	WP_001296040.1	EW036_RS11395	ycjX	YcjX family protein	0.0004998375	ycjX — YcjX family protein	search FASTA description + reference GFF	27.45001152446708
PROT:WP_001296041.1	WP_001296041.1	EW036_RS11405	tyrR	transcriptional regulator TyrR	0.0004998375	tyrR — transcriptional regulator TyrR	search FASTA description + reference GFF	29.597186520737488
PROT:WP_001296042.1	WP_001296042.1	EW036_RS11420	mpaA	murein tripeptide amidase MpaA	0.0004998375	mpaA — murein tripeptide amidase MpaA	search FASTA description + reference GFF	23.37320066593221
PROT:WP_001296048.1	WP_001296048.1	EW036_RS11565	hslJ	heat shock protein HslJ	0.0004998375	hslJ — heat shock protein HslJ	search FASTA description + reference GFF	27.664117301154565
PROT:WP_001296056.1	WP_001296056.1	EW036_RS11670	ydcH	YdcH family protein	0.0004998375	ydcH — YdcH family protein	search FASTA description + reference GFF	29.567663790608396
PROT:WP_001296061.1	WP_001296061.1	EW036_RS11845	narZ	nitrate reductase Z subunit alpha	0.0004998375	narZ — nitrate reductase Z subunit alpha	search FASTA description + reference GFF	30.590018612471507
PROT:WP_001296072.1	WP_001296072.1	EW036_RS11955	ydeN	sulfatase-like hydrolase/transferase	0.0004998375	ydeN — sulfatase-like hydrolase/transferase	search FASTA description + reference GFF	31.26015139669496
PROT:WP_001296080.1	WP_001296080.1	EW036_RS12120	dcp	peptidyl-dipeptidase Dcp	0.0004998375	dcp — peptidyl-dipeptidase Dcp	search FASTA description + reference GFF	29.74482166040024
PROT:WP_001296081.1	WP_001296081.1	EW036_RS12125	ydfG	bifunctional NADP-dependent 3-hydroxy acid dehydrogenase/3-hydroxypropionate dehydrogenase YdfG	0.0004998375	ydfG — bifunctional NADP-dependent 3-hydroxy acid dehydrogenase/3-hydroxypropionate dehydrogenase YdfG	search FASTA description + reference GFF	31.199981427130872
PROT:WP_001296085.1	WP_001296085.1	EW036_RS12180	ynfD	DUF1161 domain-containing protein	0.0004998375	ynfD — DUF1161 domain-containing protein	search FASTA description + reference GFF	28.323945021187537
PROT:WP_001296090.1	WP_001296090.1	EW036_RS12280	pntA	Re/Si-specific NAD(P)(+) transhydrogenase subunit alpha	0.0004998375	pntA — Re/Si-specific NAD(P)(+) transhydrogenase subunit alpha	search FASTA description + reference GFF	29.498919531922457
PROT:WP_001296091.1	WP_001296091.1	EW036_RS12305	rstA	two-component system response regulator RstA	0.0004998375	rstA — two-component system response regulator RstA	search FASTA description + reference GFF	25.142995656382325
PROT:WP_001296097.1	WP_001296097.1	EW036_RS12450	pdxY	pyridoxal kinase PdxY	0.0004998375	pdxY — pyridoxal kinase PdxY	search FASTA description + reference GFF	25.451549387660062
PROT:WP_001296098.1	WP_001296098.1	EW036_RS12490	ydhJ	efflux RND transporter periplasmic adaptor subunit	0.0004998375	ydhJ — efflux RND transporter periplasmic adaptor subunit	search FASTA description + reference GFF	25.74389752585232
PROT:WP_001296099.1	WP_001296099.1	EW036_RS12500	sodC	superoxide dismutase [Cu-Zn] SodC	0.0004998375	sodC — superoxide dismutase [Cu-Zn] SodC	search FASTA description + reference GFF	31.22582066061016
PROT:WP_001296117.1	WP_001296117.1	EW036_RS13040	ynjE	thiosulfate sulfurtransferase YnjE	0.0004998375	ynjE — thiosulfate sulfurtransferase YnjE	search FASTA description + reference GFF	31.9634628745707
PROT:WP_001296119.1	WP_001296119.1	EW036_RS13070	selD	selenide, water dikinase SelD	0.0004998375	selD — selenide, water dikinase SelD	search FASTA description + reference GFF	31.00256115256359
PROT:WP_001296123.1	WP_001296123.1	EW036_RS13115	ydjH	sugar kinase	0.006561067	ydjH — sugar kinase	search FASTA description + reference GFF	25.31648729284176
PROT:WP_001296124.1	WP_001296124.1	EW036_RS13155	yeaD	D-hexose-6-phosphate mutarotase	0.0004998375	yeaD — D-hexose-6-phosphate mutarotase	search FASTA description + reference GFF	32.022365876446585
PROT:WP_001296127.1	WP_001296127.1	EW036_RS13185	dgcJ	diguanylate cyclase DgcJ	0.0004998375	dgcJ — diguanylate cyclase DgcJ	search FASTA description + reference GFF	22.6052993030244
PROT:WP_001296129.1	WP_001296129.1	EW036_RS13215	yeaO	DUF488 domain-containing protein	0.0004998375	yeaO — DUF488 domain-containing protein	search FASTA description + reference GFF	29.950074234287257
PROT:WP_001296131.1	WP_001296131.1	EW036_RS13270	rnd	ribonuclease D	0.0004998375	rnd — ribonuclease D	search FASTA description + reference GFF	25.420964091491847
PROT:WP_001296139.1	WP_001296139.1	EW036_RS13430	rsmF	16S rRNA (cytosine(1407)-C(5))-methyltransferase RsmF	0.0004998375	rsmF — 16S rRNA (cytosine(1407)-C(5))-methyltransferase RsmF	search FASTA description + reference GFF	26.90962576403961
PROT:WP_001296141.1	WP_001296141.1	EW036_RS13530	lpxM	lauroyl-Kdo(2)-lipid IV(A) myristoyltransferase	0.0004998375	lpxM — lauroyl-Kdo(2)-lipid IV(A) myristoyltransferase	search FASTA description + reference GFF	28.24370100743736
PROT:WP_001296146.1	WP_001296146.1	EW036_RS13690	tar	methyl-accepting chemotaxis protein II	0.0004998375	tar — methyl-accepting chemotaxis protein II	search FASTA description + reference GFF	26.50584274157509
PROT:WP_001296148.1	WP_001296148.1	EW036_RS13730	otsA	alpha,alpha-trehalose-phosphate synthase	0.0004998375	otsA — alpha,alpha-trehalose-phosphate synthase	search FASTA description + reference GFF	30.69614748106065
PROT:WP_001296149.1	WP_001296149.1	EW036_RS13735	otsB	trehalose-phosphatase	0.0004998375	otsB — trehalose-phosphatase	search FASTA description + reference GFF	28.78011780753075
PROT:WP_001296152.1	WP_001296152.1	EW036_RS13795		hypothetical protein	0.0004998375	EW036_RS13795 — hypothetical protein	search FASTA description + reference GFF	29.84658600290337
PROT:WP_001296168.1	WP_001296168.1	EW036_RS14150	tcyJ	cystine ABC transporter substrate-binding protein	0.0004998375	tcyJ — cystine ABC transporter substrate-binding protein	search FASTA description + reference GFF	32.47521984258783
PROT:WP_001296171.1	WP_001296171.1	EW036_RS14190	yedD	lipoprotein YedD	0.0004998375	yedD — lipoprotein YedD	search FASTA description + reference GFF	29.830318770198065
PROT:WP_001296206.1	WP_001296206.1	EW036_RS15080		hypothetical protein	0.003169996	EW036_RS15080 — hypothetical protein	search FASTA description + reference GFF	23.66382183601423
PROT:WP_001296211.1	WP_001296211.1	EW036_RS15335	hisD	histidinol dehydrogenase	0.0004998375	hisD — histidinol dehydrogenase	search FASTA description + reference GFF	26.81975895222276
PROT:WP_001296212.1	WP_001296212.1	EW036_RS15370	wzzB	LPS O-antigen chain length determinant protein WzzB	0.0004998375	wzzB — LPS O-antigen chain length determinant protein WzzB	search FASTA description + reference GFF	29.668213546087834
PROT:WP_001296213.1	WP_001296213.1	EW036_RS15395		LPS biosynthesis protein	0.0004998375	EW036_RS15395 — LPS biosynthesis protein	search FASTA description + reference GFF	26.165613734876576
PROT:WP_001296214.1	WP_001296214.1	EW036_RS15405		glycosyltransferase family 4 protein	0.0004998375	EW036_RS15405 — glycosyltransferase family 4 protein	search FASTA description + reference GFF	26.806854565207697
PROT:WP_001296215.1	WP_001296215.1	EW036_RS15415	wzx	O25 family O-antigen flippase	0.0008325271	wzx — O25 family O-antigen flippase	search FASTA description + reference GFF	25.12098825227125
PROT:WP_001296218.1	WP_001296218.1	EW036_RS15545	yegH	TerC family protein	0.0004998375	yegH — TerC family protein	search FASTA description + reference GFF	26.7629177985684
PROT:WP_001296226.1	WP_001296226.1	EW036_RS15785	metG	methionine--tRNA ligase	0.0004998375	metG — methionine--tRNA ligase	search FASTA description + reference GFF	32.041658111321155
PROT:WP_001296238.1	WP_001296238.1	EW036_RS16085	yeiQ	mannitol dehydrogenase family protein	0.0004998375	yeiQ — mannitol dehydrogenase family protein	search FASTA description + reference GFF	27.674755729301843
PROT:WP_001296239.1	WP_001296239.1	EW036_RS16095	lpxT	Kdo(2)-lipid A phosphotransferase	0.0008391797	lpxT — Kdo(2)-lipid A phosphotransferase	search FASTA description + reference GFF	23.25760607232208
PROT:WP_001296255.1	WP_001296255.1	EW036_RS08155	menD	2-succinyl-5-enolpyruvyl-6-hydroxy-3-cyclohexene-1-carboxylic-acid synthase	0.0004998375	menD — 2-succinyl-5-enolpyruvyl-6-hydroxy-3-cyclohexene-1-carboxylic-acid synthase	search FASTA description + reference GFF	28.340469487292943
PROT:WP_001296257.1	WP_001296257.1	EW036_RS08080	nuoG	NADH-quinone oxidoreductase subunit NuoG	0.0004998375	nuoG — NADH-quinone oxidoreductase subunit NuoG	search FASTA description + reference GFF	33.48187781672089
PROT:WP_001296258.1	WP_001296258.1	EW036_RS07855	aroC	chorismate synthase	0.0004998375	aroC — chorismate synthase	search FASTA description + reference GFF	28.425479628471475
PROT:WP_001296259.1	WP_001296259.1	EW036_RS07850	prmB	50S ribosomal protein L3 N(5)-glutamine methyltransferase	0.0004998375	prmB — 50S ribosomal protein L3 N(5)-glutamine methyltransferase	search FASTA description + reference GFF	30.46347095157228
PROT:WP_001296261.1	WP_001296261.1	EW036_RS07790	yfcZ	YfcZ/YiiS family protein	0.0004998375	yfcZ — YfcZ/YiiS family protein	search FASTA description + reference GFF	28.37012329656845
PROT:WP_001296262.1	WP_001296262.1	EW036_RS07785	fadL	long-chain fatty acid transporter FadL	0.0004998375	fadL — long-chain fatty acid transporter FadL	search FASTA description + reference GFF	28.98051098248653
PROT:WP_001296275.1	WP_001296275.1	EW036_RS07615	ypdB	two-component system response regulator YpdB	0.0004998375	ypdB — two-component system response regulator YpdB	search FASTA description + reference GFF	27.37469942619621
PROT:WP_001296279.1	WP_001296279.1	EW036_RS07460	zipA	cell division protein ZipA	0.0004998375	zipA — cell division protein ZipA	search FASTA description + reference GFF	30.43742798418156
PROT:WP_001296286.1	WP_001296286.1	EW036_RS07180	bamC	outer membrane protein assembly factor BamC	0.0004998375	bamC — outer membrane protein assembly factor BamC	search FASTA description + reference GFF	32.63450844292206
PROT:WP_001296287.1	WP_001296287.1	EW036_RS07130	purM	phosphoribosylformylglycinamidine cyclo-ligase	0.0004998375	purM — phosphoribosylformylglycinamidine cyclo-ligase	search FASTA description + reference GFF	31.880666435486926
PROT:WP_001296288.1	WP_001296288.1	EW036_RS07120	ppk1	polyphosphate kinase 1	0.0004998375	ppk1 — polyphosphate kinase 1	search FASTA description + reference GFF	30.445596581580663
PROT:WP_001296289.1	WP_001296289.1	EW036_RS07085	guaB	IMP dehydrogenase	0.0004998375	guaB — IMP dehydrogenase	search FASTA description + reference GFF	33.856313736848435
PROT:WP_001296291.1	WP_001296291.1	EW036_RS07055	der	ribosome biogenesis GTPase Der	0.0004998375	der — ribosome biogenesis GTPase Der	search FASTA description + reference GFF	30.97823860661848
PROT:WP_001296292.1	WP_001296292.1	EW036_RS07000	sseB	enhanced serine sensitivity protein SseB	0.0004998375	sseB — enhanced serine sensitivity protein SseB	search FASTA description + reference GFF	27.227876740043147
PROT:WP_001296298.1	WP_001296298.1	EW036_RS06870	glrR	two-component system response regulator GlrR	0.001452538	glrR — two-component system response regulator GlrR	search FASTA description + reference GFF	23.91044971011392
PROT:WP_001296301.1	WP_001296301.1	EW036_RS06835	yfhH	MurR/RpiR family transcriptional regulator	0.0004998375	yfhH — MurR/RpiR family transcriptional regulator	search FASTA description + reference GFF	26.685939432306903
PROT:WP_001296302.1	WP_001296302.1	EW036_RS06815	pdxJ	pyridoxine 5'-phosphate synthase	0.0004998375	pdxJ — pyridoxine 5'-phosphate synthase	search FASTA description + reference GFF	30.46700954904051
PROT:WP_001296310.1	WP_001296310.1	EW036_RS06570	grpE	nucleotide exchange factor GrpE	0.0004998375	grpE — nucleotide exchange factor GrpE	search FASTA description + reference GFF	33.365848676155075
PROT:WP_001296319.1	WP_001296319.1	EW036_RS06110	ygbI	DNA-binding transcriptional repressor YgbI	0.0004998375	ygbI — DNA-binding transcriptional repressor YgbI	search FASTA description + reference GFF	23.18093406867595
PROT:WP_001296330.1	WP_001296330.1	EW036_RS05800	xni	flap endonuclease Xni	0.0004998375	xni — flap endonuclease Xni	search FASTA description + reference GFF	26.884136723962648
PROT:WP_001296332.1	WP_001296332.1	EW036_RS05740	csdA	cysteine desulfurase CsdA	0.0004998375	csdA — cysteine desulfurase CsdA	search FASTA description + reference GFF	26.194871834584184
PROT:WP_001296343.1	WP_001296343.1	EW036_RS05510	recB	exodeoxyribonuclease V subunit beta	0.0004998375	recB — exodeoxyribonuclease V subunit beta	search FASTA description + reference GFF	24.472646619992
PROT:WP_001296350.1	WP_001296350.1	EW036_RS05185	bglA	6-phospho-beta-glucosidase BglA	0.0004998375	bglA — 6-phospho-beta-glucosidase BglA	search FASTA description + reference GFF	30.624635122910863
PROT:WP_001296354.1	WP_001296354.1	EW036_RS04985	loiP	metalloprotease LoiP	0.0004998375	loiP — metalloprotease LoiP	search FASTA description + reference GFF	25.821179328361687
PROT:WP_001296373.1	WP_001296373.1	EW036_RS04715		DUF417 family protein	0.00081253133	EW036_RS04715 — DUF417 family protein	search FASTA description + reference GFF	22.95608925872149
PROT:WP_001296394.1	WP_001296394.1	EW036_RS04320		KpsF/GutQ family sugar-phosphate isomerase	0.0004998375	EW036_RS04320 — KpsF/GutQ family sugar-phosphate isomerase	search FASTA description + reference GFF	24.15519046408691
PROT:WP_001296395.1	WP_001296395.1	EW036_RS04310		polysaccharide biosynthesis/export family protein	0.0004998375	EW036_RS04310 — polysaccharide biosynthesis/export family protein	search FASTA description + reference GFF	31.665683886697
PROT:WP_001296404.1	WP_001296404.1	EW036_RS04180	glcG	heme-binding protein	0.0004998375	glcG — heme-binding protein	search FASTA description + reference GFF	29.833170547819343
PROT:WP_001296411.1	WP_001296411.1	EW036_RS04085	gss	bifunctional glutathionylspermidine amidase/synthase	0.0004998375	gss — bifunctional glutathionylspermidine amidase/synthase	search FASTA description + reference GFF	29.99629589624456
PROT:WP_001296412.1	WP_001296412.1	EW036_RS04080	yghU	glutathione-dependent disulfide-bond oxidoreductase	0.0004998375	yghU — glutathione-dependent disulfide-bond oxidoreductase	search FASTA description + reference GFF	29.76781939615773
PROT:WP_001296414.1	WP_001296414.1	EW036_RS04030	yghX	YghX family hydrolase	0.0004998375	yghX — YghX family hydrolase	search FASTA description + reference GFF	28.731872619486214
PROT:WP_001296417.1	WP_001296417.1	EW036_RS03910	ygiS	ABC transporter substrate-binding protein	0.0004998375	ygiS — ABC transporter substrate-binding protein	search FASTA description + reference GFF	24.432910426946652
PROT:WP_001296423.1	WP_001296423.1	EW036_RS03745	ubiK	ubiquinone biosynthesis accessory factor UbiK	0.0004998375	ubiK — ubiquinone biosynthesis accessory factor UbiK	search FASTA description + reference GFF	30.593211475053774
PROT:WP_001296426.1	WP_001296426.1	EW036_RS03715	glnE	bifunctional [glutamate--ammonia ligase]-adenylyl-L-tyrosine phosphorylase/[glutamate--ammonia-ligase] adenylyltransferase	0.0004998375	glnE — bifunctional [glutamate--ammonia ligase]-adenylyl-L-tyrosine phosphorylase/[glutamate--ammonia-ligase] adenylyltransferase	search FASTA description + reference GFF	29.071522177051538
PROT:WP_001296435.1	WP_001296435.1	EW036_RS03350	prlF	type II toxin-antitoxin system antitoxin PrlF	0.0004998375	prlF — type II toxin-antitoxin system antitoxin PrlF	search FASTA description + reference GFF	27.502060023642706
PROT:WP_001296438.1	WP_001296438.1	EW036_RS03245	yraR	NAD(P)H-binding protein	0.0004998375	yraR — NAD(P)H-binding protein	search FASTA description + reference GFF	29.30435537089181
PROT:WP_001296439.1	WP_001296439.1	EW036_RS03240	yhbO	protein/nucleic acid deglycase	0.0004998375	yhbO — protein/nucleic acid deglycase	search FASTA description + reference GFF	31.088083772084595
PROT:WP_001296441.1	WP_001296441.1	EW036_RS03215	ubiU	ubiquinone anaerobic biosynthesis protein UbiU	0.0004998375	ubiU — ubiquinone anaerobic biosynthesis protein UbiU	search FASTA description + reference GFF	25.08920858291156
PROT:WP_001296445.1	WP_001296445.1	EW036_RS03180	pnp	polyribonucleotide nucleotidyltransferase	0.0004998375	pnp — polyribonucleotide nucleotidyltransferase	search FASTA description + reference GFF	34.34550973235954
PROT:WP_001296448.1	WP_001296448.1	EW036_RS03035	mlaD	outer membrane lipid asymmetry maintenance protein MlaD	0.0004998375	mlaD — outer membrane lipid asymmetry maintenance protein MlaD	search FASTA description + reference GFF	29.0633001392719
PROT:WP_001296452.1	WP_001296452.1	EW036_RS02870	degQ	serine endoprotease DegQ	0.0004998375	degQ — serine endoprotease DegQ	search FASTA description + reference GFF	31.60510224375725
PROT:WP_001296455.1	WP_001296455.1	EW036_RS02740		substrate-binding domain-containing protein	0.0018324422	EW036_RS02740 — substrate-binding domain-containing protein	search FASTA description + reference GFF	23.37691466289683
PROT:WP_001296460.1	WP_001296460.1	EW036_RS02595	tsaC	L-threonylcarbamoyladenylate synthase type 1 TsaC	0.0004998375	tsaC — L-threonylcarbamoyladenylate synthase type 1 TsaC	search FASTA description + reference GFF	29.154245165668133
PROT:WP_001296461.1	WP_001296461.1	EW036_RS02590	yrdD	DNA topoisomerase family protein	0.00071137934	yrdD — DNA topoisomerase family protein	search FASTA description + reference GFF	25.094601476477848
PROT:WP_001296470.1	WP_001296470.1	EW036_RS02210	yhfK	YccS/YhfK family putative transporter	0.0004998375	yhfK — YccS/YhfK family putative transporter	search FASTA description + reference GFF	23.876944267336885
PROT:WP_001296475.1	WP_001296475.1	EW036_RS02045	mrcA	peptidoglycan glycosyltransferase/peptidoglycan DD-transpeptidase MrcA	0.0004998375	mrcA — peptidoglycan glycosyltransferase/peptidoglycan DD-transpeptidase MrcA	search FASTA description + reference GFF	28.331022363562823
PROT:WP_001296480.1	WP_001296480.1	EW036_RS01910		DeoR/GlpR family transcriptional regulator	0.0004998375	EW036_RS01910 — DeoR/GlpR family transcriptional regulator	search FASTA description + reference GFF	28.558854667326283
PROT:WP_001296483.1	WP_001296483.1	EW036_RS01805	yhhY	N-acetyltransferase	0.0006643034	yhhY — N-acetyltransferase	search FASTA description + reference GFF	26.2834516961628
PROT:WP_001296496.1	WP_001296496.1	EW036_RS01520	prlC	oligopeptidase A	0.0004998375	prlC — oligopeptidase A	search FASTA description + reference GFF	33.369546470904055
PROT:WP_001296497.1	WP_001296497.1	EW036_RS01515	rlmJ	23S rRNA (adenine(2030)-N(6))-methyltransferase	0.0004998375	rlmJ — 23S rRNA (adenine(2030)-N(6))-methyltransferase	search FASTA description + reference GFF	29.703691759858067
PROT:WP_001296505.1	WP_001296505.1	EW036_RS01350	yhjG	AsmA family protein	0.0004998375	yhjG — AsmA family protein	search FASTA description + reference GFF	31.284643866047105
PROT:WP_001296507.1	WP_001296507.1	EW036_RS01340	kdgK	2-dehydro-3-deoxygluconokinase	0.0004998375	kdgK — 2-dehydro-3-deoxygluconokinase	search FASTA description + reference GFF	24.65771187743244
PROT:WP_001296510.1	WP_001296510.1	EW036_RS01310	bcsB	cellulose biosynthesis cyclic di-GMP-binding regulatory protein BcsB	0.0004998375	bcsB — cellulose biosynthesis cyclic di-GMP-binding regulatory protein BcsB	search FASTA description + reference GFF	30.846501351860983
PROT:WP_001296518.1	WP_001296518.1	EW036_RS01110	xylF	D-xylose ABC transporter substrate-binding protein	0.0004998375	xylF — D-xylose ABC transporter substrate-binding protein	search FASTA description + reference GFF	25.97309035155496
PROT:WP_001296522.1	WP_001296522.1	EW036_RS01000	aldB	aldehyde dehydrogenase AldB	0.0004998375	aldB — aldehyde dehydrogenase AldB	search FASTA description + reference GFF	33.10808816770389
PROT:WP_001296527.1	WP_001296527.1	EW036_RS00880	gpmM	2,3-bisphosphoglycerate-independent phosphoglycerate mutase	0.0004998375	gpmM — 2,3-bisphosphoglycerate-independent phosphoglycerate mutase	search FASTA description + reference GFF	32.485242230228366
PROT:WP_001296529.1	WP_001296529.1	EW036_RS00795	rfaP	lipopolysaccharide core heptose(I) kinase RfaP	0.0004998375	rfaP — lipopolysaccharide core heptose(I) kinase RfaP	search FASTA description + reference GFF	26.65839787365096
PROT:WP_001296535.1	WP_001296535.1	EW036_RS00675	yicH	AsmA family protein	0.0004998375	yicH — AsmA family protein	search FASTA description + reference GFF	28.964716598048504
PROT:WP_001296549.1	WP_001296549.1	EW036_RS00415	daaF	F1845 fimbrial adhesin operon transcriptional regulator DaaF	0.0004998375	daaF — F1845 fimbrial adhesin operon transcriptional regulator DaaF	search FASTA description + reference GFF	28.35825879352919
PROT:WP_001296573.1	WP_001296573.1	EW036_RS00075	yidQ	YceK/YidQ family lipoprotein	0.0004998375	yidQ — YceK/YidQ family lipoprotein	search FASTA description + reference GFF	25.286070324813856
PROT:WP_001296576.1	WP_001296576.1	EW036_RS00025	yidB	YidB family protein	0.0004998375	yidB — YidB family protein	search FASTA description + reference GFF	29.85808631701104
PROT:WP_001296579.1	WP_001296579.1	EW036_RS25690	tnaA	tryptophanase	0.0004998375	tnaA — tryptophanase	search FASTA description + reference GFF	35.11636796432428
PROT:WP_001296585.1	WP_001296585.1	EW036_RS25495	ravA	ATPase RavA	0.0004998375	ravA — ATPase RavA	search FASTA description + reference GFF	27.88644408410029
PROT:WP_001296589.1	WP_001296589.1	EW036_RS25360	ilvC	ketol-acid reductoisomerase	0.0004998375	ilvC — ketol-acid reductoisomerase	search FASTA description + reference GFF	33.22722412867584
PROT:WP_001296590.1	WP_001296590.1	EW036_RS25345	gppA	guanosine-5'-triphosphate,3'-diphosphate diphosphatase	0.0004998375	gppA — guanosine-5'-triphosphate,3'-diphosphate diphosphatase	search FASTA description + reference GFF	26.770652479671373
PROT:WP_001296591.1	WP_001296591.1	EW036_RS25315	wzzE	ECA polysaccharide chain length modulation protein	0.0004998375	wzzE — ECA polysaccharide chain length modulation protein	search FASTA description + reference GFF	27.54155290328813
PROT:WP_001296602.1	WP_001296602.1	EW036_RS25010	ysgA	dienelactone hydrolase family protein	0.0004998375	ysgA — dienelactone hydrolase family protein	search FASTA description + reference GFF	30.36181059160517
PROT:WP_001296603.1	WP_001296603.1	EW036_RS24960	ubiJ	ubiquinone biosynthesis protein UbiJ	0.0004998375	ubiJ — ubiquinone biosynthesis protein UbiJ	search FASTA description + reference GFF	26.455814681159897
PROT:WP_001296604.1	WP_001296604.1	EW036_RS24935	tatD	3'-5' ssDNA/RNA exonuclease TatD	0.0004998375	tatD — 3'-5' ssDNA/RNA exonuclease TatD	search FASTA description + reference GFF	25.03392630437061
PROT:WP_001296610.1	WP_001296610.1	EW036_RS24740	yihX	glucose-1-phosphatase	0.0004998375	yihX — glucose-1-phosphatase	search FASTA description + reference GFF	28.69898988573552
PROT:WP_001296619.1	WP_001296619.1	EW036_RS24595	sodA	superoxide dismutase [Mn]	0.0004998375	sodA — superoxide dismutase [Mn]	search FASTA description + reference GFF	31.04621963993821
PROT:WP_001296622.1	WP_001296622.1	EW036_RS24550	cdh	CDP-diacylglycerol diphosphatase	0.0004998375	cdh — CDP-diacylglycerol diphosphatase	search FASTA description + reference GFF	26.20756394824868
PROT:WP_001296623.1	WP_001296623.1	EW036_RS24500	zapB	septal ring assembly protein ZapB	0.0004998375	zapB — septal ring assembly protein ZapB	search FASTA description + reference GFF	31.842006739404887
PROT:WP_001296626.1	WP_001296626.1	EW036_RS24420	katG	catalase/peroxidase HPI	0.0004998375	katG — catalase/peroxidase HPI	search FASTA description + reference GFF	35.31018267115349
PROT:WP_001296627.1	WP_001296627.1	EW036_RS24350	argE	acetylornithine deacetylase	0.0004998375	argE — acetylornithine deacetylase	search FASTA description + reference GFF	27.640853516922427
PROT:WP_001296628.1	WP_001296628.1	EW036_RS24340	argB	acetylglutamate kinase	0.0004998375	argB — acetylglutamate kinase	search FASTA description + reference GFF	24.912349089891688
PROT:WP_001296629.1	WP_001296629.1	EW036_RS24295	btuB	TonB-dependent vitamin B12 receptor BtuB	0.0004998375	btuB — TonB-dependent vitamin B12 receptor BtuB	search FASTA description + reference GFF	28.949190022929056
PROT:WP_001296633.1	WP_001296633.1	EW036_RS23915	malF	maltose ABC transporter permease MalF	0.0004998375	malF — maltose ABC transporter permease MalF	search FASTA description + reference GFF	25.96111094068966
PROT:WP_001296635.1	WP_001296635.1	EW036_RS23895	malM	maltose operon protein MalM	0.0004998375	malM — maltose operon protein MalM	search FASTA description + reference GFF	30.87821246790563
PROT:WP_001296638.1	WP_001296638.1	EW036_RS23860	yjbJ	CsbD family protein	0.0004998375	yjbJ — CsbD family protein	search FASTA description + reference GFF	34.79600589021951
PROT:WP_001296639.1	WP_001296639.1	EW036_RS23810	dnaB	replicative DNA helicase	0.0004998375	dnaB — replicative DNA helicase	search FASTA description + reference GFF	27.99579413399437
PROT:WP_001296644.1	WP_001296644.1	EW036_RS23710	pdeC	c-di-GMP phosphodiesterase PdeC	0.0010795887	pdeC — c-di-GMP phosphodiesterase PdeC	search FASTA description + reference GFF	19.7655063084737
PROT:WP_001296659.1	WP_001296659.1	EW036_RS23420	proP	glycine betaine/L-proline transporter ProP	0.0004998375	proP — glycine betaine/L-proline transporter ProP	search FASTA description + reference GFF	26.97300262984653
PROT:WP_001296660.1	WP_001296660.1	EW036_RS23400	eptA	phosphoethanolamine transferase EptA	0.0004998375	eptA — phosphoethanolamine transferase EptA	search FASTA description + reference GFF	25.21786349131338
PROT:WP_001296667.1	WP_001296667.1	EW036_RS23275	cadA	lysine decarboxylase CadA	0.0004998375	cadA — lysine decarboxylase CadA	search FASTA description + reference GFF	33.078329089641834
PROT:WP_001296674.1	WP_001296674.1	EW036_RS23080	nnr	bifunctional ADP-dependent NAD(P)H-hydrate dehydratase/NAD(P)H-hydrate epimerase	0.0004998375	nnr — bifunctional ADP-dependent NAD(P)H-hydrate dehydratase/NAD(P)H-hydrate epimerase	search FASTA description + reference GFF	29.66663611416937
PROT:WP_001296676.1	WP_001296676.1	EW036_RS23065	mutL	DNA mismatch repair endonuclease MutL	0.0004998375	mutL — DNA mismatch repair endonuclease MutL	search FASTA description + reference GFF	28.59172144174806
PROT:WP_001296678.1	WP_001296678.1	EW036_RS22980	aidB	isovaleryl-CoA dehydrogenase	0.0004998375	aidB — isovaleryl-CoA dehydrogenase	search FASTA description + reference GFF	31.822548901402357
PROT:WP_001296685.1	WP_001296685.1	EW036_RS22845		TetR/AcrR family transcriptional regulator	0.0004998375	EW036_RS22845 — TetR/AcrR family transcriptional regulator	search FASTA description + reference GFF	24.19339533955019
PROT:WP_001296694.1	WP_001296694.1	EW036_RS22625	tabA	toxin-antitoxin biofilm protein TabA	0.0004998375	tabA — toxin-antitoxin biofilm protein TabA	search FASTA description + reference GFF	28.333105556181387
PROT:WP_001296697.1	WP_001296697.1	EW036_RS22575	lptG	LPS export ABC transporter permease LptG	0.0004998375	lptG — LPS export ABC transporter permease LptG	search FASTA description + reference GFF	25.029740959493527
PROT:WP_001296698.1	WP_001296698.1	EW036_RS22570	yjgR	helicase HerA-like C-terminal domain-containing protein	0.0004998375	yjgR — helicase HerA-like C-terminal domain-containing protein	search FASTA description + reference GFF	31.245369636904936
PROT:WP_001296699.1	WP_001296699.1	EW036_RS22565	ahr	NADPH-dependent aldehyde reductase Ahr	0.0004998375	ahr — NADPH-dependent aldehyde reductase Ahr	search FASTA description + reference GFF	30.624041573841534
PROT:WP_001296714.1	WP_001296714.1	EW036_RS24115	zraP	zinc resistance sensor/chaperone ZraP	0.0004998375	zraP — zinc resistance sensor/chaperone ZraP	search FASTA description + reference GFF	26.24974746073912
PROT:WP_001297068.1	WP_001297068.1	EW036_RS24725	fabY	fatty acid biosynthesis protein FabY	0.0004998375	fabY — fatty acid biosynthesis protein FabY	search FASTA description + reference GFF	28.354728040835614
PROT:WP_001297164.1	WP_001297164.1	EW036_RS03610	ygjG	putrescine aminotransferase	0.0004998375	ygjG — putrescine aminotransferase	search FASTA description + reference GFF	23.134700160366783
PROT:WP_001297514.1	WP_001297514.1	EW036_RS02245	kefG	glutathione-regulated potassium-efflux system ancillary protein KefG	0.0004998375	kefG — glutathione-regulated potassium-efflux system ancillary protein KefG	search FASTA description + reference GFF	24.999212228905005
PROT:WP_001298109.1	WP_001298109.1	EW036_RS10410	prs	ribose-phosphate diphosphokinase	0.0004998375	prs — ribose-phosphate diphosphokinase	search FASTA description + reference GFF	34.51479245782257
PROT:WP_001298452.1	WP_001298452.1	EW036_RS13425	yebT	lipid-binding membrane homeostasis protein YebT	0.0004998375	yebT — lipid-binding membrane homeostasis protein YebT	search FASTA description + reference GFF	27.215152149877696
PROT:WP_001298464.1	WP_001298464.1	EW036_RS09795	iss	increased serum survival lipoprotein Iss	0.0004998375	iss — increased serum survival lipoprotein Iss	search FASTA description + reference GFF	28.28299030949794
PROT:WP_001298717.1	WP_001298717.1	EW036_RS01430	hdeB	acid-activated periplasmic chaperone HdeB	0.0004998375	hdeB — acid-activated periplasmic chaperone HdeB	search FASTA description + reference GFF	34.054782452617786
PROT:WP_001300397.1	WP_001300397.1	EW036_RS03150	rimP	ribosome maturation factor RimP	0.0004998375	rimP — ribosome maturation factor RimP	search FASTA description + reference GFF	27.992001647806504
PROT:WP_001300662.1	WP_001300662.1	EW036_RS09205	mdoG	glucans biosynthesis protein MdoG	0.0004998375	mdoG — glucans biosynthesis protein MdoG	search FASTA description + reference GFF	31.819356619015203
PROT:WP_001300891.1	WP_001300891.1	EW036_RS23435	yjdM	zinc ribbon domain-containing protein YjdM	0.0004998375	yjdM — zinc ribbon domain-containing protein YjdM	search FASTA description + reference GFF	27.21636761124566
PROT:WP_001304419.1	WP_001304419.1	EW036_RS11145	topA	type I DNA topoisomerase	0.0004998375	topA — type I DNA topoisomerase	search FASTA description + reference GFF	31.503449453019645
PROT:WP_001304473.1	WP_001304473.1	EW036_RS09210	mdoH	glucans biosynthesis glucosyltransferase MdoH	0.0004998375	mdoH — glucans biosynthesis glucosyltransferase MdoH	search FASTA description + reference GFF	27.768015087943635
PROT:WP_001304950.1	WP_001304950.1	EW036_RS01405	mdtE	multidrug transporter subunit MdtE	0.0004998375	mdtE — multidrug transporter subunit MdtE	search FASTA description + reference GFF	33.02357245223705
PROT:WP_001305933.1	WP_001305933.1	EW036_RS17105	ybjS	NAD-dependent epimerase/dehydratase family protein	0.0004998375	ybjS — NAD-dependent epimerase/dehydratase family protein	search FASTA description + reference GFF	24.276343676875385
PROT:WP_001307333.1	WP_001307333.1	EW036_RS07145	hda	DnaA inactivator Hda	0.0004998375	hda — DnaA inactivator Hda	search FASTA description + reference GFF	28.113809235600524
PROT:WP_001308243.1	WP_001308243.1	EW036_RS21725	yjjA	DUF2501 domain-containing protein YjjA	0.0004998375	yjjA — DUF2501 domain-containing protein YjjA	search FASTA description + reference GFF	27.026526495629103
PROT:WP_001308392.1	WP_001308392.1	EW036_RS20325	ivy	Ivy family C-type lysozyme inhibitor	0.0004998375	ivy — Ivy family C-type lysozyme inhibitor	search FASTA description + reference GFF	31.981942913983687
PROT:WP_001309117.1	WP_001309117.1	EW036_RS24310	fabR	HTH-type transcriptional repressor FabR	0.0004998375	fabR — HTH-type transcriptional repressor FabR	search FASTA description + reference GFF	27.23746692093656
PROT:WP_001311896.1	WP_001311896.1	EW036_RS14745	mtfA	DgsA anti-repressor MtfA	0.0004998375	mtfA — DgsA anti-repressor MtfA	search FASTA description + reference GFF	26.1663695674107
PROT:WP_001312028.1	WP_001312028.1	EW036_RS06705	pssA	CDP-diacylglycerol--serine O-phosphatidyltransferase	0.0004998375	pssA — CDP-diacylglycerol--serine O-phosphatidyltransferase	search FASTA description + reference GFF	29.204029582072224
PROT:WP_001312172.1	WP_001312172.1	EW036_RS01315	bcsZ	cellulose synthase complex periplasmic endoglucanase BcsZ	0.0004998375	bcsZ — cellulose synthase complex periplasmic endoglucanase BcsZ	search FASTA description + reference GFF	27.163475305568927
PROT:WP_001312258.1	WP_001312258.1	EW036_RS24290	murI	glutamate racemase	0.0004998375	murI — glutamate racemase	search FASTA description + reference GFF	28.28732150852167
PROT:WP_001313395.1	WP_001313395.1	EW036_RS00590		glycoside hydrolase family 31 protein	0.0004998375	EW036_RS00590 — glycoside hydrolase family 31 protein	search FASTA description + reference GFF	23.6050888594526
PROT:WP_001314161.1	WP_001314161.1	EW036_RS04000	metC	cystathionine beta-lyase	0.0004998375	metC — cystathionine beta-lyase	search FASTA description + reference GFF	27.15925589639841
PROT:WP_001314179.1	WP_001314179.1	EW036_RS03460		DUF805 domain-containing protein	0.0004998375	EW036_RS03460 — DUF805 domain-containing protein	search FASTA description + reference GFF	27.61671270846617
PROT:WP_001315107.1	WP_001315107.1	EW036_RS24800	glnG	nitrogen regulation protein NR(I)	0.0004998375	glnG — nitrogen regulation protein NR(I)	search FASTA description + reference GFF	27.285499405366508
PROT:WP_001319943.1	WP_001319943.1	EW036_RS15890	pbpG	D-alanyl-D-alanine endopeptidase	0.0004998375	pbpG — D-alanyl-D-alanine endopeptidase	search FASTA description + reference GFF	24.716260049011357
PROT:WP_001334766.1	WP_001334766.1	EW036_RS26250		oxacillin-hydrolyzing class D beta-lactamase OXA-1	0.0004998375	EW036_RS26250 — oxacillin-hydrolyzing class D beta-lactamase OXA-1	search FASTA description + reference GFF	32.30160618898926
PROT:WP_001339583.1	WP_001339583.1	EW036_RS10110	ycgN	YcgN family cysteine cluster protein	0.0004998375	ycgN — YcgN family cysteine cluster protein	search FASTA description + reference GFF	25.959077857958363
PROT:WP_001346420.1	WP_001346420.1	EW036_RS08810	ompA	porin OmpA	0.0004998375	ompA — porin OmpA	search FASTA description + reference GFF	35.52222707563437
PROT:WP_001347089.1	WP_001347089.1	EW036_RS13540	znuA	zinc ABC transporter substrate-binding protein ZnuA	0.0004998375	znuA — zinc ABC transporter substrate-binding protein ZnuA	search FASTA description + reference GFF	27.27539916986752
PROT:WP_001350452.1	WP_001350452.1	EW036_RS03370	garR	2-hydroxy-3-oxopropionate reductase	0.0004998375	garR — 2-hydroxy-3-oxopropionate reductase	search FASTA description + reference GFF	31.334206290192437
PROT:WP_001351033.1	WP_001351033.1	EW036_RS02940	gltB	glutamate synthase large subunit	0.0004998375	gltB — glutamate synthase large subunit	search FASTA description + reference GFF	32.37512675936468
PROT:WP_001361791.1	WP_001361791.1	EW036_RS25465	rbsK	ribokinase	0.0004998375	rbsK — ribokinase	search FASTA description + reference GFF	27.838202601976462
PROT:WP_001367074.1	WP_001367074.1	EW036_RS15655		DeoR/GlpR family DNA-binding transcription regulator	0.0004998375	EW036_RS15655 — DeoR/GlpR family DNA-binding transcription regulator	search FASTA description + reference GFF	27.041329460090857
PROT:WP_001368591.1	WP_001368591.1	EW036_RS16715		helix-turn-helix domain-containing protein	0.0004998375	EW036_RS16715 — helix-turn-helix domain-containing protein	search FASTA description + reference GFF	27.386194882797483
PROT:WP_001385227.1	WP_001385227.1	EW036_RS19110	pdeB	cyclic-guanylate-specific phosphodiesterase PdeB	0.0004998375	pdeB — cyclic-guanylate-specific phosphodiesterase PdeB	search FASTA description + reference GFF	25.092088233106043
PROT:WP_001385255.1	WP_001385255.1	EW036_RS17005	trxB	thioredoxin-disulfide reductase	0.0004998375	trxB — thioredoxin-disulfide reductase	search FASTA description + reference GFF	32.311786882790024
PROT:WP_001385323.1	WP_001385323.1	EW036_RS11435	ycjY	alpha/beta hydrolase	0.0004998375	ycjY — alpha/beta hydrolase	search FASTA description + reference GFF	29.26711767786102
PROT:WP_001385498.1	WP_001385498.1	EW036_RS03540	ygjR	Gfo/Idh/MocA family protein	0.0004998375	ygjR — Gfo/Idh/MocA family protein	search FASTA description + reference GFF	27.850751173337336
PROT:WP_001387467.1	WP_001387467.1	EW036_RS26395		CopG family ribbon-helix-helix protein	0.0004998375	EW036_RS26395 — CopG family ribbon-helix-helix protein	search FASTA description + reference GFF	28.61938851982574
PROT:WP_001389366.1	WP_001389366.1	EW036_RS26140	dfrA17	trimethoprim-resistant dihydrofolate reductase DfrA17	0.0004998375	dfrA17 — trimethoprim-resistant dihydrofolate reductase DfrA17	search FASTA description + reference GFF	30.223002551548067
PROT:WP_001443123.1	WP_001443123.1	EW036_RS11200	yciH	stress response translation initiation inhibitor YciH	0.0005077995	yciH — stress response translation initiation inhibitor YciH	search FASTA description + reference GFF	22.894786102814976
PROT:WP_001443175.1	WP_001443175.1	EW036_RS01840		DNA-processing protein DprA	0.0004998375	EW036_RS01840 — DNA-processing protein DprA	search FASTA description + reference GFF	21.768089172621053
PROT:WP_001490174.1	WP_001490174.1	EW036_RS13640	yecM	VOC family protein	0.0004998375	yecM — VOC family protein	search FASTA description + reference GFF	27.68036048641207
PROT:WP_001523708.1	WP_001523708.1	EW036_RS23530	alsB	D-allose transporter substrate-binding protein	0.0004998375	alsB — D-allose transporter substrate-binding protein	search FASTA description + reference GFF	26.03237351366143
PROT:WP_001524125.1	WP_001524125.1	EW036_RS19855		LysR family transcriptional regulator	0.00060348946	EW036_RS19855 — LysR family transcriptional regulator	search FASTA description + reference GFF	28.095063682917043
PROT:WP_001531487.1	WP_001531487.1	EW036_RS18000	speF	ornithine decarboxylase SpeF	0.0004998375	speF — ornithine decarboxylase SpeF	search FASTA description + reference GFF	27.47757252580307
PROT:WP_001531639.1	WP_001531639.1	EW036_RS10650	kch	voltage-gated potassium channel protein	0.0004998375	kch — voltage-gated potassium channel protein	search FASTA description + reference GFF	27.985815678454628
PROT:WP_001531721.1	WP_001531721.1	EW036_RS12315	tus	DNA replication terminus site-binding protein	0.0004998375	tus — DNA replication terminus site-binding protein	search FASTA description + reference GFF	25.213140786595893
PROT:WP_001531763.1	WP_001531763.1	EW036_RS13700	cheA	chemotaxis protein CheA	0.0004998375	cheA — chemotaxis protein CheA	search FASTA description + reference GFF	23.040714383002005
PROT:WP_001531784.1	WP_001531784.1	EW036_RS14335	dgcQ	cellulose biosynthesis regulator diguanylate cyclase DgcQ	0.0004998375	dgcQ — cellulose biosynthesis regulator diguanylate cyclase DgcQ	search FASTA description + reference GFF	27.42100782364229
PROT:WP_001531852.1	WP_001531852.1	EW036_RS07675	evgS	acid-sensing system histidine kinase EvgS	0.0009871003	evgS — acid-sensing system histidine kinase EvgS	search FASTA description + reference GFF	23.36867466473353
PROT:WP_001531893.1	WP_001531893.1	EW036_RS06855	purL	phosphoribosylformylglycinamidine synthase	0.0004998375	purL — phosphoribosylformylglycinamidine synthase	search FASTA description + reference GFF	34.17909583606727
PROT:WP_001531894.1	WP_001531894.1	EW036_RS06845	tadA	tRNA adenosine(34) deaminase TadA	0.0004998375	tadA — tRNA adenosine(34) deaminase TadA	search FASTA description + reference GFF	24.703050488147863
PROT:WP_001531913.1	WP_001531913.1	EW036_RS05795	fucO	lactaldehyde reductase	0.0004998375	fucO — lactaldehyde reductase	search FASTA description + reference GFF	29.205026295314173
PROT:WP_001532049.1	WP_001532049.1	EW036_RS00070	yidR	DUF3748 domain-containing protein	0.0004998375	yidR — DUF3748 domain-containing protein	search FASTA description + reference GFF	27.658570306362943
PROT:WP_001545174.1	WP_001545174.1	EW036_RS22520		dihydrodipicolinate synthase family protein	0.0004998375	EW036_RS22520 — dihydrodipicolinate synthase family protein	search FASTA description + reference GFF	25.82425761999091
PROT:WP_001545177.1	WP_001545177.1	EW036_RS22405		BCCT family transporter	0.0004998375	EW036_RS22405 — BCCT family transporter	search FASTA description + reference GFF	26.54310685357857
PROT:WP_001546116.1	WP_001546116.1	EW036_RS04285		bifunctional cytidylyltransferase/SDR family oxidoreductase	0.0004998375	EW036_RS04285 — bifunctional cytidylyltransferase/SDR family oxidoreductase	search FASTA description + reference GFF	29.587957320790665
PROT:WP_001553902.1	WP_001553902.1	EW036_RS23880	plsB	glycerol-3-phosphate 1-O-acyltransferase PlsB	0.0004998375	plsB — glycerol-3-phosphate 1-O-acyltransferase PlsB	search FASTA description + reference GFF	31.17626208764073
PROT:WP_001554054.1	WP_001554054.1	EW036_RS09195	clsC	cardiolipin synthase ClsC	0.0034680269	clsC — cardiolipin synthase ClsC	search FASTA description + reference GFF	20.375073247200618
PROT:WP_001554206.1	WP_001554206.1	EW036_RS16110	yejA	extracellular solute-binding protein	0.0004998375	yejA — extracellular solute-binding protein	search FASTA description + reference GFF	27.953616571002
PROT:WP_001576403.1	WP_001576403.1	EW036_RS00555	pglX	BREX-1 system adenine-specific DNA-methyltransferase PglX	0.0004998375	pglX — BREX-1 system adenine-specific DNA-methyltransferase PglX	search FASTA description + reference GFF	28.774541861755708
PROT:WP_001700733.1	WP_001700733.1	EW036_RS12845	infC	translation initiation factor IF-3	0.0004998375	infC — translation initiation factor IF-3	search FASTA description + reference GFF	32.24800719097552
PROT:WP_011076734.1	WP_011076734.1	EW036_RS23580	fdhF	formate dehydrogenase H subunit alpha, selenocysteine-containing	0.0004998375	fdhF — formate dehydrogenase H subunit alpha, selenocysteine-containing	search FASTA description + reference GFF	26.41679889705713
PROT:WP_011478186.1	WP_011478186.1	EW036_RS11865	fdnG	formate dehydrogenase-N subunit alpha	0.0004998375	fdnG — formate dehydrogenase-N subunit alpha	search FASTA description + reference GFF	25.404055829653533
PROT:WP_012372823.1	WP_012372823.1	EW036_RS26265		Na(+)-translocating NADH-quinone reductase subunit C	0.0004998375	EW036_RS26265 — Na(+)-translocating NADH-quinone reductase subunit C	search FASTA description + reference GFF	28.52604916841276
PROT:WP_012896740.1	WP_012896740.1	EW036_RS19425	rdgC	recombination-associated protein RdgC	0.0004998375	rdgC — recombination-associated protein RdgC	search FASTA description + reference GFF	29.123028376918988
PROT:WP_012896768.1	WP_012896768.1	EW036_RS09395	yceF	7-methyl-GTP pyrophosphatase	0.0004998375	yceF — 7-methyl-GTP pyrophosphatase	search FASTA description + reference GFF	28.548655403868093
PROT:WP_012896789.1	WP_012896789.1	EW036_RS10610	oppA	oligopeptide ABC transporter substrate-binding protein OppA	0.0004998375	oppA — oligopeptide ABC transporter substrate-binding protein OppA	search FASTA description + reference GFF	33.867692236230035
PROT:WP_012896797.1	WP_012896797.1	EW036_RS11710	rlhA	23S rRNA 5-hydroxycytidine C2501 synthase	0.0004998375	rlhA — 23S rRNA 5-hydroxycytidine C2501 synthase	search FASTA description + reference GFF	25.69994742701625
PROT:WP_012896879.1	WP_012896879.1	EW036_RS25205	hemC	hydroxymethylbilane synthase	0.0004998375	hemC — hydroxymethylbilane synthase	search FASTA description + reference GFF	31.35083873841667
PROT:WP_023908537.1	WP_023908537.1	EW036_RS16220	ccmA	cytochrome c biogenesis heme-transporting ATPase CcmA	0.0004998375	ccmA — cytochrome c biogenesis heme-transporting ATPase CcmA	search FASTA description + reference GFF	24.531966142950164
PROT:WP_063840321.1	WP_063840321.1	EW036_RS26255		fluoroquinolone-acetylating aminoglycoside 6'-N-acetyltransferase AAC(6')-Ib-cr5	0.0004998375	EW036_RS26255 — fluoroquinolone-acetylating aminoglycoside 6'-N-acetyltransferase AAC(6')-Ib-cr5	search FASTA description + reference GFF	33.73322537681059
PROT:WP_077249130.1	WP_077249130.1	EW036_RS13590	nudB	dihydroneopterin triphosphate diphosphatase	0.008754454	nudB — dihydroneopterin triphosphate diphosphatase	search FASTA description + reference GFF	30.74795186797001
PROT:WP_077633686.1	WP_077633686.1	EW036_RS24655	fdnG	formate dehydrogenase-N subunit alpha	0.0004998375	fdnG — formate dehydrogenase-N subunit alpha	search FASTA description + reference GFF	31.776882870505425
PROT:WP_085962535.1	WP_085962535.1	EW036_RS00570	brxA	BREX-1 system protein BrxA	0.0004998375	brxA — BREX-1 system protein BrxA	search FASTA description + reference GFF	28.82268581001218
PROT:WP_096489949.1	WP_096489949.1	EW036_RS05235	prfB	peptide chain release factor 2	0.0004998375	prfB — peptide chain release factor 2	search FASTA description + reference GFF	30.20396991767808
PROT:WP_129685204.1	WP_129685204.1	EW036_RS02990	rpoN	RNA polymerase factor sigma-54	0.0004998375	rpoN — RNA polymerase factor sigma-54	search FASTA description + reference GFF	26.931460671418066
PROT:WP_129685211.1	WP_129685211.1	EW036_RS05760	rlmM	23S rRNA (cytidine(2498)-2'-O)-methyltransferase RlmM	0.0004998375	rlmM — 23S rRNA (cytidine(2498)-2'-O)-methyltransferase RlmM	search FASTA description + reference GFF	27.851953519234023
PROT:WP_129685229.1	WP_129685229.1	EW036_RS27280	sufD	Fe-S cluster assembly protein SufD	0.00062558404	sufD — Fe-S cluster assembly protein SufD	search FASTA description + reference GFF	26.21708623122996
PROT:WP_129685236.1	WP_129685236.1	EW036_RS16060	fruK	1-phosphofructokinase	0.0004998375	fruK — 1-phosphofructokinase	search FASTA description + reference GFF	27.46593235604316
PROT:WP_129685242.1	WP_129685242.1	EW036_RS16365	gyrA	DNA topoisomerase (ATP-hydrolyzing) subunit A	0.0004998375	gyrA — DNA topoisomerase (ATP-hydrolyzing) subunit A	search FASTA description + reference GFF	32.93241434678048
PROT:WP_129685246.1	WP_129685246.1	EW036_RS19210	clpP	ATP-dependent Clp endopeptidase proteolytic subunit ClpP	0.0004998375	clpP — ATP-dependent Clp endopeptidase proteolytic subunit ClpP	search FASTA description + reference GFF	32.39219561186974
PROT:WP_203401281.1	WP_203401281.1	EW036_RS20720	pcnB	polynucleotide adenylyltransferase PcnB	0.0004998375	pcnB — polynucleotide adenylyltransferase PcnB	search FASTA description + reference GFF	27.65147800815638
PROT:WP_223438176.1	WP_223438176.1	EW036_RS00005	dnaA	chromosomal replication initiator protein DnaA, partial	0.0004998375	dnaA — chromosomal replication initiator protein DnaA, partial	search FASTA description + reference GFF	28.614048543601207
PROT:WP_245394393.1	WP_245394393.1	EW036_RS16470		hypothetical protein	0.0004998375	EW036_RS16470 — hypothetical protein	search FASTA description + reference GFF	24.304780339426173
PROT:WP_254892905.1	WP_254892905.1	EW036_RS19195	hupB	nucleoid-associated protein HU-beta	0.0004998375	hupB — nucleoid-associated protein HU-beta	search FASTA description + reference GFF	32.81694465722092
PROT:WP_306278776.1	WP_306278776.1	EW036_RS06065	nlpD	murein hydrolase activator NlpD	0.0004998375	nlpD — murein hydrolase activator NlpD	search FASTA description + reference GFF	29.94364801297666
