feature_id	YEAST-CENPK-LOWGROWTH
MET:FEATURE:positive:694.0321:13.31	1824458.39571265
MET:FEATURE:positive:115.1233:4.16	359535.157404575
MET:FEATURE:positive:115.1233:14.01	334580.364889884
MET:FEATURE:positive:625.1150:18.29	186446.788589453
MET:FEATURE:positive:653.1459:18.10	179880.967908866
MET:FEATURE:positive:406.0126:18.47	324924.550664882
MET:FEATURE:positive:661.0009:18.29	208303.837627004
MET:FEATURE:positive:401.0609:18.29	326436.447801561
MET:FEATURE:positive:584.0890:18.47	1180610.78249048
MET:FEATURE:positive:422.0357:18.47	419379.76930288
MET:FEATURE:positive:139.2874:18.94	49348.965772278
MET:FEATURE:positive:276.0558:19.41	77740.1158094829
MET:FEATURE:positive:308.9141:19.15	75406.2022764979
MET:FEATURE:positive:380.1313:18.94	230929.330319486
MET:FEATURE:positive:608.0889:18.29	5157746.66820265
MET:FEATURE:positive:204.1065:18.94	359819.525266759
MET:FEATURE:positive:246.1563:19.41	70413.4264780716
MET:FEATURE:positive:331.0435:19.15	129463.98014833
MET:FEATURE:positive:346.0097:19.60	63576.6542281492
MET:FEATURE:positive:138.0660:19.15	95965.9094843419
MET:FEATURE:positive:192.0057:19.60	151461.769002912
MET:FEATURE:positive:227.0661:19.60	114504.941530016
MET:FEATURE:positive:320.1107:19.60	63614.6224371924
MET:FEATURE:positive:336.0773:19.15	1071698.82741269
MET:FEATURE:positive:337.0782:19.15	287895.258164715
MET:FEATURE:positive:609.0919:18.29	1027922.86137394
MET:FEATURE:positive:183.0053:20.04	82399.6932563642
MET:FEATURE:positive:185.6733:19.60	239391.314123662
MET:FEATURE:positive:187.1261:18.29	209983.930643468
MET:FEATURE:positive:204.0667:18.94	482133.498804162
MET:FEATURE:positive:206.0912:18.94	656645.770315402
MET:FEATURE:positive:221.0208:20.04	205399.311332397
MET:FEATURE:positive:224.0314:20.04	349344.598484993
MET:FEATURE:positive:227.0316:19.82	126952.476115136
MET:FEATURE:positive:231.1371:19.41	301387.039196631
MET:FEATURE:positive:235.0923:19.82	780497.040429899
MET:FEATURE:positive:240.0348:20.04	213021.698215001
MET:FEATURE:positive:247.0577:19.60	379804.719760981
MET:FEATURE:positive:247.0924:20.04	402635.141891139
MET:FEATURE:positive:252.0629:20.04	1340650.54782264
MET:FEATURE:positive:259.1684:19.41	384050.00848635
MET:FEATURE:positive:270.0735:20.29	298450.438410054
MET:FEATURE:positive:271.0212:20.04	169359.849637942
MET:FEATURE:positive:273.1842:19.41	193644.851066831
MET:FEATURE:positive:275.0525:19.60	1370574.64880474
MET:FEATURE:positive:275.9733:19.15	1310133.07887514
MET:FEATURE:positive:278.0633:20.04	634423.375775779
MET:FEATURE:positive:283.0188:20.04	230891.970305372
MET:FEATURE:positive:293.0708:19.82	236814.028686249
MET:FEATURE:positive:293.1319:19.82	290640.199981976
MET:FEATURE:positive:304.0788:20.04	426803.143945972
MET:FEATURE:positive:306.0946:20.29	1304056.45440432
MET:FEATURE:positive:307.0323:19.15	630634.922506296
MET:FEATURE:positive:339.0586:19.41	450033.190555568
MET:FEATURE:positive:129.0911:18.94	189745.515830847
MET:FEATURE:positive:139.0390:20.04	231104.270323511
MET:FEATURE:positive:139.0582:18.94	601847.625943457
MET:FEATURE:positive:168.0655:18.72	4401396.30743941
MET:FEATURE:positive:171.0053:20.29	163274.01329348
MET:FEATURE:positive:187.0794:18.94	887705.499509954
MET:FEATURE:positive:201.0158:20.29	285792.02348066
MET:FEATURE:positive:205.0901:18.94	5213299.80215988
MET:FEATURE:positive:210.0163:19.60	994271.780611053
MET:FEATURE:positive:213.0157:19.82	391971.953342792
MET:FEATURE:positive:219.0052:20.04	820211.103369573
MET:FEATURE:positive:228.0267:20.29	273900.010765321
MET:FEATURE:positive:239.0313:20.04	3083550.84353906
MET:FEATURE:positive:242.0423:20.68	320436.976217012
MET:FEATURE:positive:244.0298:20.04	649561.574449068
MET:FEATURE:positive:245.1528:19.41	977628.040702175
MET:FEATURE:positive:248.0318:20.04	299379.304220924
MET:FEATURE:positive:251.0314:20.04	372204.67915371
MET:FEATURE:positive:255.0261:20.04	352976.020898263
MET:FEATURE:positive:284.0528:20.04	1288044.99729332
MET:FEATURE:positive:289.0316:20.04	498181.773802293
MET:FEATURE:positive:293.0633:19.82	375532.510289877
MET:FEATURE:positive:294.1011:19.82	5486505.83473039
MET:FEATURE:positive:295.1023:19.60	975089.331683223
MET:FEATURE:positive:303.0471:20.04	699000.234011157
MET:FEATURE:positive:326.0463:19.82	589393.758452021
MET:FEATURE:positive:335.0734:19.15	10616525.5465866
MET:FEATURE:positive:346.0544:19.82	2313026.60721434
MET:FEATURE:positive:366.1392:18.72	702428.854867034
MET:FEATURE:positive:378.0806:20.04	1619422.00013066
MET:FEATURE:positive:405.0092:18.47	3464627.00294301
MET:FEATURE:positive:129.1275:19.15	256803.078099854
MET:FEATURE:positive:140.9947:20.29	463222.642835513
MET:FEATURE:positive:141.0546:19.82	778261.401264741
MET:FEATURE:positive:207.0052:20.04	3100695.02385286
MET:FEATURE:positive:237.0157:20.04	1562003.57818875
MET:FEATURE:positive:293.0975:19.82	49836079.5989572
MET:FEATURE:positive:325.0429:20.04	5447899.75813436
MET:FEATURE:positive:160.0603:19.60	1103742.26176177
MET:FEATURE:positive:168.9896:19.82	2112834.39868934
MET:FEATURE:positive:173.0209:20.68	654282.125140991
MET:FEATURE:positive:187.0001:20.29	2527468.89337153
MET:FEATURE:positive:243.0262:20.04	8719943.35712441
MET:FEATURE:positive:273.0367:20.04	3095846.72164598
MET:FEATURE:positive:225.0157:20.04	3141995.03131382
MET:FEATURE:positive:127.0156:21.45	200991.835163671
MET:FEATURE:positive:262.0402:20.68	868237.257530916
MET:FEATURE:positive:115.0043:21.45	406049.314146071
MET:FEATURE:positive:145.0260:21.70	804985.411876262
MET:FEATURE:positive:364.0650:21.45	4238062.08528227
MET:FEATURE:positive:423.0896:21.70	1263394.02280931
MET:FEATURE:positive:141.0139:22.42	766497.749679153
MET:FEATURE:positive:142.0150:22.42	293504.371973348
MET:FEATURE:positive:181.0371:22.42	836889.51315237
MET:FEATURE:positive:230.0783:22.64	791427.571066493
MET:FEATURE:positive:240.0990:22.42	1181782.13216784
MET:FEATURE:positive:258.0874:22.85	9058157.68937706
MET:FEATURE:positive:279.0470:22.42	3867514.30740695
MET:FEATURE:positive:325.1118:22.42	2087347.19204331
MET:FEATURE:positive:245.0976:22.85	3203943.46881167
MET:FEATURE:positive:258.0652:22.64	1484494.76345491
MET:FEATURE:positive:261.0366:21.07	12715429.1095366
MET:FEATURE:positive:325.2905:22.64	817626.033821918
MET:FEATURE:positive:338.0737:22.64	1192989.38228398
MET:FEATURE:positive:362.0856:22.20	3510450.42253481
MET:FEATURE:positive:442.1031:22.42	3956944.34185337
MET:FEATURE:positive:198.0530:22.42	650898.723496309
MET:FEATURE:positive:217.0663:22.42	1881658.01308997
MET:FEATURE:positive:258.0814:22.64	9478929.25236688
MET:FEATURE:positive:261.1170:22.64	1586509.22436956
MET:FEATURE:positive:129.6618:23.07	566160.886233802
MET:FEATURE:positive:163.0599:23.07	832561.58384756
MET:FEATURE:positive:337.0693:22.85	582298.589956891
MET:FEATURE:positive:359.1025:23.07	1119410.03709731
MET:FEATURE:positive:441.0999:22.42	27903575.7230661
MET:FEATURE:positive:183.0863:23.07	953713.044699301
MET:FEATURE:positive:258.1382:22.85	9573629.04813988
MET:FEATURE:positive:592.1662:22.85	3035784.85588009
MET:FEATURE:positive:360.1493:22.85	7104489.46261983
MET:FEATURE:positive:515.2126:22.42	33249941.3448513
MET:FEATURE:positive:260.0526:21.45	12872310.7748902
MET:FEATURE:positive:261.0840:22.85	4617814.72214082
MET:FEATURE:positive:131.0104:22.42	2359184.70690564
MET:FEATURE:positive:244.0941:22.85	42052408.561583
MET:FEATURE:positive:260.1141:22.85	23979799.4174494
MET:FEATURE:positive:336.0666:23.07	5141468.69105783
MET:FEATURE:positive:349.0734:23.28	9803991.87189582
MET:FEATURE:positive:184.0731:22.85	5638891.40636058
MET:FEATURE:positive:324.0585:23.07	6129467.09573105
MET:FEATURE:positive:124.0543:24.71	180516.936170848
MET:FEATURE:positive:153.0599:24.49	321200.965451869
MET:FEATURE:positive:206.0445:24.49	661617.752556922
MET:FEATURE:positive:312.1303:24.49	473314.467808658
MET:FEATURE:positive:125.0428:24.49	750078.166397232
MET:FEATURE:positive:147.0860:24.96	779085.652330234
MET:FEATURE:positive:262.1031:24.71	387118.491140868
MET:FEATURE:positive:309.1295:24.49	787440.243488722
MET:FEATURE:positive:388.2534:24.96	495825.300519984
MET:FEATURE:positive:124.0521:24.71	325944.996975243
MET:FEATURE:positive:124.0588:24.71	6098554.43517691
MET:FEATURE:positive:134.0642:24.96	188551.273697039
MET:FEATURE:positive:285.1022:24.49	2825829.45444614
MET:FEATURE:positive:311.0900:24.96	526112.081192063
MET:FEATURE:positive:344.2273:24.71	860975.372767746
MET:FEATURE:positive:130.0577:25.21	286442.518342641
MET:FEATURE:positive:130.0600:25.21	861654.11164871
MET:FEATURE:positive:133.0496:26.46	4049086.25702617
MET:FEATURE:positive:135.0482:24.96	667159.26585385
MET:FEATURE:positive:147.0642:24.96	1330702.34018301
MET:FEATURE:positive:147.0666:24.96	916409.279443254
MET:FEATURE:positive:172.0602:24.71	532367.473211742
MET:FEATURE:positive:198.0970:23.77	1812405.08080414
MET:FEATURE:positive:206.1024:25.21	386446.257537047
MET:FEATURE:positive:298.1141:24.71	1511646.60826068
MET:FEATURE:positive:366.0968:25.21	201532.539569742
MET:FEATURE:positive:116.0344:25.21	346103.059627443
MET:FEATURE:positive:147.0884:24.96	1275746.67301778
MET:FEATURE:positive:159.0763:25.71	464392.491004863
MET:FEATURE:positive:164.0814:25.46	1641635.53238805
MET:FEATURE:positive:165.6157:25.21	539596.373255511
MET:FEATURE:positive:166.0531:24.96	699021.169470461
MET:FEATURE:positive:249.1080:24.96	423815.730325203
MET:FEATURE:positive:256.0813:24.71	83987751.7673573
MET:FEATURE:positive:268.1422:25.46	1572706.71686081
MET:FEATURE:positive:277.1025:25.21	1477971.44962874
MET:FEATURE:positive:310.0844:24.96	3964480.78132702
MET:FEATURE:positive:123.0645:26.46	431348.451805924
MET:FEATURE:positive:172.0798:25.21	1418012.63504733
MET:FEATURE:positive:245.0770:24.49	3765346.6005405
MET:FEATURE:positive:288.1886:24.71	1264917.1010086
MET:FEATURE:positive:307.0822:24.96	2000283.70907953
MET:FEATURE:positive:427.0942:25.46	1093139.62617938
MET:FEATURE:positive:121.0691:25.96	234458.663693793
MET:FEATURE:positive:130.0398:25.46	784069.71111415
MET:FEATURE:positive:132.0541:25.46	642784.262677102
MET:FEATURE:positive:149.0803:25.21	1256000.79224398
MET:FEATURE:positive:152.0564:24.71	8069055.8363674
MET:FEATURE:positive:176.0373:25.46	353568.984399146
MET:FEATURE:positive:257.0846:24.71	9809306.63764168
MET:FEATURE:positive:119.0606:25.96	216839.827404807
MET:FEATURE:positive:224.1282:25.71	844652.58312455
MET:FEATURE:positive:286.0912:24.71	763105.29454995
MET:FEATURE:positive:335.0634:23.28	41745374.6417991
MET:FEATURE:positive:338.1017:24.96	1953815.47749781
MET:FEATURE:positive:122.0272:25.71	475816.044568887
MET:FEATURE:positive:171.0840:28.90	1729286.5509696
MET:FEATURE:positive:117.0742:25.46	1134386.49064477
MET:FEATURE:positive:117.0742:25.71	493652.947499567
MET:FEATURE:positive:216.0630:22.85	35241833.421146
MET:FEATURE:positive:162.0578:26.97	247765.015970713
MET:FEATURE:positive:185.0325:26.46	543865.814881927
MET:FEATURE:positive:219.0976:25.71	1858016.68302927
MET:FEATURE:positive:348.0698:23.28	88691342.4572103
MET:FEATURE:positive:170.0459:26.97	520916.518201179
MET:FEATURE:positive:251.1134:27.47	301557.00270398
MET:FEATURE:positive:280.0913:25.21	2085606.6396732
MET:FEATURE:positive:149.0577:25.71	1704752.82509174
MET:FEATURE:positive:123.0463:27.22	622016.494037166
MET:FEATURE:positive:148.0480:25.96	2682641.89222644
MET:FEATURE:positive:251.0694:26.21	5632038.62024464
MET:FEATURE:positive:268.0649:25.71	2017748.62526573
MET:FEATURE:positive:381.0795:27.90	335370.047899358
MET:FEATURE:positive:164.0809:27.68	1600805.84838916
MET:FEATURE:positive:169.0585:26.46	1131681.01244111
MET:FEATURE:positive:245.1497:27.47	197867.560354513
MET:FEATURE:positive:255.0614:27.68	1156322.33848592
MET:FEATURE:positive:150.0590:28.15	5187611.1241235
MET:FEATURE:positive:233.7865:25.96	3156549.57569241
MET:FEATURE:positive:277.1388:27.22	4602861.21667215
MET:FEATURE:positive:118.0778:28.90	162857.852299019
MET:FEATURE:positive:175.1077:26.71	1571719.43712171
MET:FEATURE:positive:272.0775:28.40	1274324.38326818
MET:FEATURE:positive:294.1542:27.90	750817.827023788
MET:FEATURE:positive:296.0655:25.71	1961347.52873666
MET:FEATURE:positive:135.1379:28.40	419658.325976207
MET:FEATURE:positive:163.0731:27.68	794619.061412772
MET:FEATURE:positive:171.0646:27.68	8584267.51438259
MET:FEATURE:positive:174.8864:28.40	585395.327083846
MET:FEATURE:positive:245.0959:28.65	573352.080518104
MET:FEATURE:positive:268.0737:25.71	6296507.02470751
MET:FEATURE:positive:268.0798:25.71	5909412.13180538
MET:FEATURE:positive:365.1058:28.15	1382759.02145555
MET:FEATURE:positive:125.1256:28.65	118813.209012703
MET:FEATURE:positive:120.0906:28.90	177629.639191278
MET:FEATURE:positive:255.1195:27.22	3465002.25381907
MET:FEATURE:positive:276.1185:24.96	7177239.90156465
MET:FEATURE:positive:326.1454:28.15	575709.162994803
MET:FEATURE:positive:148.0728:25.46	4439178.95404457
MET:FEATURE:positive:225.0870:27.90	606578.356123094
MET:FEATURE:positive:268.1275:25.71	4878253.64989796
MET:FEATURE:positive:330.0727:26.21	5335570.50998746
MET:FEATURE:positive:112.0508:26.21	654239.780139989
MET:FEATURE:positive:346.0469:26.46	5753401.27289559
MET:FEATURE:positive:141.0852:29.75	73905.0503366306
MET:FEATURE:positive:150.0646:25.71	3848975.38624615
MET:FEATURE:positive:176.1028:25.71	2365498.23401867
MET:FEATURE:positive:217.1182:24.96	1849268.53992518
MET:FEATURE:positive:282.1195:26.71	7993543.78433015
MET:FEATURE:positive:355.1972:26.97	1668017.6717196
MET:FEATURE:positive:122.1258:28.15	2527232.5206041
MET:FEATURE:positive:126.1490:29.15	895080.991952353
MET:FEATURE:positive:128.1404:28.90	1803484.23329759
MET:FEATURE:positive:144.1383:28.40	915641.801855359
MET:FEATURE:positive:158.9124:28.40	936180.946262622
MET:FEATURE:positive:166.0724:26.97	1169991.41482446
MET:FEATURE:positive:178.0592:29.75	207438.221847702
MET:FEATURE:positive:179.0483:26.46	1124696.81742513
MET:FEATURE:positive:211.0877:27.68	1604817.21545023
MET:FEATURE:positive:216.0977:28.40	758765.762548277
MET:FEATURE:positive:239.1027:30.36	228084.742087371
MET:FEATURE:positive:268.1337:25.71	6861591.85063503
MET:FEATURE:positive:270.1088:25.71	11962537.4660198
MET:FEATURE:positive:342.2017:29.75	179342.204671133
MET:FEATURE:positive:117.1025:28.90	642694.02726488
MET:FEATURE:positive:127.1339:28.90	1093671.08016816
MET:FEATURE:positive:190.0708:24.71	3323780.03274144
MET:FEATURE:positive:284.0985:24.49	27396682.4656554
MET:FEATURE:positive:445.0481:28.15	2523500.65727738
MET:FEATURE:positive:148.0795:25.21	13233991.7449232
MET:FEATURE:positive:172.0368:28.65	747438.690120262
MET:FEATURE:positive:173.0572:28.65	660671.6106828
MET:FEATURE:positive:255.0694:26.97	5128165.11739194
MET:FEATURE:positive:255.1250:27.47	4774028.66698504
MET:FEATURE:positive:270.6116:27.22	1940521.42032316
MET:FEATURE:positive:369.2133:26.46	4448032.23878658
MET:FEATURE:positive:126.1440:29.15	1846418.29568273
MET:FEATURE:positive:126.1463:28.90	2789792.238152
MET:FEATURE:positive:151.0807:28.65	874149.626967616
MET:FEATURE:positive:164.1281:28.15	1483643.30327439
MET:FEATURE:positive:171.0843:29.15	1567568.29464313
MET:FEATURE:positive:241.1113:28.40	565012.664390538
MET:FEATURE:positive:242.0346:30.18	367253.404431354
MET:FEATURE:positive:309.0940:25.46	15123122.7924206
MET:FEATURE:positive:125.0397:27.68	2791292.03070808
MET:FEATURE:positive:133.0973:30.79	2249333.60492799
MET:FEATURE:positive:134.1176:27.68	1919138.49777328
MET:FEATURE:positive:163.0793:27.47	13342604.5366785
MET:FEATURE:positive:194.0612:27.47	2705296.6753286
MET:FEATURE:positive:203.1835:28.40	1194527.82107914
MET:FEATURE:positive:215.0679:28.65	1576475.63466137
MET:FEATURE:positive:252.1091:26.46	8305505.62719908
MET:FEATURE:positive:259.1131:22.85	150790333.349419
MET:FEATURE:positive:126.1269:28.65	2518039.7257787
MET:FEATURE:positive:157.0801:29.75	1470885.98633271
MET:FEATURE:positive:159.1127:29.58	502674.979509158
MET:FEATURE:positive:171.0653:30.54	1180261.03491473
MET:FEATURE:positive:183.0848:27.90	2132435.45192046
MET:FEATURE:positive:233.1127:27.47	2554994.46062994
MET:FEATURE:positive:124.0520:24.71	404373.928499088
MET:FEATURE:positive:148.1104:32.29	92523.091275828
MET:FEATURE:positive:211.1186:28.90	1569062.8945002
MET:FEATURE:positive:221.0921:30.18	947921.467541161
MET:FEATURE:positive:228.1424:28.15	1284094.85070787
MET:FEATURE:positive:228.1424:28.40	538573.867211668
MET:FEATURE:positive:246.1446:31.04	526441.161377673
MET:FEATURE:positive:267.0975:28.90	1095314.69988931
MET:FEATURE:positive:273.1192:31.04	137979.6357442
MET:FEATURE:positive:310.1757:28.40	1479722.84966582
MET:FEATURE:positive:133.0319:28.65	755865.813683569
MET:FEATURE:positive:189.1234:26.21	4222671.36791104
MET:FEATURE:positive:242.1580:28.15	4972595.34534531
MET:FEATURE:positive:290.1343:25.21	15543184.8574155
MET:FEATURE:positive:311.0420:32.29	213866.655024152
MET:FEATURE:positive:131.1179:28.65	2303469.61288204
MET:FEATURE:positive:134.0812:29.15	1295627.18962192
MET:FEATURE:positive:159.0416:28.65	1972107.75268188
MET:FEATURE:positive:180.0867:27.47	4232111.2393146
MET:FEATURE:positive:213.0750:31.73	231850.215785909
MET:FEATURE:positive:130.0973:31.73	535097.298796141
MET:FEATURE:positive:149.0710:32.73	370231.250600625
MET:FEATURE:positive:153.0345:27.68	4385624.14614653
MET:FEATURE:positive:154.0262:21.95	28219132.7259389
MET:FEATURE:positive:158.0923:32.48	288613.872513717
MET:FEATURE:positive:161.0920:28.40	4318000.24634068
MET:FEATURE:positive:205.1554:32.90	245828.157693488
MET:FEATURE:positive:220.1177:24.96	4459629.90005128
MET:FEATURE:positive:253.2403:32.73	216949.585420848
MET:FEATURE:positive:256.0822:28.15	6646639.59239512
MET:FEATURE:positive:257.1023:26.97	11008361.5964568
MET:FEATURE:positive:281.1066:30.00	740836.559712231
MET:FEATURE:positive:295.0678:32.29	537060.846693161
MET:FEATURE:positive:298.0966:31.48	333736.605302685
MET:FEATURE:positive:323.1168:27.90	4989080.26187133
MET:FEATURE:positive:349.2306:32.48	758488.945024196
MET:FEATURE:positive:447.1982:32.73	878330.150690358
MET:FEATURE:positive:461.0840:32.48	244069.525996736
MET:FEATURE:positive:121.1225:28.40	34992868.2244354
MET:FEATURE:positive:131.0897:31.90	504449.469862266
MET:FEATURE:positive:133.0608:24.96	11900137.7372673
MET:FEATURE:positive:136.0391:30.18	614865.889856861
MET:FEATURE:positive:154.0498:29.15	4037828.66117014
MET:FEATURE:positive:162.1489:32.73	173885.821708979
MET:FEATURE:positive:165.0546:27.90	1662566.61632523
MET:FEATURE:positive:175.0982:32.48	381053.982507245
MET:FEATURE:positive:175.1032:32.73	660484.663820418
MET:FEATURE:positive:175.1350:32.48	687390.147365439
MET:FEATURE:positive:176.0917:28.65	1035810.49026817
MET:FEATURE:positive:176.1474:32.73	463033.261146151
MET:FEATURE:positive:190.0864:33.47	152460.875198111
MET:FEATURE:positive:190.1632:32.29	1523560.29116843
MET:FEATURE:positive:191.0483:28.15	5990437.52548299
MET:FEATURE:positive:197.1007:32.29	640836.68520963
MET:FEATURE:positive:204.1541:32.48	2999873.71842017
MET:FEATURE:positive:207.1129:33.29	432303.183103399
MET:FEATURE:positive:225.2093:32.48	215487.124169545
MET:FEATURE:positive:244.0929:27.47	7968924.70435852
MET:FEATURE:positive:245.1606:32.48	1125665.50277722
MET:FEATURE:positive:267.2560:32.90	410673.245851475
MET:FEATURE:positive:271.0743:28.65	13510319.1354966
MET:FEATURE:positive:288.1239:32.90	784454.564574537
MET:FEATURE:positive:302.1960:29.15	2809658.21786544
MET:FEATURE:positive:326.2076:33.29	235689.607575273
MET:FEATURE:positive:429.1449:28.90	1182491.06771439
MET:FEATURE:positive:454.2192:32.48	2028530.50596537
MET:FEATURE:positive:116.1521:32.73	567274.115091913
MET:FEATURE:positive:116.1545:33.47	96072.8274416911
MET:FEATURE:positive:117.1405:32.73	278776.98097373
MET:FEATURE:positive:118.1502:32.73	239995.349048022
MET:FEATURE:positive:121.0844:33.29	369861.466450934
MET:FEATURE:positive:132.0915:33.29	739496.992592383
MET:FEATURE:positive:132.1100:33.29	668144.043243358
MET:FEATURE:positive:132.1123:32.90	892598.760082228
MET:FEATURE:positive:134.0448:25.21	22455093.6137772
MET:FEATURE:positive:140.0818:28.90	4566160.98265273
MET:FEATURE:positive:145.0495:25.71	11066265.966848
MET:FEATURE:positive:148.1160:32.29	1094824.88334707
MET:FEATURE:positive:166.0719:33.29	340364.738497887
MET:FEATURE:positive:167.0832:33.29	235105.691999886
MET:FEATURE:positive:170.0810:29.58	15239895.6380202
MET:FEATURE:positive:174.0761:26.97	1684963.77882089
MET:FEATURE:positive:175.1438:32.48	6220998.31474413
MET:FEATURE:positive:176.1158:32.48	1287913.72975293
MET:FEATURE:positive:217.1546:33.47	558262.32991232
MET:FEATURE:positive:227.1388:28.15	11137377.7483193
MET:FEATURE:positive:247.1285:29.33	2610029.31379977
MET:FEATURE:positive:256.1007:26.97	88790553.0514747
MET:FEATURE:positive:268.1036:25.71	996871666.196041
MET:FEATURE:positive:497.2691:32.90	451953.978658875
MET:FEATURE:positive:116.1073:29.15	2292419.59044702
MET:FEATURE:positive:116.1351:32.73	629284.040499078
MET:FEATURE:positive:132.1384:34.54	471710.017955252
MET:FEATURE:positive:150.0773:27.90	18671200.0719519
MET:FEATURE:positive:157.0607:27.90	10502036.4302105
MET:FEATURE:positive:161.1284:32.48	1627776.61953098
MET:FEATURE:positive:189.1597:32.29	18258541.7523068
MET:FEATURE:positive:194.1174:26.21	3241197.63415885
MET:FEATURE:positive:202.1801:28.65	11590246.1453432
MET:FEATURE:positive:308.0906:25.21	132299939.861419
MET:FEATURE:positive:340.2233:33.29	857235.620095019
MET:FEATURE:positive:468.2349:32.73	1660827.5048344
MET:FEATURE:positive:482.2504:32.48	2390969.09653592
MET:FEATURE:positive:496.2662:32.90	4493077.15319908
MET:FEATURE:positive:510.2820:33.90	227703.481211122
MET:FEATURE:positive:204.1341:27.90	2933178.51087252
MET:FEATURE:positive:307.1219:28.15	19567786.3470748
MET:FEATURE:positive:509.2786:33.90	1301127.63322716
MET:FEATURE:positive:149.0636:25.71	26783615.9887831
MET:FEATURE:positive:189.1347:33.47	2529223.19545137
MET:FEATURE:positive:215.1389:32.73	914971.891352872
MET:FEATURE:positive:275.2158:35.71	2427283.86697817
MET:FEATURE:positive:164.0740:35.36	657639.720553165
MET:FEATURE:positive:203.1503:32.73	38502658.6520863
MET:FEATURE:positive:416.2274:35.11	550804.379028425
MET:FEATURE:positive:176.1223:32.48	8428560.72326739
MET:FEATURE:positive:144.1747:35.36	323133.849030961
MET:FEATURE:positive:241.1544:28.15	36265969.9926823
MET:FEATURE:positive:362.0999:35.36	1749277.66817298
MET:FEATURE:positive:495.2629:32.90	21000085.5755095
MET:FEATURE:positive:140.1522:35.11	446067.499778962
MET:FEATURE:positive:150.0548:35.71	7833551.04834107
MET:FEATURE:positive:403.2545:35.71	662538.519127714
MET:FEATURE:positive:206.1008:35.71	1182141.17847971
MET:FEATURE:positive:261.1444:33.90	1089688.99033714
MET:FEATURE:positive:137.6099:35.36	1072223.23902879
MET:FEATURE:positive:424.1798:36.10	1112365.88843005
MET:FEATURE:positive:481.2472:32.48	13554022.0540428
MET:FEATURE:positive:159.0917:36.54	346303.146427449
MET:FEATURE:positive:244.0231:37.37	2038191.36667015
MET:FEATURE:positive:245.0248:37.81	183378.839816437
MET:FEATURE:positive:330.2277:38.17	178404.839173472
MET:FEATURE:positive:379.1636:37.99	165986.186327952
MET:FEATURE:positive:538.1959:36.10	12309274.8954677
MET:FEATURE:positive:235.1367:37.81	322219.630602056
MET:FEATURE:positive:466.9903:38.17	361738.905280374
MET:FEATURE:positive:185.1285:36.10	871488.362225397
MET:FEATURE:positive:239.0889:37.81	542134.032286147
MET:FEATURE:positive:243.0871:39.50	378824.561559197
MET:FEATURE:positive:292.9419:39.25	147166.833136382
MET:FEATURE:positive:167.0896:33.47	5396799.06924818
MET:FEATURE:positive:196.0969:32.73	1773670.42917085
MET:FEATURE:positive:229.1547:35.36	828361.147165432
MET:FEATURE:positive:340.9023:27.90	4553970.2204256
MET:FEATURE:positive:147.1128:32.29	19140937.691494
MET:FEATURE:positive:156.0767:29.33	26583528.0914718
MET:FEATURE:positive:306.1908:39.25	148021.062158188
MET:FEATURE:positive:338.9238:39.93	216135.467747752
MET:FEATURE:positive:173.1285:33.29	1552273.68021789
MET:FEATURE:positive:236.9849:39.93	133217.772040729
MET:FEATURE:positive:131.1624:34.54	2825433.23912142
MET:FEATURE:positive:474.9554:40.57	103865.146282235
MET:FEATURE:positive:124.0592:27.90	8383367.94366638
MET:FEATURE:positive:178.0420:40.82	208027.894106786
MET:FEATURE:positive:278.1596:39.93	972437.935736409
MET:FEATURE:positive:376.9883:40.82	166138.271503567
MET:FEATURE:positive:408.1709:39.50	838413.020543831
MET:FEATURE:positive:449.9835:35.71	3819743.13046352
MET:FEATURE:positive:125.0152:41.40	81017.4525802979
MET:FEATURE:positive:336.1663:39.93	6792934.10590213
MET:FEATURE:positive:141.0098:41.65	399911.533279482
MET:FEATURE:positive:150.0549:41.40	4638064.46390634
MET:FEATURE:positive:169.0971:35.36	9513847.25128925
MET:FEATURE:positive:190.9794:35.71	2249275.70744245
MET:FEATURE:positive:316.2117:34.86	6748845.03415308
MET:FEATURE:positive:316.9514:40.57	514645.443098598
MET:FEATURE:positive:337.1696:39.93	2129241.20458503
MET:FEATURE:positive:401.0390:36.10	6110637.68282329
MET:FEATURE:positive:179.0636:42.38	374189.437307362
MET:FEATURE:positive:267.9966:42.56	158067.854541429
MET:FEATURE:positive:269.1606:42.38	2078303.28128389
MET:FEATURE:positive:350.1821:42.56	203583.584235124
MET:FEATURE:positive:175.1189:32.48	132934228.173976
MET:FEATURE:positive:288.2028:42.81	362732.49242192
MET:FEATURE:positive:198.9947:42.56	328969.183146051
MET:FEATURE:positive:248.0002:42.56	491613.974059651
MET:FEATURE:positive:255.0972:26.97	741685124.173215
MET:FEATURE:positive:300.1651:42.38	569629.217776186
MET:FEATURE:positive:349.1789:42.56	1263691.88294969
MET:FEATURE:positive:604.9245:42.81	574079.008505604
MET:FEATURE:positive:224.0472:40.57	849596.501515344
MET:FEATURE:positive:224.0470:34.54	834255.883544618
MET:FEATURE:positive:288.0245:42.38	1717787.99234376
MET:FEATURE:positive:424.1800:43.06	881656.111471136
MET:FEATURE:positive:170.0367:42.81	1140199.44577758
MET:FEATURE:positive:234.1335:37.81	4896818.84850677
MET:FEATURE:positive:242.0771:41.40	1270002.14960224
MET:FEATURE:positive:242.0770:34.54	965900.303644242
MET:FEATURE:positive:257.2222:43.68	259511.829853474
MET:FEATURE:positive:144.1747:41.65	733537.505565829
MET:FEATURE:positive:148.0551:44.69	193321.172393486
MET:FEATURE:positive:126.0715:35.36	12036926.5308983
MET:FEATURE:positive:286.0266:42.38	1759854.2779501
MET:FEATURE:positive:310.2223:44.44	96680.3585276516
MET:FEATURE:positive:343.1250:43.24	479101.324735075
MET:FEATURE:positive:378.1126:44.44	171017.829807142
MET:FEATURE:positive:322.1861:42.38	3577122.93109308
MET:FEATURE:positive:205.1135:44.19	221369.780884263
MET:FEATURE:positive:376.1155:44.44	676979.226334924
MET:FEATURE:positive:407.1773:44.69	532843.612053301
MET:FEATURE:positive:173.0809:38.43	1799399.3623406
MET:FEATURE:positive:139.0309:45.12	244106.192708773
MET:FEATURE:positive:162.0911:41.82	336804.625206764
MET:FEATURE:positive:330.1756:44.19	2774999.91906945
MET:FEATURE:positive:384.7718:45.49	276807.614047704
MET:FEATURE:positive:152.1434:45.49	307132.736235154
MET:FEATURE:positive:572.9921:46.75	325038.400167753
MET:FEATURE:positive:816.8373:46.75	178590.352223425
MET:FEATURE:positive:119.0730:35.36	734893.393597362
MET:FEATURE:positive:119.0730:41.82	711844.089542184
MET:FEATURE:positive:158.0546:45.30	352681.958515603
MET:FEATURE:positive:574.9907:46.35	206870.755786498
MET:FEATURE:positive:361.1896:45.92	452494.857337319
MET:FEATURE:positive:217.0633:46.35	558203.789781518
MET:FEATURE:positive:328.1310:46.35	163729.677157146
MET:FEATURE:positive:245.1857:42.01	776850.229850653
MET:FEATURE:positive:250.1037:46.75	629550.987667765
MET:FEATURE:positive:298.1199:47.12	103459.545595592
MET:FEATURE:positive:246.9980:42.38	7988377.59976572
MET:FEATURE:positive:246.9980:35.11	6038632.96321316
MET:FEATURE:positive:360.1861:45.67	3410345.23123443
MET:FEATURE:positive:123.0243:48.70	36946.715498087
MET:FEATURE:positive:215.0663:46.75	1772561.24865588
MET:FEATURE:positive:271.1435:48.70	224646.784126668
MET:FEATURE:positive:322.1656:48.84	159702.534590239
MET:FEATURE:positive:437.1882:47.94	768549.484987375
MET:FEATURE:positive:184.1697:45.92	1247490.58589223
MET:FEATURE:positive:203.0476:35.71	11573012.431555
MET:FEATURE:positive:203.0476:41.65	5507245.60830102
MET:FEATURE:positive:309.0867:49.09	134070.803503427
MET:FEATURE:positive:366.2121:48.38	444123.934985838
MET:FEATURE:positive:391.2001:48.38	245059.190877488
MET:FEATURE:positive:264.1599:49.09	88812.8326150521
MET:FEATURE:positive:290.0622:48.56	292723.221862875
MET:FEATURE:positive:158.1176:33.90	1668701.44107388
MET:FEATURE:positive:390.1966:47.94	1883002.28327483
MET:FEATURE:positive:216.0599:46.75	5279024.13096622
MET:FEATURE:positive:243.0707:41.40	3903030.70169865
MET:FEATURE:positive:243.0707:34.54	2860366.59581914
MET:FEATURE:positive:319.1685:49.78	311536.293846603
MET:FEATURE:positive:234.1485:50.16	42579.5135273187
MET:FEATURE:positive:272.1243:50.41	107813.563893274
MET:FEATURE:positive:325.1282:50.60	248188.941125695
MET:FEATURE:positive:420.2069:49.53	490278.117122534
MET:FEATURE:positive:182.1904:49.97	257804.004269179
MET:FEATURE:positive:316.1505:50.41	300389.311151724
MET:FEATURE:positive:234.9468:44.44	2708435.44819313
MET:FEATURE:positive:259.2015:50.41	485977.767908132
MET:FEATURE:positive:362.1806:51.85	120481.889116274
MET:FEATURE:positive:282.1695:47.94	636919.227822444
MET:FEATURE:positive:635.4185:51.48	73238.961259947
MET:FEATURE:positive:206.1540:51.67	191640.415962348
MET:FEATURE:positive:220.0888:51.67	122948.258898717
MET:FEATURE:positive:324.2376:51.48	177721.678103232
MET:FEATURE:positive:343.1579:50.60	861961.145998128
MET:FEATURE:positive:439.1985:51.67	2542591.1808588
MET:FEATURE:positive:216.1959:52.03	66231.4697051602
MET:FEATURE:positive:217.1070:37.81	18933346.2726584
MET:FEATURE:positive:241.0736:40.82	19548178.1247447
MET:FEATURE:positive:241.0736:34.54	8310087.20359848
MET:FEATURE:positive:270.1698:52.03	297823.682116127
MET:FEATURE:positive:342.1546:50.60	5214853.35903787
MET:FEATURE:positive:156.0387:35.71	5527827.17791594
MET:FEATURE:positive:156.0388:41.65	5098274.43533223
MET:FEATURE:positive:286.1400:52.29	155061.474186992
MET:FEATURE:positive:311.2074:52.47	716710.339462578
MET:FEATURE:positive:180.1018:36.10	1724430.09367182
MET:FEATURE:positive:229.1800:52.65	264897.619032044
MET:FEATURE:positive:258.1097:22.85	1647190041.70107
MET:FEATURE:positive:453.2423:52.47	194728.312704457
MET:FEATURE:positive:434.2101:52.47	450198.54984191
MET:FEATURE:positive:457.1942:52.47	899160.192206507
MET:FEATURE:positive:197.9913:42.38	4916710.62888925
MET:FEATURE:positive:197.9913:34.86	3175385.59776024
MET:FEATURE:positive:250.1435:52.03	264439.355545015
MET:FEATURE:positive:471.1622:52.47	373238.528553079
MET:FEATURE:positive:406.2069:52.47	620518.039706938
MET:FEATURE:positive:210.1123:35.36	7833370.39655468
MET:FEATURE:positive:210.1124:41.40	7315889.51849921
MET:FEATURE:positive:139.9879:45.12	473990.995782452
MET:FEATURE:positive:199.9893:42.38	4676483.67683149
MET:FEATURE:positive:199.9893:34.86	3323904.0119093
MET:FEATURE:positive:245.0002:42.38	8181329.48583038
MET:FEATURE:positive:245.0001:35.11	6480888.2235919
MET:FEATURE:positive:368.2641:52.91	218171.659611098
MET:FEATURE:positive:478.2644:52.47	745805.955313823
MET:FEATURE:positive:307.2168:54.35	570678.061017654
MET:FEATURE:positive:452.2385:52.47	2081687.97988197
MET:FEATURE:positive:308.2233:54.17	630156.436854761
MET:FEATURE:positive:412.2906:54.17	137743.810453439
MET:FEATURE:positive:456.1919:52.47	5283030.28171143
MET:FEATURE:positive:138.9953:45.12	325246.739783964
MET:FEATURE:positive:260.0009:40.82	6567926.89077171
MET:FEATURE:positive:306.2105:54.61	799876.620797485
MET:FEATURE:positive:451.2364:52.47	11229279.2763261
MET:FEATURE:positive:467.2315:32.48	13221511.3327973
MET:FEATURE:positive:218.9745:40.57	1102045.76728239
MET:FEATURE:positive:285.0231:42.38	16552678.2141701
MET:FEATURE:positive:285.0230:34.86	6004956.28370741
MET:FEATURE:positive:287.0210:42.56	10250006.2175365
MET:FEATURE:positive:287.0209:34.86	5979064.67401816
MET:FEATURE:positive:440.9933:44.44	9059503.05263557
MET:FEATURE:positive:118.0653:35.36	1216871.50082826
MET:FEATURE:positive:118.0653:41.82	555855.81622773
MET:FEATURE:positive:152.1521:30.00	4736417.29363847
MET:FEATURE:positive:342.2116:54.98	210498.281632143
MET:FEATURE:positive:433.2064:52.47	2881802.41966798
MET:FEATURE:positive:455.1883:52.47	23779142.0585397
MET:FEATURE:positive:241.7053:55.70	125569.055834353
MET:FEATURE:positive:305.2047:54.80	865704.00721794
MET:FEATURE:positive:120.0810:33.47	4962539.81455597
MET:FEATURE:positive:384.2953:54.80	379239.324916141
MET:FEATURE:positive:190.1073:33.47	12166708.9663187
MET:FEATURE:positive:190.1072:24.96	3515462.37027459
MET:FEATURE:positive:241.2035:55.70	470270.434929254
MET:FEATURE:positive:481.3998:55.70	454406.011516279
MET:FEATURE:positive:144.0477:35.71	6268831.54925593
MET:FEATURE:positive:150.0714:35.36	3741918.51664831
MET:FEATURE:positive:311.2052:56.89	280062.063032264
MET:FEATURE:positive:323.3039:56.42	1282128.83670229
MET:FEATURE:positive:453.2157:32.73	14760125.0684779
MET:FEATURE:positive:293.2326:56.64	109265.965172618
MET:FEATURE:positive:202.2166:52.29	630254.166494264
MET:FEATURE:positive:307.1152:56.64	135262.808870236
MET:FEATURE:positive:310.2017:56.42	1109796.79501492
MET:FEATURE:positive:350.2589:56.89	797838.754796683
MET:FEATURE:positive:353.2713:56.89	260395.660317781
MET:FEATURE:positive:161.9784:57.14	126128.034635983
MET:FEATURE:positive:292.2283:57.14	731706.176797672
MET:FEATURE:positive:450.2330:52.47	50038724.8755134
MET:FEATURE:positive:491.1311:57.76	1115872.62873308
MET:FEATURE:positive:492.1351:58.01	195334.760089201
MET:FEATURE:positive:511.2322:58.01	140546.203667861
MET:FEATURE:positive:470.1118:58.37	186297.957164643
MET:FEATURE:positive:473.2106:58.19	771106.681986492
MET:FEATURE:positive:117.5491:58.37	124906.050727682
MET:FEATURE:positive:470.1324:58.19	694889.566706026
MET:FEATURE:positive:470.1462:58.37	540065.193317492
MET:FEATURE:positive:470.2573:58.37	386464.476912041
MET:FEATURE:positive:470.2718:58.19	717725.954122104
MET:FEATURE:positive:527.2685:58.19	285112.67136718
MET:FEATURE:positive:528.2416:58.37	987789.090952269
MET:FEATURE:positive:156.0574:45.30	1258923.15872302
MET:FEATURE:positive:500.2389:58.19	1113325.16479254
MET:FEATURE:positive:513.2528:58.19	683292.459911076
MET:FEATURE:positive:515.2307:58.37	373231.609028592
MET:FEATURE:positive:521.2131:58.19	732106.564717482
MET:FEATURE:positive:543.2629:58.19	251275.803917376
MET:FEATURE:positive:310.2024:58.76	158599.769292304
MET:FEATURE:positive:351.2656:57.14	10323928.590964
MET:FEATURE:positive:459.1834:58.01	829592.743880863
MET:FEATURE:positive:475.1572:58.01	16748037.6501531
MET:FEATURE:positive:476.1606:58.01	4094257.30600749
MET:FEATURE:positive:477.1631:58.01	763766.778959183
MET:FEATURE:positive:485.2208:58.19	1127392.16991056
MET:FEATURE:positive:512.2490:58.19	2603102.47345655
MET:FEATURE:positive:527.2317:58.37	1880173.75491637
MET:FEATURE:positive:542.2601:58.19	891491.686333926
MET:FEATURE:positive:386.1808:58.37	1249179.22832606
MET:FEATURE:positive:454.1786:58.37	2324298.98110347
MET:FEATURE:positive:526.2651:58.19	1231332.09770191
MET:FEATURE:positive:382.2795:58.95	292088.119673489
MET:FEATURE:positive:472.2074:58.19	5582713.42765567
MET:FEATURE:positive:499.2365:58.19	5990764.46753128
MET:FEATURE:positive:427.1786:59.78	587885.692184955
MET:FEATURE:positive:431.1313:59.78	175809.698232299
MET:FEATURE:positive:484.2175:58.19	4808296.71408011
MET:FEATURE:positive:511.0999:60.03	137374.655775134
MET:FEATURE:positive:533.2214:59.78	262029.053471036
MET:FEATURE:positive:396.1567:59.78	458370.869776294
MET:FEATURE:positive:496.1296:59.78	500351.802283928
MET:FEATURE:positive:532.2180:59.78	897823.00340031
MET:FEATURE:positive:541.1819:59.78	269875.869412494
MET:FEATURE:positive:547.1999:59.78	820007.380366525
MET:FEATURE:positive:547.2372:59.78	198705.932573697
MET:FEATURE:positive:549.2152:59.78	144855.860210904
MET:FEATURE:positive:832.0738:60.03	267335.660309713
MET:FEATURE:positive:263.1640:60.22	176265.979867176
MET:FEATURE:positive:368.2467:59.78	390765.19333949
MET:FEATURE:positive:505.1890:60.03	160526.399088123
MET:FEATURE:positive:514.2274:58.55	1509667.30560028
MET:FEATURE:positive:548.2098:59.78	592104.780707229
MET:FEATURE:positive:312.2452:56.89	4172889.40636203
MET:FEATURE:positive:426.3058:60.03	232177.784316606
MET:FEATURE:positive:492.1764:59.78	1126949.17950301
MET:FEATURE:positive:534.1957:60.03	481260.852615051
MET:FEATURE:positive:546.2342:59.78	694563.393569975
MET:FEATURE:positive:154.0417:35.71	17615516.7337705
MET:FEATURE:positive:154.0418:41.65	16176372.0764522
MET:FEATURE:positive:219.1016:55.37	962778.901233615
MET:FEATURE:positive:361.0502:60.61	490872.391902358
MET:FEATURE:positive:474.1472:60.03	1188095.64745636
MET:FEATURE:positive:495.1261:59.78	1949032.19953497
MET:FEATURE:positive:504.1861:60.03	648999.803011469
MET:FEATURE:positive:519.2058:59.78	1574714.64595707
MET:FEATURE:positive:558.2545:61.05	224058.311509465
MET:FEATURE:positive:498.2331:58.19	22034931.138089
MET:FEATURE:positive:526.2284:58.37	7183313.47005558
MET:FEATURE:positive:557.0897:61.49	77371.9531531432
MET:FEATURE:positive:238.2529:61.49	101201.260463262
MET:FEATURE:positive:412.2457:61.49	628967.221511137
MET:FEATURE:positive:473.1437:60.03	4590424.59333899
MET:FEATURE:positive:163.1174:56.89	1000935.71961447
MET:FEATURE:positive:454.2801:61.67	94412.6762558527
MET:FEATURE:positive:546.1966:59.78	2806755.55216529
MET:FEATURE:positive:346.1760:61.90	543522.765394125
MET:FEATURE:positive:453.1750:58.37	10100724.7446656
MET:FEATURE:positive:518.2021:59.78	5516143.03534779
MET:FEATURE:positive:584.2584:61.49	624276.233592107
MET:FEATURE:positive:214.0628:46.75	16682215.1921221
MET:FEATURE:positive:336.2551:62.34	91898.6568027234
MET:FEATURE:positive:471.2052:58.19	28483202.681932
MET:FEATURE:positive:516.0937:62.15	64021.3871011661
MET:FEATURE:positive:151.0352:36.10	5665234.73033903
MET:FEATURE:positive:161.0965:62.59	114322.422688411
MET:FEATURE:positive:259.2549:62.34	75774.0058611332
MET:FEATURE:positive:279.0933:62.15	184682.713528066
MET:FEATURE:positive:308.2432:62.34	159089.418641749
MET:FEATURE:positive:343.1884:61.90	74931.8663292334
MET:FEATURE:positive:359.1853:62.15	673545.458436304
MET:FEATURE:positive:442.3374:61.49	366409.873728839
MET:FEATURE:positive:491.1740:59.78	5844951.70577011
MET:FEATURE:positive:556.0862:61.05	597798.77891284
MET:FEATURE:positive:583.2551:61.49	1689013.67488673
MET:FEATURE:positive:117.1470:32.73	9343358.73641161
MET:FEATURE:positive:119.0898:28.65	4836968.07940926
MET:FEATURE:positive:120.0657:25.71	11458945.8495695
MET:FEATURE:positive:120.1022:62.34	348531.35110673
MET:FEATURE:positive:122.0814:56.64	1720281.15262373
MET:FEATURE:positive:128.1072:34.86	1995612.83444317
MET:FEATURE:positive:144.1019:29.15	2301464.25309937
MET:FEATURE:positive:146.1175:34.86	1187361.11542706
MET:FEATURE:positive:155.0450:35.71	1877766.14937736
MET:FEATURE:positive:155.0451:41.65	1928829.75759773
MET:FEATURE:positive:214.2165:61.49	290568.432481661
MET:FEATURE:positive:246.2427:62.34	69352.849087399
MET:FEATURE:positive:275.9731:44.19	5728678.6765075
MET:FEATURE:positive:309.2329:57.14	14820422.2993612
MET:FEATURE:positive:420.2018:62.78	421955.572747053
MET:FEATURE:positive:490.1706:59.78	21622607.3989734
MET:FEATURE:positive:125.1304:28.65	11424947.9759576
MET:FEATURE:positive:146.0811:28.65	12427132.342764
MET:FEATURE:positive:154.9902:44.69	2491541.48090279
MET:FEATURE:positive:167.1630:29.15	3696671.60472138
MET:FEATURE:positive:167.1630:58.95	850696.590520861
MET:FEATURE:positive:201.0506:35.71	35410134.5341029
MET:FEATURE:positive:201.0506:41.65	17090631.9098176
MET:FEATURE:positive:225.1961:61.67	560197.250642429
MET:FEATURE:positive:236.1675:50.85	27796279.3077137
MET:FEATURE:positive:243.9966:42.38	85190379.9087559
MET:FEATURE:positive:243.9966:35.11	64855362.3372935
MET:FEATURE:positive:245.0587:27.22	5817944.43886199
MET:FEATURE:positive:269.1074:25.71	107863451.846398
MET:FEATURE:positive:470.2018:58.19	115472856.109212
MET:FEATURE:positive:113.0001:21.95	50108781.9261433
MET:FEATURE:positive:116.0708:25.46	23586520.8971623
MET:FEATURE:positive:122.0603:2.34	2498971.24768388
MET:FEATURE:positive:122.0603:34.54	3669605.9155612
MET:FEATURE:positive:122.0603:56.17	3854231.51571121
MET:FEATURE:positive:122.0602:19.60	3665534.90339949
MET:FEATURE:positive:122.0603:9.51	1701531.22752026
MET:FEATURE:positive:122.0603:42.01	1632192.46474055
MET:FEATURE:positive:122.0603:48.19	269317.190872812
MET:FEATURE:positive:124.0394:24.96	17933046.8997899
MET:FEATURE:positive:127.1398:28.65	23823935.6595274
MET:FEATURE:positive:130.0863:31.48	13135818.7535228
MET:FEATURE:positive:133.1052:33.29	9578164.01832086
MET:FEATURE:positive:148.0603:25.71	506273877.573693
MET:FEATURE:positive:155.0103:24.02	15031368.1538491
MET:FEATURE:positive:166.0863:33.47	52858381.8552985
MET:FEATURE:positive:168.0655:28.90	22779331.794268
MET:FEATURE:positive:182.0811:27.90	24777638.1359126
MET:FEATURE:positive:186.0760:19.15	11944251.0319456
MET:FEATURE:positive:196.0370:24.02	2822702.29001194
MET:FEATURE:positive:352.2691:57.14	2507865.49907143
MET:FEATURE:positive:118.0865:28.65	80463814.7299734
MET:FEATURE:positive:126.0552:19.41	3850898.27967097
MET:FEATURE:positive:127.0392:2.20	2278989.2432254
MET:FEATURE:positive:127.0390:21.07	6802117.4274473
MET:FEATURE:positive:128.0707:27.90	4055209.64362991
MET:FEATURE:positive:129.0659:27.47	2370128.78834543
MET:FEATURE:positive:130.1591:34.54	33770180.3970496
MET:FEATURE:positive:131.0532:25.71	10218757.143384
MET:FEATURE:positive:138.0549:19.15	10651762.1589704
MET:FEATURE:positive:140.0106:22.85	43167363.4844032
MET:FEATURE:positive:144.9821:44.94	23360401.2327815
MET:FEATURE:positive:144.9821:61.05	13602023.0088904
MET:FEATURE:positive:146.9803:44.94	10698158.0971531
MET:FEATURE:positive:152.0706:34.86	4206491.50432047
MET:FEATURE:positive:162.0759:27.47	217375753.880169
MET:FEATURE:positive:170.0610:27.68	103303288.664602
MET:FEATURE:positive:187.2249:51.30	17197694.1319489
MET:FEATURE:positive:213.9829:44.69	4520441.47650121
MET:FEATURE:positive:214.0035:34.54	3038907.85182867
MET:FEATURE:positive:283.1174:63.03	417768.05545917
MET:FEATURE:positive:127.0915:6.49	1759949.17746052
MET:FEATURE:positive:127.0915:41.22	2888881.35499955
MET:FEATURE:positive:127.0915:55.95	1678756.08528211
MET:FEATURE:positive:127.0915:19.41	2763403.56106432
MET:FEATURE:positive:127.0915:32.73	1261201.81004899
MET:FEATURE:positive:127.0915:10.96	1381719.91898153
MET:FEATURE:positive:127.0915:48.56	1248988.8296284
MET:FEATURE:positive:127.0915:60.86	1125663.8249555
MET:FEATURE:positive:137.0651:26.21	5239662.92927477
MET:FEATURE:positive:245.9945:42.38	83304995.5909698
MET:FEATURE:positive:245.9944:35.11	62274875.8403654
MET:FEATURE:positive:311.2423:57.14	35631822.5899731
MET:FEATURE:positive:387.2320:65.24	2973841.1583012
MET:FEATURE:positive:404.2620:64.98	3563292.57088609
MET:FEATURE:positive:464.2551:65.24	439509.690805614
MET:FEATURE:positive:475.2874:65.24	2319566.42271201
MET:FEATURE:positive:792.3853:64.59	8520549.41286046
MET:FEATURE:positive:448.2601:65.24	1060574.91018221
MET:FEATURE:positive:488.3007:65.24	1107169.04432708
MET:FEATURE:positive:791.3822:64.98	28325216.44187
MET:FEATURE:positive:281.1015:64.98	2414262.85137247
MET:FEATURE:positive:390.1874:64.98	1571396.93953493
MET:FEATURE:positive:121.0600:65.24	673347.697090876
MET:FEATURE:positive:790.3789:64.98	57110253.5925703
MET:FEATURE:positive:456.2204:65.24	1096062.80392101
MET:FEATURE:positive:360.1913:66.09	5588123.14578859
MET:FEATURE:positive:444.2379:65.24	5364753.16480189
MET:FEATURE:positive:512.3090:65.84	131631.929995512
MET:FEATURE:positive:122.0680:65.66	798860.862668132
MET:FEATURE:positive:387.1278:65.24	2433071.57342365
MET:FEATURE:positive:462.2762:65.24	2226358.81921271
MET:FEATURE:positive:435.2465:65.66	601075.401433104
MET:FEATURE:positive:516.3312:65.24	1103698.29826336
MET:FEATURE:positive:131.0856:68.38	76572.3175527894
MET:FEATURE:positive:165.0758:66.70	314930.036672196
MET:FEATURE:positive:330.1777:67.34	650552.70710983
MET:FEATURE:positive:404.1506:65.24	4071821.63593071
MET:FEATURE:positive:407.2146:65.24	2894682.80328642
MET:FEATURE:positive:500.3787:67.09	266447.069814726
MET:FEATURE:positive:147.0649:65.24	995962.916003569
MET:FEATURE:positive:286.1363:67.95	282260.384983992
MET:FEATURE:positive:478.0932:67.70	252030.288446844
MET:FEATURE:positive:434.2433:65.24	6363568.42872239
MET:FEATURE:positive:234.2215:69.08	127653.306252312
MET:FEATURE:positive:446.1448:68.38	369715.20052808
MET:FEATURE:positive:488.2275:68.64	1536644.46122163
MET:FEATURE:positive:367.3317:68.64	84053.1741832892
MET:FEATURE:positive:416.1784:68.64	338519.609301121
MET:FEATURE:positive:432.2020:68.64	4365687.85061333
MET:FEATURE:positive:448.2329:65.24	6152562.23294493
MET:FEATURE:positive:489.2306:68.64	444920.464180784
MET:FEATURE:positive:389.1858:65.24	15446232.1363107
MET:FEATURE:positive:476.2636:65.24	3733085.33494283
MET:FEATURE:positive:555.0704:69.27	522409.819605032
MET:FEATURE:positive:312.1673:67.95	796559.378888529
MET:FEATURE:positive:366.2847:68.83	798061.542141193
MET:FEATURE:positive:410.3112:69.27	377324.081967475
MET:FEATURE:positive:415.1749:68.83	1758591.33528812
MET:FEATURE:positive:446.2178:69.52	483276.681194961
MET:FEATURE:positive:573.1005:69.08	350620.934964794
MET:FEATURE:positive:723.9963:69.89	449297.718866627
MET:FEATURE:positive:311.1639:67.70	3870073.31073437
MET:FEATURE:positive:224.2371:69.27	42000.1401035319
MET:FEATURE:positive:247.0959:69.89	191629.348418626
MET:FEATURE:positive:255.2139:69.52	146660.960809442
MET:FEATURE:positive:475.2515:69.27	404285.714552109
MET:FEATURE:positive:724.9962:69.89	90553.7576441878
MET:FEATURE:positive:332.1492:69.70	75840.3426452838
MET:FEATURE:positive:250.1157:69.70	435452.987259275
MET:FEATURE:positive:257.2108:69.08	676917.677615
MET:FEATURE:positive:329.1745:67.34	3425432.95462224
MET:FEATURE:positive:463.2514:65.24	3838903.80625999
MET:FEATURE:positive:498.3636:70.33	242540.372155241
MET:FEATURE:positive:572.0973:69.27	2135950.1080357
MET:FEATURE:positive:461.2722:65.24	16744251.6515383
MET:FEATURE:positive:474.2483:69.08	1896601.90120256
MET:FEATURE:positive:559.4243:70.72	117721.736908412
MET:FEATURE:positive:455.2172:65.24	4818150.38565509
MET:FEATURE:positive:488.2639:69.52	1024560.47817448
MET:FEATURE:positive:474.2842:65.24	8952120.52049047
MET:FEATURE:positive:294.2273:67.34	853115.927756216
MET:FEATURE:positive:535.0646:70.72	485005.119792803
MET:FEATURE:positive:558.4209:70.72	498829.571121505
MET:FEATURE:positive:691.9702:70.33	489634.592660363
MET:FEATURE:positive:447.2568:65.24	8076222.17363095
MET:FEATURE:positive:553.0947:70.33	937816.88483301
MET:FEATURE:positive:461.2358:65.24	21727978.2808985
MET:FEATURE:positive:252.1315:71.99	138930.295813359
MET:FEATURE:positive:268.1257:65.41	5653756.4012461
MET:FEATURE:positive:307.2478:71.99	187167.887597445
MET:FEATURE:positive:343.2954:72.63	504014.465517861
MET:FEATURE:positive:275.2773:72.63	295343.529077847
MET:FEATURE:positive:325.2008:73.90	186278.482390353
MET:FEATURE:positive:419.2253:65.24	4948780.83010796
MET:FEATURE:positive:659.9439:70.14	1437314.4184137
MET:FEATURE:positive:132.0810:72.63	289258.33997077
MET:FEATURE:positive:406.2120:65.24	25553659.0508661
MET:FEATURE:positive:424.3268:73.90	911930.92464982
MET:FEATURE:positive:238.1154:73.90	1446213.40444526
MET:FEATURE:positive:249.1120:69.52	3656488.85480176
MET:FEATURE:positive:274.2738:73.53	2004128.20487123
MET:FEATURE:positive:329.0050:64.59	3816934.70509937
MET:FEATURE:positive:358.1729:73.90	821905.592358092
MET:FEATURE:positive:369.1693:65.24	4692181.93446629
MET:FEATURE:positive:398.2303:73.90	512645.114368253
MET:FEATURE:positive:405.2095:65.24	151731733.979644
MET:FEATURE:positive:418.2216:65.24	16011312.9360129
MET:FEATURE:positive:442.2584:73.53	1643455.94755909
MET:FEATURE:positive:460.2326:65.24	78027682.0489685
MET:FEATURE:positive:460.2687:65.24	58246883.8972131
MET:FEATURE:positive:136.0836:65.66	1830801.71872169
MET:FEATURE:positive:136.0837:73.53	564590.880696428
MET:FEATURE:positive:162.0910:65.24	1195784.67848143
MET:FEATURE:positive:228.1957:69.70	3116311.17050123
MET:FEATURE:positive:231.2513:74.59	203649.748516137
MET:FEATURE:positive:283.2452:74.59	84609.7451970205
MET:FEATURE:positive:285.1329:66.30	3430922.60024403
MET:FEATURE:positive:289.2929:75.21	1877298.85251779
MET:FEATURE:positive:309.1484:73.53	496923.482484374
MET:FEATURE:positive:319.2541:74.15	528625.064987627
MET:FEATURE:positive:386.1960:73.53	3804707.28974968
MET:FEATURE:positive:388.2113:73.90	803267.459480277
MET:FEATURE:positive:414.2274:73.90	887370.803808418
MET:FEATURE:positive:433.2409:65.24	38500387.9122303
MET:FEATURE:positive:442.2223:73.90	1218928.72060856
MET:FEATURE:positive:446.2533:65.24	29158631.2082004
MET:FEATURE:positive:552.0911:70.33	5866637.44859575
MET:FEATURE:positive:121.0646:67.34	2037483.02105707
MET:FEATURE:positive:200.2372:74.59	498450.603929896
MET:FEATURE:positive:214.2528:74.59	1436189.95877027
MET:FEATURE:positive:251.1277:72.38	1466059.09557785
MET:FEATURE:positive:280.2482:74.59	323862.479680409
MET:FEATURE:positive:306.2636:72.38	569668.221861938
MET:FEATURE:positive:327.0079:64.59	3991883.95260804
MET:FEATURE:positive:375.1995:74.15	1090722.31540696
MET:FEATURE:positive:387.1796:65.24	381184618.059842
MET:FEATURE:positive:402.2274:74.15	2274028.38455474
MET:FEATURE:positive:432.2374:65.24	141373172.779055
MET:FEATURE:positive:147.0763:25.21	245223078.678928
MET:FEATURE:positive:158.1539:62.78	3211649.69251944
MET:FEATURE:positive:230.2478:74.59	1376779.88084872
MET:FEATURE:positive:304.2840:76.55	386991.135092402
MET:FEATURE:positive:388.1830:65.24	93174679.7107507
MET:FEATURE:positive:227.2481:74.59	1302448.4714253
MET:FEATURE:positive:267.1223:65.84	51482935.4728623
MET:FEATURE:positive:267.1225:71.74	16281994.0499717
MET:FEATURE:positive:440.2770:74.40	3008084.47372392
MET:FEATURE:positive:404.2062:65.24	614285583.176296
MET:FEATURE:positive:221.1172:76.55	1282504.04920359
MET:FEATURE:positive:374.1960:74.40	4730986.94076396
MET:FEATURE:positive:306.2768:77.02	389712.860221678
MET:FEATURE:positive:237.1120:74.40	9409667.3818819
MET:FEATURE:positive:296.2038:77.02	1828536.97877381
MET:FEATURE:positive:322.2758:77.02	19559320.9757989
MET:FEATURE:positive:325.2512:76.77	1571827.73124059
MET:FEATURE:positive:325.2598:76.77	1098057.375472
MET:FEATURE:positive:321.2696:77.02	2598755.33311577
MET:FEATURE:positive:363.3025:77.02	814790.65984501
MET:FEATURE:positive:537.3942:76.55	8310704.93995592
MET:FEATURE:positive:147.6919:77.24	1522879.07697463
MET:FEATURE:positive:324.3192:77.24	2847304.63896685
MET:FEATURE:positive:324.3280:76.77	7530522.14074526
MET:FEATURE:positive:128.1119:77.02	655332.659795967
MET:FEATURE:positive:482.3691:77.96	1112076.02186263
MET:FEATURE:positive:531.4075:76.77	5178504.29357105
MET:FEATURE:positive:367.3200:77.02	1970053.6828847
MET:FEATURE:positive:113.0858:76.77	532981.468028027
MET:FEATURE:positive:119.0223:77.02	408508.165512209
MET:FEATURE:positive:277.1800:79.25	80192.3423752233
MET:FEATURE:positive:304.3001:78.21	535336.014293331
MET:FEATURE:positive:343.1534:79.68	544440.099113292
MET:FEATURE:positive:244.2273:79.46	67631.4154057968
MET:FEATURE:positive:397.2006:79.46	374769.55289555
MET:FEATURE:positive:557.2725:78.86	444412.024647287
MET:FEATURE:positive:295.1535:79.46	220397.489715182
MET:FEATURE:positive:323.2420:77.02	1158350.06325233
MET:FEATURE:positive:277.1433:79.46	188946.284754177
MET:FEATURE:positive:350.2536:77.74	9157639.31377166
MET:FEATURE:positive:325.3312:76.77	1590764.11578196
MET:FEATURE:positive:244.2636:76.55	2395346.11094934
MET:FEATURE:positive:311.2769:80.73	105148.592459084
MET:FEATURE:positive:317.3243:80.15	376169.171664164
MET:FEATURE:positive:249.1845:78.21	471242.629219581
MET:FEATURE:positive:258.2427:80.40	136514.714058923
MET:FEATURE:positive:268.1752:80.73	144337.345912321
MET:FEATURE:positive:327.2976:76.77	3148863.13108
MET:FEATURE:positive:203.1430:80.98	199443.721831245
MET:FEATURE:positive:277.2368:80.98	130418.261990554
MET:FEATURE:positive:294.2640:80.40	409156.918786971
MET:FEATURE:positive:360.1808:79.46	553874.995572822
MET:FEATURE:positive:578.3121:80.73	967936.748593522
MET:FEATURE:positive:113.0903:76.77	2771693.27967476
MET:FEATURE:positive:163.0749:79.46	621025.790082658
MET:FEATURE:positive:149.5621:77.24	1178389.16600525
MET:FEATURE:positive:206.0899:81.23	76377.3901755935
MET:FEATURE:positive:259.2826:81.70	243171.134155255
MET:FEATURE:positive:298.3469:80.98	210814.058769855
MET:FEATURE:positive:540.4108:81.23	1037240.60533636
MET:FEATURE:positive:545.2721:81.23	110873.586660214
MET:FEATURE:positive:584.4373:81.45	326197.365882524
MET:FEATURE:positive:258.2790:81.45	1467734.09704069
MET:FEATURE:positive:324.2562:76.77	8357174.64751292
MET:FEATURE:positive:522.2486:80.40	3898451.57562964
MET:FEATURE:positive:235.0964:79.25	1979026.6862371
MET:FEATURE:positive:267.1718:80.98	1214052.57990398
MET:FEATURE:positive:438.2613:81.23	1741657.91671783
MET:FEATURE:positive:564.2950:80.98	534599.572153603
MET:FEATURE:positive:189.1272:83.03	166254.446927005
MET:FEATURE:positive:288.2893:75.44	9036494.89992677
MET:FEATURE:positive:181.0495:82.09	373572.473390546
MET:FEATURE:positive:187.2249:75.44	8030392.3336609
MET:FEATURE:positive:272.2942:83.97	655289.466983099
MET:FEATURE:positive:426.3416:82.09	330700.915105582
MET:FEATURE:positive:459.3611:83.25	1646251.77025781
MET:FEATURE:positive:460.3640:82.34	436656.053795205
MET:FEATURE:positive:149.0231:81.45	507300.926946938
MET:FEATURE:positive:202.0442:35.71	114850777.052482
MET:FEATURE:positive:202.0442:41.65	56385421.9389461
MET:FEATURE:positive:280.1624:82.09	993237.579382927
MET:FEATURE:positive:297.2418:78.86	1513916.5407065
MET:FEATURE:positive:205.0858:81.70	1044826.08704917
MET:FEATURE:positive:573.2939:83.03	835986.873251705
MET:FEATURE:positive:364.3080:77.02	10512910.0133387
MET:FEATURE:positive:316.2844:83.46	1464839.28689019
MET:FEATURE:positive:360.3107:83.72	412859.298384802
MET:FEATURE:positive:473.3429:83.46	1162298.21578552
MET:FEATURE:positive:324.2480:76.77	8985463.18858474
MET:FEATURE:positive:468.3083:83.03	6037704.45913663
MET:FEATURE:positive:184.0737:83.97	2885666.54758417
MET:FEATURE:positive:598.4527:84.22	1003592.10798491
MET:FEATURE:positive:123.5794:84.39	378889.086015402
MET:FEATURE:positive:452.2114:84.64	822697.656499538
MET:FEATURE:positive:494.2640:84.39	1933658.09468619
MET:FEATURE:positive:494.3994:84.39	1875834.8964467
MET:FEATURE:positive:496.3289:84.39	15132951.5012952
MET:FEATURE:positive:497.3318:84.39	2149656.36423988
MET:FEATURE:positive:532.2793:84.64	1070704.11793034
MET:FEATURE:positive:754.2069:85.11	799875.9089271
MET:FEATURE:positive:796.2531:84.39	2677154.86469579
MET:FEATURE:positive:988.6434:84.39	8616151.46078024
MET:FEATURE:positive:272.2944:84.39	746049.451375663
MET:FEATURE:positive:366.3178:77.02	17269016.1191296
MET:FEATURE:positive:494.2490:84.64	2332975.75229957
MET:FEATURE:positive:945.5934:84.64	4437782.0708682
MET:FEATURE:positive:946.5969:84.64	2399420.9193673
MET:FEATURE:positive:987.6400:84.39	16054275.3203661
MET:FEATURE:positive:339.2080:85.32	979893.268363681
MET:FEATURE:positive:268.0820:85.83	295488.462901124
MET:FEATURE:positive:445.3352:85.57	3791134.75761151
MET:FEATURE:positive:770.1785:85.11	1137326.01573127
MET:FEATURE:positive:303.3085:84.86	1158425.69246798
MET:FEATURE:positive:472.3394:83.97	5892386.67138128
MET:FEATURE:positive:498.2727:85.57	652316.30446839
MET:FEATURE:positive:517.3091:84.64	2042475.99212535
MET:FEATURE:positive:549.3043:85.83	1006848.74725189
MET:FEATURE:positive:564.2894:85.83	1453959.43442141
MET:FEATURE:positive:812.2262:84.64	6957766.73799541
MET:FEATURE:positive:813.2290:84.64	2062422.93826411
MET:FEATURE:positive:474.2584:85.11	3667621.29572643
MET:FEATURE:positive:548.3007:85.83	2956350.68520359
MET:FEATURE:positive:665.4663:86.70	3081328.12315027
MET:FEATURE:positive:148.6192:77.02	9149250.57530827
MET:FEATURE:positive:454.2824:84.86	4857714.32071259
MET:FEATURE:positive:473.8284:86.49	305022.463839438
MET:FEATURE:positive:621.4402:86.70	2835635.73155389
MET:FEATURE:positive:332.3156:86.04	1771138.66118141
MET:FEATURE:positive:399.2502:83.97	6124555.22632652
MET:FEATURE:positive:401.3090:86.04	2765394.42899215
MET:FEATURE:positive:516.3058:84.64	7664851.66283004
MET:FEATURE:positive:544.3396:86.04	2128864.27104007
MET:FEATURE:positive:562.2792:86.04	7925098.67288301
MET:FEATURE:positive:562.3170:86.27	6556494.33143329
MET:FEATURE:positive:401.2869:86.94	466740.824974928
MET:FEATURE:positive:440.3579:86.94	12024087.0652858
MET:FEATURE:positive:441.3614:87.15	2930623.98688647
MET:FEATURE:positive:490.2305:86.27	5189041.84423657
MET:FEATURE:positive:529.4138:87.15	1887633.74014359
MET:FEATURE:positive:563.2826:86.04	2912835.10446978
MET:FEATURE:positive:563.3207:86.27	2465011.64862613
MET:FEATURE:positive:567.2934:87.62	367378.417482606
MET:FEATURE:positive:709.4925:86.70	2244810.27837411
MET:FEATURE:positive:291.2527:86.70	3008662.62897876
MET:FEATURE:positive:372.3469:87.15	976683.653205986
MET:FEATURE:positive:528.4107:87.15	6701444.66986882
MET:FEATURE:positive:534.2850:86.04	10135827.2047926
MET:FEATURE:positive:309.2826:86.70	1257231.44474193
MET:FEATURE:positive:326.2941:76.77	36291175.4989265
MET:FEATURE:positive:535.2886:86.04	3399407.78603324
MET:FEATURE:positive:573.4401:87.15	1361903.40281166
MET:FEATURE:positive:326.2765:87.40	301202.349810485
MET:FEATURE:positive:397.3352:86.94	3328370.33724056
MET:FEATURE:positive:402.3575:87.15	799122.595133064
MET:FEATURE:positive:482.3242:86.70	2823680.65806719
MET:FEATURE:positive:484.3843:87.40	10307636.1966243
MET:FEATURE:positive:497.2706:85.11	5982743.28132706
MET:FEATURE:positive:538.3391:87.62	1087974.44226314
MET:FEATURE:positive:616.4631:87.40	2914196.55371487
MET:FEATURE:positive:660.4891:87.40	1675549.84638357
MET:FEATURE:positive:826.2426:87.40	824896.051564918
MET:FEATURE:positive:312.2610:83.46	5789919.94042523
MET:FEATURE:positive:353.3088:86.94	3198044.86731205
MET:FEATURE:positive:398.3626:87.87	439013.220726501
MET:FEATURE:positive:484.2678:88.12	221677.696900759
MET:FEATURE:positive:507.2569:86.04	7831149.7437844
MET:FEATURE:positive:518.2492:86.49	314586.572962887
MET:FEATURE:positive:572.2912:83.46	5849537.84181791
MET:FEATURE:positive:620.4367:86.70	8237979.39283319
MET:FEATURE:positive:664.4628:86.94	7055951.26458379
MET:FEATURE:positive:752.5152:86.70	4282101.57753069
MET:FEATURE:positive:753.5181:86.70	1758724.9116356
MET:FEATURE:positive:344.3155:87.87	700468.398837736
MET:FEATURE:positive:347.3348:88.12	2223129.34014609
MET:FEATURE:positive:356.2793:85.57	2169855.90894902
MET:FEATURE:positive:360.3626:87.62	421162.75972736
MET:FEATURE:positive:453.2801:85.11	29853974.9614871
MET:FEATURE:positive:485.3878:87.40	2536749.00099736
MET:FEATURE:positive:489.2270:86.27	15136597.8844041
MET:FEATURE:positive:708.4891:86.70	6077244.59824308
MET:FEATURE:positive:209.1900:86.94	463334.389038708
MET:FEATURE:positive:284.2945:86.94	5424781.40599935
MET:FEATURE:positive:287.3136:87.40	2839663.89483914
MET:FEATURE:positive:335.2787:86.94	3654953.93282507
MET:FEATURE:positive:352.3054:86.94	16270569.9158266
MET:FEATURE:positive:392.3310:88.12	2676151.67118275
MET:FEATURE:positive:400.3055:86.04	12065110.9325081
MET:FEATURE:positive:444.3317:86.04	16602619.1606522
MET:FEATURE:positive:452.2767:84.86	126435136.089133
MET:FEATURE:positive:466.2927:87.87	11488300.7313195
MET:FEATURE:positive:467.2962:88.12	2669913.37204101
MET:FEATURE:positive:473.3769:88.12	2912014.70544102
MET:FEATURE:positive:488.2750:88.12	707155.671970125
MET:FEATURE:positive:502.4123:88.59	139339.312025276
MET:FEATURE:positive:511.2866:88.12	375472.848147271
MET:FEATURE:positive:537.3357:87.87	3371133.21462871
MET:FEATURE:positive:576.4104:86.70	8732764.99537371
MET:FEATURE:positive:585.3035:87.62	1092984.7974607
MET:FEATURE:positive:314.1466:81.23	1716489.76825131
MET:FEATURE:positive:346.3314:88.12	10196164.491952
MET:FEATURE:positive:488.3582:86.49	11294158.0816182
MET:FEATURE:positive:495.3270:84.64	94901100.329754
MET:FEATURE:positive:506.2535:86.27	23849930.1476551
MET:FEATURE:positive:571.2877:83.46	20233884.1282492
MET:FEATURE:positive:305.2687:89.27	189747.852523539
MET:FEATURE:positive:325.2738:87.62	1662978.80087817
MET:FEATURE:positive:396.3317:87.15	16132932.4071299
MET:FEATURE:positive:496.2674:85.11	24730037.1024821
MET:FEATURE:positive:510.2835:88.12	1915710.93714035
MET:FEATURE:positive:224.0116:44.69	16661331.171053
MET:FEATURE:positive:322.2952:89.52	595726.172520413
MET:FEATURE:positive:330.3366:89.06	1388950.20286785
MET:FEATURE:positive:814.2421:89.27	1015764.73229748
MET:FEATURE:positive:313.2738:91.18	952946.663167649
MET:FEATURE:positive:366.3199:89.92	1203905.51463592
MET:FEATURE:positive:766.5310:90.68	1366117.05113255
MET:FEATURE:positive:722.5049:90.93	1778761.92189468
MET:FEATURE:positive:358.3674:90.13	888845.449631443
MET:FEATURE:positive:414.3212:90.13	1429508.9755493
MET:FEATURE:positive:522.2901:90.35	1469034.09823758
MET:FEATURE:positive:312.3624:90.35	896738.691804786
MET:FEATURE:positive:522.2739:90.35	1893484.79576712
MET:FEATURE:positive:522.4372:90.35	1758631.06985999
MET:FEATURE:positive:840.2580:90.35	3665559.06129681
MET:FEATURE:positive:130.5872:90.68	381200.212448193
MET:FEATURE:positive:455.2951:91.18	955668.185780698
MET:FEATURE:positive:518.2631:91.18	596530.33810725
MET:FEATURE:positive:480.2364:90.93	1197393.11831422
MET:FEATURE:positive:482.3143:90.93	7779611.94588445
MET:FEATURE:positive:545.3402:90.68	1553212.97215992
MET:FEATURE:positive:824.2852:90.68	1840614.87940338
MET:FEATURE:positive:120.0757:91.18	194905.752422723
MET:FEATURE:positive:480.3803:91.18	999931.776612412
MET:FEATURE:positive:782.2383:91.58	1024441.94520992
MET:FEATURE:positive:354.4090:91.83	730091.954202875
MET:FEATURE:positive:410.3468:90.13	566984.097782732
MET:FEATURE:positive:481.3116:91.18	40872809.1319199
MET:FEATURE:positive:520.3993:92.33	1497212.15657938
MET:FEATURE:positive:527.3068:91.58	336391.469437766
MET:FEATURE:positive:421.3586:92.33	180363.273286268
MET:FEATURE:positive:509.3429:87.87	6640728.07309338
MET:FEATURE:positive:270.2425:92.55	130559.715768699
MET:FEATURE:positive:430.3892:91.58	841834.655760631
MET:FEATURE:positive:229.2163:92.55	200447.214415192
MET:FEATURE:positive:257.1900:92.55	153402.318017425
MET:FEATURE:positive:322.2946:90.68	353069.664236959
MET:FEATURE:positive:494.3237:84.64	342539182.403474
MET:FEATURE:positive:496.3395:90.35	52471992.4349318
MET:FEATURE:positive:497.3429:90.35	14675288.844334
MET:FEATURE:positive:511.3590:93.01	875575.580860537
MET:FEATURE:positive:544.3369:90.93	5480323.50323712
MET:FEATURE:positive:510.3553:93.01	3040660.73140868
MET:FEATURE:positive:546.2801:92.08	2308731.08541732
MET:FEATURE:positive:831.6222:93.26	222951.796143375
MET:FEATURE:positive:314.3417:92.08	1461886.3509629
MET:FEATURE:positive:468.4412:93.01	1664191.25611711
MET:FEATURE:positive:568.2612:93.01	236444.76250438
MET:FEATURE:positive:499.2853:92.33	1430790.46517556
MET:FEATURE:positive:526.3039:91.58	2723972.22854433
MET:FEATURE:positive:458.3478:90.93	1521730.59809195
MET:FEATURE:positive:512.4156:93.92	945556.457256126
MET:FEATURE:positive:578.2177:92.55	913347.712485871
MET:FEATURE:positive:600.4687:93.48	582773.964448335
MET:FEATURE:positive:425.3662:94.31	334482.221106756
MET:FEATURE:positive:454.2927:90.93	4674738.16719299
MET:FEATURE:positive:514.2012:93.26	186429.566724285
MET:FEATURE:positive:522.3553:90.68	268653532.48381
MET:FEATURE:positive:524.2985:91.58	50975991.1457157
MET:FEATURE:positive:525.3017:91.58	14221902.0822227
MET:FEATURE:positive:431.3157:94.56	355302.499416836
MET:FEATURE:positive:582.3117:92.33	2892936.20015309
MET:FEATURE:positive:381.3399:94.56	374117.426947407
MET:FEATURE:positive:421.3348:94.31	609661.675025607
MET:FEATURE:positive:523.3585:90.68	80187599.4761692
MET:FEATURE:positive:574.3074:92.80	1995610.82749463
MET:FEATURE:positive:311.2576:83.46	27601891.8562942
MET:FEATURE:positive:502.2901:91.83	4880536.49599768
MET:FEATURE:positive:319.2841:94.82	353518.782433263
MET:FEATURE:positive:437.2660:94.82	338778.939583744
MET:FEATURE:positive:506.3760:95.07	686964.106368407
MET:FEATURE:positive:556.4421:94.56	770585.093293641
MET:FEATURE:positive:356.2585:95.50	253594.210738822
MET:FEATURE:positive:546.3525:95.72	1497410.13193598
MET:FEATURE:positive:552.3928:95.50	148991.247340784
MET:FEATURE:positive:553.2772:83.97	10060776.1130095
MET:FEATURE:positive:460.3137:95.32	2665420.41520681
MET:FEATURE:positive:477.3404:95.72	624450.783278233
MET:FEATURE:positive:622.3045:93.73	1027210.25944715
MET:FEATURE:positive:827.3043:95.97	212139.228266613
MET:FEATURE:positive:420.3319:94.56	2787144.69617071
MET:FEATURE:positive:490.3527:95.50	1019737.08650017
MET:FEATURE:positive:518.3842:95.50	2359782.90436831
MET:FEATURE:positive:519.3875:95.32	989301.123789196
MET:FEATURE:positive:532.3621:95.50	1664433.63023394
MET:FEATURE:positive:532.3991:95.50	3250887.95101966
MET:FEATURE:positive:533.4026:95.72	1173414.57958649
MET:FEATURE:positive:569.3085:96.43	390945.028302228
MET:FEATURE:positive:810.3227:95.97	353828.328246065
MET:FEATURE:positive:826.3010:95.97	635189.536481375
MET:FEATURE:positive:497.2673:95.72	546374.904309184
MET:FEATURE:positive:508.3841:95.50	371567.07621882
MET:FEATURE:positive:551.3903:95.72	969513.126820755
MET:FEATURE:positive:633.4757:96.43	461565.215678627
MET:FEATURE:positive:424.3632:94.56	1738796.5690164
MET:FEATURE:positive:468.3897:94.56	1274435.54653816
MET:FEATURE:positive:525.3744:95.97	6674555.19840737
MET:FEATURE:positive:842.2739:95.97	1295217.07371615
MET:FEATURE:positive:316.2352:95.72	1289540.60345729
MET:FEATURE:positive:334.2456:95.97	498525.074400977
MET:FEATURE:positive:347.2579:95.97	815196.047483722
MET:FEATURE:positive:467.3130:96.22	843803.1668313
MET:FEATURE:positive:551.4344:97.59	297117.643627132
MET:FEATURE:positive:270.2791:96.90	244751.704745034
MET:FEATURE:positive:490.3891:96.22	435036.72512499
MET:FEATURE:positive:505.3718:95.50	3897200.5430656
MET:FEATURE:positive:524.3710:95.97	22418779.1079477
MET:FEATURE:positive:550.3871:95.97	2932860.51650994
MET:FEATURE:positive:570.4576:96.43	589284.051463868
MET:FEATURE:positive:571.4613:97.15	149037.051734983
MET:FEATURE:positive:332.2583:96.69	707772.404454048
MET:FEATURE:positive:468.3166:96.69	172253.235406574
MET:FEATURE:positive:556.2961:92.33	2504543.85089758
MET:FEATURE:positive:616.3462:91.58	2485095.63038495
MET:FEATURE:positive:459.3102:95.32	9486149.2172387
MET:FEATURE:positive:563.4291:97.34	3401656.79568522
MET:FEATURE:positive:296.2582:97.34	345736.746571836
MET:FEATURE:positive:476.3372:95.97	2301067.17783626
MET:FEATURE:positive:504.3683:95.50	11038344.2436117
MET:FEATURE:positive:527.4353:97.15	224693.782488658
MET:FEATURE:positive:380.3370:94.56	2441688.06892473
MET:FEATURE:positive:483.4089:97.34	269899.260907345
MET:FEATURE:positive:526.4315:97.34	809843.86752905
MET:FEATURE:positive:614.4845:97.84	366447.064356047
MET:FEATURE:positive:694.5096:98.03	468406.551809767
MET:FEATURE:positive:333.2424:95.97	2260115.04233401
MET:FEATURE:positive:370.4315:98.03	279990.39824411
MET:FEATURE:positive:562.4257:97.59	8713109.42271517
MET:FEATURE:positive:335.2583:98.46	54151.9928793103
MET:FEATURE:positive:511.3901:98.46	393145.515540046
MET:FEATURE:positive:350.3265:97.34	881671.549681601
MET:FEATURE:positive:438.3792:97.59	1273726.13063639
MET:FEATURE:positive:547.4029:98.46	751642.16556263
MET:FEATURE:positive:600.3228:91.83	6315210.11736776
MET:FEATURE:positive:394.3526:97.59	1326013.7698146
MET:FEATURE:positive:508.1890:95.97	407704.504065459
MET:FEATURE:positive:229.1993:99.11	107274.970375542
MET:FEATURE:positive:237.2213:97.59	616666.983147953
MET:FEATURE:positive:257.2583:99.11	170873.741308105
MET:FEATURE:positive:621.3009:93.26	3997643.15070745
MET:FEATURE:positive:399.3259:99.11	384305.606241282
MET:FEATURE:positive:273.2575:99.11	320819.463160835
MET:FEATURE:positive:624.3192:99.89	427875.788362068
MET:FEATURE:positive:480.3082:91.18	160938756.980967
MET:FEATURE:positive:315.2317:95.72	5150163.38717537
MET:FEATURE:positive:338.3058:100.14	96612.1071942362
MET:FEATURE:positive:577.4448:100.36	11426766.9095495
MET:FEATURE:positive:327.3164:100.66	94039.5813927751
MET:FEATURE:positive:341.3049:100.14	1076682.44195398
MET:FEATURE:positive:550.4318:98.46	1765960.95563177
MET:FEATURE:positive:498.2829:92.33	6394063.99168865
MET:FEATURE:positive:512.5038:100.66	1340785.35509076
MET:FEATURE:positive:570.1894:101.85	116165.666807511
MET:FEATURE:positive:584.4742:101.41	457006.034270658
MET:FEATURE:positive:602.3382:99.67	1518170.1992011
MET:FEATURE:positive:645.2981:99.89	313917.415577304
MET:FEATURE:positive:313.2733:92.08	1728274.63735657
MET:FEATURE:positive:369.4283:98.71	2605805.27351404
MET:FEATURE:positive:530.3757:101.85	1632939.23444694
MET:FEATURE:positive:540.4472:101.41	646782.719997476
MET:FEATURE:positive:364.3419:102.10	762069.518776831
MET:FEATURE:positive:429.3005:102.50	217064.628186538
MET:FEATURE:positive:433.2774:101.60	135873.740868912
MET:FEATURE:positive:496.4211:101.60	760878.384476591
MET:FEATURE:positive:443.3515:100.66	548501.214673475
MET:FEATURE:positive:344.3241:101.16	768708.507862425
MET:FEATURE:positive:427.3207:99.89	4923105.0870361
MET:FEATURE:positive:430.3394:101.16	652812.652700197
MET:FEATURE:positive:584.3276:99.89	1857108.05823296
MET:FEATURE:positive:452.3944:101.85	949700.018239243
MET:FEATURE:positive:732.4143:103.18	2331063.49040157
MET:FEATURE:positive:740.5520:102.71	1123131.57741866
MET:FEATURE:positive:387.2560:103.43	587235.919128824
MET:FEATURE:positive:492.3718:102.71	1185370.02483958
MET:FEATURE:positive:326.3135:101.16	1148109.3832949
MET:FEATURE:positive:608.4739:103.43	634986.762597065
MET:FEATURE:positive:652.4999:103.18	1296725.4143302
MET:FEATURE:positive:696.5258:103.18	1476846.13340164
MET:FEATURE:positive:934.6404:103.18	3053966.5198638
MET:FEATURE:positive:343.3206:101.16	3703308.71701519
MET:FEATURE:positive:564.4476:103.43	524656.096680038
MET:FEATURE:positive:648.4602:103.43	1131834.56735231
MET:FEATURE:positive:935.6438:103.43	1866878.55598718
MET:FEATURE:positive:647.5697:103.84	2279077.53080608
MET:FEATURE:positive:541.5387:103.84	534367.377221106
MET:FEATURE:positive:648.5732:103.84	961614.099398756
MET:FEATURE:positive:325.3102:101.16	5225700.47028197
MET:FEATURE:positive:617.5369:102.97	601999.674219534
MET:FEATURE:positive:626.5914:104.23	5714309.57247779
MET:FEATURE:positive:368.4249:98.71	10091942.0821029
MET:FEATURE:positive:582.2077:103.84	1360177.0198005
MET:FEATURE:positive:616.5338:102.71	1668714.46211022
MET:FEATURE:positive:735.4765:105.36	452317.287983962
MET:FEATURE:positive:383.3518:105.36	335869.796319468
MET:FEATURE:positive:540.5354:104.67	1482093.80631197
MET:FEATURE:positive:466.4104:105.91	351378.184143482
MET:FEATURE:positive:712.4912:105.36	9675892.95599425
MET:FEATURE:positive:220.1775:105.91	369774.41301456
MET:FEATURE:positive:554.5510:105.36	640229.019872181
MET:FEATURE:positive:713.4947:105.66	4332369.67718326
MET:FEATURE:positive:601.3347:99.67	5503696.98932736
MET:FEATURE:positive:625.5880:104.23	13097588.9283859
MET:FEATURE:positive:255.2317:97.84	2457982.25946074
MET:FEATURE:positive:378.3577:106.13	379742.13498839
MET:FEATURE:positive:392.2872:107.06	1312094.09883713
MET:FEATURE:positive:581.3086:92.33	9996266.83944579
MET:FEATURE:positive:154.0498:97.84	2020335.68394498
MET:FEATURE:positive:626.5389:107.42	372915.740483557
MET:FEATURE:positive:393.2912:106.85	172377.67092925
MET:FEATURE:positive:409.3101:102.71	3014687.18301161
MET:FEATURE:positive:429.3362:100.36	2628884.29378323
MET:FEATURE:positive:503.3771:107.06	147180.356023704
MET:FEATURE:positive:573.3033:92.33	8261716.88711029
MET:FEATURE:positive:642.6299:107.06	370235.133362145
MET:FEATURE:positive:448.9448:111.40	2697400.99550471
MET:FEATURE:positive:547.3741:107.42	618469.003657629
MET:FEATURE:positive:801.5526:106.13	12253231.4367312
MET:FEATURE:positive:802.5558:106.13	6670635.95964859
MET:FEATURE:positive:269.2474:105.91	1218488.76026501
MET:FEATURE:positive:371.3155:107.67	1886447.56190217
MET:FEATURE:positive:393.3151:102.97	6602348.7287463
MET:FEATURE:positive:518.3757:107.42	984066.654301621
MET:FEATURE:positive:546.3706:107.42	1968242.97218693
MET:FEATURE:positive:575.4421:107.42	1018425.17460866
MET:FEATURE:positive:628.5487:107.67	194444.303788926
MET:FEATURE:positive:372.3189:107.25	387606.442397624
MET:FEATURE:positive:555.2929:92.33	8926186.45511693
MET:FEATURE:positive:574.4383:107.42	2609878.74893247
MET:FEATURE:positive:228.1957:99.11	1374067.83693795
MET:FEATURE:positive:391.2837:107.06	5838601.99225864
MET:FEATURE:positive:561.4261:107.42	2393494.43472974
MET:FEATURE:positive:283.2630:101.16	1709962.45993399
MET:FEATURE:positive:473.3178:107.67	10478929.6364745
MET:FEATURE:positive:476.3290:108.10	3636970.17163531
MET:FEATURE:positive:547.4104:107.67	7412714.59980483
MET:FEATURE:positive:219.1742:106.13	2460289.33718194
MET:FEATURE:positive:474.3212:107.67	3454424.28464952
MET:FEATURE:positive:477.3324:108.10	1098569.2668884
MET:FEATURE:positive:459.3021:108.10	3701175.22873286
MET:FEATURE:positive:754.2379:108.67	689351.310206703
MET:FEATURE:positive:395.3630:108.89	589523.949642149
MET:FEATURE:positive:699.4757:109.06	627251.060543466
MET:FEATURE:positive:125.0537:108.89	217991.480747145
MET:FEATURE:positive:394.3024:108.89	2374561.50553787
MET:FEATURE:positive:489.3125:108.28	1542388.83854715
MET:FEATURE:positive:698.4728:109.06	1649622.20092221
MET:FEATURE:positive:811.1048:109.06	304453.607177999
MET:FEATURE:positive:279.1589:82.34	6971975.90614156
MET:FEATURE:positive:650.4755:108.89	960413.663823921
MET:FEATURE:positive:738.2660:108.89	1226693.64233334
MET:FEATURE:positive:978.4209:109.06	652734.449722507
MET:FEATURE:positive:395.2555:109.06	767771.333538077
MET:FEATURE:positive:532.3912:108.10	8598195.71133479
MET:FEATURE:positive:658.5691:109.53	286422.155396071
MET:FEATURE:positive:678.4978:109.06	1583717.0218356
MET:FEATURE:positive:199.0902:109.28	453304.190578337
MET:FEATURE:positive:414.3442:109.28	404086.237828911
MET:FEATURE:positive:533.3945:108.10	3304743.61227626
MET:FEATURE:positive:546.4071:107.67	20214728.7914361
MET:FEATURE:positive:704.5131:109.53	1548586.66319414
MET:FEATURE:positive:724.4885:109.53	1567770.08694864
MET:FEATURE:positive:725.4919:109.53	656912.178464999
MET:FEATURE:positive:266.1769:109.06	515574.571777404
MET:FEATURE:positive:465.3941:110.00	166141.288178567
MET:FEATURE:positive:644.1442:110.46	439036.068662035
MET:FEATURE:positive:729.5255:110.97	685489.66412708
MET:FEATURE:positive:153.0417:109.28	424407.373943589
MET:FEATURE:positive:722.1939:110.71	328574.565487151
MET:FEATURE:positive:488.1940:110.97	320463.630015382
MET:FEATURE:positive:599.3191:91.83	20444046.3354991
MET:FEATURE:positive:629.4695:110.97	463106.925053719
MET:FEATURE:positive:629.8037:110.97	234265.538451373
MET:FEATURE:positive:643.8104:110.46	436521.828111398
MET:FEATURE:positive:677.4945:109.28	6423694.78691305
MET:FEATURE:positive:707.5186:110.97	522997.049722977
MET:FEATURE:positive:740.5223:111.15	4105387.19591129
MET:FEATURE:positive:785.2308:110.97	132878.438587092
MET:FEATURE:positive:297.1996:109.28	1034957.44993188
MET:FEATURE:positive:413.3419:110.00	808953.226522565
MET:FEATURE:positive:692.5095:111.40	862689.299875445
MET:FEATURE:positive:714.5066:111.15	4295371.68040664
MET:FEATURE:positive:728.5223:110.97	1845218.04680651
MET:FEATURE:positive:487.3337:110.97	622197.298569902
MET:FEATURE:positive:715.5100:110.97	1970013.03991153
MET:FEATURE:positive:340.2923:91.58	7308532.39795718
MET:FEATURE:positive:506.3878:111.15	388105.719588663
MET:FEATURE:positive:560.4229:107.84	7079259.96450187
MET:FEATURE:positive:614.7942:111.40	396611.686993099
MET:FEATURE:positive:677.8329:111.77	683823.357801692
MET:FEATURE:positive:693.1778:111.40	375517.465108625
MET:FEATURE:positive:707.1839:111.15	441792.368237564
MET:FEATURE:positive:523.6006:111.58	319052.905262814
MET:FEATURE:positive:614.4591:111.58	325025.574575431
MET:FEATURE:positive:635.4467:111.58	862058.178729785
MET:FEATURE:positive:868.6459:112.23	832190.589450708
MET:FEATURE:positive:282.2790:99.11	2253616.99386627
MET:FEATURE:positive:522.5972:111.58	871163.708406
MET:FEATURE:positive:663.8263:111.98	565987.917252109
MET:FEATURE:positive:676.4911:109.28	17338645.7036492
MET:FEATURE:positive:661.4638:112.23	835520.625206051
MET:FEATURE:positive:678.1675:111.77	908879.57631106
MET:FEATURE:positive:648.4825:112.42	775338.228018207
MET:FEATURE:positive:649.4843:112.42	222998.046453515
MET:FEATURE:positive:663.1579:112.23	798600.054550947
MET:FEATURE:positive:691.5106:112.42	1140986.15179624
MET:FEATURE:positive:726.5308:112.63	705292.345530889
MET:FEATURE:positive:727.1990:112.42	497571.14723279
MET:FEATURE:positive:741.8758:112.23	426390.404082693
MET:FEATURE:positive:869.6497:112.42	431678.032817793
MET:FEATURE:positive:648.8167:112.42	892958.835618281
MET:FEATURE:positive:649.1506:112.63	527924.52230657
MET:FEATURE:positive:660.4601:112.23	2242858.80172798
MET:FEATURE:positive:719.5318:112.63	1228576.10014084
MET:FEATURE:positive:741.2062:112.23	541593.202189789
MET:FEATURE:positive:754.4773:112.63	661535.59063319
MET:FEATURE:positive:869.1475:112.63	896135.154424835
MET:FEATURE:positive:153.0486:109.28	4188912.42481941
MET:FEATURE:positive:633.8067:112.89	713086.13577889
MET:FEATURE:positive:671.4697:112.63	261235.578723442
MET:FEATURE:positive:711.8556:112.89	888404.820109782
MET:FEATURE:positive:726.8647:112.42	860355.764289804
MET:FEATURE:positive:386.2483:111.40	4781035.90581069
MET:FEATURE:positive:642.4361:112.42	2015448.22318568
MET:FEATURE:positive:790.2384:112.89	424225.256729494
MET:FEATURE:positive:589.4257:112.89	421848.647115321
MET:FEATURE:positive:712.1900:112.89	1116401.2426818
MET:FEATURE:positive:775.5639:113.14	531943.286282188
MET:FEATURE:positive:407.3788:113.14	1005612.35046772
MET:FEATURE:positive:678.4335:113.14	332700.687338197
MET:FEATURE:positive:682.8390:113.82	1250897.61758491
MET:FEATURE:positive:167.0641:109.06	1957477.69679126
MET:FEATURE:positive:411.3256:106.38	13039660.3740429
MET:FEATURE:positive:634.1410:113.14	831005.852468439
MET:FEATURE:positive:697.8486:113.35	732965.414450624
MET:FEATURE:positive:742.5379:113.82	1166376.10824797
MET:FEATURE:positive:746.5474:114.07	577957.293507413
MET:FEATURE:positive:185.0747:109.28	2291090.99654337
MET:FEATURE:positive:313.1432:81.23	9038196.36120737
MET:FEATURE:positive:411.3831:114.07	836650.845682574
MET:FEATURE:positive:583.3242:99.67	5976315.18672286
MET:FEATURE:positive:604.4555:114.32	616041.308402876
MET:FEATURE:positive:604.7906:114.32	562954.565460967
MET:FEATURE:positive:619.1312:113.60	568669.153612111
MET:FEATURE:positive:668.4981:114.07	763707.360165749
MET:FEATURE:positive:668.8323:114.32	285039.858323292
MET:FEATURE:positive:683.1735:113.60	866936.661824835
MET:FEATURE:positive:684.6496:113.60	207807.005621694
MET:FEATURE:positive:697.1801:113.35	924819.874631999
MET:FEATURE:positive:697.5151:113.35	1197581.15510325
MET:FEATURE:positive:745.8779:114.07	760919.639605101
MET:FEATURE:positive:897.6668:114.32	870923.088782522
MET:FEATURE:positive:900.6460:114.07	134352.776734455
MET:FEATURE:positive:265.1733:109.28	3697899.90451903
MET:FEATURE:positive:339.3450:114.07	1839974.30936441
MET:FEATURE:positive:385.2452:111.40	22043132.4413216
MET:FEATURE:positive:548.4341:113.35	1529259.16988813
MET:FEATURE:positive:605.1248:114.32	425425.824618187
MET:FEATURE:positive:619.4661:113.82	704279.846055158
MET:FEATURE:positive:653.1542:114.57	1040915.92379924
MET:FEATURE:positive:667.8299:114.32	1223039.142228
MET:FEATURE:positive:746.2128:114.32	1095397.01140403
MET:FEATURE:positive:760.8875:114.07	689760.546032214
MET:FEATURE:positive:182.9851:44.44	30941826.0644704
MET:FEATURE:positive:182.9851:73.53	26039158.6230085
MET:FEATURE:positive:182.9851:60.86	21484847.2593521
MET:FEATURE:positive:182.9851:70.14	10145383.8504256
MET:FEATURE:positive:204.0866:19.15	62605430.5169256
MET:FEATURE:positive:339.2890:91.58	31317270.7382216
MET:FEATURE:positive:396.3125:109.28	35684370.7934731
MET:FEATURE:positive:397.3153:109.28	5460122.47095838
MET:FEATURE:positive:653.4886:114.82	1169270.54979653
MET:FEATURE:positive:654.1572:114.82	292301.318580865
MET:FEATURE:positive:898.1683:114.57	1043317.68801949
MET:FEATURE:positive:898.6701:114.57	689292.459641656
MET:FEATURE:positive:186.2216:51.30	122090762.109211
MET:FEATURE:positive:186.2216:75.21	65796961.436668
MET:FEATURE:positive:186.2217:13.03	9237025.21811044
MET:FEATURE:positive:186.2216:27.47	15662532.0479318
MET:FEATURE:positive:653.8220:114.82	775698.973388062
MET:FEATURE:positive:668.1638:114.32	1412531.7151654
MET:FEATURE:positive:794.9105:115.01	745728.671790316
MET:FEATURE:positive:638.4781:115.62	1108157.08771607
MET:FEATURE:positive:365.3144:77.02	70025258.8279293
MET:FEATURE:positive:135.0804:65.41	16726890.476186
MET:FEATURE:positive:135.0806:73.90	6908347.69374993
MET:FEATURE:positive:679.5104:116.00	2896875.28325748
MET:FEATURE:positive:927.1886:116.39	2006686.4207557
MET:FEATURE:positive:701.8529:116.00	1701439.07933868
MET:FEATURE:positive:706.5293:116.18	5433374.41536092
MET:FEATURE:positive:246.9840:116.64	320380.262319888
MET:FEATURE:positive:673.1704:116.82	1563695.36085507
MET:FEATURE:positive:678.5064:116.18	7807817.57393087
MET:FEATURE:positive:687.8469:116.39	1193046.97251147
MET:FEATURE:positive:726.5044:116.18	2077726.07237823
MET:FEATURE:positive:730.3628:116.39	2894623.46910435
MET:FEATURE:positive:731.6481:116.39	3215256.35167049
MET:FEATURE:positive:741.5232:116.64	3104083.40987807
MET:FEATURE:positive:730.4015:116.64	9049836.28472694
MET:FEATURE:positive:731.4044:116.64	4153209.91554386
MET:FEATURE:positive:734.5508:116.64	4891014.12691707
MET:FEATURE:positive:182.8832:116.64	436068.752077206
MET:FEATURE:positive:730.7114:116.64	3068144.24159031
MET:FEATURE:positive:658.1591:117.90	1760084.27323299
MET:FEATURE:positive:735.8757:117.04	1935965.75795875
MET:FEATURE:positive:742.0239:116.64	3083802.45287901
MET:FEATURE:positive:750.8807:116.39	2187994.65131999
MET:FEATURE:positive:182.6322:116.64	1684606.00929985
MET:FEATURE:positive:730.6447:116.64	7892968.2157125
MET:FEATURE:positive:731.6755:116.64	4090448.49588574
MET:FEATURE:positive:749.5101:116.64	7141446.08262997
MET:FEATURE:positive:750.0124:116.64	6577807.98350995
MET:FEATURE:positive:657.8267:117.72	1704963.27151547
MET:FEATURE:positive:658.8285:117.72	465407.542903995
MET:FEATURE:positive:721.5328:117.47	2772411.27563273
MET:FEATURE:positive:730.6720:116.64	9727580.48054535
MET:FEATURE:positive:733.5461:116.64	32230848.7350412
MET:FEATURE:positive:754.5243:116.64	6921826.27681881
MET:FEATURE:positive:768.4931:116.64	7804155.58448387
MET:FEATURE:positive:799.2474:117.21	1106627.20968043
MET:FEATURE:positive:468.4123:117.90	656241.067210752
MET:FEATURE:positive:705.5257:116.39	24485356.1281405
MET:FEATURE:positive:769.8955:118.15	1757973.21479966
MET:FEATURE:positive:799.9157:117.47	926459.4721484
MET:FEATURE:positive:494.4277:117.90	359809.698547438
MET:FEATURE:positive:658.4954:117.90	1430343.23746468
MET:FEATURE:positive:721.1983:117.90	1874211.48811686
MET:FEATURE:positive:753.5222:116.64	27404868.1191797
MET:FEATURE:positive:756.5541:118.32	3351722.71840941
MET:FEATURE:positive:770.2312:118.32	1837345.3395263
MET:FEATURE:positive:834.2743:118.54	296470.470316642
MET:FEATURE:positive:956.2101:118.15	1867652.013811
MET:FEATURE:positive:291.1953:118.54	352498.865843252
MET:FEATURE:positive:643.8195:118.32	1601701.7936886
MET:FEATURE:positive:704.5220:116.39	57456914.8825702
MET:FEATURE:positive:706.8577:118.15	3295650.39424282
MET:FEATURE:positive:707.1927:118.15	1800107.053195
MET:FEATURE:positive:818.9293:118.71	1006505.53458526
MET:FEATURE:positive:493.4249:118.15	1380275.33371794
MET:FEATURE:positive:551.6317:118.32	1392689.06143825
MET:FEATURE:positive:691.8479:118.54	2453078.70274652
MET:FEATURE:positive:519.4407:118.54	949748.639418311
MET:FEATURE:positive:550.6283:118.54	3531662.2537015
MET:FEATURE:positive:643.4848:118.54	1394256.51367851
MET:FEATURE:positive:692.1828:118.54	2784028.33376915
MET:FEATURE:positive:756.2241:119.11	702230.222391751
MET:FEATURE:positive:770.5655:118.54	1692541.61425982
MET:FEATURE:positive:818.5950:119.11	895386.540274114
MET:FEATURE:positive:955.7088:118.54	1882264.68361946
MET:FEATURE:positive:338.3414:114.32	9721222.98719082
MET:FEATURE:positive:467.4092:117.90	2707748.1665888
MET:FEATURE:positive:655.2293:119.72	337065.561663741
MET:FEATURE:positive:666.2348:119.50	395518.300509898
MET:FEATURE:positive:692.5175:119.11	2695648.54792352
MET:FEATURE:positive:706.5253:118.15	2993409.55944837
MET:FEATURE:positive:755.2216:118.71	2100614.97496602
MET:FEATURE:positive:755.5566:119.11	2444071.06440047
MET:FEATURE:positive:677.1732:119.50	2496100.96962587
MET:FEATURE:positive:741.2145:119.32	2336757.22192253
MET:FEATURE:positive:833.2710:119.11	728588.227248745
MET:FEATURE:positive:662.4741:119.97	5372417.07245249
MET:FEATURE:positive:755.8903:119.32	1778013.97343918
MET:FEATURE:positive:110.0467:120.37	82060.4312755839
MET:FEATURE:positive:172.1207:120.15	405717.264282542
MET:FEATURE:positive:732.5434:116.64	172989713.112109
MET:FEATURE:positive:790.2480:120.15	963524.80511743
MET:FEATURE:positive:366.3731:120.37	442909.625785822
MET:FEATURE:positive:677.5068:119.50	3337110.40945525
MET:FEATURE:positive:726.4466:120.15	3104690.61911025
MET:FEATURE:positive:726.5398:120.15	2254571.74358646
MET:FEATURE:positive:726.8736:120.15	1265515.12620282
MET:FEATURE:positive:740.8804:119.50	3289998.16543343
MET:FEATURE:positive:752.5187:116.64	60780414.7642239
MET:FEATURE:positive:804.2544:119.72	2159515.43355831
MET:FEATURE:positive:985.7305:120.37	1432689.6136341
MET:FEATURE:positive:644.2211:120.55	481310.849626663
MET:FEATURE:positive:712.4786:120.15	2469161.52121451
MET:FEATURE:positive:838.2748:120.80	1401744.67216578
MET:FEATURE:positive:186.1366:120.55	152312.449455703
MET:FEATURE:positive:721.5469:120.55	1892781.2212998
MET:FEATURE:positive:726.2051:120.15	3801900.14497746
MET:FEATURE:positive:740.5177:120.97	3200788.65996859
MET:FEATURE:positive:747.5629:120.55	4617803.50549716
MET:FEATURE:positive:789.9133:120.15	2021367.47671043
MET:FEATURE:positive:662.8320:120.37	4841437.51546101
MET:FEATURE:positive:725.8707:120.15	3590870.22891002
MET:FEATURE:positive:984.7290:120.37	2194204.22897872
MET:FEATURE:positive:991.4251:120.37	2473391.27173006
MET:FEATURE:positive:691.4997:120.37	6796426.57626869
MET:FEATURE:positive:730.5373:116.64	1460982681.60017
MET:FEATURE:positive:767.5380:120.80	4667782.70070991
MET:FEATURE:positive:775.2379:120.97	2687089.09670243
MET:FEATURE:positive:808.5914:121.80	1218722.2191764
MET:FEATURE:positive:850.5451:120.97	890344.522510171
MET:FEATURE:positive:663.1671:120.37	3041202.01900235
MET:FEATURE:positive:711.8644:120.80	3165938.35631212
MET:FEATURE:positive:760.5631:121.22	2543330.83691323
MET:FEATURE:positive:985.2315:120.37	2490185.98639313
MET:FEATURE:positive:633.4668:121.22	394914.684791294
MET:FEATURE:positive:669.7393:121.61	532762.991830977
MET:FEATURE:positive:720.5445:120.55	10383436.7559189
MET:FEATURE:positive:774.9028:120.80	3871000.55245538
MET:FEATURE:positive:789.5781:120.37	2867888.88407193
MET:FEATURE:positive:690.4972:120.37	36183525.1066941
MET:FEATURE:positive:711.5306:120.80	3678650.86522279
MET:FEATURE:positive:718.5379:120.55	96911759.877498
MET:FEATURE:positive:731.5403:116.64	670611542.161388
MET:FEATURE:positive:744.4122:120.80	1339876.74926169
MET:FEATURE:positive:746.2205:122.44	1001824.25738075
MET:FEATURE:positive:774.5677:120.80	2991702.49589076
MET:FEATURE:positive:789.2437:120.37	2363820.51740279
MET:FEATURE:positive:990.4213:120.37	5123774.35653709
MET:FEATURE:positive:658.7332:122.44	629153.912503657
MET:FEATURE:positive:670.4672:122.05	3680391.16893121
MET:FEATURE:positive:766.5345:120.80	10272223.7495857
MET:FEATURE:positive:183.1187:122.22	71647.3577118007
MET:FEATURE:positive:669.9920:122.05	433951.48667286
MET:FEATURE:positive:696.5202:121.61	3806756.02599398
MET:FEATURE:positive:711.4743:120.97	8186662.15705
MET:FEATURE:positive:731.8805:122.69	342377.986527141
MET:FEATURE:positive:759.8928:121.40	3389380.37389132
MET:FEATURE:positive:823.2681:122.05	533141.564582535
MET:FEATURE:positive:625.6327:122.69	188497.023982176
MET:FEATURE:positive:671.4717:122.22	1458098.86108243
MET:FEATURE:positive:697.1883:121.61	2896522.70293811
MET:FEATURE:positive:697.8557:122.05	388809.442504834
MET:FEATURE:positive:710.4725:120.37	26895481.8698569
MET:FEATURE:positive:711.1952:120.80	3651590.14863385
MET:FEATURE:positive:719.5411:120.55	43021490.377007
MET:FEATURE:positive:682.8479:122.44	1601656.25568749
MET:FEATURE:positive:683.1823:122.69	620388.432870497
MET:FEATURE:positive:683.8307:122.69	651066.053754029
MET:FEATURE:positive:684.1656:122.69	346585.363724993
MET:FEATURE:positive:728.4455:120.97	648910.703730302
MET:FEATURE:positive:746.5595:120.55	26328391.2946819
MET:FEATURE:positive:760.2279:121.40	4027429.88125858
MET:FEATURE:positive:776.4442:122.44	1476978.04835903
MET:FEATURE:positive:809.2602:122.22	1672287.11514003
MET:FEATURE:positive:823.6008:121.80	1948161.60952132
MET:FEATURE:positive:481.4252:122.69	387851.368324729
MET:FEATURE:positive:624.6300:122.69	488831.054032342
MET:FEATURE:positive:696.8547:121.61	4183209.84708403
MET:FEATURE:positive:706.4642:122.22	1783994.96647174
MET:FEATURE:positive:732.4806:122.22	89491122.1356574
MET:FEATURE:positive:733.4841:122.22	38848821.7257185
MET:FEATURE:positive:734.4868:122.22	9967864.74669607
MET:FEATURE:positive:744.5530:120.55	211825956.743581
MET:FEATURE:positive:745.5562:120.80	102649132.346347
MET:FEATURE:positive:755.4654:122.44	5328936.63899288
MET:FEATURE:positive:756.4687:122.69	1240216.45487045
MET:FEATURE:positive:770.4296:122.44	4230197.57691393
MET:FEATURE:positive:771.4327:122.69	1748319.24317585
MET:FEATURE:positive:786.4001:122.69	1554401.20829874
MET:FEATURE:positive:793.4857:123.33	728736.893706305
MET:FEATURE:positive:794.5845:122.86	1980158.86516588
MET:FEATURE:positive:794.9186:122.86	1053079.29519035
MET:FEATURE:positive:857.9570:123.08	653973.209244279
MET:FEATURE:positive:447.3466:122.69	669499.990861529
MET:FEATURE:positive:647.7275:123.08	629051.280629066
MET:FEATURE:positive:682.1793:122.44	6171382.09018127
MET:FEATURE:positive:682.5138:122.44	4138206.13987384
MET:FEATURE:positive:689.4941:120.37	152078510.645091
MET:FEATURE:positive:695.2571:123.33	418019.4307135
MET:FEATURE:positive:724.4882:123.73	842693.166692414
MET:FEATURE:positive:730.5401:122.86	7268121.34161793
MET:FEATURE:positive:730.8771:122.86	4042796.43621169
MET:FEATURE:positive:731.2102:122.86	2565102.44946839
MET:FEATURE:positive:735.4901:122.22	2059145.80159361
MET:FEATURE:positive:745.2178:122.05	3422940.6983526
MET:FEATURE:positive:754.4624:122.44	12443791.2423042
MET:FEATURE:positive:779.2407:123.33	2325838.82230267
MET:FEATURE:positive:779.5752:123.50	3187203.83655905
MET:FEATURE:positive:780.2433:123.33	1185418.81594447
MET:FEATURE:positive:794.2508:122.86	3054702.77385201
MET:FEATURE:positive:808.5869:123.33	2541037.19321869
MET:FEATURE:positive:808.9257:122.44	2186246.79019507
MET:FEATURE:positive:842.6141:123.50	757839.852899362
MET:FEATURE:positive:842.9479:123.73	1135779.33946019
MET:FEATURE:positive:715.8680:123.50	3436076.10408656
MET:FEATURE:positive:716.5234:123.50	16938919.1875393
MET:FEATURE:positive:745.8869:122.05	3055157.01832922
MET:FEATURE:positive:779.9086:123.33	2349092.92660405
MET:FEATURE:positive:793.9163:122.86	2143099.04871222
MET:FEATURE:positive:828.2729:123.91	1455567.40288069
MET:FEATURE:positive:843.2839:123.73	934432.207623378
MET:FEATURE:positive:395.3091:109.28	136896767.583231
MET:FEATURE:positive:533.4565:123.33	2085838.30218458
MET:FEATURE:positive:716.8701:123.73	1241885.29334854
MET:FEATURE:positive:828.6081:124.16	1301596.51782387
MET:FEATURE:positive:681.8450:122.44	5630720.0205153
MET:FEATURE:positive:764.9003:124.34	3305871.89474305
MET:FEATURE:positive:688.4909:120.37	355735216.548432
MET:FEATURE:positive:716.2019:123.73	4351170.94633963
MET:FEATURE:positive:701.8608:124.59	4421122.9288052
MET:FEATURE:positive:701.1919:124.34	4807425.92013049
MET:FEATURE:positive:706.5369:125.22	5349608.05515787
MET:FEATURE:positive:765.2337:124.34	2838435.87849232
MET:FEATURE:positive:702.1960:124.59	1956849.46666501
MET:FEATURE:positive:735.5614:125.22	11611253.9867674
MET:FEATURE:positive:704.5123:124.97	2878904.78708823
MET:FEATURE:positive:716.5270:124.97	1653192.44765939
MET:FEATURE:positive:759.7160:125.40	3538165.43615076
MET:FEATURE:positive:189.8911:125.40	478316.874629454
MET:FEATURE:positive:677.4930:125.22	1913747.58443223
MET:FEATURE:positive:183.1365:125.40	488700.846067255
MET:FEATURE:positive:222.2309:125.40	445434.126486246
MET:FEATURE:positive:732.4172:125.40	3488638.90761426
MET:FEATURE:positive:749.8893:124.97	3883757.50533635
MET:FEATURE:positive:754.5351:125.40	19016004.7381996
MET:FEATURE:positive:755.5373:125.40	8571787.17054428
MET:FEATURE:positive:758.7131:125.62	6820038.00463547
MET:FEATURE:positive:759.4283:125.62	2976178.58556765
MET:FEATURE:positive:762.5821:125.40	4865325.57520456
MET:FEATURE:positive:765.0346:125.96	2406856.64135783
MET:FEATURE:positive:861.9594:126.35	358010.575056915
MET:FEATURE:positive:701.5269:124.76	7494656.624809
MET:FEATURE:positive:732.6617:125.40	3087882.72736333
MET:FEATURE:positive:799.2566:125.80	2292353.68400838
MET:FEATURE:positive:862.2938:125.96	1381184.69581255
MET:FEATURE:positive:732.6887:125.40	4197760.21708952
MET:FEATURE:positive:798.5884:126.18	1832583.41647375
MET:FEATURE:positive:702.5067:124.97	28051564.4207671
MET:FEATURE:positive:777.5427:125.62	3950605.44920765
MET:FEATURE:positive:782.5553:125.80	5670812.62635388
MET:FEATURE:positive:184.0736:125.62	1447051.16409447
MET:FEATURE:positive:189.6398:125.40	1666630.7785065
MET:FEATURE:positive:640.2258:127.39	626769.236954512
MET:FEATURE:positive:750.2264:125.22	4542376.38777334
MET:FEATURE:positive:761.5779:125.40	31643071.6689696
MET:FEATURE:positive:798.9203:125.96	3045831.82419547
MET:FEATURE:positive:847.9582:126.74	1495984.79718055
MET:FEATURE:positive:688.2547:127.64	374167.501240889
MET:FEATURE:positive:735.2168:126.18	3683808.29263633
MET:FEATURE:positive:735.8819:126.18	3268228.73191549
MET:FEATURE:positive:629.4675:127.39	511252.587100852
MET:FEATURE:positive:703.5097:124.97	13077642.1061611
MET:FEATURE:positive:756.5465:125.96	3255726.65564381
MET:FEATURE:positive:797.5295:125.96	1547652.21006282
MET:FEATURE:positive:689.4921:127.64	675934.624876777
MET:FEATURE:positive:721.8763:127.14	1025338.65483599
MET:FEATURE:positive:784.2475:126.96	4306154.14460366
MET:FEATURE:positive:784.9163:127.14	946456.802956871
MET:FEATURE:positive:832.6121:128.07	641141.384164286
MET:FEATURE:positive:833.2777:127.89	1395905.05890991
MET:FEATURE:positive:533.4108:127.39	7553824.67967207
MET:FEATURE:positive:534.4109:127.39	1413081.28660935
MET:FEATURE:positive:655.2368:128.47	395265.019070992
MET:FEATURE:positive:784.5830:126.96	3392065.53344988
MET:FEATURE:positive:562.4497:127.64	1394532.09457243
MET:FEATURE:positive:578.4693:127.64	1647607.86414315
MET:FEATURE:positive:769.9064:127.64	3140820.56774127
MET:FEATURE:positive:770.2400:127.64	1591545.13885706
MET:FEATURE:positive:796.5237:125.62	7151818.3600634
MET:FEATURE:positive:832.9451:127.64	2519426.89544189
MET:FEATURE:positive:721.5427:127.14	3093910.61096787
MET:FEATURE:positive:740.5560:128.69	3110786.66206226
MET:FEATURE:positive:748.5025:127.89	1135853.13046424
MET:FEATURE:positive:756.4732:128.29	1158540.37901661
MET:FEATURE:positive:767.4660:127.89	1412197.6577141
MET:FEATURE:positive:783.9133:126.96	2407805.07600158
MET:FEATURE:positive:532.4107:127.39	29781320.0547873
MET:FEATURE:positive:533.4538:128.29	592911.316548139
MET:FEATURE:positive:665.9926:128.29	826138.620961208
MET:FEATURE:positive:720.5398:127.39	6821501.2080327
MET:FEATURE:positive:720.8742:127.14	8904899.56822986
MET:FEATURE:positive:721.2083:127.39	5487066.51329561
MET:FEATURE:positive:746.4964:127.89	10796659.879279
MET:FEATURE:positive:747.4998:128.07	4543034.13154421
MET:FEATURE:positive:755.4696:128.47	3155240.36305386
MET:FEATURE:positive:769.5706:127.64	4076003.74779377
MET:FEATURE:positive:781.5537:125.62	22933654.6530295
MET:FEATURE:positive:818.9391:128.29	1180551.91134763
MET:FEATURE:positive:866.9680:129.06	1334271.64349306
MET:FEATURE:positive:881.9780:128.47	631915.364176072
MET:FEATURE:positive:523.4622:128.69	766967.079492301
MET:FEATURE:positive:576.4657:127.89	18729390.5069037
MET:FEATURE:positive:577.4692:127.89	6617705.25073837
MET:FEATURE:positive:591.4851:127.89	1256498.29350117
MET:FEATURE:positive:713.2709:128.47	628841.805160321
MET:FEATURE:positive:817.9342:128.07	2350733.20431052
MET:FEATURE:positive:831.4901:129.06	1913028.17072932
MET:FEATURE:positive:862.4252:128.88	1013318.42084847
MET:FEATURE:positive:590.4809:127.89	4128032.86758028
MET:FEATURE:positive:721.4832:128.07	1498248.91179666
MET:FEATURE:positive:740.8901:129.06	2310329.33030047
MET:FEATURE:positive:777.4530:128.47	1842576.17366222
MET:FEATURE:positive:803.4703:128.88	1937760.84799587
MET:FEATURE:positive:803.5941:128.69	3681835.87646488
MET:FEATURE:positive:819.4353:128.69	576014.445772495
MET:FEATURE:positive:851.4667:128.69	1484427.82980816
MET:FEATURE:positive:851.9579:129.27	796982.122042981
MET:FEATURE:positive:852.6269:129.46	1241412.34091475
MET:FEATURE:positive:866.6353:128.88	629516.516759149
MET:FEATURE:positive:496.4441:128.69	3862798.9820845
MET:FEATURE:positive:497.4479:128.69	548360.927421627
MET:FEATURE:positive:720.4795:127.89	3887573.64918806
MET:FEATURE:positive:734.5597:125.40	71432831.889812
MET:FEATURE:positive:769.2369:128.29	2755873.18933139
MET:FEATURE:positive:798.5131:129.06	5200133.7431602
MET:FEATURE:positive:799.5150:128.88	2321071.08274558
MET:FEATURE:positive:803.2601:128.69	3211713.93951364
MET:FEATURE:positive:804.4708:128.88	1169280.0929073
MET:FEATURE:positive:818.2703:128.07	3344359.41099731
MET:FEATURE:positive:846.4557:128.88	2133046.93077344
MET:FEATURE:positive:861.4210:128.88	2228805.6641856
MET:FEATURE:positive:754.8965:128.47	6089294.33341262
MET:FEATURE:positive:780.5504:125.62	47141266.4584964
MET:FEATURE:positive:818.6037:128.29	2268072.29659822
MET:FEATURE:positive:852.2921:129.46	1774902.88310298
MET:FEATURE:positive:759.5718:125.40	613711743.660648
MET:FEATURE:positive:827.5370:129.06	1359013.91649309
MET:FEATURE:positive:522.4596:129.06	5388048.82354999
MET:FEATURE:positive:549.4787:129.27	7688583.70472425
MET:FEATURE:positive:654.7348:129.06	943890.399617994
MET:FEATURE:positive:691.0070:129.71	650112.106761318
MET:FEATURE:positive:782.4898:129.06	2298065.86915093
MET:FEATURE:positive:803.9291:128.88	3067462.91303186
MET:FEATURE:positive:830.4864:129.06	7898690.69464354
MET:FEATURE:positive:781.4874:129.46	4684458.85198687
MET:FEATURE:positive:852.9612:129.71	842971.591504636
MET:FEATURE:positive:575.4966:130.69	5660669.54867967
MET:FEATURE:positive:755.2310:128.47	4412280.79312242
MET:FEATURE:positive:774.5876:130.69	10931839.5745154
MET:FEATURE:positive:789.2534:129.71	3721847.07218385
MET:FEATURE:positive:837.9516:130.29	1828315.07785487
MET:FEATURE:positive:608.3937:130.69	280400.380198797
MET:FEATURE:positive:739.8864:129.46	8644700.27209881
MET:FEATURE:positive:740.2209:129.46	10685782.9180164
MET:FEATURE:positive:760.5749:125.40	163255912.844255
MET:FEATURE:positive:788.5848:129.88	3582360.97195967
MET:FEATURE:positive:788.9191:129.88	5052952.48065101
MET:FEATURE:positive:845.4523:129.06	5137838.03902665
MET:FEATURE:positive:851.9549:130.29	946846.459273286
MET:FEATURE:positive:760.2358:131.36	2027558.39112869
MET:FEATURE:positive:837.2814:130.69	1779560.93704267
MET:FEATURE:positive:179.1283:130.69	638333.157265456
MET:FEATURE:positive:716.6539:130.85	2306604.50947057
MET:FEATURE:positive:717.3935:130.85	1029597.80016199
MET:FEATURE:positive:728.4603:130.85	563802.215021347
MET:FEATURE:positive:746.7085:131.11	776817.143927689
MET:FEATURE:positive:749.5782:130.85	3108409.87386938
MET:FEATURE:positive:754.4767:130.85	4101111.54069662
MET:FEATURE:positive:769.5544:131.36	1749277.00407087
MET:FEATURE:positive:774.9108:131.11	1623022.45089588
MET:FEATURE:positive:669.7464:131.36	541477.911284501
MET:FEATURE:positive:692.5128:130.85	6293154.01863297
MET:FEATURE:positive:713.4906:131.36	1124385.02509121
MET:FEATURE:positive:732.5533:125.40	608013559.92729
MET:FEATURE:positive:658.7400:131.98	459046.476035618
MET:FEATURE:positive:705.7686:132.15	755426.270265541
MET:FEATURE:positive:712.4889:130.85	3928654.00266075
MET:FEATURE:positive:823.2749:131.57	2525456.06910903
MET:FEATURE:positive:837.6161:130.69	2807024.13785778
MET:FEATURE:positive:668.9940:131.75	794659.245254933
MET:FEATURE:positive:768.5510:131.11	4351680.39988493
MET:FEATURE:positive:809.5080:129.27	4679631.739633
MET:FEATURE:positive:822.6068:131.57	2363167.8197766
MET:FEATURE:positive:822.9415:131.57	3898769.42202503
MET:FEATURE:positive:808.5991:132.15	2808209.30818702
MET:FEATURE:positive:825.5311:129.27	23331730.8410894
MET:FEATURE:positive:878.5752:131.98	1075381.548935
MET:FEATURE:positive:691.5099:130.85	27543133.1181295
MET:FEATURE:positive:718.5284:130.85	49709544.6111297
MET:FEATURE:positive:739.5069:130.85	12396422.4627417
MET:FEATURE:positive:773.9083:131.11	4466460.54504744
MET:FEATURE:positive:826.5345:129.27	6741193.26910752
MET:FEATURE:positive:886.3138:131.57	1078049.99331282
MET:FEATURE:positive:658.2383:132.15	1047834.1429862
MET:FEATURE:positive:719.5312:130.85	9032297.88575215
MET:FEATURE:positive:738.5035:130.85	28039361.0950725
MET:FEATURE:positive:748.5751:130.85	17967670.390384
MET:FEATURE:positive:761.2204:132.56	848328.482694038
MET:FEATURE:positive:774.2434:131.11	5858789.08304107
MET:FEATURE:positive:808.5049:129.27	17042869.5989451
MET:FEATURE:positive:808.9346:132.38	1513517.06767485
MET:FEATURE:positive:871.3039:132.81	704789.890546221
MET:FEATURE:positive:856.6317:132.98	1171617.03023847
MET:FEATURE:positive:871.9730:132.38	1141056.7083853
MET:FEATURE:positive:658.4905:132.56	812878.720558089
MET:FEATURE:positive:746.5687:130.85	149478131.532481
MET:FEATURE:positive:747.5721:130.85	70871602.2521871
MET:FEATURE:positive:758.4870:133.39	482884.121862086
MET:FEATURE:positive:871.6376:132.15	1568183.53126832
MET:FEATURE:positive:635.9754:133.82	399213.11065152
MET:FEATURE:positive:672.9989:133.99	615557.457429693
MET:FEATURE:positive:773.5875:130.69	36169107.2366078
MET:FEATURE:positive:819.4323:133.39	358112.050788274
MET:FEATURE:positive:857.2995:132.98	1297039.78032487
MET:FEATURE:positive:587.4411:133.64	693263.205888921
MET:FEATURE:positive:736.5002:133.64	4769293.39015527
MET:FEATURE:positive:742.2917:132.98	498781.36641271
MET:FEATURE:positive:761.3715:133.64	520567.484316922
MET:FEATURE:positive:772.5842:130.69	74192849.1541473
MET:FEATURE:positive:800.4655:133.39	1172885.12767866
MET:FEATURE:positive:920.3379:133.22	377807.071317532
MET:FEATURE:positive:190.1259:133.39	373033.004064355
MET:FEATURE:positive:690.5066:130.85	64218763.1760824
MET:FEATURE:positive:733.5568:125.40	278669015.452664
MET:FEATURE:positive:759.9028:132.15	8235787.7357949
MET:FEATURE:positive:760.6553:133.39	1305058.79631238
MET:FEATURE:positive:772.4427:133.39	1513082.3972565
MET:FEATURE:positive:783.4966:133.64	12150452.1016319
MET:FEATURE:positive:784.4995:133.64	3086450.31640328
MET:FEATURE:positive:798.4602:133.64	8043557.34439803
MET:FEATURE:positive:841.9543:133.99	1518227.05533317
MET:FEATURE:positive:842.9586:133.99	986201.341535091
MET:FEATURE:positive:549.4843:133.64	2758955.69432185
MET:FEATURE:positive:562.4251:133.64	5004602.43913696
MET:FEATURE:positive:636.4744:133.99	405801.541438366
MET:FEATURE:positive:647.2317:133.64	800026.328468248
MET:FEATURE:positive:761.6585:133.64	598586.71389369
MET:FEATURE:positive:785.5019:133.82	425690.263087136
MET:FEATURE:positive:795.2423:133.64	550254.550558901
MET:FEATURE:positive:805.4785:133.64	1233902.54272405
MET:FEATURE:positive:807.9316:132.38	3724817.332019
MET:FEATURE:positive:808.2664:132.38	5303160.1427247
MET:FEATURE:positive:815.4346:133.64	1478356.45758741
MET:FEATURE:positive:856.9655:132.98	2168199.49680526
MET:FEATURE:positive:575.5006:133.82	8536068.08226222
MET:FEATURE:positive:586.4386:133.82	2026617.11820635
MET:FEATURE:positive:757.4821:133.64	2277010.21696155
MET:FEATURE:positive:759.2339:132.15	8665314.06131535
MET:FEATURE:positive:793.2560:133.64	4277288.47914736
MET:FEATURE:positive:794.2593:133.64	2010682.06552656
MET:FEATURE:positive:804.4749:133.82	2906934.29190808
MET:FEATURE:positive:842.6234:133.82	1997102.12375343
MET:FEATURE:positive:563.4290:133.82	2166412.08046024
MET:FEATURE:positive:659.5297:133.82	3071351.81704683
MET:FEATURE:positive:760.3672:133.64	1450757.51842448
MET:FEATURE:positive:793.9245:133.82	4499766.36449115
MET:FEATURE:positive:814.4313:133.64	3315741.09007715
MET:FEATURE:positive:824.5279:129.27	50846252.8804791
MET:FEATURE:positive:829.4832:129.06	17515103.341095
MET:FEATURE:positive:717.5253:130.85	195733222.513342
MET:FEATURE:positive:760.5120:133.64	240125211.433319
MET:FEATURE:positive:762.5184:133.64	29345811.3914865
MET:FEATURE:positive:779.5844:134.43	2953748.8648749
MET:FEATURE:positive:793.5901:133.64	5762286.31784026
MET:FEATURE:positive:799.4641:133.99	3718058.27576933
MET:FEATURE:positive:636.2246:133.99	814813.645362406
MET:FEATURE:positive:683.7548:134.24	1274053.56285733
MET:FEATURE:positive:761.5153:133.64	110595591.604486
MET:FEATURE:positive:763.5212:133.64	5995765.52312257
MET:FEATURE:positive:827.2781:134.89	2765490.66995046
MET:FEATURE:positive:827.6134:134.89	3253339.43588188
MET:FEATURE:positive:842.2877:133.99	2541786.09612985
MET:FEATURE:positive:548.4753:129.06	38005992.5120622
MET:FEATURE:positive:709.2720:135.31	949887.653706027
MET:FEATURE:positive:756.4779:133.39	6833153.51839946
MET:FEATURE:positive:821.5174:135.72	3025355.09120355
MET:FEATURE:positive:735.4999:133.64	23940268.0207817
MET:FEATURE:positive:778.5803:134.89	7874528.59055325
MET:FEATURE:positive:779.2494:134.89	7448437.02545147
MET:FEATURE:positive:782.4936:133.64	27152010.0524643
MET:FEATURE:positive:766.5336:135.31	2208815.66988179
MET:FEATURE:positive:562.4907:135.72	3594785.6919264
MET:FEATURE:positive:661.9941:135.31	950457.130530518
MET:FEATURE:positive:295.2419:136.15	423095.529046846
MET:FEATURE:positive:396.3343:135.90	1171066.33749271
MET:FEATURE:positive:786.7164:135.90	1173181.38583222
MET:FEATURE:positive:786.7506:136.32	1683852.22484687
MET:FEATURE:positive:790.6145:135.72	1744507.54397321
MET:FEATURE:positive:395.3306:135.72	4076669.97149834
MET:FEATURE:positive:758.5686:125.40	1278638496.72143
MET:FEATURE:positive:778.9149:134.89	11947158.5174567
MET:FEATURE:positive:813.6065:136.15	2149075.39482384
MET:FEATURE:positive:495.4406:128.69	12953027.411226
MET:FEATURE:positive:650.7366:136.74	1107530.12789812
MET:FEATURE:positive:760.6965:136.32	2742807.27006161
MET:FEATURE:positive:796.5047:135.90	5926372.37795396
MET:FEATURE:positive:876.3106:135.90	1807512.99415201
MET:FEATURE:positive:827.9475:135.08	3389983.3121759
MET:FEATURE:positive:310.2389:57.14	174768758.253993
MET:FEATURE:positive:760.7287:136.74	4681814.30046194
MET:FEATURE:positive:839.5457:135.90	2551070.56323504
MET:FEATURE:positive:861.3029:136.32	1184661.94371903
MET:FEATURE:positive:196.6480:136.32	227520.820620474
MET:FEATURE:positive:650.4847:136.56	543604.560935909
MET:FEATURE:positive:846.6258:137.41	1724040.58109806
MET:FEATURE:positive:782.4990:137.16	1248604.83912744
MET:FEATURE:positive:785.0804:136.74	1042427.51901066
MET:FEATURE:positive:810.5898:136.56	2254477.18214705
MET:FEATURE:positive:862.3028:136.74	887272.691288128
MET:FEATURE:positive:190.1438:136.74	1073118.31365857
MET:FEATURE:positive:190.3950:136.74	290235.343985193
MET:FEATURE:positive:487.3809:137.79	289013.297517619
MET:FEATURE:positive:698.5161:136.74	501681.087859488
MET:FEATURE:positive:705.5248:136.74	5420790.72071334
MET:FEATURE:positive:732.5471:136.99	2021706.75187297
MET:FEATURE:positive:764.5954:136.74	3055575.13100914
MET:FEATURE:positive:780.0600:137.16	2417917.31074424
MET:FEATURE:positive:798.5973:137.58	4255855.17383036
MET:FEATURE:positive:812.5265:135.90	12729611.6687465
MET:FEATURE:positive:813.2727:136.15	4737226.9615954
MET:FEATURE:positive:813.5301:135.90	5564654.64388732
MET:FEATURE:positive:504.4078:137.79	903562.743485368
MET:FEATURE:positive:734.5682:136.74	6397658.67324147
MET:FEATURE:positive:735.5714:136.74	2855915.25260928
MET:FEATURE:positive:761.7305:136.74	2496701.90568198
MET:FEATURE:positive:789.6093:136.32	10771008.6866374
MET:FEATURE:positive:639.7297:137.58	665491.320931374
MET:FEATURE:positive:744.5534:135.08	35216239.977744
MET:FEATURE:positive:785.5789:136.99	1177935.7120948
MET:FEATURE:positive:809.5851:136.56	7863310.58967331
MET:FEATURE:positive:812.6031:136.15	4534287.05018535
MET:FEATURE:positive:910.6678:137.41	590594.51829813
MET:FEATURE:positive:645.4491:137.16	1140723.59577159
MET:FEATURE:positive:766.5927:137.16	1000618.62304154
MET:FEATURE:positive:861.6359:136.74	2289226.02176021
MET:FEATURE:positive:381.3423:136.56	2820075.77467204
MET:FEATURE:positive:610.5956:138.58	1983167.86565856
MET:FEATURE:positive:655.6527:138.58	274755.514408295
MET:FEATURE:positive:788.6060:136.32	47235652.4330655
MET:FEATURE:positive:812.9373:136.32	6335441.47977406
MET:FEATURE:positive:372.3671:138.58	197331.796376576
MET:FEATURE:positive:667.4288:137.97	402372.597770785
MET:FEATURE:positive:784.5737:136.99	6019181.48764364
MET:FEATURE:positive:798.9311:137.41	3596887.66761055
MET:FEATURE:positive:799.2648:137.97	1075171.46823276
MET:FEATURE:positive:609.5928:138.58	4727502.03650433
MET:FEATURE:positive:763.5931:136.74	19954553.3041843
MET:FEATURE:positive:847.2959:137.58	2667778.92623786
MET:FEATURE:positive:535.4717:136.15	31926513.5462022
MET:FEATURE:positive:676.2519:138.58	1202516.97091592
MET:FEATURE:positive:808.5814:136.56	16547365.0120078
MET:FEATURE:positive:846.9612:137.58	2811733.66386549
MET:FEATURE:positive:664.9960:139.39	773746.548686013
MET:FEATURE:positive:760.3072:139.39	237276.364582298
MET:FEATURE:positive:797.9276:137.41	7974636.50377658
MET:FEATURE:positive:832.9531:138.97	1558592.25191078
MET:FEATURE:positive:536.4754:135.90	12459833.2573615
MET:FEATURE:positive:611.1844:139.64	202116.29505721
MET:FEATURE:positive:622.3894:139.39	613970.840097453
MET:FEATURE:positive:621.3866:139.64	1651450.63716928
MET:FEATURE:positive:716.5220:130.85	450592813.264419
MET:FEATURE:positive:734.4965:133.64	56580449.5754812
MET:FEATURE:positive:750.5133:140.45	1150692.48934001
MET:FEATURE:positive:782.5657:136.99	40765056.2031358
MET:FEATURE:positive:832.6200:139.21	2921566.78134192
MET:FEATURE:positive:274.0167:140.28	251625.748174508
MET:FEATURE:positive:373.2888:140.71	284861.683114375
MET:FEATURE:positive:654.2396:140.45	873430.597107005
MET:FEATURE:positive:690.7633:141.11	1099290.71384062
MET:FEATURE:positive:736.6441:140.89	232115.90175707
MET:FEATURE:positive:771.4968:140.28	814437.304890888
MET:FEATURE:positive:774.5271:140.03	2321028.28839656
MET:FEATURE:positive:775.5307:140.03	1092052.60052765
MET:FEATURE:positive:783.5692:136.99	20111584.9590351
MET:FEATURE:positive:831.9506:139.21	2794194.61017842
MET:FEATURE:positive:832.2860:139.21	3810698.52217575
MET:FEATURE:positive:111.7673:136.32	453709.192250539
MET:FEATURE:positive:521.4564:129.06	16090425.8770388
MET:FEATURE:positive:662.4758:136.99	3724940.76101693
MET:FEATURE:positive:665.2459:139.64	1204624.4729968
MET:FEATURE:positive:770.4934:140.28	2014979.0109866
MET:FEATURE:positive:795.5008:135.90	12683605.7792036
MET:FEATURE:positive:807.5015:129.06	35968619.5316971
MET:FEATURE:positive:880.9826:139.64	1361438.35433448
MET:FEATURE:positive:561.4871:135.90	10517742.1662267
MET:FEATURE:positive:643.2344:141.11	477637.108545362
MET:FEATURE:positive:653.9896:140.45	741921.623757283
MET:FEATURE:positive:654.4900:140.71	907069.778937366
MET:FEATURE:positive:690.5109:140.45	1155863.703757
MET:FEATURE:positive:702.0203:140.45	772199.503065298
MET:FEATURE:positive:749.5139:140.45	5213734.2769853
MET:FEATURE:positive:787.6030:136.32	171208062.268269
MET:FEATURE:positive:798.2622:137.41	10429842.5262026
MET:FEATURE:positive:819.2618:140.45	987420.366026895
MET:FEATURE:positive:679.7575:141.69	846657.862137541
MET:FEATURE:positive:547.4719:129.06	96525551.7097918
MET:FEATURE:positive:691.0135:140.89	1068328.65887423
MET:FEATURE:positive:701.7696:140.45	1057056.05266983
MET:FEATURE:positive:817.2759:140.45	5428443.77192669
MET:FEATURE:positive:865.9739:140.89	1491060.26668663
MET:FEATURE:positive:866.6429:140.71	1426062.01287101
MET:FEATURE:positive:818.2785:140.71	3174063.97850546
MET:FEATURE:positive:866.3087:140.89	2034648.71940598
MET:FEATURE:positive:534.4878:141.91	3145550.02748317
MET:FEATURE:positive:817.6093:140.71	7345415.84036633
MET:FEATURE:positive:137.3700:143.00	468006.684426528
MET:FEATURE:positive:762.5904:136.74	104048407.615363
MET:FEATURE:positive:604.4599:142.32	1269846.77182481
MET:FEATURE:positive:817.9446:140.71	5986959.49119639
MET:FEATURE:positive:851.9665:142.08	2643690.99836041
MET:FEATURE:positive:837.2915:143.39	4300130.59906066
MET:FEATURE:positive:851.6317:142.50	1313146.28925221
MET:FEATURE:positive:900.3333:142.32	1307886.21713588
MET:FEATURE:positive:550.4024:143.64	887349.541799999
MET:FEATURE:positive:800.6152:142.75	4356062.65428076
MET:FEATURE:positive:851.2979:142.32	2505466.23126601
MET:FEATURE:positive:801.6182:143.00	2363434.62247151
MET:FEATURE:positive:741.5233:144.24	765510.457485398
MET:FEATURE:positive:885.9891:143.82	1669527.62806397
MET:FEATURE:positive:669.0015:144.07	859666.369700811
MET:FEATURE:positive:748.5837:143.82	1142077.59311755
MET:FEATURE:positive:800.5289:143.00	1610918.87308512
MET:FEATURE:positive:870.6460:144.63	1182648.30936638
MET:FEATURE:positive:553.2760:143.39	1234865.18068109
MET:FEATURE:positive:740.5182:144.24	1922820.53489919
MET:FEATURE:positive:694.2665:145.71	1174579.02514059
MET:FEATURE:positive:761.5872:136.74	393597860.124299
MET:FEATURE:positive:381.3511:144.81	793705.315993198
MET:FEATURE:positive:549.4190:143.82	2840860.97980131
MET:FEATURE:positive:748.5121:140.45	13367516.3583575
MET:FEATURE:positive:776.6064:143.64	13410210.3983086
MET:FEATURE:positive:577.5101:143.64	9958901.83400425
MET:FEATURE:positive:657.9932:145.47	594839.42861103
MET:FEATURE:positive:836.6202:143.82	4624893.44541743
MET:FEATURE:positive:871.9811:145.29	424975.612921084
MET:FEATURE:positive:836.9572:143.82	6751929.85212589
MET:FEATURE:positive:837.5379:143.64	5010317.56392295
MET:FEATURE:positive:524.4757:143.00	2525191.46743707
MET:FEATURE:positive:549.3995:143.82	3065931.47460967
MET:FEATURE:positive:719.5409:144.07	27083623.878827
MET:FEATURE:positive:775.6036:143.64	50827040.8209925
MET:FEATURE:positive:871.6465:145.04	1248063.61967382
MET:FEATURE:positive:833.5048:144.46	7997654.53732097
MET:FEATURE:positive:147.3472:145.88	305429.770759061
MET:FEATURE:positive:556.5293:145.88	1736557.55019222
MET:FEATURE:positive:557.5324:145.88	694158.659915597
MET:FEATURE:positive:589.2988:145.88	1370454.96068772
MET:FEATURE:positive:646.7369:146.13	649411.214973086
MET:FEATURE:positive:683.2592:146.13	902845.739386593
MET:FEATURE:positive:786.5996:136.32	339255614.999443
MET:FEATURE:positive:829.5520:143.82	5602830.13896237
MET:FEATURE:positive:865.4367:145.04	1977207.19267975
MET:FEATURE:positive:871.3132:145.47	1596855.3040264
MET:FEATURE:positive:646.9874:146.38	532447.068890013
MET:FEATURE:positive:719.7840:146.55	878159.693065725
MET:FEATURE:positive:774.6001:143.64	103733940.617203
MET:FEATURE:positive:836.5355:143.64	17507464.6109071
MET:FEATURE:positive:919.6763:145.71	779999.142671018
MET:FEATURE:positive:683.7624:146.38	440405.930029268
MET:FEATURE:positive:760.5840:136.74	817687221.939434
MET:FEATURE:positive:811.5233:143.82	23756137.0182336
MET:FEATURE:positive:854.4831:145.71	1703893.13399912
MET:FEATURE:positive:593.3983:146.13	1624684.61646041
MET:FEATURE:positive:744.5533:143.82	44754067.5396531
MET:FEATURE:positive:854.5663:143.64	10537017.5620835
MET:FEATURE:positive:855.9697:146.38	2654190.06806653
MET:FEATURE:positive:856.6396:146.38	3150100.66718337
MET:FEATURE:positive:786.5146:147.79	1259276.49435653
MET:FEATURE:positive:848.4716:144.63	9277749.36618361
MET:FEATURE:positive:552.4969:143.64	6453142.23934218
MET:FEATURE:positive:592.3969:145.88	9475151.67371259
MET:FEATURE:positive:835.5325:143.64	37945514.9475852
MET:FEATURE:positive:863.4363:144.63	8487115.94432979
MET:FEATURE:positive:672.2554:148.21	471106.960038405
MET:FEATURE:positive:800.4763:147.79	4230809.52178997
MET:FEATURE:positive:828.5495:143.82	27749775.4083114
MET:FEATURE:positive:858.5173:144.63	7460020.09016961
MET:FEATURE:positive:864.4401:144.63	3964441.42668363
MET:FEATURE:positive:523.4722:143.00	7472832.3290587
MET:FEATURE:positive:576.5062:143.64	45896593.539083
MET:FEATURE:positive:591.3967:145.88	35885642.4796091
MET:FEATURE:positive:856.3048:146.55	4530377.55661835
MET:FEATURE:positive:592.4447:147.62	1032827.88156557
MET:FEATURE:positive:788.5431:147.41	4209693.94050597
MET:FEATURE:positive:591.4420:147.79	2263481.7348939
MET:FEATURE:positive:663.3369:148.21	1425137.86319329
MET:FEATURE:positive:707.5006:148.60	1573566.23992834
MET:FEATURE:positive:720.0345:147.62	494104.769997784
MET:FEATURE:positive:736.3675:148.21	927251.182306693
MET:FEATURE:positive:754.5410:148.21	2653100.00640628
MET:FEATURE:positive:847.4678:144.63	20089726.2961213
MET:FEATURE:positive:853.4803:145.47	6000509.23811763
MET:FEATURE:positive:873.4859:144.81	6265032.93545683
MET:FEATURE:positive:165.8613:148.60	182942.816742498
MET:FEATURE:positive:853.5613:143.64	27057846.7661518
MET:FEATURE:positive:857.5139:144.24	15324117.443279
MET:FEATURE:positive:695.4988:148.60	3162414.50652604
MET:FEATURE:positive:701.4103:148.77	1250729.99427467
MET:FEATURE:positive:739.5568:148.21	7436491.91377621
MET:FEATURE:positive:752.5341:148.21	20831557.5998229
MET:FEATURE:positive:785.5119:147.79	6077197.96979044
MET:FEATURE:positive:806.4911:147.79	1745391.80652459
MET:FEATURE:positive:682.4867:148.60	9305004.42108365
MET:FEATURE:positive:685.4355:148.77	4501376.90707488
MET:FEATURE:positive:710.5180:148.77	10346491.8983658
MET:FEATURE:positive:720.5101:148.77	3036962.20292694
MET:FEATURE:positive:723.5305:148.60	13288362.4429564
MET:FEATURE:positive:724.5341:148.60	3302536.50041281
MET:FEATURE:positive:779.5937:148.21	4907794.36240622
MET:FEATURE:positive:852.5590:143.64	54948257.6210194
MET:FEATURE:positive:589.3964:145.88	269860758.444178
MET:FEATURE:positive:708.5110:148.60	81250201.6055259
MET:FEATURE:positive:718.5377:144.07	61166543.7783058
MET:FEATURE:positive:764.5781:148.60	37824250.097176
MET:FEATURE:positive:184.1335:148.60	401764.442157424
MET:FEATURE:positive:587.4643:150.09	1405605.29920886
MET:FEATURE:positive:664.4567:148.21	112089214.793125
MET:FEATURE:positive:665.4600:148.21	26966066.3650963
MET:FEATURE:positive:666.4629:148.21	4241329.2675168
MET:FEATURE:positive:706.4951:148.60	3766394.58904064
MET:FEATURE:positive:709.5144:148.60	40468173.4938839
MET:FEATURE:positive:410.3860:149.84	181344.537364957
MET:FEATURE:positive:722.5268:148.60	27243168.6014458
MET:FEATURE:positive:766.5841:148.21	6214940.83731155
MET:FEATURE:positive:815.6352:150.09	4024299.37198393
MET:FEATURE:positive:753.5386:148.21	11738895.2242307
MET:FEATURE:positive:778.5895:148.21	9237004.41485117
MET:FEATURE:positive:827.5467:143.82	99623659.7242519
MET:FEATURE:positive:553.3900:149.27	3930230.65757386
MET:FEATURE:positive:765.5786:148.60	22796486.5711884
MET:FEATURE:positive:554.3928:150.34	967771.238242257
MET:FEATURE:positive:590.3994:145.88	105517956.856965
MET:FEATURE:positive:788.4643:150.98	766361.568191771
MET:FEATURE:positive:871.5307:151.59	842453.087796772
MET:FEATURE:positive:875.9856:150.34	2310659.8327478
MET:FEATURE:positive:697.7705:150.73	1107801.27448267
MET:FEATURE:positive:734.5496:150.98	536382.502066754
MET:FEATURE:positive:867.5790:151.59	865000.381921991
MET:FEATURE:positive:374.3830:150.34	662287.439038468
MET:FEATURE:positive:762.5993:151.59	1299159.38349542
MET:FEATURE:positive:784.5083:147.79	13952429.9891633
MET:FEATURE:positive:788.7368:151.21	606789.230044776
MET:FEATURE:positive:788.7664:150.98	946527.241610338
MET:FEATURE:positive:816.6372:150.09	1007132.26003072
MET:FEATURE:positive:867.4111:150.98	1639935.05409924
MET:FEATURE:positive:878.4550:151.78	1015331.6459201
MET:FEATURE:positive:791.6254:150.98	3931036.36933026
MET:FEATURE:positive:868.5852:151.95	554413.284362243
MET:FEATURE:positive:879.4531:151.59	863266.394340404
MET:FEATURE:positive:387.3778:150.09	541568.456829285
MET:FEATURE:positive:551.4940:143.64	44251164.7904278
MET:FEATURE:positive:582.5090:151.59	670702.307307302
MET:FEATURE:positive:736.5457:148.21	312928034.954595
MET:FEATURE:positive:738.5529:148.21	44275301.9453801
MET:FEATURE:positive:750.5580:148.21	89601438.5869614
MET:FEATURE:positive:814.6314:150.09	7564893.77027932
MET:FEATURE:positive:819.7260:151.95	1750590.924956
MET:FEATURE:positive:877.4517:151.78	2216245.78171926
MET:FEATURE:positive:590.5223:151.78	1709445.47451882
MET:FEATURE:positive:684.2032:152.18	349651.675409096
MET:FEATURE:positive:875.6518:150.73	2465231.13644867
MET:FEATURE:positive:876.4478:151.95	463735.682356959
MET:FEATURE:positive:376.3922:149.84	2753813.34167553
MET:FEATURE:positive:589.5185:151.78	4632797.53415667
MET:FEATURE:positive:680.4798:148.60	80460656.1471883
MET:FEATURE:positive:737.5491:148.21	163368856.739173
MET:FEATURE:positive:751.5614:148.21	47572154.2942903
MET:FEATURE:positive:810.5975:150.98	10964014.1969083
MET:FEATURE:positive:811.6001:151.21	4991276.58644918
MET:FEATURE:positive:849.5474:151.59	1611269.93038903
MET:FEATURE:positive:861.4833:151.95	5322426.79033274
MET:FEATURE:positive:676.0090:152.80	874531.310187803
MET:FEATURE:positive:790.6222:150.98	20325588.4343002
MET:FEATURE:positive:866.5746:151.59	2755258.61935924
MET:FEATURE:positive:681.4832:148.60	38400681.0941186
MET:FEATURE:positive:686.7643:151.78	1194463.94966095
MET:FEATURE:positive:723.2882:152.18	1036649.20197174
MET:FEATURE:positive:749.0553:153.93	620702.845713041
MET:FEATURE:positive:759.8105:152.61	442005.757730539
MET:FEATURE:positive:832.5018:144.46	31964374.2029533
MET:FEATURE:positive:867.4954:152.36	2761003.20998371
MET:FEATURE:positive:868.4990:152.18	825717.601402408
MET:FEATURE:positive:647.4640:153.19	1025896.88615356
MET:FEATURE:positive:675.7586:153.43	1198781.68689129
MET:FEATURE:positive:831.4984:144.24	67076088.1609798
MET:FEATURE:positive:862.4877:151.95	2286960.70758295
MET:FEATURE:positive:789.6191:150.98	74253785.5502373
MET:FEATURE:positive:842.5655:151.95	5799683.58584325
MET:FEATURE:positive:846.5175:151.95	10566714.6092558
MET:FEATURE:positive:894.9999:153.19	1774652.62784069
MET:FEATURE:positive:763.5307:147.79	49688701.3550223
MET:FEATURE:positive:864.3329:154.10	1216733.04097843
MET:FEATURE:positive:515.4925:154.57	556017.088628801
MET:FEATURE:positive:520.4188:154.10	753419.19985909
MET:FEATURE:positive:530.4238:154.10	592071.358597115
MET:FEATURE:positive:531.4076:127.14	96821642.5361248
MET:FEATURE:positive:531.4074:150.34	17423976.4794667
MET:FEATURE:positive:532.5240:154.32	1647024.55050839
MET:FEATURE:positive:538.3133:154.10	783785.032093646
MET:FEATURE:positive:538.4833:154.10	796315.87024909
MET:FEATURE:positive:575.5029:143.64	111165694.791017
MET:FEATURE:positive:842.3914:154.10	1437126.93318377
MET:FEATURE:positive:361.2403:154.32	595891.351375064
MET:FEATURE:positive:523.4228:154.10	829648.219909984
MET:FEATURE:positive:532.3551:154.32	1628910.65834145
MET:FEATURE:positive:537.3090:154.10	2352958.81444542
MET:FEATURE:positive:537.3284:154.10	1625638.10335982
MET:FEATURE:positive:537.4624:154.10	1668112.75925478
MET:FEATURE:positive:547.4580:154.10	2098512.00394785
MET:FEATURE:positive:834.3185:154.10	1830004.76144291
MET:FEATURE:positive:874.3436:154.10	1586325.34283967
MET:FEATURE:positive:134.3469:154.32	363108.919608819
MET:FEATURE:positive:515.3332:154.32	764701.882283283
MET:FEATURE:positive:515.3519:154.32	519278.510188171
MET:FEATURE:positive:858.3705:154.10	2317476.59173589
MET:FEATURE:positive:133.1084:154.32	168574.187191486
MET:FEATURE:positive:161.0209:154.57	121683.486055744
MET:FEATURE:positive:347.2251:154.32	211875.851287659
MET:FEATURE:positive:518.4148:154.32	2390118.08585963
MET:FEATURE:positive:833.3155:154.32	5048694.54475176
MET:FEATURE:positive:537.4801:154.57	2117554.67693057
MET:FEATURE:positive:546.4554:154.32	5898193.72957307
MET:FEATURE:positive:554.3701:154.10	8528247.04830941
MET:FEATURE:positive:555.3668:154.32	3824371.16361577
MET:FEATURE:positive:817.3422:154.32	7207420.65819741
MET:FEATURE:positive:522.4246:154.32	3263306.53757536
MET:FEATURE:positive:540.3963:154.32	6762661.62837145
MET:FEATURE:positive:818.3455:154.32	2850078.29980706
MET:FEATURE:positive:825.5389:151.95	5602509.1641157
MET:FEATURE:positive:161.0268:154.32	355074.128457998
MET:FEATURE:positive:535.4404:154.32	5964297.7295815
MET:FEATURE:positive:561.4738:154.32	4973297.84378005
MET:FEATURE:positive:618.3605:154.32	1071627.74729469
MET:FEATURE:positive:259.1684:154.57	1130791.61976089
MET:FEATURE:positive:553.3666:154.32	24336673.4017491
MET:FEATURE:positive:574.4868:154.32	2163641.72066188
MET:FEATURE:positive:143.0103:154.32	901516.409957714
MET:FEATURE:positive:287.1998:154.32	544034.799897897
MET:FEATURE:positive:788.6156:150.98	148594936.240428
MET:FEATURE:positive:701.2747:155.24	804580.367706703
MET:FEATURE:positive:143.0168:154.32	1870774.06083069
MET:FEATURE:positive:362.2410:149.01	2307912.82402642
MET:FEATURE:positive:539.3969:154.32	30229712.8112634
MET:FEATURE:positive:560.4704:154.32	14165894.9516823
MET:FEATURE:positive:375.3046:156.46	1036052.55954813
MET:FEATURE:positive:774.3220:156.46	253864.900786867
MET:FEATURE:positive:673.4795:152.80	1677989.90168086
MET:FEATURE:positive:517.4155:154.32	11270124.6945168
MET:FEATURE:positive:521.4214:154.32	10326698.5382382
MET:FEATURE:positive:727.0435:157.96	490473.677866311
MET:FEATURE:positive:376.3083:156.65	338778.636551807
MET:FEATURE:positive:679.4302:157.09	230351.106504
MET:FEATURE:positive:726.5411:157.09	324897.355465571
MET:FEATURE:positive:534.4421:154.32	27946064.2007417
MET:FEATURE:positive:329.2143:154.32	2173909.74005243
MET:FEATURE:positive:380.3389:136.32	18731211.8263551
MET:FEATURE:positive:563.5030:151.95	102607074.009117
MET:FEATURE:positive:715.7860:157.96	479705.445061824
MET:FEATURE:positive:845.5141:152.18	24492622.9657025
MET:FEATURE:positive:145.9854:154.57	1450219.70535575
MET:FEATURE:positive:537.3944:154.32	364015407.312212
MET:FEATURE:positive:841.5624:151.95	21735009.0902424
MET:FEATURE:positive:538.3977:154.32	120602340.603322
MET:FEATURE:positive:564.5064:151.95	42323353.2402159
MET:FEATURE:positive:716.0368:158.21	177896.300310703
MET:FEATURE:positive:762.5273:147.79	108090109.559973
MET:FEATURE:positive:792.7071:157.96	431155.076895755
MET:FEATURE:positive:565.5099:151.95	9195255.12502396
MET:FEATURE:positive:625.5768:159.06	1048300.04297463
MET:FEATURE:positive:690.2684:156.84	1206221.01227189
MET:FEATURE:positive:550.4907:143.64	208932259.218327
MET:FEATURE:positive:752.3088:158.88	429540.86940459
MET:FEATURE:positive:809.5170:143.82	183992363.286518
MET:FEATURE:positive:810.5203:143.82	87928614.9901058
MET:FEATURE:positive:536.5046:159.06	720885.324030561
MET:FEATURE:positive:626.5799:159.06	439154.095488828
MET:FEATURE:positive:824.5358:151.95	19281459.2963234
MET:FEATURE:positive:826.5433:143.82	214323407.066686
MET:FEATURE:positive:375.3888:149.66	11219682.8978261
MET:FEATURE:positive:378.3232:153.68	10409932.1912308
MET:FEATURE:positive:378.3234:129.06	6567502.58413204
MET:FEATURE:positive:910.5990:160.90	2173712.80541175
MET:FEATURE:positive:562.5200:159.49	1532733.42664587
MET:FEATURE:positive:704.7793:160.16	677819.683324783
MET:FEATURE:positive:858.5863:161.14	1253825.11251629
MET:FEATURE:positive:581.5312:161.14	759203.022042343
MET:FEATURE:positive:705.0285:160.34	678595.452649879
MET:FEATURE:positive:864.5672:160.73	2886625.56660759
MET:FEATURE:positive:144.6287:161.94	175794.229051573
MET:FEATURE:positive:577.6414:161.32	944428.98665138
MET:FEATURE:positive:605.5408:160.73	1748035.0355295
MET:FEATURE:positive:209.3855:161.32	177484.310627869
MET:FEATURE:positive:578.4263:161.70	1688363.21797218
MET:FEATURE:positive:577.3969:161.70	1363253.4459162
MET:FEATURE:positive:577.5946:161.70	3111809.67267359
MET:FEATURE:positive:907.8427:161.32	5299648.65733152
MET:FEATURE:positive:552.5069:161.32	741642.984341448
MET:FEATURE:positive:581.3074:161.70	1669407.68722357
MET:FEATURE:positive:377.3199:153.43	45314882.7712273
MET:FEATURE:positive:377.3200:129.06	22040646.8224101
MET:FEATURE:positive:908.8463:161.70	3229758.28519906
MET:FEATURE:positive:551.5018:162.12	1935923.42064469
MET:FEATURE:positive:854.7439:161.94	1930716.3883425
MET:FEATURE:positive:883.6070:161.70	2404691.3204926
MET:FEATURE:positive:823.5325:151.95	39353307.3888062
MET:FEATURE:positive:837.7121:161.94	1690688.55762428
MET:FEATURE:positive:144.3778:161.94	1007870.23431679
MET:FEATURE:positive:880.5902:161.14	11306769.1810759
MET:FEATURE:positive:881.5103:163.23	7292111.39953441
MET:FEATURE:positive:864.7627:164.79	833826.430981054
MET:FEATURE:positive:882.6025:161.94	5624398.33756931
MET:FEATURE:positive:577.6137:161.70	4663171.0036574
MET:FEATURE:positive:604.5379:161.14	9239257.29264191
MET:FEATURE:positive:863.5634:161.14	8029352.40491411
MET:FEATURE:positive:584.5615:165.22	1376613.91385206
MET:FEATURE:positive:577.4236:161.70	5675816.29437301
MET:FEATURE:positive:891.8473:167.79	220536.082974702
MET:FEATURE:positive:840.5591:151.95	45223453.3105519
MET:FEATURE:positive:881.5142:167.19	2206604.61390739
MET:FEATURE:positive:893.4692:162.97	5860155.12254314
MET:FEATURE:positive:790.5590:166.37	2055025.77767085
MET:FEATURE:positive:791.5621:166.62	951494.141509198
MET:FEATURE:positive:596.6094:168.15	594238.108114672
MET:FEATURE:positive:597.6119:168.39	174204.11726475
MET:FEATURE:positive:624.6389:168.15	212332.498046366
MET:FEATURE:positive:816.6476:168.15	880904.607942846
MET:FEATURE:positive:539.5420:168.39	739403.59030652
MET:FEATURE:positive:713.6837:168.82	352151.357292414
MET:FEATURE:positive:881.5931:161.14	6079537.70212704
MET:FEATURE:positive:861.5363:162.12	13716891.0892595
MET:FEATURE:positive:875.4995:162.12	31591937.1165492
MET:FEATURE:positive:882.5142:163.65	4711150.37739289
MET:FEATURE:positive:538.5388:168.15	4158213.69492081
MET:FEATURE:positive:583.5965:168.15	852838.892097968
MET:FEATURE:positive:876.5029:162.12	15056320.8495975
MET:FEATURE:positive:891.4673:162.79	14076128.2456615
MET:FEATURE:positive:580.5285:161.70	11025162.3118998
MET:FEATURE:positive:857.5840:161.70	9961685.03153363
MET:FEATURE:positive:560.5208:169.73	306449.525356183
MET:FEATURE:positive:734.0511:169.98	270622.83068326
MET:FEATURE:positive:582.5932:168.15	2205041.41823206
MET:FEATURE:positive:590.4837:170.90	367245.792920088
MET:FEATURE:positive:301.2162:171.08	80698.3292936909
MET:FEATURE:positive:854.4470:171.08	138462.553892779
MET:FEATURE:positive:896.4475:170.65	1180380.09127986
MET:FEATURE:positive:631.4688:170.90	431812.736932008
MET:FEATURE:positive:599.5218:170.90	229647.373428485
MET:FEATURE:positive:559.5178:169.06	1028168.61737802
MET:FEATURE:positive:362.2412:171.08	997310.822370527
MET:FEATURE:positive:532.4395:154.32	327637604.51791
MET:FEATURE:positive:616.4989:170.90	1262713.93577967
MET:FEATURE:positive:758.2207:171.70	135643.448324301
MET:FEATURE:positive:589.4803:171.08	1029677.7241285
MET:FEATURE:positive:678.4507:170.90	598883.018715117
MET:FEATURE:positive:839.5547:161.70	39347861.7093102
MET:FEATURE:positive:856.5809:161.70	46217248.4745194
MET:FEATURE:positive:869.4288:171.08	2303529.50113843
MET:FEATURE:positive:615.4961:170.90	3129153.80468639
MET:FEATURE:positive:652.4372:171.51	408176.795278989
MET:FEATURE:positive:870.4315:171.27	1065857.08550113
MET:FEATURE:positive:584.5252:171.95	275212.28408747
MET:FEATURE:positive:890.5223:172.78	1157274.99750816
MET:FEATURE:positive:895.4440:170.65	2802258.32913206
MET:FEATURE:positive:610.5416:171.70	559188.241463979
MET:FEATURE:positive:907.4844:173.29	629573.436237215
MET:FEATURE:positive:853.5696:173.04	2029397.09960171
MET:FEATURE:positive:895.5275:172.78	1358832.06186319
MET:FEATURE:positive:594.5453:172.31	781651.257955232
MET:FEATURE:positive:793.5480:173.04	1771767.45237638
MET:FEATURE:positive:875.5548:173.04	856831.975149442
MET:FEATURE:positive:794.5516:173.04	889868.217516793
MET:FEATURE:positive:905.4833:173.04	1744372.6969397
MET:FEATURE:positive:537.5353:168.15	11751162.9650194
MET:FEATURE:positive:603.5343:161.14	21368140.6937791
MET:FEATURE:positive:459.3869:175.79	419668.499353683
MET:FEATURE:positive:889.5149:173.04	3584034.36463341
MET:FEATURE:positive:732.4840:176.65	508318.271713124
MET:FEATURE:positive:593.5416:173.04	4229149.73237976
MET:FEATURE:positive:587.3813:176.15	1025678.07989609
MET:FEATURE:positive:870.5971:173.04	3116858.77563751
MET:FEATURE:positive:728.6181:177.83	333851.283292067
MET:FEATURE:positive:729.6201:178.08	164770.603723024
MET:FEATURE:positive:731.4833:177.14	630301.251683865
MET:FEATURE:positive:652.5507:179.72	175234.210237719
MET:FEATURE:positive:579.5251:161.70	71789770.8458365
MET:FEATURE:positive:874.5498:173.04	6173908.51598609
MET:FEATURE:positive:551.5512:180.30	171120.892062684
MET:FEATURE:positive:873.5462:173.04	12353104.8135036
MET:FEATURE:positive:519.2960:181.73	84852.0233021243
MET:FEATURE:positive:838.5517:161.70	135065509.652149
MET:FEATURE:positive:851.5645:173.04	17367464.6907448
MET:FEATURE:positive:852.5674:173.04	9283937.73541447
MET:FEATURE:positive:869.5942:173.04	10688945.6999855
MET:FEATURE:positive:592.5382:173.04	19923334.946122
MET:FEATURE:positive:378.3219:182.84	268374.063590768
MET:FEATURE:positive:631.5665:183.20	206168.632405678
MET:FEATURE:positive:699.5750:183.01	1153199.73775767
MET:FEATURE:positive:860.5332:162.12	48491917.6751258
MET:FEATURE:positive:855.5780:161.70	155731509.596662
MET:FEATURE:positive:376.3117:182.40	2847871.12539729
MET:FEATURE:positive:859.5298:162.12	98356452.7972535
MET:FEATURE:positive:698.5717:183.20	2425896.07767137
MET:FEATURE:positive:605.4712:185.03	687053.911477503
MET:FEATURE:positive:871.5882:186.05	981532.237350521
MET:FEATURE:positive:928.5770:185.80	296081.815992449
MET:FEATURE:positive:605.4480:185.62	904634.835289203
MET:FEATURE:positive:872.5900:185.62	415519.665591349
MET:FEATURE:positive:151.3858:185.28	140804.052585514
MET:FEATURE:positive:921.5002:185.80	2518553.23697587
MET:FEATURE:positive:591.5347:173.04	45632861.0831331
MET:FEATURE:positive:920.5014:185.28	3032555.61964021
MET:FEATURE:positive:608.5600:185.28	2925877.61711078
MET:FEATURE:positive:837.5482:161.70	275596742.826289
MET:FEATURE:positive:868.5908:173.04	21189176.6954806
MET:FEATURE:positive:904.5335:185.62	6486604.18439238
MET:FEATURE:positive:918.4957:185.80	2156715.94374251
MET:FEATURE:positive:379.3355:136.56	60386191.2858949
MET:FEATURE:positive:379.3356:163.82	22267038.4859377
MET:FEATURE:positive:533.4427:154.32	109577455.205938
MET:FEATURE:positive:885.6153:185.62	2984620.61342007
MET:FEATURE:positive:578.5219:161.70	323764352.063876
MET:FEATURE:positive:889.5682:185.62	6395934.26803513
MET:FEATURE:positive:903.5297:185.62	13121700.6383954
MET:FEATURE:positive:919.4984:185.80	6236504.65498971
MET:FEATURE:positive:549.4873:143.64	538287977.199954
MET:FEATURE:positive:909.5435:185.62	6294517.56165949
MET:FEATURE:positive:516.4162:154.32	48655499.7163087
MET:FEATURE:positive:884.6125:185.28	13647302.408819
MET:FEATURE:positive:612.5917:190.39	404004.743554686
MET:FEATURE:positive:648.3481:191.07	1228166.91224986
MET:FEATURE:positive:647.6036:191.07	942035.397369888
MET:FEATURE:positive:651.4735:191.24	920435.23731551
MET:FEATURE:positive:764.5717:191.07	2022378.33745161
MET:FEATURE:positive:161.8626:191.07	656157.878425764
MET:FEATURE:positive:648.5748:191.07	1246445.56154097
MET:FEATURE:positive:647.3130:191.07	1059659.12515089
MET:FEATURE:positive:752.4052:191.07	2488912.09939475
MET:FEATURE:positive:647.3680:191.07	2203166.22560687
MET:FEATURE:positive:162.1134:191.07	225962.170994165
MET:FEATURE:positive:647.3457:191.07	3454551.95223355
MET:FEATURE:positive:648.5505:191.42	1444184.40246924
MET:FEATURE:positive:751.4119:191.24	2286448.53705377
MET:FEATURE:positive:854.5745:161.70	317585990.778361
MET:FEATURE:positive:647.5711:191.07	3255124.83794092
MET:FEATURE:positive:650.4682:191.07	9435195.38680377
MET:FEATURE:positive:705.5199:191.24	5220424.85812424
MET:FEATURE:positive:867.5858:185.28	11297046.4117824
MET:FEATURE:positive:647.5469:191.24	3753605.7569863
MET:FEATURE:positive:696.6858:193.99	257939.503829283
MET:FEATURE:positive:750.4067:191.24	4852036.16202424
MET:FEATURE:positive:607.5566:185.28	19716129.855939
MET:FEATURE:positive:624.6406:195.03	415386.049309804
MET:FEATURE:positive:638.6110:194.61	906353.3910377
MET:FEATURE:positive:704.5159:191.24	10540025.6664075
MET:FEATURE:positive:750.5578:191.24	5509216.69222521
MET:FEATURE:positive:378.3242:195.03	5992814.9118166
MET:FEATURE:positive:588.5515:195.60	275672.017665062
MET:FEATURE:positive:611.6292:195.42	476114.102410875
MET:FEATURE:positive:924.4781:196.71	167953.513702109
MET:FEATURE:positive:567.5734:194.84	984792.326408332
MET:FEATURE:positive:610.6250:195.03	1405452.20961051
MET:FEATURE:positive:566.5701:194.84	5192614.26613932
MET:FEATURE:positive:565.5667:194.84	12979689.8999048
MET:FEATURE:positive:587.5488:195.42	882528.449090895
MET:FEATURE:positive:612.5556:198.63	235013.845437377
MET:FEATURE:positive:618.5150:197.97	520037.59200018
MET:FEATURE:positive:899.4656:198.20	264270.946953253
MET:FEATURE:positive:617.5115:197.97	1085314.89615976
MET:FEATURE:positive:897.4598:198.20	2602955.69223797
MET:FEATURE:positive:898.4627:198.20	1234278.20837739
MET:FEATURE:positive:649.4649:191.07	60424723.6630688
MET:FEATURE:positive:619.5667:200.11	404422.336223199
MET:FEATURE:positive:883.6096:185.62	46391353.0767786
MET:FEATURE:positive:683.5799:202.73	383833.655789242
MET:FEATURE:positive:619.5221:202.30	118541.197992935
MET:FEATURE:positive:648.4616:191.07	252442168.705331
MET:FEATURE:positive:682.5770:202.48	1110961.06092059
MET:FEATURE:positive:888.5647:185.28	23936013.6729539
MET:FEATURE:positive:866.5830:185.28	37211523.2716446
MET:FEATURE:positive:764.6765:203.93	1346285.02577472
MET:FEATURE:positive:790.6917:203.35	1517563.80152082
MET:FEATURE:positive:887.5613:185.28	46658799.923578
MET:FEATURE:positive:865.5796:185.28	72559643.6847983
MET:FEATURE:positive:116.1436:32.73	118062821.793924
MET:FEATURE:positive:123.0554:26.46	221314676.92362
MET:FEATURE:positive:126.1366:28.65	419995044.523504
MET:FEATURE:positive:130.0499:25.46	190265816.66323
MET:FEATURE:positive:132.1020:33.29	143363034.746424
MET:FEATURE:positive:136.0616:26.46	106657189.886907
MET:FEATURE:positive:144.9821:154.57	35926956.1075897
MET:FEATURE:positive:146.9803:154.57	16537116.449567
MET:FEATURE:positive:147.0309:170.90	8986115.65478501
MET:FEATURE:positive:147.0308:209.17	620491.491482195
MET:FEATURE:positive:147.0308:145.71	349784.160293745
MET:FEATURE:positive:147.0308:158.63	4420353.15511581
MET:FEATURE:positive:147.0308:189.04	3642019.60990244
MET:FEATURE:positive:147.0309:199.25	5001233.58843599
MET:FEATURE:positive:147.0308:152.18	3324893.2186593
MET:FEATURE:positive:147.0309:178.33	4289278.43590211
MET:FEATURE:positive:154.0263:180.73	206677.484688791
MET:FEATURE:positive:154.0263:194.84	113579.118675137
MET:FEATURE:positive:154.0263:166.80	815049.015853971
MET:FEATURE:positive:154.0263:140.89	1559458.84873406
MET:FEATURE:positive:154.0263:120.80	2913927.37792524
MET:FEATURE:positive:154.0263:129.71	2529964.77353328
MET:FEATURE:positive:154.0263:158.88	1222928.10025716
MET:FEATURE:positive:154.0263:204.36	936543.384823243
MET:FEATURE:positive:154.0262:150.09	1293900.45389509
MET:FEATURE:positive:171.0762:25.46	26630187.6286924
MET:FEATURE:positive:200.0242:208.16	41284062.9864679
MET:FEATURE:positive:200.0472:35.71	357545138.270075
MET:FEATURE:positive:200.0472:41.65	174987268.628591
MET:FEATURE:positive:268.1036:133.39	7315864.09919999
MET:FEATURE:positive:268.1037:162.54	4934666.13824005
MET:FEATURE:positive:268.1038:108.10	8341925.07193158
MET:FEATURE:positive:268.1037:190.82	5460817.47500761
MET:FEATURE:positive:268.1039:76.55	10019938.903332
MET:FEATURE:positive:268.1038:95.07	9545027.86254569
MET:FEATURE:positive:268.1036:120.15	5758412.35360003
MET:FEATURE:positive:268.1036:144.81	7097348.92395446
MET:FEATURE:positive:268.1038:58.95	66363333.0001311
MET:FEATURE:positive:268.1038:183.01	3839466.98148549
MET:FEATURE:positive:268.1038:203.93	4882808.22152539
MET:FEATURE:positive:268.1038:57.32	9146260.7066048
MET:FEATURE:positive:268.1037:140.28	3673779.80767862
MET:FEATURE:positive:268.1038:86.70	6257097.34965704
MET:FEATURE:positive:268.1038:169.98	1792816.20288801
MET:FEATURE:positive:323.2819:77.02	211698202.164022
MET:FEATURE:positive:324.2877:76.77	1319137882.58382
MET:FEATURE:positive:325.2911:76.77	297860274.04639
MET:FEATURE:positive:363.2062:187.11	2996815.75711157
MET:FEATURE:positive:377.3200:194.84	9373775.92868047
MET:FEATURE:positive:377.3201:201.12	7316983.21933513
MET:FEATURE:positive:393.3150:202.30	4357342.55350829
MET:FEATURE:positive:440.9926:157.09	14264366.9756636
MET:FEATURE:positive:443.9899:44.69	31560818.1037484
MET:FEATURE:positive:443.9897:174.82	10634442.4343819
MET:FEATURE:positive:443.9896:150.73	151875796.883541
MET:FEATURE:positive:443.9896:192.31	86899512.4265989
MET:FEATURE:positive:443.9896:139.64	51432314.0870688
MET:FEATURE:positive:443.9897:121.61	34253392.7069723
MET:FEATURE:positive:443.9897:157.56	75359659.8526638
MET:FEATURE:positive:445.9850:208.16	126830565.676484
MET:FEATURE:positive:467.0436:191.07	1724571.23790901
MET:FEATURE:positive:467.0436:168.15	19710256.372661
MET:FEATURE:positive:467.0436:176.40	11982438.3499576
MET:FEATURE:positive:467.0435:203.93	2368658.13186
MET:FEATURE:positive:467.0436:157.34	12385437.5204171
MET:FEATURE:positive:467.0435:183.01	11256625.2437608
MET:FEATURE:positive:515.4127:154.32	142276225.459756
MET:FEATURE:positive:531.4080:194.84	4928679.64754842
MET:FEATURE:positive:577.5186:161.70	774418211.374875
MET:FEATURE:positive:605.5499:185.28	192122049.244795
MET:FEATURE:positive:606.5533:185.28	85412610.2864516
MET:FEATURE:positive:647.4584:191.07	545755167.528124
MET:FEATURE:positive:663.4533:148.21	234523157.89478
MET:FEATURE:positive:736.5453:191.24	17137155.7310311
MET:FEATURE:positive:737.5489:191.24	8813966.31397865
MET:FEATURE:positive:882.6062:185.62	90569049.2643803
