feature_id	protein_accession	gene_id	gene_name	protein_name	best_protein_q	display_label	annotation_source	YEAST-CENPK-LOWGROWTH
PROT:sp|A5Z2X5|YP010_YEAST	sp|A5Z2X5|YP010_YEAST		YPR010C-A	UPF0495 protein YPR010C-A	0.00035489036	YPR010C-A — UPF0495 protein YPR010C-A	search FASTA description + reference GFF	32.2367962044684
PROT:sp|O13297|CET1_YEAST	sp|O13297|CET1_YEAST		CET1	mRNA-capping enzyme subunit beta	0.00035489036	CET1 — mRNA-capping enzyme subunit beta	search FASTA description + reference GFF	26.95858540555007
PROT:sp|O14455|RL36B_YEAST	sp|O14455|RL36B_YEAST		RPL36B	Large ribosomal subunit protein eL36B	0.00035489036	RPL36B — Large ribosomal subunit protein eL36B	search FASTA description + reference GFF	32.68024883670937
PROT:sp|O14467|MBF1_YEAST	sp|O14467|MBF1_YEAST		MBF1	Multiprotein-bridging factor 1	0.00035489036	MBF1 — Multiprotein-bridging factor 1	search FASTA description + reference GFF	35.123950918873554
PROT:sp|O43137|YB085_YEAST	sp|O43137|YB085_YEAST		YBR085C-A	Uncharacterized protein YBR085C-A	0.00035489036	YBR085C-A — Uncharacterized protein YBR085C-A	search FASTA description + reference GFF	31.77511084157962
PROT:sp|O74700|TIM9_YEAST	sp|O74700|TIM9_YEAST		TIM9	Mitochondrial import inner membrane translocase subunit TIM9	0.00035489036	TIM9 — Mitochondrial import inner membrane translocase subunit TIM9	search FASTA description + reference GFF	29.41596647276449
PROT:sp|O75012|MRP10_YEAST	sp|O75012|MRP10_YEAST		MRP10	Small ribosomal subunit protein mS37	0.00035489036	MRP10 — Small ribosomal subunit protein mS37	search FASTA description + reference GFF	26.148824159896485
PROT:sp|P00044|CYC1_YEAST	sp|P00044|CYC1_YEAST		CYC1	Cytochrome c isoform 1	0.00035489036	CYC1 — Cytochrome c isoform 1	search FASTA description + reference GFF	35.38309559551681
PROT:sp|P00045|CYC7_YEAST	sp|P00045|CYC7_YEAST		CYC7	Cytochrome c isoform 2	0.00035489036	CYC7 — Cytochrome c isoform 2	search FASTA description + reference GFF	30.081499599825143
PROT:sp|P00127|QCR6_YEAST	sp|P00127|QCR6_YEAST		QCR6	Cytochrome b-c1 complex subunit 6, mitochondrial	0.00035489036	QCR6 — Cytochrome b-c1 complex subunit 6, mitochondrial	search FASTA description + reference GFF	33.54179814342472
PROT:sp|P00128|QCR7_YEAST	sp|P00128|QCR7_YEAST		QCR7	Cytochrome b-c1 complex subunit 7, mitochondrial	0.00035489036	QCR7 — Cytochrome b-c1 complex subunit 7, mitochondrial	search FASTA description + reference GFF	33.88069523707649
PROT:sp|P00175|CYB2_YEAST	sp|P00175|CYB2_YEAST		CYB2	L-lactate dehydrogenase (cytochrome)	0.00035489036	CYB2 — L-lactate dehydrogenase (cytochrome)	search FASTA description + reference GFF	34.917879835995535
PROT:sp|P00331|ADH2_YEAST	sp|P00331|ADH2_YEAST		ADH2	Alcohol dehydrogenase 2	0.00035489036	ADH2 — Alcohol dehydrogenase 2	search FASTA description + reference GFF	36.82180541797626
PROT:sp|P00358|G3P2_YEAST	sp|P00358|G3P2_YEAST		TDH2	Glyceraldehyde-3-phosphate dehydrogenase 2	0.00035489036	TDH2 — Glyceraldehyde-3-phosphate dehydrogenase 2	search FASTA description + reference GFF	33.71732287418686
PROT:sp|P00359|G3P3_YEAST	sp|P00359|G3P3_YEAST		TDH3	Glyceraldehyde-3-phosphate dehydrogenase 3	0.00035489036	TDH3 — Glyceraldehyde-3-phosphate dehydrogenase 3	search FASTA description + reference GFF	36.07715359631746
PROT:sp|P00360|G3P1_YEAST	sp|P00360|G3P1_YEAST		TDH1	Glyceraldehyde-3-phosphate dehydrogenase 1	0.00035489036	TDH1 — Glyceraldehyde-3-phosphate dehydrogenase 1	search FASTA description + reference GFF	36.40143925664256
PROT:sp|P00401|COX1_YEAST	sp|P00401|COX1_YEAST		COX1	Cytochrome c oxidase subunit 1	0.00035489036	COX1 — Cytochrome c oxidase subunit 1	search FASTA description + reference GFF	25.378602929243943
PROT:sp|P00410|COX2_YEAST	sp|P00410|COX2_YEAST		COX2	Cytochrome c oxidase subunit 2	0.00035489036	COX2 — Cytochrome c oxidase subunit 2	search FASTA description + reference GFF	29.66958761620059
PROT:sp|P00424|COX5A_YEAST	sp|P00424|COX5A_YEAST		COX5A	Cytochrome c oxidase subunit 5A, mitochondrial	0.00035489036	COX5A — Cytochrome c oxidase subunit 5A, mitochondrial	search FASTA description + reference GFF	33.047411964983304
PROT:sp|P00427|COX6_YEAST	sp|P00427|COX6_YEAST		COX6	Cytochrome c oxidase subunit 6, mitochondrial	0.00035489036	COX6 — Cytochrome c oxidase subunit 6, mitochondrial	search FASTA description + reference GFF	35.01816132055631
PROT:sp|P00431|CCPR_YEAST	sp|P00431|CCPR_YEAST		CCP1	Cytochrome c peroxidase, mitochondrial	0.00035489036	CCP1 — Cytochrome c peroxidase, mitochondrial	search FASTA description + reference GFF	32.509972077774506
PROT:sp|P00445|SODC_YEAST	sp|P00445|SODC_YEAST		SOD1	Superoxide dismutase	0.00035489036	SOD1 — Superoxide dismutase	search FASTA description + reference GFF	36.18496499326115
PROT:sp|P00447|SODM_YEAST	sp|P00447|SODM_YEAST		SOD2	Superoxide dismutase [Mn], mitochondrial	0.00035489036	SOD2 — Superoxide dismutase [Mn], mitochondrial	search FASTA description + reference GFF	35.86046429900073
PROT:sp|P00498|HIS1_YEAST	sp|P00498|HIS1_YEAST		HIS1	ATP phosphoribosyltransferase	0.00035489036	HIS1 — ATP phosphoribosyltransferase	search FASTA description + reference GFF	33.14175300835894
PROT:sp|P00546|CDK1_YEAST	sp|P00546|CDK1_YEAST		CDC28	Cyclin-dependent kinase 1	0.00035489036	CDC28 — Cyclin-dependent kinase 1	search FASTA description + reference GFF	31.41884347305726
PROT:sp|P00549|KPYK1_YEAST	sp|P00549|KPYK1_YEAST		CDC19	Pyruvate kinase 1	0.00035489036	CDC19 — Pyruvate kinase 1	search FASTA description + reference GFF	38.43257514772865
PROT:sp|P00560|PGK_YEAST	sp|P00560|PGK_YEAST		PGK1	Phosphoglycerate kinase	0.00035489036	PGK1 — Phosphoglycerate kinase	search FASTA description + reference GFF	40.05400619884482
PROT:sp|P00572|KTHY_YEAST	sp|P00572|KTHY_YEAST		CDC8	Thymidylate kinase	0.00035489036	CDC8 — Thymidylate kinase	search FASTA description + reference GFF	27.677410049898675
PROT:sp|P00724|INV2_YEAST	sp|P00724|INV2_YEAST		SUC2	Invertase 2	0.00035489036	SUC2 — Invertase 2	search FASTA description + reference GFF	34.494910592177995
PROT:sp|P00729|CBPY_YEAST	sp|P00729|CBPY_YEAST		PRC1	Carboxypeptidase Y	0.00035489036	PRC1 — Carboxypeptidase Y	search FASTA description + reference GFF	33.408201816486304
PROT:sp|P00812|ARGI_YEAST	sp|P00812|ARGI_YEAST		CAR1	Arginase	0.00035489036	CAR1 — Arginase	search FASTA description + reference GFF	29.993088845105547
PROT:sp|P00815|HIS2_YEAST	sp|P00815|HIS2_YEAST		HIS4	Histidine biosynthesis trifunctional protein	0.00035489036	HIS4 — Histidine biosynthesis trifunctional protein	search FASTA description + reference GFF	35.94359915328274
PROT:sp|P00817|IPYR_YEAST	sp|P00817|IPYR_YEAST		IPP1	Inorganic pyrophosphatase	0.00035489036	IPP1 — Inorganic pyrophosphatase	search FASTA description + reference GFF	36.69873512026791
PROT:sp|P00830|ATPB_YEAST	sp|P00830|ATPB_YEAST		ATP2	ATP synthase subunit beta, mitochondrial	0.00035489036	ATP2 — ATP synthase subunit beta, mitochondrial	search FASTA description + reference GFF	37.23829661256447
PROT:sp|P00890|CISY1_YEAST	sp|P00890|CISY1_YEAST		CIT1	Citrate synthase, mitochondrial	0.00035489036	CIT1 — Citrate synthase, mitochondrial	search FASTA description + reference GFF	36.66518401211038
PROT:sp|P00899|TRPE_YEAST	sp|P00899|TRPE_YEAST		TRP2	Anthranilate synthase component 1	0.00035489036	TRP2 — Anthranilate synthase component 1	search FASTA description + reference GFF	32.69193227621871
PROT:sp|P00912|TRPF_YEAST	sp|P00912|TRPF_YEAST		TRP1	N-(5'-phosphoribosyl)anthranilate isomerase	0.00035489036	TRP1 — N-(5'-phosphoribosyl)anthranilate isomerase	search FASTA description + reference GFF	28.988295754692423
PROT:sp|P00924|ENO1_YEAST	sp|P00924|ENO1_YEAST		ENO1	Enolase 1	0.00035489036	ENO1 — Enolase 1	search FASTA description + reference GFF	37.56558814895104
PROT:sp|P00925|ENO2_YEAST	sp|P00925|ENO2_YEAST		ENO2	Enolase 2	0.00035489036	ENO2 — Enolase 2	search FASTA description + reference GFF	38.75960429786931
PROT:sp|P00927|THDH_YEAST	sp|P00927|THDH_YEAST		ILV1	Threonine dehydratase, mitochondrial	0.00035489036	ILV1 — Threonine dehydratase, mitochondrial	search FASTA description + reference GFF	33.374039117182875
PROT:sp|P00931|TRP_YEAST	sp|P00931|TRP_YEAST		TRP5	Tryptophan synthase	0.00035489036	TRP5 — Tryptophan synthase	search FASTA description + reference GFF	35.44967418705535
PROT:sp|P00937|TRPG_YEAST	sp|P00937|TRPG_YEAST		TRP3	Multifunctional tryptophan biosynthesis protein	0.00035489036	TRP3 — Multifunctional tryptophan biosynthesis protein	search FASTA description + reference GFF	32.44799528018738
PROT:sp|P00942|TPIS_YEAST	sp|P00942|TPIS_YEAST		TPI1	Triosephosphate isomerase	0.00035489036	TPI1 — Triosephosphate isomerase	search FASTA description + reference GFF	37.1911634025023
PROT:sp|P00950|PMG1_YEAST	sp|P00950|PMG1_YEAST		GPM1	Phosphoglycerate mutase 1	0.00035489036	GPM1 — Phosphoglycerate mutase 1	search FASTA description + reference GFF	39.46082782748086
PROT:sp|P00958|SYMC_YEAST	sp|P00958|SYMC_YEAST		MES1	Methionine--tRNA ligase, cytoplasmic	0.00035489036	MES1 — Methionine--tRNA ligase, cytoplasmic	search FASTA description + reference GFF	33.05245499889785
PROT:sp|P01094|IPA3_YEAST	sp|P01094|IPA3_YEAST		PAI3	Protease A inhibitor 3	0.00035489036	PAI3 — Protease A inhibitor 3	search FASTA description + reference GFF	32.235990295980784
PROT:sp|P01097|ATIF_YEAST	sp|P01097|ATIF_YEAST		INH1	F(1)-ATPase inhibitor IF(1), mitochondrial	0.00035489036	INH1 — F(1)-ATPase inhibitor IF(1), mitochondrial	search FASTA description + reference GFF	32.67622526438176
PROT:sp|P01098|STF1_YEAST	sp|P01098|STF1_YEAST		STF1	F(1)-ATPase inhibitor STF1, mitochondrial	0.00035489036	STF1 — F(1)-ATPase inhibitor STF1, mitochondrial	search FASTA description + reference GFF	32.95845731973677
PROT:sp|P01119|RAS1_YEAST	sp|P01119|RAS1_YEAST		RAS1	Ras-like protein 1	0.00035489036	RAS1 — Ras-like protein 1	search FASTA description + reference GFF	31.4446054138678
PROT:sp|P01120|RAS2_YEAST	sp|P01120|RAS2_YEAST		RAS2	Ras-like protein 2	0.00035489036	RAS2 — Ras-like protein 2	search FASTA description + reference GFF	30.929713007452666
PROT:sp|P01123|YPT1_YEAST	sp|P01123|YPT1_YEAST		YPT1	GTP-binding protein YPT1	0.00035489036	YPT1 — GTP-binding protein YPT1	search FASTA description + reference GFF	32.808943681787255
PROT:sp|P02309|H4_YEAST	sp|P02309|H4_YEAST		HHF1	Histone H4	0.00035489036	HHF1 — Histone H4	search FASTA description + reference GFF	35.37686749941075
PROT:sp|P02381|RMAR_YEAST	sp|P02381|RMAR_YEAST		VAR1	Small ribosomal subunit protein uS3m	0.00035489036	VAR1 — Small ribosomal subunit protein uS3m	search FASTA description + reference GFF	27.14002523886107
PROT:sp|P02400|RLA4_YEAST	sp|P02400|RLA4_YEAST		RPP2B	Large ribosomal subunit protein P2B	0.00035489036	RPP2B — Large ribosomal subunit protein P2B	search FASTA description + reference GFF	35.79819452822462
PROT:sp|P02406|RL28_YEAST	sp|P02406|RL28_YEAST		RPL28	Large ribosomal subunit protein uL15	0.00035489036	RPL28 — Large ribosomal subunit protein uL15	search FASTA description + reference GFF	37.26628183638685
PROT:sp|P02557|TBB_YEAST	sp|P02557|TBB_YEAST		TUB2	Tubulin beta chain	0.00035489036	TUB2 — Tubulin beta chain	search FASTA description + reference GFF	33.72786184997338
PROT:sp|P02829|HSP82_YEAST	sp|P02829|HSP82_YEAST		HSP82	ATP-dependent molecular chaperone HSP82	0.00035489036	HSP82 — ATP-dependent molecular chaperone HSP82	search FASTA description + reference GFF	34.89663586601765
PROT:sp|P02992|EFTU_YEAST	sp|P02992|EFTU_YEAST		TUF1	Elongation factor Tu, mitochondrial	0.00035489036	TUF1 — Elongation factor Tu, mitochondrial	search FASTA description + reference GFF	34.33430131334998
PROT:sp|P02994|EF1A_YEAST	sp|P02994|EF1A_YEAST		TEF1	Elongation factor 1-alpha	0.00035489036	TEF1 — Elongation factor 1-alpha	search FASTA description + reference GFF	39.44458610117738
PROT:sp|P03871|REP1_YEAST	sp|P03871|REP1_YEAST		REP1	Partitioning protein REP1	0.00035489036	REP1 — Partitioning protein REP1	search FASTA description + reference GFF	31.56489339744165
PROT:sp|P03872|REP2_YEAST	sp|P03872|REP2_YEAST		REP2	Partitioning protein REP2	0.00035489036	REP2 — Partitioning protein REP2	search FASTA description + reference GFF	30.47495428298135
PROT:sp|P03962|PYRF_YEAST	sp|P03962|PYRF_YEAST		URA3	Orotidine 5'-phosphate decarboxylase	0.00035489036	URA3 — Orotidine 5'-phosphate decarboxylase	search FASTA description + reference GFF	31.18074921079829
PROT:sp|P03965|CARB_YEAST	sp|P03965|CARB_YEAST		CPA2	Carbamoyl phosphate synthase arginine-specific large chain	0.00035489036	CPA2 — Carbamoyl phosphate synthase arginine-specific large chain	search FASTA description + reference GFF	35.721410337420394
PROT:sp|P04037|COX4_YEAST	sp|P04037|COX4_YEAST		COX4	Cytochrome c oxidase subunit 4, mitochondrial	0.00035489036	COX4 — Cytochrome c oxidase subunit 4, mitochondrial	search FASTA description + reference GFF	34.24824015904187
PROT:sp|P04039|COX8_YEAST	sp|P04039|COX8_YEAST		COX8	Cytochrome c oxidase subunit 8, mitochondrial	0.00035489036	COX8 — Cytochrome c oxidase subunit 8, mitochondrial	search FASTA description + reference GFF	31.057113833637096
PROT:sp|P04046|PUR1_YEAST	sp|P04046|PUR1_YEAST		ADE4	Amidophosphoribosyltransferase	0.00035489036	ADE4 — Amidophosphoribosyltransferase	search FASTA description + reference GFF	32.51091127003029
PROT:sp|P04050|RPB1_YEAST	sp|P04050|RPB1_YEAST		RPO21	DNA-directed RNA polymerase II subunit RPB1	0.00035489036	RPO21 — DNA-directed RNA polymerase II subunit RPB1	search FASTA description + reference GFF	32.06462823047415
PROT:sp|P04051|RPC1_YEAST	sp|P04051|RPC1_YEAST		RPO31	DNA-directed RNA polymerase III subunit RPC1	0.00035489036	RPO31 — DNA-directed RNA polymerase III subunit RPC1	search FASTA description + reference GFF	28.480146790450444
PROT:sp|P04076|ARLY_YEAST	sp|P04076|ARLY_YEAST		ARG4	Argininosuccinate lyase	0.00035489036	ARG4 — Argininosuccinate lyase	search FASTA description + reference GFF	34.06683785310626
PROT:sp|P04147|PABP_YEAST	sp|P04147|PABP_YEAST		PAB1	Polyadenylate-binding protein, cytoplasmic and nuclear	0.00035489036	PAB1 — Polyadenylate-binding protein, cytoplasmic and nuclear	search FASTA description + reference GFF	36.52836997385587
PROT:sp|P04161|PUR3_YEAST	sp|P04161|PUR3_YEAST		ADE8	Phosphoribosylglycinamide formyltransferase	0.00035489036	ADE8 — Phosphoribosylglycinamide formyltransferase	search FASTA description + reference GFF	29.969312120247896
PROT:sp|P04173|LEU3_YEAST	sp|P04173|LEU3_YEAST		LEU2	3-isopropylmalate dehydrogenase	0.00035489036	LEU2 — 3-isopropylmalate dehydrogenase	search FASTA description + reference GFF	36.05150692147923
PROT:sp|P04449|RL24A_YEAST	sp|P04449|RL24A_YEAST		RPL24A	Large ribosomal subunit protein eL24A	0.00035489036	RPL24A — Large ribosomal subunit protein eL24A	search FASTA description + reference GFF	33.493250951752685
PROT:sp|P04456|RL25_YEAST	sp|P04456|RL25_YEAST		RPL25	Large ribosomal subunit protein uL23	0.00035489036	RPL25 — Large ribosomal subunit protein uL23	search FASTA description + reference GFF	37.2705042256547
PROT:sp|P04786|TOP1_YEAST	sp|P04786|TOP1_YEAST		TOP1	DNA topoisomerase 1	0.00035489036	TOP1 — DNA topoisomerase 1	search FASTA description + reference GFF	26.237716456624625
PROT:sp|P04801|SYTC_YEAST	sp|P04801|SYTC_YEAST		THS1	Threonine--tRNA ligase, cytoplasmic	0.00035489036	THS1 — Threonine--tRNA ligase, cytoplasmic	search FASTA description + reference GFF	34.78652068845345
PROT:sp|P04802|SYDC_YEAST	sp|P04802|SYDC_YEAST		DPS1	Aspartate--tRNA ligase, cytoplasmic	0.00035489036	DPS1 — Aspartate--tRNA ligase, cytoplasmic	search FASTA description + reference GFF	35.323642327107
PROT:sp|P04806|HXKA_YEAST	sp|P04806|HXKA_YEAST		HXK1	Hexokinase-1	0.00035489036	HXK1 — Hexokinase-1	search FASTA description + reference GFF	36.82479207231722
PROT:sp|P04807|HXKB_YEAST	sp|P04807|HXKB_YEAST		HXK2	Hexokinase-2	0.00035489036	HXK2 — Hexokinase-2	search FASTA description + reference GFF	35.54342428154789
PROT:sp|P04819|DNLI1_YEAST	sp|P04819|DNLI1_YEAST		CDC9	DNA ligase 1	0.00035489036	CDC9 — DNA ligase 1	search FASTA description + reference GFF	26.558973943370376
PROT:sp|P04821|CDC25_YEAST	sp|P04821|CDC25_YEAST		CDC25	Cell division control protein 25	0.00035489036	CDC25 — Cell division control protein 25	search FASTA description + reference GFF	29.03226222817706
PROT:sp|P04840|VDAC1_YEAST	sp|P04840|VDAC1_YEAST		POR1	Non-selective voltage-gated ion channel 1	0.00035489036	POR1 — Non-selective voltage-gated ion channel 1	search FASTA description + reference GFF	36.909311297560805
PROT:sp|P05030|PMA1_YEAST	sp|P05030|PMA1_YEAST		PMA1	Plasma membrane ATPase 1	0.00035489036	PMA1 — Plasma membrane ATPase 1	search FASTA description + reference GFF	32.93858955582684
PROT:sp|P05150|OTC_YEAST	sp|P05150|OTC_YEAST		ARG3	Ornithine carbamoyltransferase	0.00035489036	ARG3 — Ornithine carbamoyltransferase	search FASTA description + reference GFF	33.116672914757736
PROT:sp|P05317|RLA0_YEAST	sp|P05317|RLA0_YEAST		RPP0	Large ribosomal subunit protein uL10	0.00035489036	RPP0 — Large ribosomal subunit protein uL10	search FASTA description + reference GFF	36.99325594037407
PROT:sp|P05318|RLA1_YEAST	sp|P05318|RLA1_YEAST		RPP1A	Large ribosomal subunit protein P1A	0.00035489036	RPP1A — Large ribosomal subunit protein P1A	search FASTA description + reference GFF	34.426497564546665
PROT:sp|P05319|RLA2_YEAST	sp|P05319|RLA2_YEAST		RPP2A	Large ribosomal subunit protein P2A	0.00035489036	RPP2A — Large ribosomal subunit protein P2A	search FASTA description + reference GFF	35.40367902237509
PROT:sp|P05373|HEM2_YEAST	sp|P05373|HEM2_YEAST		HEM2	Delta-aminolevulinic acid dehydratase	0.00035489036	HEM2 — Delta-aminolevulinic acid dehydratase	search FASTA description + reference GFF	32.7833577148969
PROT:sp|P05374|CHO2_YEAST	sp|P05374|CHO2_YEAST		CHO2	Phosphatidylethanolamine N-methyltransferase	0.00035489036	CHO2 — Phosphatidylethanolamine N-methyltransferase	search FASTA description + reference GFF	27.16781502681632
PROT:sp|P05453|ERF3_YEAST	sp|P05453|ERF3_YEAST		SUP35	Eukaryotic peptide chain release factor GTP-binding subunit	0.00035489036	SUP35 — Eukaryotic peptide chain release factor GTP-binding subunit	search FASTA description + reference GFF	33.657248475677235
PROT:sp|P05626|ATPF_YEAST	sp|P05626|ATPF_YEAST		ATP4	ATP synthase subunit 4, mitochondrial	0.00035489036	ATP4 — ATP synthase subunit 4, mitochondrial	search FASTA description + reference GFF	34.702263574540424
PROT:sp|P05694|METE_YEAST	sp|P05694|METE_YEAST		MET6	5-methyltetrahydropteroyltriglutamate--homocysteine methyltransferase	0.00035489036	MET6 — 5-methyltetrahydropteroyltriglutamate--homocysteine methyltransferase	search FASTA description + reference GFF	38.73457784146986
PROT:sp|P05737|RL7A_YEAST	sp|P05737|RL7A_YEAST		RPL7A	Large ribosomal subunit protein uL30A	0.00035489036	RPL7A — Large ribosomal subunit protein uL30A	search FASTA description + reference GFF	35.080451784072814
PROT:sp|P05738|RL9A_YEAST	sp|P05738|RL9A_YEAST		RPL9A	Large ribosomal subunit protein uL6A	0.00035489036	RPL9A — Large ribosomal subunit protein uL6A	search FASTA description + reference GFF	30.1749787683734
PROT:sp|P05739|RL6B_YEAST	sp|P05739|RL6B_YEAST		RPL6B	Large ribosomal subunit protein eL6B	0.00035489036	RPL6B — Large ribosomal subunit protein eL6B	search FASTA description + reference GFF	33.73999765741151
PROT:sp|P05740|RL17A_YEAST	sp|P05740|RL17A_YEAST		RPL17A	Large ribosomal subunit protein uL22A	0.00035489036	RPL17A — Large ribosomal subunit protein uL22A	search FASTA description + reference GFF	34.792612779764426
PROT:sp|P05743|RL26A_YEAST	sp|P05743|RL26A_YEAST		RPL26A	Large ribosomal subunit protein uL24A	0.00035489036	RPL26A — Large ribosomal subunit protein uL24A	search FASTA description + reference GFF	34.10681474526959
PROT:sp|P05744|RL33A_YEAST	sp|P05744|RL33A_YEAST		RPL33A	Large ribosomal subunit protein eL33A	0.00035489036	RPL33A — Large ribosomal subunit protein eL33A	search FASTA description + reference GFF	34.04238771692043
PROT:sp|P05745|RL36A_YEAST	sp|P05745|RL36A_YEAST		RPL36A	Large ribosomal subunit protein eL36A	0.00035489036	RPL36A — Large ribosomal subunit protein eL36A	search FASTA description + reference GFF	31.94818984905007
PROT:sp|P05747|RL29_YEAST	sp|P05747|RL29_YEAST		RPL29	Large ribosomal subunit protein eL29	0.00035489036	RPL29 — Large ribosomal subunit protein eL29	search FASTA description + reference GFF	31.479291529877656
PROT:sp|P05748|RL15A_YEAST	sp|P05748|RL15A_YEAST		RPL15A	Large ribosomal subunit protein eL15A	0.00035489036	RPL15A — Large ribosomal subunit protein eL15A	search FASTA description + reference GFF	35.33172869934353
PROT:sp|P05749|RL22A_YEAST	sp|P05749|RL22A_YEAST		RPL22A	Large ribosomal subunit protein eL22A	0.00035489036	RPL22A — Large ribosomal subunit protein eL22A	search FASTA description + reference GFF	34.47044661997352
PROT:sp|P05750|RS3_YEAST	sp|P05750|RS3_YEAST		RPS3	Small ribosomal subunit protein uS3	0.00035489036	RPS3 — Small ribosomal subunit protein uS3	search FASTA description + reference GFF	36.58106200808402
PROT:sp|P05755|RS9B_YEAST	sp|P05755|RS9B_YEAST		RPS9B	Small ribosomal subunit protein uS4B	0.00035489036	RPS9B — Small ribosomal subunit protein uS4B	search FASTA description + reference GFF	29.136652224270467
PROT:sp|P05756|RS13_YEAST	sp|P05756|RS13_YEAST		RPS13	Small ribosomal subunit protein uS15	0.00035489036	RPS13 — Small ribosomal subunit protein uS15	search FASTA description + reference GFF	36.81574346540687
PROT:sp|P05759|RS31_YEAST	sp|P05759|RS31_YEAST		RPS31	Ubiquitin-ribosomal protein eS31 fusion protein	0.00035489036	RPS31 — Ubiquitin-ribosomal protein eS31 fusion protein	search FASTA description + reference GFF	35.147640274561155
PROT:sp|P06100|NOT2_YEAST	sp|P06100|NOT2_YEAST		CDC36	General negative regulator of transcription subunit 2	0.001315849	CDC36 — General negative regulator of transcription subunit 2	search FASTA description + reference GFF	26.83144781464658
PROT:sp|P06101|CDC37_YEAST	sp|P06101|CDC37_YEAST		CDC37	Hsp90 co-chaperone Cdc37	0.00035489036	CDC37 — Hsp90 co-chaperone Cdc37	search FASTA description + reference GFF	32.643768494641975
PROT:sp|P06102|NOT3_YEAST	sp|P06102|NOT3_YEAST		NOT3	General negative regulator of transcription subunit 3	0.00035489036	NOT3 — General negative regulator of transcription subunit 3	search FASTA description + reference GFF	28.279082139851333
PROT:sp|P06103|EIF3B_YEAST	sp|P06103|EIF3B_YEAST		PRT1	Eukaryotic translation initiation factor 3 subunit B	0.00035489036	PRT1 — Eukaryotic translation initiation factor 3 subunit B	search FASTA description + reference GFF	33.87341189451153
PROT:sp|P06105|SC160_YEAST	sp|P06105|SC160_YEAST		SCP160	Protein SCP160	0.00035489036	SCP160 — Protein SCP160	search FASTA description + reference GFF	34.579549768808754
PROT:sp|P06106|CYSD_YEAST	sp|P06106|CYSD_YEAST		MET17	Homocysteine/cysteine synthase	0.00035489036	MET17 — Homocysteine/cysteine synthase	search FASTA description + reference GFF	38.08786246315771
PROT:sp|P06115|CATT_YEAST	sp|P06115|CATT_YEAST		CTT1	Catalase T	0.00035489036	CTT1 — Catalase T	search FASTA description + reference GFF	32.96812661141332
PROT:sp|P06168|ILV5_YEAST	sp|P06168|ILV5_YEAST		ILV5	Ketol-acid reductoisomerase, mitochondrial	0.00035489036	ILV5 — Ketol-acid reductoisomerase, mitochondrial	search FASTA description + reference GFF	38.287728902089576
PROT:sp|P06169|PDC1_YEAST	sp|P06169|PDC1_YEAST		PDC1	Pyruvate decarboxylase isozyme 1	0.00035489036	PDC1 — Pyruvate decarboxylase isozyme 1	search FASTA description + reference GFF	39.04868436224142
PROT:sp|P06174|HEM4_YEAST	sp|P06174|HEM4_YEAST		HEM4	Uroporphyrinogen-III synthase	0.00035489036	HEM4 — Uroporphyrinogen-III synthase	search FASTA description + reference GFF	27.87978492787685
PROT:sp|P06197|PIS_YEAST	sp|P06197|PIS_YEAST		PIS1	CDP-diacylglycerol--inositol 3-phosphatidyltransferase	0.00035489036	PIS1 — CDP-diacylglycerol--inositol 3-phosphatidyltransferase	search FASTA description + reference GFF	26.299619640651
PROT:sp|P06208|LEU1_YEAST	sp|P06208|LEU1_YEAST		LEU4	2-isopropylmalate synthase	0.00035489036	LEU4 — 2-isopropylmalate synthase	search FASTA description + reference GFF	34.82707244391867
PROT:sp|P06244|KAPA_YEAST	sp|P06244|KAPA_YEAST		TPK1	cAMP-dependent protein kinase type 1	0.00035489036	TPK1 — cAMP-dependent protein kinase type 1	search FASTA description + reference GFF	27.82573378609304
PROT:sp|P06245|KAPB_YEAST	sp|P06245|KAPB_YEAST		TPK2	cAMP-dependent protein kinase type 2	0.00035489036	TPK2 — cAMP-dependent protein kinase type 2	search FASTA description + reference GFF	28.11850504164204
PROT:sp|P06633|HIS7_YEAST	sp|P06633|HIS7_YEAST		HIS3	Imidazoleglycerol-phosphate dehydratase	0.00035489036	HIS3 — Imidazoleglycerol-phosphate dehydratase	search FASTA description + reference GFF	30.53182029041396
PROT:sp|P06634|DED1_YEAST	sp|P06634|DED1_YEAST		DED1	ATP-dependent RNA helicase DED1	0.00035489036	DED1 — ATP-dependent RNA helicase DED1	search FASTA description + reference GFF	33.8028943680777
PROT:sp|P06701|SIR3_YEAST	sp|P06701|SIR3_YEAST		SIR3	Regulatory protein SIR3	0.00035489036	SIR3 — Regulatory protein SIR3	search FASTA description + reference GFF	26.67616189229487
PROT:sp|P06738|PHSG_YEAST	sp|P06738|PHSG_YEAST		GPH1	Glycogen phosphorylase	0.00035489036	GPH1 — Glycogen phosphorylase	search FASTA description + reference GFF	33.71477765829401
PROT:sp|P06776|PDE2_YEAST	sp|P06776|PDE2_YEAST		PDE2	3',5'-cyclic-nucleotide phosphodiesterase 2	0.00035489036	PDE2 — 3',5'-cyclic-nucleotide phosphodiesterase 2	search FASTA description + reference GFF	23.41099126760589
PROT:sp|P06778|RAD52_YEAST	sp|P06778|RAD52_YEAST		RAD52	DNA repair and recombination protein RAD52	0.00035489036	RAD52 — DNA repair and recombination protein RAD52	search FASTA description + reference GFF	28.05431362484713
PROT:sp|P06780|RHO1_YEAST	sp|P06780|RHO1_YEAST		RHO1	GTP-binding protein RHO1	0.00035489036	RHO1 — GTP-binding protein RHO1	search FASTA description + reference GFF	33.29289939134823
PROT:sp|P06782|SNF1_YEAST	sp|P06782|SNF1_YEAST		SNF1	Carbon catabolite-derepressing protein kinase	0.00035489036	SNF1 — Carbon catabolite-derepressing protein kinase	search FASTA description + reference GFF	30.56952582300388
PROT:sp|P06785|TYSY_YEAST	sp|P06785|TYSY_YEAST		CDC21	Thymidylate synthase	0.00035489036	CDC21 — Thymidylate synthase	search FASTA description + reference GFF	29.47563278264862
PROT:sp|P06786|TOP2_YEAST	sp|P06786|TOP2_YEAST		TOP2	DNA topoisomerase 2	0.00035489036	TOP2 — DNA topoisomerase 2	search FASTA description + reference GFF	28.24341116866252
PROT:sp|P06787|CALM_YEAST	sp|P06787|CALM_YEAST		CMD1	Calmodulin	0.00035489036	CMD1 — Calmodulin	search FASTA description + reference GFF	32.76438590301949
PROT:sp|P07143|CY1_YEAST	sp|P07143|CY1_YEAST		CYT1	Cytochrome c1, heme protein, mitochondrial	0.00035489036	CYT1 — Cytochrome c1, heme protein, mitochondrial	search FASTA description + reference GFF	32.274997401024656
PROT:sp|P07149|FAS1_YEAST	sp|P07149|FAS1_YEAST		FAS1	Fatty acid synthase subunit beta	0.00035489036	FAS1 — Fatty acid synthase subunit beta	search FASTA description + reference GFF	37.0452001580858
PROT:sp|P07170|KAD2_YEAST	sp|P07170|KAD2_YEAST		ADK1	Adenylate kinase	0.00035489036	ADK1 — Adenylate kinase	search FASTA description + reference GFF	36.09947839765356
PROT:sp|P07172|HIS8_YEAST	sp|P07172|HIS8_YEAST		HIS5	Histidinol-phosphate aminotransferase	0.00035489036	HIS5 — Histidinol-phosphate aminotransferase	search FASTA description + reference GFF	32.05014184698998
PROT:sp|P07213|TOM70_YEAST	sp|P07213|TOM70_YEAST		TOM70	Mitochondrial import receptor subunit TOM70	0.00035489036	TOM70 — Mitochondrial import receptor subunit TOM70	search FASTA description + reference GFF	34.163779132949934
PROT:sp|P07244|PUR2_YEAST	sp|P07244|PUR2_YEAST		ADE57	Bifunctional purine biosynthetic protein ADE5,7	0.00035489036	ADE57 — Bifunctional purine biosynthetic protein ADE5,7	search FASTA description + reference GFF	34.84268861110018
PROT:sp|P07245|C1TC_YEAST	sp|P07245|C1TC_YEAST		ADE3	C-1-tetrahydrofolate synthase, cytoplasmic	0.00035489036	ADE3 — C-1-tetrahydrofolate synthase, cytoplasmic	search FASTA description + reference GFF	35.37620204129604
PROT:sp|P07246|ADH3_YEAST	sp|P07246|ADH3_YEAST		ADH3	Alcohol dehydrogenase 3, mitochondrial	0.00035489036	ADH3 — Alcohol dehydrogenase 3, mitochondrial	search FASTA description + reference GFF	34.77934290652358
PROT:sp|P07248|ADR1_YEAST	sp|P07248|ADR1_YEAST		ADR1	Regulatory protein ADR1	0.00035586001	ADR1 — Regulatory protein ADR1	search FASTA description + reference GFF	24.070990411221995
PROT:sp|P07250|IPMK_YEAST	sp|P07250|IPMK_YEAST		ARG82	Inositol polyphosphate multikinase	0.00035489036	ARG82 — Inositol polyphosphate multikinase	search FASTA description + reference GFF	26.56075633120841
PROT:sp|P07251|ATPA_YEAST	sp|P07251|ATPA_YEAST		ATP1	ATP synthase subunit alpha, mitochondrial	0.00035489036	ATP1 — ATP synthase subunit alpha, mitochondrial	search FASTA description + reference GFF	38.10026674743627
PROT:sp|P07253|CBP6_YEAST	sp|P07253|CBP6_YEAST		CBP6	Cytochrome B pre-mRNA-processing protein 6	0.00035489036	CBP6 — Cytochrome B pre-mRNA-processing protein 6	search FASTA description + reference GFF	30.481189570011185
PROT:sp|P07255|COX9_YEAST	sp|P07255|COX9_YEAST		COX9	Cytochrome c oxidase subunit 9, mitochondrial	0.00035489036	COX9 — Cytochrome c oxidase subunit 9, mitochondrial	search FASTA description + reference GFF	32.978191524277484
PROT:sp|P07256|QCR1_YEAST	sp|P07256|QCR1_YEAST		COR1	Cytochrome b-c1 complex subunit 1, mitochondrial	0.00035489036	COR1 — Cytochrome b-c1 complex subunit 1, mitochondrial	search FASTA description + reference GFF	35.53900278406347
PROT:sp|P07257|QCR2_YEAST	sp|P07257|QCR2_YEAST		QCR2	Cytochrome b-c1 complex subunit 2, mitochondrial	0.00035489036	QCR2 — Cytochrome b-c1 complex subunit 2, mitochondrial	search FASTA description + reference GFF	36.52238238790152
PROT:sp|P07258|CARA_YEAST	sp|P07258|CARA_YEAST		CPA1	Carbamoyl phosphate synthase arginine-specific small chain	0.00035489036	CPA1 — Carbamoyl phosphate synthase arginine-specific small chain	search FASTA description + reference GFF	32.27710060990853
PROT:sp|P07259|PYR1_YEAST	sp|P07259|PYR1_YEAST		URA2	Multifunctional protein URA2	0.00035489036	URA2 — Multifunctional protein URA2	search FASTA description + reference GFF	36.35806152531653
PROT:sp|P07260|IF4E_YEAST	sp|P07260|IF4E_YEAST		CDC33	Eukaryotic translation initiation factor 4E	0.00035489036	CDC33 — Eukaryotic translation initiation factor 4E	search FASTA description + reference GFF	34.12320535310692
PROT:sp|P07262|DHE4_YEAST	sp|P07262|DHE4_YEAST		GDH1	NADP-specific glutamate dehydrogenase 1	0.00035489036	GDH1 — NADP-specific glutamate dehydrogenase 1	search FASTA description + reference GFF	36.54824311714629
PROT:sp|P07263|SYH_YEAST	sp|P07263|SYH_YEAST		HTS1	Histidine--tRNA ligase, mitochondrial	0.00035489036	HTS1 — Histidine--tRNA ligase, mitochondrial	search FASTA description + reference GFF	33.037731704162965
PROT:sp|P07264|LEUC_YEAST	sp|P07264|LEUC_YEAST		LEU1	3-isopropylmalate dehydratase	0.00035489036	LEU1 — 3-isopropylmalate dehydratase	search FASTA description + reference GFF	35.48026806866242
PROT:sp|P07266|MRS1_YEAST	sp|P07266|MRS1_YEAST		MRS1	Mitochondrial RNA-splicing protein MRS1	0.00035489036	MRS1 — Mitochondrial RNA-splicing protein MRS1	search FASTA description + reference GFF	25.132932826965565
PROT:sp|P07267|CARP_YEAST	sp|P07267|CARP_YEAST		PEP4	Saccharopepsin	0.00035489036	PEP4 — Saccharopepsin	search FASTA description + reference GFF	33.86877619918309
PROT:sp|P07269|PHO2_YEAST	sp|P07269|PHO2_YEAST		PHO2	Regulatory protein PHO2	0.00035489036	PHO2 — Regulatory protein PHO2	search FASTA description + reference GFF	26.884204227300252
PROT:sp|P07273|TFS2_YEAST	sp|P07273|TFS2_YEAST		DST1	Transcription elongation factor S-II	0.00035489036	DST1 — Transcription elongation factor S-II	search FASTA description + reference GFF	29.2572002804969
PROT:sp|P07274|PROF_YEAST	sp|P07274|PROF_YEAST		PFY1	Profilin	0.00035489036	PFY1 — Profilin	search FASTA description + reference GFF	29.20835962979369
PROT:sp|P07275|PUT2_YEAST	sp|P07275|PUT2_YEAST		PUT2	Delta-1-pyrroline-5-carboxylate dehydrogenase, mitochondrial	0.00035489036	PUT2 — Delta-1-pyrroline-5-carboxylate dehydrogenase, mitochondrial	search FASTA description + reference GFF	33.384991251576366
PROT:sp|P07277|ERG12_YEAST	sp|P07277|ERG12_YEAST		ERG12	Mevalonate kinase	0.00035489036	ERG12 — Mevalonate kinase	search FASTA description + reference GFF	30.18667003862684
PROT:sp|P07278|KAPR_YEAST	sp|P07278|KAPR_YEAST		BCY1	cAMP-dependent protein kinase regulatory subunit	0.00035489036	BCY1 — cAMP-dependent protein kinase regulatory subunit	search FASTA description + reference GFF	34.73026434837352
PROT:sp|P07283|PMM_YEAST	sp|P07283|PMM_YEAST		SEC53	Phosphomannomutase	0.00035489036	SEC53 — Phosphomannomutase	search FASTA description + reference GFF	33.21610865014667
PROT:sp|P07284|SYSC_YEAST	sp|P07284|SYSC_YEAST		SES1	Serine--tRNA ligase, cytoplasmic	0.00035489036	SES1 — Serine--tRNA ligase, cytoplasmic	search FASTA description + reference GFF	34.62706988935623
PROT:sp|P07285|TRPD_YEAST	sp|P07285|TRPD_YEAST		TRP4	Anthranilate phosphoribosyltransferase	0.00035489036	TRP4 — Anthranilate phosphoribosyltransferase	search FASTA description + reference GFF	30.115282393693263
PROT:sp|P07342|ILVB_YEAST	sp|P07342|ILVB_YEAST		ILV2	Acetolactate synthase catalytic subunit, mitochondrial	0.00035489036	ILV2 — Acetolactate synthase catalytic subunit, mitochondrial	search FASTA description + reference GFF	35.09736921826776
PROT:sp|P07347|ARD1_YEAST	sp|P07347|ARD1_YEAST		ARD1	N-terminal acetyltransferase A complex catalytic subunit ARD1	0.00035489036	ARD1 — N-terminal acetyltransferase A complex catalytic subunit ARD1	search FASTA description + reference GFF	27.95824569606719
PROT:sp|P07560|SEC4_YEAST	sp|P07560|SEC4_YEAST		SEC4	Ras-related protein SEC4	0.00035489036	SEC4 — Ras-related protein SEC4	search FASTA description + reference GFF	31.446942816181725
PROT:sp|P07702|LYS2_YEAST	sp|P07702|LYS2_YEAST		LYS2	L-2-aminoadipate reductase	0.00035489036	LYS2 — L-2-aminoadipate reductase	search FASTA description + reference GFF	34.05729373268639
PROT:sp|P07703|RPAC1_YEAST	sp|P07703|RPAC1_YEAST		RPC40	DNA-directed RNA polymerases I and III subunit RPAC1	0.00035489036	RPC40 — DNA-directed RNA polymerases I and III subunit RPAC1	search FASTA description + reference GFF	31.31848436991635
PROT:sp|P07806|SYV_YEAST	sp|P07806|SYV_YEAST		VAS1	Valine--tRNA ligase, mitochondrial	0.00035489036	VAS1 — Valine--tRNA ligase, mitochondrial	search FASTA description + reference GFF	34.32029994203008
PROT:sp|P07991|OAT_YEAST	sp|P07991|OAT_YEAST		CAR2	Ornithine aminotransferase	0.00035489036	CAR2 — Ornithine aminotransferase	search FASTA description + reference GFF	34.55531093330922
PROT:sp|P08018|PBS2_YEAST	sp|P08018|PBS2_YEAST		PBS2	MAP kinase kinase PBS2	0.00035489036	PBS2 — MAP kinase kinase PBS2	search FASTA description + reference GFF	27.243033998367984
PROT:sp|P08067|UCRI_YEAST	sp|P08067|UCRI_YEAST		RIP1	Cytochrome b-c1 complex subunit Rieske, mitochondrial	0.00035489036	RIP1 — Cytochrome b-c1 complex subunit Rieske, mitochondrial	search FASTA description + reference GFF	33.62573883158661
PROT:sp|P08417|FUMH_YEAST	sp|P08417|FUMH_YEAST		FUM1	Fumarate hydratase, mitochondrial	0.00035489036	FUM1 — Fumarate hydratase, mitochondrial	search FASTA description + reference GFF	35.418728438495755
PROT:sp|P08425|SYFM_YEAST	sp|P08425|SYFM_YEAST		MSF1	Phenylalanine--tRNA ligase, mitochondrial	0.00035489036	MSF1 — Phenylalanine--tRNA ligase, mitochondrial	search FASTA description + reference GFF	27.05942663270117
PROT:sp|P08432|DCOR_YEAST	sp|P08432|DCOR_YEAST		SPE1	Ornithine decarboxylase	0.00035489036	SPE1 — Ornithine decarboxylase	search FASTA description + reference GFF	23.57348783762165
PROT:sp|P08465|MET2_YEAST	sp|P08465|MET2_YEAST		MET2	Homoserine O-acetyltransferase	0.00035489036	MET2 — Homoserine O-acetyltransferase	search FASTA description + reference GFF	27.983170110582265
PROT:sp|P08466|NUC1_YEAST	sp|P08466|NUC1_YEAST		NUC1	Mitochondrial nuclease	0.00035489036	NUC1 — Mitochondrial nuclease	search FASTA description + reference GFF	28.308371577449
PROT:sp|P08518|RPB2_YEAST	sp|P08518|RPB2_YEAST		RPB2	DNA-directed RNA polymerase II subunit RPB2	0.00035489036	RPB2 — DNA-directed RNA polymerase II subunit RPB2	search FASTA description + reference GFF	32.190019073510115
PROT:sp|P08524|ERG20_YEAST	sp|P08524|ERG20_YEAST		ERG20	Farnesyl pyrophosphate synthase	0.00035489036	ERG20 — Farnesyl pyrophosphate synthase	search FASTA description + reference GFF	35.854468186742224
PROT:sp|P08525|QCR8_YEAST	sp|P08525|QCR8_YEAST		QCR8	Cytochrome b-c1 complex subunit 8, mitochondrial	0.00035489036	QCR8 — Cytochrome b-c1 complex subunit 8, mitochondrial	search FASTA description + reference GFF	35.12202819389227
PROT:sp|P08536|MET3_YEAST	sp|P08536|MET3_YEAST		MET3	Sulfate adenylyltransferase	0.00035489036	MET3 — Sulfate adenylyltransferase	search FASTA description + reference GFF	33.82724481687257
PROT:sp|P08539|GPA1_YEAST	sp|P08539|GPA1_YEAST		GPA1	Guanine nucleotide-binding protein alpha-1 subunit	0.00035489036	GPA1 — Guanine nucleotide-binding protein alpha-1 subunit	search FASTA description + reference GFF	28.76918932923851
PROT:sp|P08566|ARO1_YEAST	sp|P08566|ARO1_YEAST		ARO1	Pentafunctional AROM polypeptide	0.00035489036	ARO1 — Pentafunctional AROM polypeptide	search FASTA description + reference GFF	34.21148269414013
PROT:sp|P08678|CYAA_YEAST	sp|P08678|CYAA_YEAST		CYR1	Adenylate cyclase	0.00035489036	CYR1 — Adenylate cyclase	search FASTA description + reference GFF	26.230798419556105
PROT:sp|P08679|CISY2_YEAST	sp|P08679|CISY2_YEAST		CIT2	Citrate synthase, peroxisomal	0.00035489036	CIT2 — Citrate synthase, peroxisomal	search FASTA description + reference GFF	30.25102700575823
PROT:sp|P09064|IF2B_YEAST	sp|P09064|IF2B_YEAST		SUI3	Eukaryotic translation initiation factor 2 subunit beta	0.00035489036	SUI3 — Eukaryotic translation initiation factor 2 subunit beta	search FASTA description + reference GFF	32.179300125146206
PROT:sp|P09232|PRTB_YEAST	sp|P09232|PRTB_YEAST		PRB1	Cerevisin	0.00035489036	PRB1 — Cerevisin	search FASTA description + reference GFF	34.453866196096484
PROT:sp|P09435|HSP73_YEAST	sp|P09435|HSP73_YEAST		SSA3	Heat shock protein SSA3	0.00035489036	SSA3 — Heat shock protein SSA3	search FASTA description + reference GFF	36.3476142129471
PROT:sp|P09436|SYIC_YEAST	sp|P09436|SYIC_YEAST		ILS1	Isoleucine--tRNA ligase, cytoplasmic	0.00035489036	ILS1 — Isoleucine--tRNA ligase, cytoplasmic	search FASTA description + reference GFF	33.986261628018504
PROT:sp|P09440|C1TM_YEAST	sp|P09440|C1TM_YEAST		MIS1	C-1-tetrahydrofolate synthase, mitochondrial	0.00035489036	MIS1 — C-1-tetrahydrofolate synthase, mitochondrial	search FASTA description + reference GFF	32.41633015924904
PROT:sp|P09457|ATPO_YEAST	sp|P09457|ATPO_YEAST		ATP5	ATP synthase subunit 5, mitochondrial	0.00035489036	ATP5 — ATP synthase subunit 5, mitochondrial	search FASTA description + reference GFF	35.88075999154544
PROT:sp|P09620|KEX1_YEAST	sp|P09620|KEX1_YEAST		KEX1	Pheromone-processing carboxypeptidase KEX1	0.00035489036	KEX1 — Pheromone-processing carboxypeptidase KEX1	search FASTA description + reference GFF	24.37974722230708
PROT:sp|P09624|DLDH_YEAST	sp|P09624|DLDH_YEAST		LPD1	Dihydrolipoyl dehydrogenase, mitochondrial	0.00035489036	LPD1 — Dihydrolipoyl dehydrogenase, mitochondrial	search FASTA description + reference GFF	36.19022234262562
PROT:sp|P09733|TBA1_YEAST	sp|P09733|TBA1_YEAST		TUB1	Tubulin alpha-1 chain	0.00035489036	TUB1 — Tubulin alpha-1 chain	search FASTA description + reference GFF	31.566111899700232
PROT:sp|P09734|TBA3_YEAST	sp|P09734|TBA3_YEAST		TUB3	Tubulin alpha-3 chain	0.00035489036	TUB3 — Tubulin alpha-3 chain	search FASTA description + reference GFF	27.374356510301165
PROT:sp|P09880|TRNL_YEAST	sp|P09880|TRNL_YEAST		TRL1	tRNA ligase	0.00035489036	TRL1 — tRNA ligase	search FASTA description + reference GFF	27.848122098048236
PROT:sp|P09938|RIR2_YEAST	sp|P09938|RIR2_YEAST		RNR2	Ribonucleoside-diphosphate reductase small chain 1	0.00035489036	RNR2 — Ribonucleoside-diphosphate reductase small chain 1	search FASTA description + reference GFF	35.353897491947
PROT:sp|P09950|HEM1_YEAST	sp|P09950|HEM1_YEAST		HEM1	5-aminolevulinate synthase, mitochondrial	0.00035489036	HEM1 — 5-aminolevulinate synthase, mitochondrial	search FASTA description + reference GFF	30.213404232456732
PROT:sp|P0C0T4|RS25B_YEAST	sp|P0C0T4|RS25B_YEAST		RPS25B	Small ribosomal subunit protein eS25B	0.00035489036	RPS25B — Small ribosomal subunit protein eS25B	search FASTA description + reference GFF	31.85276440612861
PROT:sp|P0C0W1|RS22A_YEAST	sp|P0C0W1|RS22A_YEAST		RPS22A	Small ribosomal subunit protein uS8A	0.00035489036	RPS22A — Small ribosomal subunit protein uS8A	search FASTA description + reference GFF	33.69696592618797
PROT:sp|P0C2H6|RL27A_YEAST	sp|P0C2H6|RL27A_YEAST		RPL27A	Large ribosomal subunit protein eL27A	0.00035489036	RPL27A — Large ribosomal subunit protein eL27A	search FASTA description + reference GFF	35.85669819838823
PROT:sp|P0C2H8|RL31A_YEAST	sp|P0C2H8|RL31A_YEAST		RPL31A	Large ribosomal subunit protein eL31A	0.00035489036	RPL31A — Large ribosomal subunit protein eL31A	search FASTA description + reference GFF	34.66676016437219
PROT:sp|P0CS90|HSP77_YEAST	sp|P0CS90|HSP77_YEAST		SSC1	Import motor subunit, mitochondrial	0.00035489036	SSC1 — Import motor subunit, mitochondrial	search FASTA description + reference GFF	37.4687875433532
PROT:sp|P0CT04|IPB2_YEAST	sp|P0CT04|IPB2_YEAST		PBI2	Protease B inhibitor 2	0.00035489036	PBI2 — Protease B inhibitor 2	search FASTA description + reference GFF	34.80778583510394
PROT:sp|P10080|SSBP1_YEAST	sp|P10080|SSBP1_YEAST		SBP1	Single-stranded nucleic acid-binding protein	0.00035489036	SBP1 — Single-stranded nucleic acid-binding protein	search FASTA description + reference GFF	34.81856102927727
PROT:sp|P10081|IF4A_YEAST	sp|P10081|IF4A_YEAST		TIF1	ATP-dependent RNA helicase eIF4A	0.00035489036	TIF1 — ATP-dependent RNA helicase eIF4A	search FASTA description + reference GFF	36.16412325359807
PROT:sp|P10127|ADH4_YEAST	sp|P10127|ADH4_YEAST		ADH4	Alcohol dehydrogenase 4	0.00035489036	ADH4 — Alcohol dehydrogenase 4	search FASTA description + reference GFF	27.444170406094845
PROT:sp|P10363|PRI1_YEAST	sp|P10363|PRI1_YEAST		PRI1	DNA primase small subunit	0.00035489036	PRI1 — DNA primase small subunit	search FASTA description + reference GFF	28.773973772419858
PROT:sp|P10507|MPPB_YEAST	sp|P10507|MPPB_YEAST		MAS1	Mitochondrial-processing peptidase subunit beta	0.00035489036	MAS1 — Mitochondrial-processing peptidase subunit beta	search FASTA description + reference GFF	30.095894529201125
PROT:sp|P10591|HSP71_YEAST	sp|P10591|HSP71_YEAST		SSA1	Heat shock protein SSA1	0.00035489036	SSA1 — Heat shock protein SSA1	search FASTA description + reference GFF	36.84100431221196
PROT:sp|P10592|HSP72_YEAST	sp|P10592|HSP72_YEAST		SSA2	Heat shock protein SSA2	0.00035489036	SSA2 — Heat shock protein SSA2	search FASTA description + reference GFF	35.81454165594691
PROT:sp|P10614|CP51_YEAST	sp|P10614|CP51_YEAST		ERG11	Lanosterol 14-alpha demethylase CYP51	0.00035489036	ERG11 — Lanosterol 14-alpha demethylase CYP51	search FASTA description + reference GFF	31.428182300287308
PROT:sp|P10659|METK1_YEAST	sp|P10659|METK1_YEAST		SAM1	S-adenosylmethionine synthase 1	0.00035489036	SAM1 — S-adenosylmethionine synthase 1	search FASTA description + reference GFF	34.61097054818568
PROT:sp|P10662|RT01_YEAST	sp|P10662|RT01_YEAST		MRP1	Small ribosomal subunit protein mS43	0.00035489036	MRP1 — Small ribosomal subunit protein mS43	search FASTA description + reference GFF	30.88259773882553
PROT:sp|P10663|RT02_YEAST	sp|P10663|RT02_YEAST		MRP2	Small ribosomal subunit protein uS14m	0.0039827023	MRP2 — Small ribosomal subunit protein uS14m	search FASTA description + reference GFF	24.5618006443839
PROT:sp|P10664|RL4A_YEAST	sp|P10664|RL4A_YEAST		RPL4A	Large ribosomal subunit protein uL4A	0.00035489036	RPL4A — Large ribosomal subunit protein uL4A	search FASTA description + reference GFF	35.13049883018157
PROT:sp|P10823|GPA2_YEAST	sp|P10823|GPA2_YEAST		GPA2	Guanine nucleotide-binding protein alpha-2 subunit	0.00035489036	GPA2 — Guanine nucleotide-binding protein alpha-2 subunit	search FASTA description + reference GFF	29.676617786676857
PROT:sp|P10849|MITF2_YEAST	sp|P10849|MITF2_YEAST		MTF2	Mitochondrial translation factor 2	0.00035489036	MTF2 — Mitochondrial translation factor 2	search FASTA description + reference GFF	26.409141334055164
PROT:sp|P10862|RAD18_YEAST	sp|P10862|RAD18_YEAST		RAD18	Postreplication repair E3 ubiquitin-protein ligase RAD18	0.0093248375	RAD18 — Postreplication repair E3 ubiquitin-protein ligase RAD18	search FASTA description + reference GFF	28.62488992151521
PROT:sp|P10869|AK_YEAST	sp|P10869|AK_YEAST		HOM3	Aspartokinase	0.00035489036	HOM3 — Aspartokinase	search FASTA description + reference GFF	34.17146747953806
PROT:sp|P10963|PCKA_YEAST	sp|P10963|PCKA_YEAST		PCK1	Phosphoenolpyruvate carboxykinase (ATP)	0.00035489036	PCK1 — Phosphoenolpyruvate carboxykinase (ATP)	search FASTA description + reference GFF	32.401217903071945
PROT:sp|P10964|RPA1_YEAST	sp|P10964|RPA1_YEAST		RPA190	DNA-directed RNA polymerase I subunit RPA190	0.00035489036	RPA190 — DNA-directed RNA polymerase I subunit RPA190	search FASTA description + reference GFF	32.457290449762745
PROT:sp|P11075|SEC7_YEAST	sp|P11075|SEC7_YEAST		SEC7	ADP-ribosylation factor guanine nucleotide-exchange factor SEC7	0.00035489036	SEC7 — ADP-ribosylation factor guanine nucleotide-exchange factor SEC7	search FASTA description + reference GFF	29.366451821950605
PROT:sp|P11154|PYC1_YEAST	sp|P11154|PYC1_YEAST		PYC1	Pyruvate carboxylase 1	0.00035489036	PYC1 — Pyruvate carboxylase 1	search FASTA description + reference GFF	33.50783802887992
PROT:sp|P11325|SYLM_YEAST	sp|P11325|SYLM_YEAST		NAM2	Leucine--tRNA ligase, mitochondrial	0.00035489036	NAM2 — Leucine--tRNA ligase, mitochondrial	search FASTA description + reference GFF	27.74485769067467
PROT:sp|P11353|HEM6_YEAST	sp|P11353|HEM6_YEAST		HEM13	Oxygen-dependent coproporphyrinogen-III oxidase	0.00035489036	HEM13 — Oxygen-dependent coproporphyrinogen-III oxidase	search FASTA description + reference GFF	30.474937301295643
PROT:sp|P11412|G6PD_YEAST	sp|P11412|G6PD_YEAST		ZWF1	Glucose-6-phosphate 1-dehydrogenase	0.00035489036	ZWF1 — Glucose-6-phosphate 1-dehydrogenase	search FASTA description + reference GFF	34.4245274162242
PROT:sp|P11433|CDC24_YEAST	sp|P11433|CDC24_YEAST		CDC24	Cell division control protein 24	0.0004401009	CDC24 — Cell division control protein 24	search FASTA description + reference GFF	26.276515660639586
PROT:sp|P11484|SSB1_YEAST	sp|P11484|SSB1_YEAST		SSB1	Ribosome-associated molecular chaperone SSB1	0.00035489036	SSB1 — Ribosome-associated molecular chaperone SSB1	search FASTA description + reference GFF	30.351493884687585
PROT:sp|P11491|PPB_YEAST	sp|P11491|PPB_YEAST		PHO8	Repressible alkaline phosphatase	0.00035489036	PHO8 — Repressible alkaline phosphatase	search FASTA description + reference GFF	29.47804198871767
PROT:sp|P11655|SEC12_YEAST	sp|P11655|SEC12_YEAST		SEC12	Guanine nucleotide-exchange factor SEC12	0.00035489036	SEC12 — Guanine nucleotide-exchange factor SEC12	search FASTA description + reference GFF	28.118384123227443
PROT:sp|P11709|BIK1_YEAST	sp|P11709|BIK1_YEAST		BIK1	Nuclear fusion protein BIK1	0.00035489036	BIK1 — Nuclear fusion protein BIK1	search FASTA description + reference GFF	22.961629709161407
PROT:sp|P11745|RNA1_YEAST	sp|P11745|RNA1_YEAST		RNA1	Ran GTPase-activating protein 1	0.00035489036	RNA1 — Ran GTPase-activating protein 1	search FASTA description + reference GFF	31.644966979690054
PROT:sp|P11792|SCH9_YEAST	sp|P11792|SCH9_YEAST		SCH9	Serine/threonine-protein kinase SCH9	0.00046018508	SCH9 — Serine/threonine-protein kinase SCH9	search FASTA description + reference GFF	23.70298315075614
PROT:sp|P11914|MPPA_YEAST	sp|P11914|MPPA_YEAST		MAS2	Mitochondrial-processing peptidase subunit alpha	0.00035489036	MAS2 — Mitochondrial-processing peptidase subunit alpha	search FASTA description + reference GFF	33.24360035930092
PROT:sp|P11938|RAP1_YEAST	sp|P11938|RAP1_YEAST		RAP1	DNA-binding protein RAP1	0.00035489036	RAP1 — DNA-binding protein RAP1	search FASTA description + reference GFF	28.608677574396296
PROT:sp|P11986|INO1_YEAST	sp|P11986|INO1_YEAST		INO1	Inositol-3-phosphate synthase	0.00035489036	INO1 — Inositol-3-phosphate synthase	search FASTA description + reference GFF	34.06784718008705
PROT:sp|P12383|PDR1_YEAST	sp|P12383|PDR1_YEAST		PDR1	Transcription factor PDR1	0.0009000258	PDR1 — Transcription factor PDR1	search FASTA description + reference GFF	25.625451181846053
PROT:sp|P12385|ERF1_YEAST	sp|P12385|ERF1_YEAST		SUP45	Eukaryotic peptide chain release factor subunit 1	0.00035489036	SUP45 — Eukaryotic peptide chain release factor subunit 1	search FASTA description + reference GFF	33.74059219764642
PROT:sp|P12611|WHI2_YEAST	sp|P12611|WHI2_YEAST		WHI2	Growth regulation protein	0.00035489036	WHI2 — Growth regulation protein	search FASTA description + reference GFF	28.631780523278085
PROT:sp|P12612|TCPA_YEAST	sp|P12612|TCPA_YEAST		TCP1	T-complex protein 1 subunit alpha	0.00035489036	TCP1 — T-complex protein 1 subunit alpha	search FASTA description + reference GFF	32.36080394213727
PROT:sp|P12630|BAR1_YEAST	sp|P12630|BAR1_YEAST		BAR1	Barrierpepsin	0.00035489036	BAR1 — Barrierpepsin	search FASTA description + reference GFF	28.665108047280583
PROT:sp|P12683|HMDH1_YEAST	sp|P12683|HMDH1_YEAST		HMG1	3-hydroxy-3-methylglutaryl-coenzyme A reductase 1	0.00035489036	HMG1 — 3-hydroxy-3-methylglutaryl-coenzyme A reductase 1	search FASTA description + reference GFF	32.08402226951979
PROT:sp|P12686|RT13_YEAST	sp|P12686|RT13_YEAST		MRP13	Small ribosomal subunit protein mS27	0.00035489036	MRP13 — Small ribosomal subunit protein mS27	search FASTA description + reference GFF	31.65117722136609
PROT:sp|P12687|RM02_YEAST	sp|P12687|RM02_YEAST		MRP7	Large ribosomal subunit protein bL27m	0.00035489036	MRP7 — Large ribosomal subunit protein bL27m	search FASTA description + reference GFF	30.28016527974399
PROT:sp|P12688|YPK1_YEAST	sp|P12688|YPK1_YEAST		YPK1	Serine/threonine-protein kinase YPK1	0.00035489036	YPK1 — Serine/threonine-protein kinase YPK1	search FASTA description + reference GFF	29.20379242480606
PROT:sp|P12695|ODP2_YEAST	sp|P12695|ODP2_YEAST		LAT1	Dihydrolipoyllysine-residue acetyltransferase component of pyruvate dehydrogenase complex, mitochondrial	0.00035489036	LAT1 — Dihydrolipoyllysine-residue acetyltransferase component of pyruvate dehydrogenase complex, mitochondrial	search FASTA description + reference GFF	34.64702789580946
PROT:sp|P12709|G6PI_YEAST	sp|P12709|G6PI_YEAST		PGI1	Glucose-6-phosphate isomerase	0.00035489036	PGI1 — Glucose-6-phosphate isomerase	search FASTA description + reference GFF	36.73015315241353
PROT:sp|P12753|RAD50_YEAST	sp|P12753|RAD50_YEAST		RAD50	DNA repair protein RAD50	0.00035489036	RAD50 — DNA repair protein RAD50	search FASTA description + reference GFF	27.661151448260345
PROT:sp|P12754|EI2BD_YEAST	sp|P12754|EI2BD_YEAST		GCD2	Translation initiation factor eIF2B subunit delta	0.00035489036	GCD2 — Translation initiation factor eIF2B subunit delta	search FASTA description + reference GFF	29.95914951889528
PROT:sp|P12904|AAKG_YEAST	sp|P12904|AAKG_YEAST		SNF4	5'-AMP-activated protein kinase subunit gamma	0.00035489036	SNF4 — 5'-AMP-activated protein kinase subunit gamma	search FASTA description + reference GFF	29.87760080962941
PROT:sp|P12945|NAT1_YEAST	sp|P12945|NAT1_YEAST		NAT1	N-terminal acetyltransferase A complex subunit NAT1	0.00035489036	NAT1 — N-terminal acetyltransferase A complex subunit NAT1	search FASTA description + reference GFF	31.41859817986653
PROT:sp|P13130|SS100_YEAST	sp|P13130|SS100_YEAST		SPS100	Sporulation-specific wall maturation protein	0.00035489036	SPS100 — Sporulation-specific wall maturation protein	search FASTA description + reference GFF	30.47088240531915
PROT:sp|P13185|KIN1_YEAST	sp|P13185|KIN1_YEAST		KIN1	Serine/threonine protein kinase KIN1	0.00035489036	KIN1 — Serine/threonine protein kinase KIN1	search FASTA description + reference GFF	27.718476824067743
PROT:sp|P13188|SYQ_YEAST	sp|P13188|SYQ_YEAST		GLN4	Glutamine--tRNA ligase	0.00035489036	GLN4 — Glutamine--tRNA ligase	search FASTA description + reference GFF	33.568683190570184
PROT:sp|P13298|PYRE_YEAST	sp|P13298|PYRE_YEAST		URA5	Orotate phosphoribosyltransferase 1	0.00035489036	URA5 — Orotate phosphoribosyltransferase 1	search FASTA description + reference GFF	32.07303128630393
PROT:sp|P13517|CAPZB_YEAST	sp|P13517|CAPZB_YEAST		CAP2	F-actin-capping protein subunit beta	0.00035489036	CAP2 — F-actin-capping protein subunit beta	search FASTA description + reference GFF	31.173066131708097
PROT:sp|P13586|ATC1_YEAST	sp|P13586|ATC1_YEAST		PMR1	Calcium-transporting ATPase 1	0.00035489036	PMR1 — Calcium-transporting ATPase 1	search FASTA description + reference GFF	29.883839598775392
PROT:sp|P13663|DHAS_YEAST	sp|P13663|DHAS_YEAST		HOM2	Aspartate-semialdehyde dehydrogenase	0.00035489036	HOM2 — Aspartate-semialdehyde dehydrogenase	search FASTA description + reference GFF	35.315861059398
PROT:sp|P13711|ACOX_YEAST	sp|P13711|ACOX_YEAST		POX1	Acyl-coenzyme A oxidase	0.00035489036	POX1 — Acyl-coenzyme A oxidase	search FASTA description + reference GFF	34.807519011656986
PROT:sp|P13712|MSI1_YEAST	sp|P13712|MSI1_YEAST		MSI1	Histone-binding protein MSI1	0.00035724725	MSI1 — Histone-binding protein MSI1	search FASTA description + reference GFF	25.461266544783427
PROT:sp|P13856|RSR1_YEAST	sp|P13856|RSR1_YEAST		RSR1	Ras-related protein RSR1	0.00035489036	RSR1 — Ras-related protein RSR1	search FASTA description + reference GFF	32.27639836354944
PROT:sp|P14020|DPM1_YEAST	sp|P14020|DPM1_YEAST		DPM1	Dolichol-phosphate mannosyltransferase	0.00035489036	DPM1 — Dolichol-phosphate mannosyltransferase	search FASTA description + reference GFF	32.72590839072561
PROT:sp|P14065|GCY1_YEAST	sp|P14065|GCY1_YEAST		GCY1	Glycerol 2-dehydrogenase (NADP(+))	0.00035489036	GCY1 — Glycerol 2-dehydrogenase (NADP(+))	search FASTA description + reference GFF	35.153977662008806
PROT:sp|P14120|RL30_YEAST	sp|P14120|RL30_YEAST		RPL30	Large ribosomal subunit protein eL30	0.00035489036	RPL30 — Large ribosomal subunit protein eL30	search FASTA description + reference GFF	34.99009355232533
PROT:sp|P14126|RL3_YEAST	sp|P14126|RL3_YEAST		RPL3	Large ribosomal subunit protein uL3	0.00035489036	RPL3 — Large ribosomal subunit protein uL3	search FASTA description + reference GFF	37.982657515248334
PROT:sp|P14164|ABF1_YEAST	sp|P14164|ABF1_YEAST		ABF1	ARS-binding factor 1	0.00035489036	ABF1 — ARS-binding factor 1	search FASTA description + reference GFF	29.7428018667093
PROT:sp|P14306|CPYI_YEAST	sp|P14306|CPYI_YEAST		TFS1	Carboxypeptidase Y inhibitor	0.00035489036	TFS1 — Carboxypeptidase Y inhibitor	search FASTA description + reference GFF	34.35875976142364
PROT:sp|P14540|ALF_YEAST	sp|P14540|ALF_YEAST		FBA1	Fructose-bisphosphate aldolase	0.00035489036	FBA1 — Fructose-bisphosphate aldolase	search FASTA description + reference GFF	39.57164999951021
PROT:sp|P14680|YAK1_YEAST	sp|P14680|YAK1_YEAST		YAK1	Dual specificity protein kinase YAK1	0.00035489036	YAK1 — Dual specificity protein kinase YAK1	search FASTA description + reference GFF	26.647790218778283
PROT:sp|P14681|KSS1_YEAST	sp|P14681|KSS1_YEAST		KSS1	Mitogen-activated protein kinase KSS1	0.00035489036	KSS1 — Mitogen-activated protein kinase KSS1	search FASTA description + reference GFF	26.240331628174243
PROT:sp|P14736|RAD4_YEAST	sp|P14736|RAD4_YEAST		RAD4	DNA repair protein RAD4	0.00035489036	RAD4 — DNA repair protein RAD4	search FASTA description + reference GFF	23.56157110497153
PROT:sp|P14742|GFA1_YEAST	sp|P14742|GFA1_YEAST		GFA1	Glutamine--fructose-6-phosphate aminotransferase	0.00035489036	GFA1 — Glutamine--fructose-6-phosphate aminotransferase	search FASTA description + reference GFF	33.59102650493508
PROT:sp|P14743|NMT_YEAST	sp|P14743|NMT_YEAST		NMT1	Glycylpeptide N-tetradecanoyltransferase	0.00035489036	NMT1 — Glycylpeptide N-tetradecanoyltransferase	search FASTA description + reference GFF	29.75466376598383
PROT:sp|P14747|PP2B2_YEAST	sp|P14747|PP2B2_YEAST		CMP2	Serine/threonine-protein phosphatase 2B catalytic subunit A2	0.00035489036	CMP2 — Serine/threonine-protein phosphatase 2B catalytic subunit A2	search FASTA description + reference GFF	28.548797414601424
PROT:sp|P14772|BPT1_YEAST	sp|P14772|BPT1_YEAST		BPT1	Bile pigment transporter 1	0.00035489036	BPT1 — Bile pigment transporter 1	search FASTA description + reference GFF	25.51775886602458
PROT:sp|P14832|CYPH_YEAST	sp|P14832|CYPH_YEAST		CPR1	Peptidyl-prolyl cis-trans isomerase	0.00035489036	CPR1 — Peptidyl-prolyl cis-trans isomerase	search FASTA description + reference GFF	37.40244515620867
PROT:sp|P14843|AROF_YEAST	sp|P14843|AROF_YEAST		ARO3	Phospho-2-dehydro-3-deoxyheptonate aldolase, phenylalanine-inhibited	0.00035489036	ARO3 — Phospho-2-dehydro-3-deoxyheptonate aldolase, phenylalanine-inhibited	search FASTA description + reference GFF	33.83563019775983
PROT:sp|P14904|AMPL_YEAST	sp|P14904|AMPL_YEAST		APE1	Vacuolar aminopeptidase 1	0.00035489036	APE1 — Vacuolar aminopeptidase 1	search FASTA description + reference GFF	32.85340711725766
PROT:sp|P14905|CBP7_YEAST	sp|P14905|CBP7_YEAST		CBS2	Cytochrome B translational activator CBS2	0.00035489036	CBS2 — Cytochrome B translational activator CBS2	search FASTA description + reference GFF	24.8926282393102
PROT:sp|P14906|SEC63_YEAST	sp|P14906|SEC63_YEAST		SEC63	Protein translocation protein SEC63	0.00035489036	SEC63 — Protein translocation protein SEC63	search FASTA description + reference GFF	30.458540078026303
PROT:sp|P14907|NSP1_YEAST	sp|P14907|NSP1_YEAST		NSP1	Nucleoporin NSP1	0.00035489036	NSP1 — Nucleoporin NSP1	search FASTA description + reference GFF	32.00277676834963
PROT:sp|P14908|MTF1_YEAST	sp|P14908|MTF1_YEAST		MTF1	Mitochondrial transcription factor 1	0.00035489036	MTF1 — Mitochondrial transcription factor 1	search FASTA description + reference GFF	28.051535499203563
PROT:sp|P14922|CYC8_YEAST	sp|P14922|CYC8_YEAST		CYC8	General transcriptional corepressor CYC8	0.00035489036	CYC8 — General transcriptional corepressor CYC8	search FASTA description + reference GFF	28.69053083520821
PROT:sp|P15019|TAL1_YEAST	sp|P15019|TAL1_YEAST		TAL1	Transaldolase	0.00035489036	TAL1 — Transaldolase	search FASTA description + reference GFF	36.386407086028576
PROT:sp|P15108|HSC82_YEAST	sp|P15108|HSC82_YEAST		HSC82	ATP-dependent molecular chaperone HSC82	0.00035489036	HSC82 — ATP-dependent molecular chaperone HSC82	search FASTA description + reference GFF	37.18978637578234
PROT:sp|P15180|SYKC_YEAST	sp|P15180|SYKC_YEAST		KRS1	Lysine--tRNA ligase, cytoplasmic	0.00035489036	KRS1 — Lysine--tRNA ligase, cytoplasmic	search FASTA description + reference GFF	35.05085165276106
PROT:sp|P15202|CATA_YEAST	sp|P15202|CATA_YEAST		CTA1	Peroxisomal catalase A	0.00035489036	CTA1 — Peroxisomal catalase A	search FASTA description + reference GFF	34.13300448551004
PROT:sp|P15274|AMPD_YEAST	sp|P15274|AMPD_YEAST		AMD1	AMP deaminase	0.00035489036	AMD1 — AMP deaminase	search FASTA description + reference GFF	30.143341127714507
PROT:sp|P15303|SEC23_YEAST	sp|P15303|SEC23_YEAST		SEC23	Protein transport protein SEC23	0.00035489036	SEC23 — Protein transport protein SEC23	search FASTA description + reference GFF	30.705370232821853
PROT:sp|P15424|MS116_YEAST	sp|P15424|MS116_YEAST		MSS116	ATP-dependent RNA helicase MSS116, mitochondrial	0.00035489036	MSS116 — ATP-dependent RNA helicase MSS116, mitochondrial	search FASTA description + reference GFF	32.01192940893044
PROT:sp|P15442|GCN2_YEAST	sp|P15442|GCN2_YEAST		GCN2	eIF-2-alpha kinase GCN2	0.00035489036	GCN2 — eIF-2-alpha kinase GCN2	search FASTA description + reference GFF	24.768697652501423
PROT:sp|P15454|KGUA_YEAST	sp|P15454|KGUA_YEAST		GUK1	Guanylate kinase	0.00035489036	GUK1 — Guanylate kinase	search FASTA description + reference GFF	32.2337214097176
PROT:sp|P15496|IDI1_YEAST	sp|P15496|IDI1_YEAST		IDI1	Isopentenyl-diphosphate delta-isomerase	0.00035489036	IDI1 — Isopentenyl-diphosphate delta-isomerase	search FASTA description + reference GFF	31.81159955398796
PROT:sp|P15565|TRM1_YEAST	sp|P15565|TRM1_YEAST		TRM1	tRNA (guanine(26)-N(2))-dimethyltransferase, mitochondrial	0.00035489036	TRM1 — tRNA (guanine(26)-N(2))-dimethyltransferase, mitochondrial	search FASTA description + reference GFF	30.37373211368658
PROT:sp|P15624|SYFB_YEAST	sp|P15624|SYFB_YEAST		FRS1	Phenylalanine--tRNA ligase beta subunit	0.00035489036	FRS1 — Phenylalanine--tRNA ligase beta subunit	search FASTA description + reference GFF	33.394374259347266
PROT:sp|P15625|SYFA_YEAST	sp|P15625|SYFA_YEAST		FRS2	Phenylalanine--tRNA ligase alpha subunit	0.00035489036	FRS2 — Phenylalanine--tRNA ligase alpha subunit	search FASTA description + reference GFF	33.53007660780335
PROT:sp|P15646|FBRL_YEAST	sp|P15646|FBRL_YEAST		NOP1	rRNA 2'-O-methyltransferase fibrillarin	0.00035489036	NOP1 — rRNA 2'-O-methyltransferase fibrillarin	search FASTA description + reference GFF	34.47798752882172
PROT:sp|P15700|KCY_YEAST	sp|P15700|KCY_YEAST		URA6	Uridylate kinase	0.00035489036	URA6 — Uridylate kinase	search FASTA description + reference GFF	30.99563356369754
PROT:sp|P15703|BGL2_YEAST	sp|P15703|BGL2_YEAST		BGL2	Glucan 1,3-beta-glucosidase	0.00035489036	BGL2 — Glucan 1,3-beta-glucosidase	search FASTA description + reference GFF	35.072194286639366
PROT:sp|P15705|STI1_YEAST	sp|P15705|STI1_YEAST		STI1	Heat shock protein STI1	0.00035489036	STI1 — Heat shock protein STI1	search FASTA description + reference GFF	37.56719772367058
PROT:sp|P15731|UBC4_YEAST	sp|P15731|UBC4_YEAST		UBC4	Ubiquitin-conjugating enzyme E2 4	0.00035489036	UBC4 — Ubiquitin-conjugating enzyme E2 4	search FASTA description + reference GFF	32.06142445577488
PROT:sp|P15790|CSK21_YEAST	sp|P15790|CSK21_YEAST		CKA1	Casein kinase II subunit alpha	0.00035489036	CKA1 — Casein kinase II subunit alpha	search FASTA description + reference GFF	29.14489670446021
PROT:sp|P15873|PCNA_YEAST	sp|P15873|PCNA_YEAST		POL30	DNA sliding clamp PCNA	0.00035489036	POL30 — DNA sliding clamp PCNA	search FASTA description + reference GFF	32.517309627422165
PROT:sp|P15891|ABP1_YEAST	sp|P15891|ABP1_YEAST		ABP1	Actin-binding protein	0.00035489036	ABP1 — Actin-binding protein	search FASTA description + reference GFF	33.73406635045453
PROT:sp|P15992|HSP26_YEAST	sp|P15992|HSP26_YEAST		HSP26	Heat shock protein 26	0.00035489036	HSP26 — Heat shock protein 26	search FASTA description + reference GFF	38.24697894358034
PROT:sp|P16120|THRC_YEAST	sp|P16120|THRC_YEAST		THR4	Threonine synthase	0.00035489036	THR4 — Threonine synthase	search FASTA description + reference GFF	34.8326104108479
PROT:sp|P16140|VATB_YEAST	sp|P16140|VATB_YEAST		VMA2	V-type proton ATPase subunit B	0.00035489036	VMA2 — V-type proton ATPase subunit B	search FASTA description + reference GFF	34.3435923598028
PROT:sp|P16370|RPB3_YEAST	sp|P16370|RPB3_YEAST		RPB3	DNA-directed RNA polymerase II subunit RPB3	0.00035489036	RPB3 — DNA-directed RNA polymerase II subunit RPB3	search FASTA description + reference GFF	29.613707727971512
PROT:sp|P16387|ODPA_YEAST	sp|P16387|ODPA_YEAST		PDA1	Pyruvate dehydrogenase E1 component subunit alpha, mitochondrial	0.00035489036	PDA1 — Pyruvate dehydrogenase E1 component subunit alpha, mitochondrial	search FASTA description + reference GFF	34.73696371551076
PROT:sp|P16451|ODPX_YEAST	sp|P16451|ODPX_YEAST		PDX1	Pyruvate dehydrogenase complex protein X component, mitochondrial	0.00035489036	PDX1 — Pyruvate dehydrogenase complex protein X component, mitochondrial	search FASTA description + reference GFF	32.2630550146138
PROT:sp|P16467|PDC5_YEAST	sp|P16467|PDC5_YEAST		PDC5	Pyruvate decarboxylase isozyme 2	0.00035489036	PDC5 — Pyruvate decarboxylase isozyme 2	search FASTA description + reference GFF	32.12968440188383
PROT:sp|P16474|BIP_YEAST	sp|P16474|BIP_YEAST		KAR2	Endoplasmic reticulum chaperone BiP	0.00035489036	KAR2 — Endoplasmic reticulum chaperone BiP	search FASTA description + reference GFF	35.37116844348301
PROT:sp|P16521|EF3A_YEAST	sp|P16521|EF3A_YEAST		YEF3	Elongation factor 3A	0.00035489036	YEF3 — Elongation factor 3A	search FASTA description + reference GFF	37.66016817446419
PROT:sp|P16547|OM45_YEAST	sp|P16547|OM45_YEAST		OM45	Mitochondrial outer membrane protein OM45	0.00035489036	OM45 — Mitochondrial outer membrane protein OM45	search FASTA description + reference GFF	35.70174849028379
PROT:sp|P16550|APA1_YEAST	sp|P16550|APA1_YEAST		APA1	Protein APA1	0.00035489036	APA1 — Protein APA1	search FASTA description + reference GFF	32.76180153959561
PROT:sp|P16603|NCPR_YEAST	sp|P16603|NCPR_YEAST		NCP1	NADPH--cytochrome P450 reductase	0.00035489036	NCP1 — NADPH--cytochrome P450 reductase	search FASTA description + reference GFF	29.400819820987472
PROT:sp|P16622|HEMH_YEAST	sp|P16622|HEMH_YEAST		HEM15	Ferrochelatase, mitochondrial	0.00035489036	HEM15 — Ferrochelatase, mitochondrial	search FASTA description + reference GFF	31.364740876650885
PROT:sp|P16649|TUP1_YEAST	sp|P16649|TUP1_YEAST		TUP1	General transcriptional corepressor TUP1	0.00035489036	TUP1 — General transcriptional corepressor TUP1	search FASTA description + reference GFF	31.94335468748692
PROT:sp|P16661|ALG1_YEAST	sp|P16661|ALG1_YEAST		ALG1	Chitobiosyldiphosphodolichol beta-mannosyltransferase	0.00035489036	ALG1 — Chitobiosyldiphosphodolichol beta-mannosyltransferase	search FASTA description + reference GFF	27.19545906674984
PROT:sp|P16664|RGP1_YEAST	sp|P16664|RGP1_YEAST		RGP1	Guanine nucleotide exchange factor subunit RGP1	0.00035489036	RGP1 — Guanine nucleotide exchange factor subunit RGP1	search FASTA description + reference GFF	25.928735979431075
PROT:sp|P16861|PFKA1_YEAST	sp|P16861|PFKA1_YEAST		PFK1	ATP-dependent 6-phosphofructokinase subunit alpha	0.00035489036	PFK1 — ATP-dependent 6-phosphofructokinase subunit alpha	search FASTA description + reference GFF	35.849088193603784
PROT:sp|P16862|PFKA2_YEAST	sp|P16862|PFKA2_YEAST		PFK2	ATP-dependent 6-phosphofructokinase subunit beta	0.00035489036	PFK2 — ATP-dependent 6-phosphofructokinase subunit beta	search FASTA description + reference GFF	34.86899871002924
PROT:sp|P16892|FUS3_YEAST	sp|P16892|FUS3_YEAST		FUS3	Mitogen-activated protein kinase FUS3	0.00035489036	FUS3 — Mitogen-activated protein kinase FUS3	search FASTA description + reference GFF	27.940084585775963
PROT:sp|P16965|STF2_YEAST	sp|P16965|STF2_YEAST		STF2	ATPase-stabilizing factor 15 kDa protein	0.00035489036	STF2 — ATPase-stabilizing factor 15 kDa protein	search FASTA description + reference GFF	28.77315649406196
PROT:sp|P17065|SEC2_YEAST	sp|P17065|SEC2_YEAST		SEC2	Rab guanine nucleotide exchange factor SEC2	0.008269421	SEC2 — Rab guanine nucleotide exchange factor SEC2	search FASTA description + reference GFF	23.4348071728439
PROT:sp|P17076|RL8A_YEAST	sp|P17076|RL8A_YEAST		RPL8A	Large ribosomal subunit protein eL8A	0.00035489036	RPL8A — Large ribosomal subunit protein eL8A	search FASTA description + reference GFF	35.43171284218045
PROT:sp|P17106|CBF1_YEAST	sp|P17106|CBF1_YEAST		CBF1	Centromere-binding protein 1	0.00035489036	CBF1 — Centromere-binding protein 1	search FASTA description + reference GFF	29.217864092982254
PROT:sp|P17119|KAR3_YEAST	sp|P17119|KAR3_YEAST		KAR3	Kinesin-like protein KAR3	0.00037470972	KAR3 — Kinesin-like protein KAR3	search FASTA description + reference GFF	21.383668818753264
PROT:sp|P17157|PHO85_YEAST	sp|P17157|PHO85_YEAST		PHO85	Cyclin-dependent protein kinase PHO85	0.00035489036	PHO85 — Cyclin-dependent protein kinase PHO85	search FASTA description + reference GFF	30.372728924528403
PROT:sp|P17255|VATA_YEAST	sp|P17255|VATA_YEAST		VMA1	V-type proton ATPase catalytic subunit A	0.00035489036	VMA1 — V-type proton ATPase catalytic subunit A	search FASTA description + reference GFF	35.51685235693715
PROT:sp|P17423|KHSE_YEAST	sp|P17423|KHSE_YEAST		THR1	Homoserine kinase	0.00035489036	THR1 — Homoserine kinase	search FASTA description + reference GFF	29.98835891605127
PROT:sp|P17442|PHO81_YEAST	sp|P17442|PHO81_YEAST		PHO81	Phosphate system positive regulatory protein PHO81	0.00035489036	PHO81 — Phosphate system positive regulatory protein PHO81	search FASTA description + reference GFF	25.0328566896212
PROT:sp|P17505|MDHM_YEAST	sp|P17505|MDHM_YEAST		MDH1	Malate dehydrogenase, mitochondrial	0.00035489036	MDH1 — Malate dehydrogenase, mitochondrial	search FASTA description + reference GFF	35.94610727561434
PROT:sp|P17536|TPM1_YEAST	sp|P17536|TPM1_YEAST		TPM1	Tropomyosin-1	0.00035489036	TPM1 — Tropomyosin-1	search FASTA description + reference GFF	32.7927120727544
PROT:sp|P17555|CAP_YEAST	sp|P17555|CAP_YEAST		SRV2	Adenylyl cyclase-associated protein	0.00035489036	SRV2 — Adenylyl cyclase-associated protein	search FASTA description + reference GFF	33.163305047668565
PROT:sp|P17558|RTPT_YEAST	sp|P17558|RTPT_YEAST		PET123	Small ribosomal subunit protein mS26	0.00035489036	PET123 — Small ribosomal subunit protein mS26	search FASTA description + reference GFF	31.386121530632888
PROT:sp|P17649|GABAT_YEAST	sp|P17649|GABAT_YEAST		UGA1	4-aminobutyrate aminotransferase	0.00035489036	UGA1 — 4-aminobutyrate aminotransferase	search FASTA description + reference GFF	33.04133740963068
PROT:sp|P17695|GLRX2_YEAST	sp|P17695|GLRX2_YEAST		GRX2	Glutaredoxin-2	0.00035489036	GRX2 — Glutaredoxin-2	search FASTA description + reference GFF	33.636570692645115
PROT:sp|P17709|HXKG_YEAST	sp|P17709|HXKG_YEAST		GLK1	Glucokinase-1	0.00035489036	GLK1 — Glucokinase-1	search FASTA description + reference GFF	35.958172834108765
PROT:sp|P17883|SKI3_YEAST	sp|P17883|SKI3_YEAST		SKI3	Superkiller protein 3	0.00035489036	SKI3 — Superkiller protein 3	search FASTA description + reference GFF	28.431193824881927
PROT:sp|P17890|RPC7_YEAST	sp|P17890|RPC7_YEAST		RPC31	DNA-directed RNA polymerase III subunit RPC7	0.00035489036	RPC31 — DNA-directed RNA polymerase III subunit RPC7	search FASTA description + reference GFF	26.816417690835493
PROT:sp|P17891|CLC1_YEAST	sp|P17891|CLC1_YEAST		CLC1	Clathrin light chain	0.00035489036	CLC1 — Clathrin light chain	search FASTA description + reference GFF	31.938664030786487
PROT:sp|P17967|PDI_YEAST	sp|P17967|PDI_YEAST		PDI1	Protein disulfide-isomerase	0.00035489036	PDI1 — Protein disulfide-isomerase	search FASTA description + reference GFF	35.61585583404533
PROT:sp|P18238|ADT3_YEAST	sp|P18238|ADT3_YEAST		AAC3	ADP/ATP translocase 3	0.00035489036	AAC3 — ADP/ATP translocase 3	search FASTA description + reference GFF	33.886629212243804
PROT:sp|P18239|ADT2_YEAST	sp|P18239|ADT2_YEAST		PET9	ADP/ATP translocase 2	0.00035489036	PET9 — ADP/ATP translocase 2	search FASTA description + reference GFF	35.94609910434111
PROT:sp|P18408|MET16_YEAST	sp|P18408|MET16_YEAST		MET16	Phosphoadenosine phosphosulfate reductase	0.00035489036	MET16 — Phosphoadenosine phosphosulfate reductase	search FASTA description + reference GFF	30.15507004838341
PROT:sp|P18411|FUN14_YEAST	sp|P18411|FUN14_YEAST		FUN14	Protein FUN14	0.00035489036	FUN14 — Protein FUN14	search FASTA description + reference GFF	28.457276805041253
PROT:sp|P18496|ATP10_YEAST	sp|P18496|ATP10_YEAST		ATP10	Mitochondrial ATPase complex subunit ATP10	0.00035489036	ATP10 — Mitochondrial ATPase complex subunit ATP10	search FASTA description + reference GFF	25.31365910403188
PROT:sp|P18544|ARGD_YEAST	sp|P18544|ARGD_YEAST		ARG8	Acetylornithine aminotransferase, mitochondrial	0.00035489036	ARG8 — Acetylornithine aminotransferase, mitochondrial	search FASTA description + reference GFF	32.87744441503365
PROT:sp|P18562|UPP_YEAST	sp|P18562|UPP_YEAST		FUR1	Uracil phosphoribosyltransferase	0.00035489036	FUR1 — Uracil phosphoribosyltransferase	search FASTA description + reference GFF	29.057339974022614
PROT:sp|P18759|SEC18_YEAST	sp|P18759|SEC18_YEAST		SEC18	Vesicular-fusion protein SEC18	0.00035489036	SEC18 — Vesicular-fusion protein SEC18	search FASTA description + reference GFF	31.768350258147656
PROT:sp|P18851|GBB_YEAST	sp|P18851|GBB_YEAST		STE4	Guanine nucleotide-binding protein subunit beta	0.00035489036	STE4 — Guanine nucleotide-binding protein subunit beta	search FASTA description + reference GFF	27.866552263687915
PROT:sp|P18852|GBG_YEAST	sp|P18852|GBG_YEAST		STE18	Guanine nucleotide-binding protein subunit gamma	0.00035489036	STE18 — Guanine nucleotide-binding protein subunit gamma	search FASTA description + reference GFF	27.532729886664104
PROT:sp|P18899|DDR48_YEAST	sp|P18899|DDR48_YEAST		DDR48	Stress protein DDR48	0.00035489036	DDR48 — Stress protein DDR48	search FASTA description + reference GFF	33.164554519497656
PROT:sp|P18900|COQ1_YEAST	sp|P18900|COQ1_YEAST		COQ1	Hexaprenyl pyrophosphate synthase, mitochondrial	0.00035489036	COQ1 — Hexaprenyl pyrophosphate synthase, mitochondrial	search FASTA description + reference GFF	25.58931521098394
PROT:sp|P18961|YPK2_YEAST	sp|P18961|YPK2_YEAST		YPK2	Serine/threonine-protein kinase YPK2/YKR2	0.00035489036	YPK2 — Serine/threonine-protein kinase YPK2/YKR2	search FASTA description + reference GFF	28.64224903656756
PROT:sp|P18962|DAP2_YEAST	sp|P18962|DAP2_YEAST		DAP2	Dipeptidyl aminopeptidase B	0.00035489036	DAP2 — Dipeptidyl aminopeptidase B	search FASTA description + reference GFF	28.43475573836966
PROT:sp|P18963|IRA1_YEAST	sp|P18963|IRA1_YEAST		IRA1	Inhibitory regulator protein IRA1	0.0033199925	IRA1 — Inhibitory regulator protein IRA1	search FASTA description + reference GFF	22.31679566250884
PROT:sp|P19073|CDC42_YEAST	sp|P19073|CDC42_YEAST		CDC42	Cell division control protein 42	0.00035489036	CDC42 — Cell division control protein 42	search FASTA description + reference GFF	31.72573181310268
PROT:sp|P19097|FAS2_YEAST	sp|P19097|FAS2_YEAST		FAS2	Fatty acid synthase subunit alpha	0.00035489036	FAS2 — Fatty acid synthase subunit alpha	search FASTA description + reference GFF	37.548822605304565
PROT:sp|P19145|GAP1_YEAST	sp|P19145|GAP1_YEAST		GAP1	General amino-acid permease GAP1	0.00035489036	GAP1 — General amino-acid permease GAP1	search FASTA description + reference GFF	28.312631209032364
PROT:sp|P19262|ODO2_YEAST	sp|P19262|ODO2_YEAST		KGD2	Dihydrolipoyllysine-residue succinyltransferase component of 2-oxoglutarate dehydrogenase complex, mitochondrial	0.00035489036	KGD2 — Dihydrolipoyllysine-residue succinyltransferase component of 2-oxoglutarate dehydrogenase complex, mitochondrial	search FASTA description + reference GFF	34.78913220552924
PROT:sp|P19358|METK2_YEAST	sp|P19358|METK2_YEAST		SAM2	S-adenosylmethionine synthase 2	0.00035489036	SAM2 — S-adenosylmethionine synthase 2	search FASTA description + reference GFF	36.662725194431886
PROT:sp|P19414|ACON_YEAST	sp|P19414|ACON_YEAST		ACO1	Aconitate hydratase, mitochondrial	0.00035489036	ACO1 — Aconitate hydratase, mitochondrial	search FASTA description + reference GFF	37.19301624381476
PROT:sp|P19454|CSK22_YEAST	sp|P19454|CSK22_YEAST		CKA2	Casein kinase II subunit alpha'	0.00035489036	CKA2 — Casein kinase II subunit alpha'	search FASTA description + reference GFF	30.040287685453094
PROT:sp|P19516|COX11_YEAST	sp|P19516|COX11_YEAST		COX11	Cytochrome c oxidase assembly protein COX11, mitochondrial	0.00035489036	COX11 — Cytochrome c oxidase assembly protein COX11, mitochondrial	search FASTA description + reference GFF	26.9271022101166
PROT:sp|P19524|MYO2_YEAST	sp|P19524|MYO2_YEAST		MYO2	Myosin-2	0.00035489036	MYO2 — Myosin-2	search FASTA description + reference GFF	29.7358397115173
PROT:sp|P19541|RDS2_YEAST	sp|P19541|RDS2_YEAST		RDS2	Regulator of drug sensitivity 2	0.0073438836	RDS2 — Regulator of drug sensitivity 2	search FASTA description + reference GFF	20.9290146500144
PROT:sp|P19657|PMA2_YEAST	sp|P19657|PMA2_YEAST		PMA2	Plasma membrane ATPase 2	0.00035489036	PMA2 — Plasma membrane ATPase 2	search FASTA description + reference GFF	31.42778504327568
PROT:sp|P19881|PGP_YEAST	sp|P19881|PGP_YEAST		PHO13	Phosphoglycolate phosphatase	0.00035489036	PHO13 — Phosphoglycolate phosphatase	search FASTA description + reference GFF	31.01803783465425
PROT:sp|P19882|HSP60_YEAST	sp|P19882|HSP60_YEAST		HSP60	Heat shock protein 60, mitochondrial	0.00035489036	HSP60 — Heat shock protein 60, mitochondrial	search FASTA description + reference GFF	37.75373104719331
PROT:sp|P19955|KGD4_YEAST	sp|P19955|KGD4_YEAST		YMR31	Alpha-ketoglutarate dehydrogenase subunit 4, mitochondrial	0.00035489036	YMR31 — Alpha-ketoglutarate dehydrogenase subunit 4, mitochondrial	search FASTA description + reference GFF	33.3487002504046
PROT:sp|P19956|RM44_YEAST	sp|P19956|RM44_YEAST		MRPL44	Large ribosomal subunit protein mL53	0.00035489036	MRPL44 — Large ribosomal subunit protein mL53	search FASTA description + reference GFF	27.53936988102119
PROT:sp|P20049|TYR1_YEAST	sp|P20049|TYR1_YEAST		TYR1	Prephenate dehydrogenase	0.00035489036	TYR1 — Prephenate dehydrogenase	search FASTA description + reference GFF	29.4758518996628
PROT:sp|P20051|PYRC_YEAST	sp|P20051|PYRC_YEAST		URA4	Dihydroorotase	0.00035489036	URA4 — Dihydroorotase	search FASTA description + reference GFF	31.633908500708163
PROT:sp|P20081|FKBP_YEAST	sp|P20081|FKBP_YEAST		FPR1	FK506-binding protein 1	0.00035489036	FPR1 — FK506-binding protein 1	search FASTA description + reference GFF	34.863248645896725
PROT:sp|P20084|RM33_YEAST	sp|P20084|RM33_YEAST		MRPL33	Large ribosomal subunit protein uL30m	0.00035489036	MRPL33 — Large ribosomal subunit protein uL30m	search FASTA description + reference GFF	28.311992768620915
PROT:sp|P20133|PGTB2_YEAST	sp|P20133|PGTB2_YEAST		BET2	Geranylgeranyl transferase type-2 subunit beta	0.000380999	BET2 — Geranylgeranyl transferase type-2 subunit beta	search FASTA description + reference GFF	26.76910890313159
PROT:sp|P20424|SRP54_YEAST	sp|P20424|SRP54_YEAST		SRP54	Signal recognition particle subunit SRP54	0.00035489036	SRP54 — Signal recognition particle subunit SRP54	search FASTA description + reference GFF	28.838114551693696
PROT:sp|P20433|RPB4_YEAST	sp|P20433|RPB4_YEAST		RPB4	DNA-directed RNA polymerase II subunit RPB4	0.00035489036	RPB4 — DNA-directed RNA polymerase II subunit RPB4	search FASTA description + reference GFF	28.58242924276407
PROT:sp|P20434|RPAB1_YEAST	sp|P20434|RPAB1_YEAST		RPB5	DNA-directed RNA polymerases I, II, and III subunit RPABC1	0.00035489036	RPB5 — DNA-directed RNA polymerases I, II, and III subunit RPABC1	search FASTA description + reference GFF	32.30783620853348
PROT:sp|P20435|RPAB2_YEAST	sp|P20435|RPAB2_YEAST		RPO26	DNA-directed RNA polymerases I, II, and III subunit RPABC2	0.00035489036	RPO26 — DNA-directed RNA polymerases I, II, and III subunit RPABC2	search FASTA description + reference GFF	30.597252192453496
PROT:sp|P20436|RPAB3_YEAST	sp|P20436|RPAB3_YEAST		RPB8	DNA-directed RNA polymerases I, II, and III subunit RPABC3	0.00035489036	RPB8 — DNA-directed RNA polymerases I, II, and III subunit RPABC3	search FASTA description + reference GFF	27.68108761854909
PROT:sp|P20447|DBP3_YEAST	sp|P20447|DBP3_YEAST		DBP3	ATP-dependent RNA helicase DBP3	0.00035489036	DBP3 — ATP-dependent RNA helicase DBP3	search FASTA description + reference GFF	31.098890945972776
PROT:sp|P20448|DBP4_YEAST	sp|P20448|DBP4_YEAST		HCA4	ATP-dependent RNA helicase HCA4	0.00035489036	HCA4 — ATP-dependent RNA helicase HCA4	search FASTA description + reference GFF	26.93780310255319
PROT:sp|P20449|DBP5_YEAST	sp|P20449|DBP5_YEAST		DBP5	ATP-dependent RNA helicase DBP5	0.00035489036	DBP5 — ATP-dependent RNA helicase DBP5	search FASTA description + reference GFF	36.53536620822575
PROT:sp|P20459|IF2A_YEAST	sp|P20459|IF2A_YEAST		SUI2	Eukaryotic translation initiation factor 2 subunit alpha	0.00035489036	SUI2 — Eukaryotic translation initiation factor 2 subunit alpha	search FASTA description + reference GFF	33.99712848813185
PROT:sp|P20484|MAK11_YEAST	sp|P20484|MAK11_YEAST		MAK11	Protein MAK11	0.00035489036	MAK11 — Protein MAK11	search FASTA description + reference GFF	29.51407478236776
PROT:sp|P20485|KICH_YEAST	sp|P20485|KICH_YEAST		CKI1	Choline kinase	0.00035489036	CKI1 — Choline kinase	search FASTA description + reference GFF	29.609863342664955
PROT:sp|P20604|PP11_YEAST	sp|P20604|PP11_YEAST		SIT4	Serine/threonine-protein phosphatase PP1-1	0.00035489036	SIT4 — Serine/threonine-protein phosphatase PP1-1	search FASTA description + reference GFF	29.699865693265316
PROT:sp|P20606|SAR1_YEAST	sp|P20606|SAR1_YEAST		SAR1	Small COPII coat GTPase SAR1	0.00035489036	SAR1 — Small COPII coat GTPase SAR1	search FASTA description + reference GFF	32.65766302942275
PROT:sp|P20676|NUP1_YEAST	sp|P20676|NUP1_YEAST		NUP1	Nucleoporin NUP1	0.00035489036	NUP1 — Nucleoporin NUP1	search FASTA description + reference GFF	28.3081580849595
PROT:sp|P20795|VPS33_YEAST	sp|P20795|VPS33_YEAST		VPS33	Vacuolar protein sorting-associated protein 33	0.003606584	VPS33 — Vacuolar protein sorting-associated protein 33	search FASTA description + reference GFF	25.16300559572108
PROT:sp|P20967|ODO1_YEAST	sp|P20967|ODO1_YEAST		KGD1	2-oxoglutarate dehydrogenase, mitochondrial	0.00035489036	KGD1 — 2-oxoglutarate dehydrogenase, mitochondrial	search FASTA description + reference GFF	35.7626375787171
PROT:sp|P21147|ACO1_YEAST	sp|P21147|ACO1_YEAST		OLE1	Acyl-CoA desaturase 1	0.00035489036	OLE1 — Acyl-CoA desaturase 1	search FASTA description + reference GFF	29.043590114422507
PROT:sp|P21182|DCAM_YEAST	sp|P21182|DCAM_YEAST		SPE2	S-adenosylmethionine decarboxylase proenzyme	0.00035489036	SPE2 — S-adenosylmethionine decarboxylase proenzyme	search FASTA description + reference GFF	29.74434735579784
PROT:sp|P21242|PSA7_YEAST	sp|P21242|PSA7_YEAST		PRE10	Probable proteasome subunit alpha type-7	0.00035489036	PRE10 — Probable proteasome subunit alpha type-7	search FASTA description + reference GFF	33.19430790102973
PROT:sp|P21243|PSA1_YEAST	sp|P21243|PSA1_YEAST		SCL1	Proteasome subunit alpha type-1	0.00035489036	SCL1 — Proteasome subunit alpha type-1	search FASTA description + reference GFF	32.64108698863517
PROT:sp|P21264|PUR6_YEAST	sp|P21264|PUR6_YEAST		ADE2	Phosphoribosylaminoimidazole carboxylase	0.00035489036	ADE2 — Phosphoribosylaminoimidazole carboxylase	search FASTA description + reference GFF	33.75488831269754
PROT:sp|P21304|PWP1_YEAST	sp|P21304|PWP1_YEAST		PWP1	Periodic tryptophan protein 1	0.00035489036	PWP1 — Periodic tryptophan protein 1	search FASTA description + reference GFF	31.457481297763557
PROT:sp|P21306|ATP5E_YEAST	sp|P21306|ATP5E_YEAST		ATP15	ATP synthase subunit epsilon, mitochondrial	0.00035489036	ATP15 — ATP synthase subunit epsilon, mitochondrial	search FASTA description + reference GFF	31.441585178295476
PROT:sp|P21375|OSM1_YEAST	sp|P21375|OSM1_YEAST		OSM1	Fumarate reductase 2	0.00035489036	OSM1 — Fumarate reductase 2	search FASTA description + reference GFF	27.453468160625597
PROT:sp|P21524|RIR1_YEAST	sp|P21524|RIR1_YEAST		RNR1	Ribonucleoside-diphosphate reductase large chain 1	0.00035489036	RNR1 — Ribonucleoside-diphosphate reductase large chain 1	search FASTA description + reference GFF	29.84017051348941
PROT:sp|P21538|REB1_YEAST	sp|P21538|REB1_YEAST		REB1	DNA-binding protein REB1	0.00035489036	REB1 — DNA-binding protein REB1	search FASTA description + reference GFF	29.88721280357256
PROT:sp|P21560|CBP3_YEAST	sp|P21560|CBP3_YEAST		CBP3	Protein CBP3, mitochondrial	0.00035489036	CBP3 — Protein CBP3, mitochondrial	search FASTA description + reference GFF	31.682363835708927
PROT:sp|P21576|VPS1_YEAST	sp|P21576|VPS1_YEAST		VPS1	Vacuolar protein sorting-associated protein 1	0.00035489036	VPS1 — Vacuolar protein sorting-associated protein 1	search FASTA description + reference GFF	33.76688348272322
PROT:sp|P21672|RIR3_YEAST	sp|P21672|RIR3_YEAST		RNR3	Ribonucleoside-diphosphate reductase large chain 2	0.0014179298	RNR3 — Ribonucleoside-diphosphate reductase large chain 2	search FASTA description + reference GFF	29.05237811231768
PROT:sp|P21734|UBC1_YEAST	sp|P21734|UBC1_YEAST		UBC1	Ubiquitin-conjugating enzyme E2 1	0.00035489036	UBC1 — Ubiquitin-conjugating enzyme E2 1	search FASTA description + reference GFF	32.49429367897624
PROT:sp|P21771|RT28_YEAST	sp|P21771|RT28_YEAST		MRPS28	Small ribosomal subunit protein uS15m	0.00035489036	MRPS28 — Small ribosomal subunit protein uS15m	search FASTA description + reference GFF	29.26962714121787
PROT:sp|P21801|SDHB_YEAST	sp|P21801|SDHB_YEAST		SDH2	Succinate dehydrogenase [ubiquinone] iron-sulfur subunit, mitochondrial	0.00035489036	SDH2 — Succinate dehydrogenase [ubiquinone] iron-sulfur subunit, mitochondrial	search FASTA description + reference GFF	34.90142009300941
PROT:sp|P21825|SEC62_YEAST	sp|P21825|SEC62_YEAST		SEC62	Translocation protein SEC62	0.00035489036	SEC62 — Translocation protein SEC62	search FASTA description + reference GFF	28.39216261671664
PROT:sp|P21827|RCC1_YEAST	sp|P21827|RCC1_YEAST		SRM1	Guanine nucleotide exchange factor SRM1	0.00035489036	SRM1 — Guanine nucleotide exchange factor SRM1	search FASTA description + reference GFF	29.310494391379848
PROT:sp|P21954|IDHP_YEAST	sp|P21954|IDHP_YEAST		IDP1	Isocitrate dehydrogenase [NADP], mitochondrial	0.00035489036	IDP1 — Isocitrate dehydrogenase [NADP], mitochondrial	search FASTA description + reference GFF	35.10855911390339
PROT:sp|P21965|MCK1_YEAST	sp|P21965|MCK1_YEAST		MCK1	Protein kinase MCK1	0.00035489036	MCK1 — Protein kinase MCK1	search FASTA description + reference GFF	32.70013256448701
PROT:sp|P22007|FNTB_YEAST	sp|P22007|FNTB_YEAST		RAM1	Protein farnesyltransferase subunit beta	0.00035489036	RAM1 — Protein farnesyltransferase subunit beta	search FASTA description + reference GFF	27.32597010315024
PROT:sp|P22023|KRE5_YEAST	sp|P22023|KRE5_YEAST		KRE5	Killer toxin-resistance protein 5	0.00082814984	KRE5 — Killer toxin-resistance protein 5	search FASTA description + reference GFF	23.87726208865983
PROT:sp|P22082|SNF2_YEAST	sp|P22082|SNF2_YEAST		SNF2	SWI/SNF chromatin-remodeling complex subunit SNF2	0.002077955	SNF2 — SWI/SNF chromatin-remodeling complex subunit SNF2	search FASTA description + reference GFF	32.12281303242108
PROT:sp|P22133|MDHC_YEAST	sp|P22133|MDHC_YEAST		MDH2	Malate dehydrogenase, cytoplasmic	0.00035489036	MDH2 — Malate dehydrogenase, cytoplasmic	search FASTA description + reference GFF	32.14899265546025
PROT:sp|P22134|MAG_YEAST	sp|P22134|MAG_YEAST		MAG1	DNA-3-methyladenine glycosylase	0.00035489036	MAG1 — DNA-3-methyladenine glycosylase	search FASTA description + reference GFF	26.49462001783647
PROT:sp|P22135|ATP12_YEAST	sp|P22135|ATP12_YEAST		ATP12	Protein ATP12, mitochondrial	0.00035489036	ATP12 — Protein ATP12, mitochondrial	search FASTA description + reference GFF	27.87748431124891
PROT:sp|P22136|AEP2_YEAST	sp|P22136|AEP2_YEAST		AEP2	ATPase expression protein 2, mitochondrial	0.00035489036	AEP2 — ATPase expression protein 2, mitochondrial	search FASTA description + reference GFF	24.965188426973523
PROT:sp|P22137|CLH_YEAST	sp|P22137|CLH_YEAST		CHC1	Clathrin heavy chain	0.00035489036	CHC1 — Clathrin heavy chain	search FASTA description + reference GFF	34.68667602020592
PROT:sp|P22138|RPA2_YEAST	sp|P22138|RPA2_YEAST		RPA135	DNA-directed RNA polymerase I subunit RPA135	0.00035489036	RPA135 — DNA-directed RNA polymerase I subunit RPA135	search FASTA description + reference GFF	31.31209087597984
PROT:sp|P22139|RPAB5_YEAST	sp|P22139|RPAB5_YEAST		RPB10	DNA-directed RNA polymerases I, II, and III subunit RPABC5	0.00035489036	RPB10 — DNA-directed RNA polymerases I, II, and III subunit RPABC5	search FASTA description + reference GFF	31.8454457972482
PROT:sp|P22141|PSB4_YEAST	sp|P22141|PSB4_YEAST		PRE1	Proteasome subunit beta type-4	0.00035489036	PRE1 — Proteasome subunit beta type-4	search FASTA description + reference GFF	32.437859372169584
PROT:sp|P22146|GAS1_YEAST	sp|P22146|GAS1_YEAST		GAS1	1,3-beta-glucanosyltransferase GAS1	0.00035489036	GAS1 — 1,3-beta-glucanosyltransferase GAS1	search FASTA description + reference GFF	33.35647688512118
PROT:sp|P22147|XRN1_YEAST	sp|P22147|XRN1_YEAST		XRN1	5'-3' exoribonuclease 1	0.00035489036	XRN1 — 5'-3' exoribonuclease 1	search FASTA description + reference GFF	32.35592249105401
PROT:sp|P22202|HSP74_YEAST	sp|P22202|HSP74_YEAST		SSA4	Heat shock protein SSA4	0.00035489036	SSA4 — Heat shock protein SSA4	search FASTA description + reference GFF	34.83014778893346
PROT:sp|P22203|VATE_YEAST	sp|P22203|VATE_YEAST		VMA4	V-type proton ATPase subunit E	0.00035489036	VMA4 — V-type proton ATPase subunit E	search FASTA description + reference GFF	34.16451915231883
PROT:sp|P22213|SLY1_YEAST	sp|P22213|SLY1_YEAST		SLY1	Protein SLY1	0.00035489036	SLY1 — Protein SLY1	search FASTA description + reference GFF	30.572800927581945
PROT:sp|P22214|SEC22_YEAST	sp|P22214|SEC22_YEAST		SEC22	Protein transport protein SEC22	0.00035489036	SEC22 — Protein transport protein SEC22	search FASTA description + reference GFF	28.389136104753792
PROT:sp|P22217|TRX1_YEAST	sp|P22217|TRX1_YEAST		TRX1	Thioredoxin-1	0.00035489036	TRX1 — Thioredoxin-1	search FASTA description + reference GFF	34.8369536577144
PROT:sp|P22224|SEC15_YEAST	sp|P22224|SEC15_YEAST		SEC15	Exocyst complex component SEC15	0.0003825368	SEC15 — Exocyst complex component SEC15	search FASTA description + reference GFF	26.422016751803216
PROT:sp|P22276|RPC2_YEAST	sp|P22276|RPC2_YEAST		RET1	DNA-directed RNA polymerase III subunit RPC2	0.00035489036	RET1 — DNA-directed RNA polymerase III subunit RPC2	search FASTA description + reference GFF	27.858103000208494
PROT:sp|P22289|QCR9_YEAST	sp|P22289|QCR9_YEAST		QCR9	Cytochrome b-c1 complex subunit 9, mitochondrial	0.00036344113	QCR9 — Cytochrome b-c1 complex subunit 9, mitochondrial	search FASTA description + reference GFF	31.48463903568428
PROT:sp|P22336|RFA1_YEAST	sp|P22336|RFA1_YEAST		RFA1	Replication factor A protein 1	0.00035489036	RFA1 — Replication factor A protein 1	search FASTA description + reference GFF	30.68439974927157
PROT:sp|P22353|RM08_YEAST	sp|P22353|RM08_YEAST		MRPL8	Large ribosomal subunit protein bL17m	0.00035489036	MRPL8 — Large ribosomal subunit protein bL17m	search FASTA description + reference GFF	29.82202768767553
PROT:sp|P22354|RM20_YEAST	sp|P22354|RM20_YEAST		MRPL20	Large ribosomal subunit protein mL58	0.00035489036	MRPL20 — Large ribosomal subunit protein mL58	search FASTA description + reference GFF	30.091682008307444
PROT:sp|P22434|PDE1_YEAST	sp|P22434|PDE1_YEAST		PDE1	3',5'-cyclic-nucleotide phosphodiesterase 1	0.00035489036	PDE1 — 3',5'-cyclic-nucleotide phosphodiesterase 1	search FASTA description + reference GFF	28.250352411116157
PROT:sp|P22515|UBA1_YEAST	sp|P22515|UBA1_YEAST		UBA1	Ubiquitin-activating enzyme E1 1	0.00035489036	UBA1 — Ubiquitin-activating enzyme E1 1	search FASTA description + reference GFF	34.955953887640746
PROT:sp|P22517|KCC2_YEAST	sp|P22517|KCC2_YEAST		CMK2	Calcium/calmodulin-dependent protein kinase II	0.00035489036	CMK2 — Calcium/calmodulin-dependent protein kinase II	search FASTA description + reference GFF	29.63294182399206
PROT:sp|P22543|VPS34_YEAST	sp|P22543|VPS34_YEAST		VPS34	Phosphatidylinositol 3-kinase VPS34	0.00035489036	VPS34 — Phosphatidylinositol 3-kinase VPS34	search FASTA description + reference GFF	25.907156417713107
PROT:sp|P22579|SIN3_YEAST	sp|P22579|SIN3_YEAST		SIN3	Transcriptional regulatory protein SIN3	0.00035489036	SIN3 — Transcriptional regulatory protein SIN3	search FASTA description + reference GFF	28.435156214082717
PROT:sp|P22696|ESS1_YEAST	sp|P22696|ESS1_YEAST		ESS1	Peptidyl-prolyl cis-trans isomerase ESS1	0.00035489036	ESS1 — Peptidyl-prolyl cis-trans isomerase ESS1	search FASTA description + reference GFF	30.77400435554353
PROT:sp|P22768|ASSY_YEAST	sp|P22768|ASSY_YEAST		ARG1	Argininosuccinate synthase	0.00035489036	ARG1 — Argininosuccinate synthase	search FASTA description + reference GFF	36.208602507318055
PROT:sp|P22803|TRX2_YEAST	sp|P22803|TRX2_YEAST		TRX2	Thioredoxin-2	0.00035489036	TRX2 — Thioredoxin-2	search FASTA description + reference GFF	34.57108304867393
PROT:sp|P22804|BET1_YEAST	sp|P22804|BET1_YEAST		BET1	Protein transport protein BET1	0.00035489036	BET1 — Protein transport protein BET1	search FASTA description + reference GFF	28.468638419560545
PROT:sp|P22855|MAN1_YEAST	sp|P22855|MAN1_YEAST		AMS1	Alpha-mannosidase	0.00035489036	AMS1 — Alpha-mannosidase	search FASTA description + reference GFF	33.5878744453318
PROT:sp|P22936|APN1_YEAST	sp|P22936|APN1_YEAST		APN1	Apurinic-apyrimidinic endonuclease 1	0.00035489036	APN1 — Apurinic-apyrimidinic endonuclease 1	search FASTA description + reference GFF	28.61947436251536
PROT:sp|P22943|HSP12_YEAST	sp|P22943|HSP12_YEAST		HSP12	12 kDa heat shock protein	0.00035489036	HSP12 — 12 kDa heat shock protein	search FASTA description + reference GFF	37.42437496208253
PROT:sp|P23180|AIM17_YEAST	sp|P23180|AIM17_YEAST		AIM17	Probable oxidoreductase AIM17	0.00035489036	AIM17 — Probable oxidoreductase AIM17	search FASTA description + reference GFF	32.60598582676703
PROT:sp|P23201|SPA2_YEAST	sp|P23201|SPA2_YEAST		SPA2	Scaffold protein SPA2	0.00035489036	SPA2 — Scaffold protein SPA2	search FASTA description + reference GFF	25.18078860151172
PROT:sp|P23248|RS3A2_YEAST	sp|P23248|RS3A2_YEAST		RPS1B	Small ribosomal subunit protein eS1B	0.00035489036	RPS1B — Small ribosomal subunit protein eS1B	search FASTA description + reference GFF	34.60812538983815
PROT:sp|P23254|TKT1_YEAST	sp|P23254|TKT1_YEAST		TKL1	Transketolase 1	0.00035489036	TKL1 — Transketolase 1	search FASTA description + reference GFF	35.83289805995726
PROT:sp|P23285|CYPB_YEAST	sp|P23285|CYPB_YEAST		CPR2	Peptidyl-prolyl cis-trans isomerase B	0.00035489036	CPR2 — Peptidyl-prolyl cis-trans isomerase B	search FASTA description + reference GFF	28.02885313250588
PROT:sp|P23287|PP2B1_YEAST	sp|P23287|PP2B1_YEAST		CNA1	Serine/threonine-protein phosphatase 2B catalytic subunit A1	0.00035489036	CNA1 — Serine/threonine-protein phosphatase 2B catalytic subunit A1	search FASTA description + reference GFF	29.786352184622405
PROT:sp|P23291|KC11_YEAST	sp|P23291|KC11_YEAST		YCK1	Casein kinase I homolog 1	0.00035489036	YCK1 — Casein kinase I homolog 1	search FASTA description + reference GFF	26.93820690698037
PROT:sp|P23292|KC12_YEAST	sp|P23292|KC12_YEAST		YCK2	Casein kinase I homolog 2	0.00035489036	YCK2 — Casein kinase I homolog 2	search FASTA description + reference GFF	29.562622279025
PROT:sp|P23293|BUR1_YEAST	sp|P23293|BUR1_YEAST		SGV1	Serine/threonine-protein kinase BUR1	0.00035489036	SGV1 — Serine/threonine-protein kinase BUR1	search FASTA description + reference GFF	26.381080461082792
PROT:sp|P23301|IF5A1_YEAST	sp|P23301|IF5A1_YEAST		HYP2	Eukaryotic translation initiation factor 5A-1	0.00035489036	HYP2 — Eukaryotic translation initiation factor 5A-1	search FASTA description + reference GFF	37.13516117916457
PROT:sp|P23337|GYS1_YEAST	sp|P23337|GYS1_YEAST		GSY1	Glycogen [starch] synthase isoform 1	0.00035489036	GSY1 — Glycogen [starch] synthase isoform 1	search FASTA description + reference GFF	27.450815527775884
PROT:sp|P23369|RM25_YEAST	sp|P23369|RM25_YEAST		MRPL25	Large ribosomal subunit protein mL59	0.00035489036	MRPL25 — Large ribosomal subunit protein mL59	search FASTA description + reference GFF	29.132975357621014
PROT:sp|P23542|AATC_YEAST	sp|P23542|AATC_YEAST		AAT2	Aspartate aminotransferase, cytoplasmic	0.00035489036	AAT2 — Aspartate aminotransferase, cytoplasmic	search FASTA description + reference GFF	35.46216682380557
PROT:sp|P23561|STE11_YEAST	sp|P23561|STE11_YEAST		STE11	Serine/threonine-protein kinase STE11	0.00035489036	STE11 — Serine/threonine-protein kinase STE11	search FASTA description + reference GFF	26.46941529305607
PROT:sp|P23595|PP2A2_YEAST	sp|P23595|PP2A2_YEAST		PPH22	Serine/threonine-protein phosphatase PP2A-2 catalytic subunit	0.00035489036	PPH22 — Serine/threonine-protein phosphatase PP2A-2 catalytic subunit	search FASTA description + reference GFF	28.31252852637766
PROT:sp|P23615|SPT6_YEAST	sp|P23615|SPT6_YEAST		SPT6	Transcription elongation factor SPT6	0.00035489036	SPT6 — Transcription elongation factor SPT6	search FASTA description + reference GFF	30.45854171930747
PROT:sp|P23638|PSA3_YEAST	sp|P23638|PSA3_YEAST		PRE9	Proteasome subunit alpha type-3	0.00035489036	PRE9 — Proteasome subunit alpha type-3	search FASTA description + reference GFF	33.67202603273055
PROT:sp|P23639|PSA2_YEAST	sp|P23639|PSA2_YEAST		PRE8	Proteasome subunit alpha type-2	0.00035489036	PRE8 — Proteasome subunit alpha type-2	search FASTA description + reference GFF	34.75387833080701
PROT:sp|P23641|MPCP_YEAST	sp|P23641|MPCP_YEAST		MIR1	Mitochondrial phosphate carrier protein	0.00035489036	MIR1 — Mitochondrial phosphate carrier protein	search FASTA description + reference GFF	35.81674551667801
PROT:sp|P23642|VAN1_YEAST	sp|P23642|VAN1_YEAST		VAN1	Mannan polymerase I complex VAN1 subunit	0.00035489036	VAN1 — Mannan polymerase I complex VAN1 subunit	search FASTA description + reference GFF	28.6183560324359
PROT:sp|P23644|TOM40_YEAST	sp|P23644|TOM40_YEAST		TOM40	Mitochondrial import receptor subunit TOM40	0.00035489036	TOM40 — Mitochondrial import receptor subunit TOM40	search FASTA description + reference GFF	33.121975837499754
PROT:sp|P23724|PSB6_YEAST	sp|P23724|PSB6_YEAST		PRE7	Proteasome subunit beta type-6	0.00035489036	PRE7 — Proteasome subunit beta type-6	search FASTA description + reference GFF	32.67058945022882
PROT:sp|P23776|EXG1_YEAST	sp|P23776|EXG1_YEAST		EXG1	Glucan 1,3-beta-glucosidase I/II	0.00035489036	EXG1 — Glucan 1,3-beta-glucosidase I/II	search FASTA description + reference GFF	31.127989108692656
PROT:sp|P23833|SCO1_YEAST	sp|P23833|SCO1_YEAST		SCO1	Cytochrome c oxidase assembly factor SCO1	0.00035489036	SCO1 — Cytochrome c oxidase assembly factor SCO1	search FASTA description + reference GFF	29.359734520920583
PROT:sp|P24000|RL24B_YEAST	sp|P24000|RL24B_YEAST		RPL24B	Large ribosomal subunit protein eL24B	0.00035489036	RPL24B — Large ribosomal subunit protein eL24B	search FASTA description + reference GFF	33.60694190756952
PROT:sp|P24276|SSD1_YEAST	sp|P24276|SSD1_YEAST		SSD1	Protein SSD1	0.00035489036	SSD1 — Protein SSD1	search FASTA description + reference GFF	31.55752564375264
PROT:sp|P24279|MCM3_YEAST	sp|P24279|MCM3_YEAST		MCM3	DNA replication licensing factor MCM3	0.00035489036	MCM3 — DNA replication licensing factor MCM3	search FASTA description + reference GFF	26.01192640973184
PROT:sp|P24280|SEC14_YEAST	sp|P24280|SEC14_YEAST		SEC14	SEC14 cytosolic factor	0.00035489036	SEC14 — SEC14 cytosolic factor	search FASTA description + reference GFF	33.506060309587106
PROT:sp|P24521|ERG8_YEAST	sp|P24521|ERG8_YEAST		ERG8	Phosphomevalonate kinase	0.00035489036	ERG8 — Phosphomevalonate kinase	search FASTA description + reference GFF	28.74647744545372
PROT:sp|P24583|KPC1_YEAST	sp|P24583|KPC1_YEAST		PKC1	Protein kinase C-like 1	0.00035489036	PKC1 — Protein kinase C-like 1	search FASTA description + reference GFF	33.44869135650556
PROT:sp|P24783|DBP2_YEAST	sp|P24783|DBP2_YEAST		DBP2	ATP-dependent RNA helicase DBP2	0.00035489036	DBP2 — ATP-dependent RNA helicase DBP2	search FASTA description + reference GFF	30.373328704160727
PROT:sp|P24784|DBP1_YEAST	sp|P24784|DBP1_YEAST		DBP1	ATP-dependent RNA helicase DBP1	0.00035489036	DBP1 — ATP-dependent RNA helicase DBP1	search FASTA description + reference GFF	31.013317518834704
PROT:sp|P25037|UBP1_YEAST	sp|P25037|UBP1_YEAST		UBP1	Ubiquitin carboxyl-terminal hydrolase 1	0.00035489036	UBP1 — Ubiquitin carboxyl-terminal hydrolase 1	search FASTA description + reference GFF	29.075749003636066
PROT:sp|P25038|IF2M_YEAST	sp|P25038|IF2M_YEAST		IFM1	Translation initiation factor IF-2, mitochondrial	0.00035489036	IFM1 — Translation initiation factor IF-2, mitochondrial	search FASTA description + reference GFF	26.45898585107723
PROT:sp|P25039|EFGM_YEAST	sp|P25039|EFGM_YEAST		MEF1	Elongation factor G, mitochondrial	0.00035489036	MEF1 — Elongation factor G, mitochondrial	search FASTA description + reference GFF	32.54070076269927
PROT:sp|P25043|PSB2_YEAST	sp|P25043|PSB2_YEAST		PUP1	Proteasome subunit beta type-2	0.00035489036	PUP1 — Proteasome subunit beta type-2	search FASTA description + reference GFF	33.258250913537566
PROT:sp|P25044|PTP1_YEAST	sp|P25044|PTP1_YEAST		PTP1	Tyrosine-protein phosphatase 1	0.00035489036	PTP1 — Tyrosine-protein phosphatase 1	search FASTA description + reference GFF	26.34208609549453
PROT:sp|P25045|SPTC1_YEAST	sp|P25045|SPTC1_YEAST		LCB1	Serine palmitoyltransferase 1	0.00035489036	LCB1 — Serine palmitoyltransferase 1	search FASTA description + reference GFF	27.72551888484501
PROT:sp|P25087|ERG6_YEAST	sp|P25087|ERG6_YEAST		ERG6	Sterol 24-C-methyltransferase ERG6	0.00035489036	ERG6 — Sterol 24-C-methyltransferase ERG6	search FASTA description + reference GFF	35.796679644069826
PROT:sp|P25293|NAP1_YEAST	sp|P25293|NAP1_YEAST		NAP1	Nucleosome assembly protein	0.00035489036	NAP1 — Nucleosome assembly protein	search FASTA description + reference GFF	31.563153169390965
PROT:sp|P25294|SIS1_YEAST	sp|P25294|SIS1_YEAST		SIS1	Protein SIS1	0.00035489036	SIS1 — Protein SIS1	search FASTA description + reference GFF	34.94878360711302
PROT:sp|P25296|CANB_YEAST	sp|P25296|CANB_YEAST		CNB1	Calcineurin subunit B	0.00035489036	CNB1 — Calcineurin subunit B	search FASTA description + reference GFF	30.52863820451157
PROT:sp|P25298|RNA14_YEAST	sp|P25298|RNA14_YEAST		RNA14	mRNA 3'-end-processing protein RNA14	0.00035489036	RNA14 — mRNA 3'-end-processing protein RNA14	search FASTA description + reference GFF	27.26337044778489
PROT:sp|P25332|RBSK_YEAST	sp|P25332|RBSK_YEAST		RBK1	Ribokinase	0.00035489036	RBK1 — Ribokinase	search FASTA description + reference GFF	29.93882654604917
PROT:sp|P25339|PUF4_YEAST	sp|P25339|PUF4_YEAST		PUF4	Pumilio homology domain family member 4	0.00035489036	PUF4 — Pumilio homology domain family member 4	search FASTA description + reference GFF	26.504907422454476
PROT:sp|P25340|ERG4_YEAST	sp|P25340|ERG4_YEAST		ERG4	Delta(24(24(1)))-sterol reductase ERG4	0.00035489036	ERG4 — Delta(24(24(1)))-sterol reductase ERG4	search FASTA description + reference GFF	27.646195976238676
PROT:sp|P25342|CDC10_YEAST	sp|P25342|CDC10_YEAST		CDC10	Cell division control protein 10	0.00035489036	CDC10 — Cell division control protein 10	search FASTA description + reference GFF	31.443653854157656
PROT:sp|P25343|RV161_YEAST	sp|P25343|RV161_YEAST		RVS161	Reduced viability upon starvation protein 161	0.00035489036	RVS161 — Reduced viability upon starvation protein 161	search FASTA description + reference GFF	31.947244541453188
PROT:sp|P25349|YCP4_YEAST	sp|P25349|YCP4_YEAST		YCP4	Flavoprotein-like protein YCP4	0.00035489036	YCP4 — Flavoprotein-like protein YCP4	search FASTA description + reference GFF	34.96521742516837
PROT:sp|P25355|ATX10_YEAST	sp|P25355|ATX10_YEAST		CTR86	Ataxin-10 homolog	0.00035489036	CTR86 — Ataxin-10 homolog	search FASTA description + reference GFF	25.293285843290903
PROT:sp|P25359|RRP43_YEAST	sp|P25359|RRP43_YEAST		RRP43	Exosome complex component RRP43	0.00035489036	RRP43 — Exosome complex component RRP43	search FASTA description + reference GFF	27.44986785994084
PROT:sp|P25365|SED4_YEAST	sp|P25365|SED4_YEAST		SED4	Putative guanine nucleotide-exchange factor SED4	0.00035489036	SED4 — Putative guanine nucleotide-exchange factor SED4	search FASTA description + reference GFF	28.91564098191469
PROT:sp|P25366|OCA4_YEAST	sp|P25366|OCA4_YEAST		OCA4	Protein OCA4	0.00035489036	OCA4 — Protein OCA4	search FASTA description + reference GFF	27.713301523091086
PROT:sp|P25367|RNQ1_YEAST	sp|P25367|RNQ1_YEAST		RNQ1	[PIN+] prion protein RNQ1	0.00035489036	RNQ1 — [PIN+] prion protein RNQ1	search FASTA description + reference GFF	32.32775747026774
PROT:sp|P25368|RRP7_YEAST	sp|P25368|RRP7_YEAST		RRP7	Ribosomal RNA-processing protein 7	0.00035489036	RRP7 — Ribosomal RNA-processing protein 7	search FASTA description + reference GFF	29.29708947797604
PROT:sp|P25369|LSB5_YEAST	sp|P25369|LSB5_YEAST		LSB5	LAS seventeen-binding protein 5	0.00035489036	LSB5 — LAS seventeen-binding protein 5	search FASTA description + reference GFF	27.738885897359665
PROT:sp|P25371|ADP1_YEAST	sp|P25371|ADP1_YEAST		ADP1	Probable ATP-dependent permease	0.00035489036	ADP1 — Probable ATP-dependent permease	search FASTA description + reference GFF	28.894637397140343
PROT:sp|P25372|TRX3_YEAST	sp|P25372|TRX3_YEAST		TRX3	Thioredoxin-3, mitochondrial	0.00035489036	TRX3 — Thioredoxin-3, mitochondrial	search FASTA description + reference GFF	33.40253093782341
PROT:sp|P25373|GLRX1_YEAST	sp|P25373|GLRX1_YEAST		GRX1	Glutaredoxin-1	0.00035489036	GRX1 — Glutaredoxin-1	search FASTA description + reference GFF	32.13345839847386
PROT:sp|P25374|NFS1_YEAST	sp|P25374|NFS1_YEAST		NFS1	Cysteine desulfurase	0.00035489036	NFS1 — Cysteine desulfurase	search FASTA description + reference GFF	29.46860376150935
PROT:sp|P25375|PRTD_YEAST	sp|P25375|PRTD_YEAST		PRD1	Saccharolysin	0.00035489036	PRD1 — Saccharolysin	search FASTA description + reference GFF	31.266554378946413
PROT:sp|P25382|NLE1_YEAST	sp|P25382|NLE1_YEAST		RSA4	Ribosome assembly protein 4	0.00035489036	RSA4 — Ribosome assembly protein 4	search FASTA description + reference GFF	24.07490918483881
PROT:sp|P25385|BOS1_YEAST	sp|P25385|BOS1_YEAST		BOS1	Protein transport protein BOS1	0.00035489036	BOS1 — Protein transport protein BOS1	search FASTA description + reference GFF	23.806342682893582
PROT:sp|P25386|USO1_YEAST	sp|P25386|USO1_YEAST		USO1	Intracellular protein transport protein USO1	0.00035489036	USO1 — Intracellular protein transport protein USO1	search FASTA description + reference GFF	28.97887526141505
PROT:sp|P25443|RS2_YEAST	sp|P25443|RS2_YEAST		RPS2	Small ribosomal subunit protein uS5	0.00035489036	RPS2 — Small ribosomal subunit protein uS5	search FASTA description + reference GFF	37.45932967284772
PROT:sp|P25451|PSB3_YEAST	sp|P25451|PSB3_YEAST		PUP3	Proteasome subunit beta type-3	0.00035489036	PUP3 — Proteasome subunit beta type-3	search FASTA description + reference GFF	30.18755732171728
PROT:sp|P25491|MAS5_YEAST	sp|P25491|MAS5_YEAST		YDJ1	Mitochondrial protein import protein MAS5	0.00035489036	YDJ1 — Mitochondrial protein import protein MAS5	search FASTA description + reference GFF	35.40176743470131
PROT:sp|P25555|GBP2_YEAST	sp|P25555|GBP2_YEAST		GBP2	Serine/arginine (SR)-type shuttling mRNA binding protein GBP2	0.00035489036	GBP2 — Serine/arginine (SR)-type shuttling mRNA binding protein GBP2	search FASTA description + reference GFF	29.23146784578648
PROT:sp|P25558|BUD3_YEAST	sp|P25558|BUD3_YEAST		BUD3	Bud site selection protein 3	0.00035489036	BUD3 — Bud site selection protein 3	search FASTA description + reference GFF	23.060816168805463
PROT:sp|P25560|RER1_YEAST	sp|P25560|RER1_YEAST		RER1	Protein RER1	0.00037100184	RER1 — Protein RER1	search FASTA description + reference GFF	28.440988041644168
PROT:sp|P25567|SRO9_YEAST	sp|P25567|SRO9_YEAST		SRO9	RNA-binding protein SRO9	0.00035489036	SRO9 — RNA-binding protein SRO9	search FASTA description + reference GFF	31.36414419799021
PROT:sp|P25569|GID7_YEAST	sp|P25569|GID7_YEAST		GID7	GID complex subunit 7	0.00035489036	GID7 — GID complex subunit 7	search FASTA description + reference GFF	26.76760782599818
PROT:sp|P25573|MGR1_YEAST	sp|P25573|MGR1_YEAST		MGR1	Mitochondrial inner membrane i-AAA protease supercomplex subunit MGR1	0.00035489036	MGR1 — Mitochondrial inner membrane i-AAA protease supercomplex subunit MGR1	search FASTA description + reference GFF	26.209353480765124
PROT:sp|P25574|EMC1_YEAST	sp|P25574|EMC1_YEAST		EMC1	ER membrane protein complex subunit 1	0.00035489036	EMC1 — ER membrane protein complex subunit 1	search FASTA description + reference GFF	30.25149900928625
PROT:sp|P25580|PBN1_YEAST	sp|P25580|PBN1_YEAST		PBN1	Protein PBN1	0.00035489036	PBN1 — Protein PBN1	search FASTA description + reference GFF	26.75117750785207
PROT:sp|P25582|SPB1_YEAST	sp|P25582|SPB1_YEAST		SPB1	27S pre-rRNA (guanosine(2922)-2'-O)-methyltransferase	0.00035489036	SPB1 — 27S pre-rRNA (guanosine(2922)-2'-O)-methyltransferase	search FASTA description + reference GFF	28.389681658959724
PROT:sp|P25586|KRR1_YEAST	sp|P25586|KRR1_YEAST		KRR1	KRR1 small subunit processome component	0.00035489036	KRR1 — KRR1 small subunit processome component	search FASTA description + reference GFF	30.184218689276083
PROT:sp|P25605|ILV6_YEAST	sp|P25605|ILV6_YEAST		ILV6	Acetolactate synthase small subunit, mitochondrial	0.00035489036	ILV6 — Acetolactate synthase small subunit, mitochondrial	search FASTA description + reference GFF	34.04202078782381
PROT:sp|P25613|ADY2_YEAST	sp|P25613|ADY2_YEAST		ADY2	Accumulation of dyads protein 2	0.00035489036	ADY2 — Accumulation of dyads protein 2	search FASTA description + reference GFF	31.167392183712717
PROT:sp|P25617|YCQ6_YEAST	sp|P25617|YCQ6_YEAST		YCR016W	Uncharacterized protein YCR016W	0.00035489036	YCR016W — Uncharacterized protein YCR016W	search FASTA description + reference GFF	29.61836394275376
PROT:sp|P25623|SYP1_YEAST	sp|P25623|SYP1_YEAST		SYP1	Suppressor of yeast profilin deletion	0.00035489036	SYP1 — Suppressor of yeast profilin deletion	search FASTA description + reference GFF	31.94186853671054
PROT:sp|P25626|IMG1_YEAST	sp|P25626|IMG1_YEAST		IMG1	Large ribosomal subunit protein bL19m	0.00035489036	IMG1 — Large ribosomal subunit protein bL19m	search FASTA description + reference GFF	28.697168274857844
PROT:sp|P25631|YCU1_YEAST	sp|P25631|YCU1_YEAST		YCR051W	Ankyrin repeat-containing protein YCR051W	0.00035489036	YCR051W — Ankyrin repeat-containing protein YCR051W	search FASTA description + reference GFF	28.86481546888525
PROT:sp|P25635|PWP2_YEAST	sp|P25635|PWP2_YEAST		PWP2	Periodic tryptophan protein 2	0.00035489036	PWP2 — Periodic tryptophan protein 2	search FASTA description + reference GFF	27.411500830755976
PROT:sp|P25642|IMG2_YEAST	sp|P25642|IMG2_YEAST		IMG2	Large ribosomal subunit protein mL49	0.00035489036	IMG2 — Large ribosomal subunit protein mL49	search FASTA description + reference GFF	29.859536559066488
PROT:sp|P25644|PAT1_YEAST	sp|P25644|PAT1_YEAST		PAT1	Deadenylation-dependent mRNA-decapping factor PAT1	0.00035489036	PAT1 — Deadenylation-dependent mRNA-decapping factor PAT1	search FASTA description + reference GFF	29.42020876523643
PROT:sp|P25654|YCY0_YEAST	sp|P25654|YCY0_YEAST		YCR090C	UPF0587 protein YCR090C	0.00035489036	YCR090C — UPF0587 protein YCR090C	search FASTA description + reference GFF	30.250365546203746
PROT:sp|P25655|NOT1_YEAST	sp|P25655|NOT1_YEAST		CDC39	General negative regulator of transcription subunit 1	0.00035489036	CDC39 — General negative regulator of transcription subunit 1	search FASTA description + reference GFF	29.22594727519336
PROT:sp|P25659|FUB1_YEAST	sp|P25659|FUB1_YEAST		FUB1	Silencing boundary-establishment protein FUB1	0.00035489036	FUB1 — Silencing boundary-establishment protein FUB1	search FASTA description + reference GFF	25.857988632449903
PROT:sp|P25694|CDC48_YEAST	sp|P25694|CDC48_YEAST		CDC48	AAA family ATPase involved in ubiquitin-mediated protein degradation CDC48	0.00035489036	CDC48 — AAA family ATPase involved in ubiquitin-mediated protein degradation CDC48	search FASTA description + reference GFF	36.02171346624028
PROT:sp|P25719|CYPC_YEAST	sp|P25719|CYPC_YEAST		CPR3	Peptidyl-prolyl cis-trans isomerase C, mitochondrial	0.00035489036	CPR3 — Peptidyl-prolyl cis-trans isomerase C, mitochondrial	search FASTA description + reference GFF	34.22196236154062
PROT:sp|P26263|PDC6_YEAST	sp|P26263|PDC6_YEAST		PDC6	Pyruvate decarboxylase isozyme 3	0.00035489036	PDC6 — Pyruvate decarboxylase isozyme 3	search FASTA description + reference GFF	34.32783800593881
PROT:sp|P26321|RL5_YEAST	sp|P26321|RL5_YEAST		RPL5	Large ribosomal subunit protein uL18	0.00035489036	RPL5 — Large ribosomal subunit protein uL18	search FASTA description + reference GFF	35.453940361124346
PROT:sp|P26343|DAL80_YEAST	sp|P26343|DAL80_YEAST		DAL80	Nitrogen regulatory protein DAL80	0.0008134981	DAL80 — Nitrogen regulatory protein DAL80	search FASTA description + reference GFF	28.766413141041426
PROT:sp|P26570|PPZ1_YEAST	sp|P26570|PPZ1_YEAST		PPZ1	Serine/threonine-protein phosphatase PP-Z1	0.00035489036	PPZ1 — Serine/threonine-protein phosphatase PP-Z1	search FASTA description + reference GFF	26.7208246337328
PROT:sp|P26637|SYLC_YEAST	sp|P26637|SYLC_YEAST		CDC60	Leucine--tRNA ligase, cytoplasmic	0.00035489036	CDC60 — Leucine--tRNA ligase, cytoplasmic	search FASTA description + reference GFF	34.62701324457278
PROT:sp|P26754|RFA2_YEAST	sp|P26754|RFA2_YEAST		RFA2	Replication factor A protein 2	0.00035489036	RFA2 — Replication factor A protein 2	search FASTA description + reference GFF	30.49216006095968
PROT:sp|P26755|RFA3_YEAST	sp|P26755|RFA3_YEAST		RFA3	Replication factor A protein 3	0.00035489036	RFA3 — Replication factor A protein 3	search FASTA description + reference GFF	29.044648071940543
PROT:sp|P26783|RS5_YEAST	sp|P26783|RS5_YEAST		RPS5	Small ribosomal subunit protein uS7	0.00035489036	RPS5 — Small ribosomal subunit protein uS7	search FASTA description + reference GFF	35.51688563617579
PROT:sp|P26784|RL16A_YEAST	sp|P26784|RL16A_YEAST		RPL16A	Large ribosomal subunit protein uL13A	0.00035489036	RPL16A — Large ribosomal subunit protein uL13A	search FASTA description + reference GFF	34.68126590837036
PROT:sp|P26785|RL16B_YEAST	sp|P26785|RL16B_YEAST		RPL16B	Large ribosomal subunit protein uL13B	0.00035489036	RPL16B — Large ribosomal subunit protein uL13B	search FASTA description + reference GFF	35.95800952418261
PROT:sp|P26786|RS7A_YEAST	sp|P26786|RS7A_YEAST		RPS7A	Small ribosomal subunit protein eS7A	0.00035489036	RPS7A — Small ribosomal subunit protein eS7A	search FASTA description + reference GFF	36.304320578876265
PROT:sp|P26793|FEN1_YEAST	sp|P26793|FEN1_YEAST		RAD27	Flap endonuclease 1	0.00035489036	RAD27 — Flap endonuclease 1	search FASTA description + reference GFF	26.98488323477512
PROT:sp|P27351|AP2B_YEAST	sp|P27351|AP2B_YEAST		APL1	AP-2 complex subunit beta	0.00035489036	APL1 — AP-2 complex subunit beta	search FASTA description + reference GFF	27.41109383726257
PROT:sp|P27466|KCC1_YEAST	sp|P27466|KCC1_YEAST		CMK1	Calcium/calmodulin-dependent protein kinase I	0.00035489036	CMK1 — Calcium/calmodulin-dependent protein kinase I	search FASTA description + reference GFF	28.57781552268631
PROT:sp|P27472|GYS2_YEAST	sp|P27472|GYS2_YEAST		GSY2	Glycogen [starch] synthase isoform 2	0.00035489036	GSY2 — Glycogen [starch] synthase isoform 2	search FASTA description + reference GFF	29.838831965656105
PROT:sp|P27476|NSR1_YEAST	sp|P27476|NSR1_YEAST		NSR1	Nuclear localization sequence-binding protein	0.00035489036	NSR1 — Nuclear localization sequence-binding protein	search FASTA description + reference GFF	33.262624296919505
PROT:sp|P27515|URK1_YEAST	sp|P27515|URK1_YEAST		URK1	Uridine kinase	0.00089169707	URK1 — Uridine kinase	search FASTA description + reference GFF	25.93946717924857
PROT:sp|P27614|CBPS_YEAST	sp|P27614|CBPS_YEAST		CPS1	Carboxypeptidase S	0.00035489036	CPS1 — Carboxypeptidase S	search FASTA description + reference GFF	32.7261038294322
PROT:sp|P27616|PUR7_YEAST	sp|P27616|PUR7_YEAST		ADE1	Phosphoribosylaminoimidazole-succinocarboxamide synthase	0.00035489036	ADE1 — Phosphoribosylaminoimidazole-succinocarboxamide synthase	search FASTA description + reference GFF	35.30773564192742
PROT:sp|P27637|BUD14_YEAST	sp|P27637|BUD14_YEAST		BUD14	Bud site selection protein 14	0.00035489036	BUD14 — Bud site selection protein 14	search FASTA description + reference GFF	24.77629737034229
PROT:sp|P27692|SPT5_YEAST	sp|P27692|SPT5_YEAST		SPT5	Transcription elongation factor SPT5	0.00035489036	SPT5 — Transcription elongation factor SPT5	search FASTA description + reference GFF	31.003237091675377
PROT:sp|P27697|COQ8_YEAST	sp|P27697|COQ8_YEAST		COQ8	Atypical kinase COQ8, mitochondrial	0.00035489036	COQ8 — Atypical kinase COQ8, mitochondrial	search FASTA description + reference GFF	26.70676808623772
PROT:sp|P27796|THIK_YEAST	sp|P27796|THIK_YEAST		POT1	3-ketoacyl-CoA thiolase, peroxisomal	0.00035489036	POT1 — 3-ketoacyl-CoA thiolase, peroxisomal	search FASTA description + reference GFF	32.932925096645945
PROT:sp|P27801|PEP3_YEAST	sp|P27801|PEP3_YEAST		PEP3	Vacuolar membrane protein PEP3	0.00035489036	PEP3 — Vacuolar membrane protein PEP3	search FASTA description + reference GFF	26.29014781480521
PROT:sp|P27809|KRE2_YEAST	sp|P27809|KRE2_YEAST		KRE2	Glycolipid 2-alpha-mannosyltransferase	0.00035489036	KRE2 — Glycolipid 2-alpha-mannosyltransferase	search FASTA description + reference GFF	29.833712909152712
PROT:sp|P27810|KTR1_YEAST	sp|P27810|KTR1_YEAST		KTR1	Alpha-1,2 mannosyltransferase KTR1	0.00035489036	KTR1 — Alpha-1,2 mannosyltransferase KTR1	search FASTA description + reference GFF	29.230799186597228
PROT:sp|P27882|ERV1_YEAST	sp|P27882|ERV1_YEAST		ERV1	Mitochondrial FAD-linked sulfhydryl oxidase ERV1	0.00035489036	ERV1 — Mitochondrial FAD-linked sulfhydryl oxidase ERV1	search FASTA description + reference GFF	27.9253688791855
PROT:sp|P27929|NAM9_YEAST	sp|P27929|NAM9_YEAST		NAM9	Small ribosomal subunit protein uS4m	0.00035489036	NAM9 — Small ribosomal subunit protein uS4m	search FASTA description + reference GFF	30.623482988249496
PROT:sp|P28000|RPAC2_YEAST	sp|P28000|RPAC2_YEAST		RPC19	DNA-directed RNA polymerases I and III subunit RPAC2	0.00035489036	RPC19 — DNA-directed RNA polymerases I and III subunit RPAC2	search FASTA description + reference GFF	29.22889819840555
PROT:sp|P28006|GAC1_YEAST	sp|P28006|GAC1_YEAST		GAC1	Serine/threonine-protein phosphatase 1 regulatory subunit GAC1	0.0035091755	GAC1 — Serine/threonine-protein phosphatase 1 regulatory subunit GAC1	search FASTA description + reference GFF	29.502034326797745
PROT:sp|P28007|GAR1_YEAST	sp|P28007|GAR1_YEAST		GAR1	H/ACA ribonucleoprotein complex subunit GAR1	0.00035489036	GAR1 — H/ACA ribonucleoprotein complex subunit GAR1	search FASTA description + reference GFF	31.06307830802828
PROT:sp|P28239|IPYR2_YEAST	sp|P28239|IPYR2_YEAST		PPA2	Inorganic pyrophosphatase, mitochondrial	0.00035489036	PPA2 — Inorganic pyrophosphatase, mitochondrial	search FASTA description + reference GFF	28.83275710413742
PROT:sp|P28240|ACEA_YEAST	sp|P28240|ACEA_YEAST		ICL1	Isocitrate lyase	0.00035489036	ICL1 — Isocitrate lyase	search FASTA description + reference GFF	35.00093918885643
PROT:sp|P28241|IDH2_YEAST	sp|P28241|IDH2_YEAST		IDH2	Isocitrate dehydrogenase [NAD] subunit 2, mitochondrial	0.00035489036	IDH2 — Isocitrate dehydrogenase [NAD] subunit 2, mitochondrial	search FASTA description + reference GFF	34.491722554741706
PROT:sp|P28263|UBC8_YEAST	sp|P28263|UBC8_YEAST		UBC8	Ubiquitin-conjugating enzyme E2-24 kDa	0.0012789817	UBC8 — Ubiquitin-conjugating enzyme E2-24 kDa	search FASTA description + reference GFF	27.41362596421201
PROT:sp|P28272|PYRD_YEAST	sp|P28272|PYRD_YEAST		URA1	Dihydroorotate dehydrogenase (fumarate)	0.00035489036	URA1 — Dihydroorotate dehydrogenase (fumarate)	search FASTA description + reference GFF	31.99808271965296
PROT:sp|P28273|OPLA_YEAST	sp|P28273|OPLA_YEAST		OXP1	5-oxoprolinase	0.00035489036	OXP1 — 5-oxoprolinase	search FASTA description + reference GFF	27.58830286354369
PROT:sp|P28274|URA7_YEAST	sp|P28274|URA7_YEAST		URA7	CTP synthase 1	0.00035489036	URA7 — CTP synthase 1	search FASTA description + reference GFF	31.770772581959147
PROT:sp|P28320|YJU2_YEAST	sp|P28320|YJU2_YEAST		YJU2	Splicing factor YJU2	0.00035489036	YJU2 — Splicing factor YJU2	search FASTA description + reference GFF	24.851383751987832
PROT:sp|P28321|MGLL_YEAST	sp|P28321|MGLL_YEAST		YJU3	Monoglyceride lipase	0.00035489036	YJU3 — Monoglyceride lipase	search FASTA description + reference GFF	30.03276781660721
PROT:sp|P28495|CAPZA_YEAST	sp|P28495|CAPZA_YEAST		CAP1	F-actin-capping protein subunit alpha	0.00035489036	CAP1 — F-actin-capping protein subunit alpha	search FASTA description + reference GFF	31.125289940733143
PROT:sp|P28625|YIM1_YEAST	sp|P28625|YIM1_YEAST		YIM1	Protein YIM1	0.00035489036	YIM1 — Protein YIM1	search FASTA description + reference GFF	32.011976919005946
PROT:sp|P28707|SBA1_YEAST	sp|P28707|SBA1_YEAST		SBA1	Co-chaperone protein SBA1	0.00035489036	SBA1 — Co-chaperone protein SBA1	search FASTA description + reference GFF	33.60430807988763
PROT:sp|P28777|AROC_YEAST	sp|P28777|AROC_YEAST		ARO2	Chorismate synthase ARO2	0.00035489036	ARO2 — Chorismate synthase ARO2	search FASTA description + reference GFF	33.59440864239395
PROT:sp|P28789|HEM3_YEAST	sp|P28789|HEM3_YEAST		HEM3	Porphobilinogen deaminase	0.00035489036	HEM3 — Porphobilinogen deaminase	search FASTA description + reference GFF	30.552705968654884
PROT:sp|P28791|SEC20_YEAST	sp|P28791|SEC20_YEAST		SEC20	Protein transport protein SEC20	0.00035489036	SEC20 — Protein transport protein SEC20	search FASTA description + reference GFF	24.59802084559762
PROT:sp|P28795|PEX3_YEAST	sp|P28795|PEX3_YEAST		PEX3	Peroxisomal biogenesis factor 3	0.0013790947	PEX3 — Peroxisomal biogenesis factor 3	search FASTA description + reference GFF	25.505207416454564
PROT:sp|P28817|HIBCH_YEAST	sp|P28817|HIBCH_YEAST		EHD3	Small ribosomal subunit protein mS47	0.00055427244	EHD3 — Small ribosomal subunit protein mS47	search FASTA description + reference GFF	30.06728076872054
PROT:sp|P28834|IDH1_YEAST	sp|P28834|IDH1_YEAST		IDH1	Isocitrate dehydrogenase [NAD] subunit 1, mitochondrial	0.00035489036	IDH1 — Isocitrate dehydrogenase [NAD] subunit 1, mitochondrial	search FASTA description + reference GFF	34.8356738379259
PROT:sp|P29029|CHIT_YEAST	sp|P29029|CHIT_YEAST		CTS1	Endochitinase	0.00035489036	CTS1 — Endochitinase	search FASTA description + reference GFF	28.50371817302474
PROT:sp|P29055|TF2B_YEAST	sp|P29055|TF2B_YEAST		SUA7	Transcription initiation factor IIB	0.00035489036	SUA7 — Transcription initiation factor IIB	search FASTA description + reference GFF	27.180427602558527
PROT:sp|P29295|HRR25_YEAST	sp|P29295|HRR25_YEAST		HRR25	Casein kinase I homolog HRR25	0.00035489036	HRR25 — Casein kinase I homolog HRR25	search FASTA description + reference GFF	29.14005658327804
PROT:sp|P29311|BMH1_YEAST	sp|P29311|BMH1_YEAST		BMH1	Protein BMH1	0.00035489036	BMH1 — Protein BMH1	search FASTA description + reference GFF	34.389844026260484
PROT:sp|P29366|BEM1_YEAST	sp|P29366|BEM1_YEAST		BEM1	Bud emergence protein 1	0.00035489036	BEM1 — Bud emergence protein 1	search FASTA description + reference GFF	26.241738730974497
PROT:sp|P29453|RL8B_YEAST	sp|P29453|RL8B_YEAST		RPL8B	Large ribosomal subunit protein eL8B	0.00035489036	RPL8B — Large ribosomal subunit protein eL8B	search FASTA description + reference GFF	35.85481643756317
PROT:sp|P29468|PAP_YEAST	sp|P29468|PAP_YEAST		PAP1	Poly(A) polymerase	0.00035489036	PAP1 — Poly(A) polymerase	search FASTA description + reference GFF	27.51828750247704
PROT:sp|P29469|MCM2_YEAST	sp|P29469|MCM2_YEAST		MCM2	DNA replication licensing factor MCM2	0.00035489036	MCM2 — DNA replication licensing factor MCM2	search FASTA description + reference GFF	26.46084171745499
PROT:sp|P29478|SEC65_YEAST	sp|P29478|SEC65_YEAST		SEC65	Signal recognition particle subunit SEC65	0.00035489036	SEC65 — Signal recognition particle subunit SEC65	search FASTA description + reference GFF	29.5174548720255
PROT:sp|P29509|TRXB1_YEAST	sp|P29509|TRXB1_YEAST		TRR1	Thioredoxin reductase 1	0.00035489036	TRR1 — Thioredoxin reductase 1	search FASTA description + reference GFF	34.02819405601198
PROT:sp|P29547|EF1G1_YEAST	sp|P29547|EF1G1_YEAST		CAM1	Elongation factor 1-gamma 1	0.00035489036	CAM1 — Elongation factor 1-gamma 1	search FASTA description + reference GFF	34.98450465711622
PROT:sp|P29703|FNTA_YEAST	sp|P29703|FNTA_YEAST		RAM2	Protein farnesyltransferase/geranylgeranyltransferase type-1 subunit alpha	0.0010650838	RAM2 — Protein farnesyltransferase/geranylgeranyltransferase type-1 subunit alpha	search FASTA description + reference GFF	26.639070780355247
PROT:sp|P29704|ERG9_YEAST	sp|P29704|ERG9_YEAST		ERG9	Squalene synthase ERG9	0.00035489036	ERG9 — Squalene synthase ERG9	search FASTA description + reference GFF	33.562223087550066
PROT:sp|P29952|MPI_YEAST	sp|P29952|MPI_YEAST		PMI40	Mannose-6-phosphate isomerase	0.00035489036	PMI40 — Mannose-6-phosphate isomerase	search FASTA description + reference GFF	34.59768189194924
PROT:sp|P30619|SEC1_YEAST	sp|P30619|SEC1_YEAST		SEC1	Protein transport protein SEC1	0.00035489036	SEC1 — Protein transport protein SEC1	search FASTA description + reference GFF	28.935986375272854
PROT:sp|P30624|LCF1_YEAST	sp|P30624|LCF1_YEAST		FAA1	Long-chain-fatty-acid--CoA ligase 1	0.00035489036	FAA1 — Long-chain-fatty-acid--CoA ligase 1	search FASTA description + reference GFF	34.98728367178628
PROT:sp|P30656|PSB5_YEAST	sp|P30656|PSB5_YEAST		PRE2	Proteasome subunit beta type-5	0.00035489036	PRE2 — Proteasome subunit beta type-5	search FASTA description + reference GFF	31.74356609441797
PROT:sp|P30657|PSB7_YEAST	sp|P30657|PSB7_YEAST		PRE4	Proteasome subunit beta type-7	0.00035489036	PRE4 — Proteasome subunit beta type-7	search FASTA description + reference GFF	31.654198986329817
PROT:sp|P30665|MCM4_YEAST	sp|P30665|MCM4_YEAST		MCM4	DNA replication licensing factor MCM4	0.00035489036	MCM4 — DNA replication licensing factor MCM4	search FASTA description + reference GFF	28.20743533202804
PROT:sp|P30771|RENT1_YEAST	sp|P30771|RENT1_YEAST		NAM7	ATP-dependent helicase NAM7	0.00035489036	NAM7 — ATP-dependent helicase NAM7	search FASTA description + reference GFF	27.575515118004848
PROT:sp|P30775|RF1M_YEAST	sp|P30775|RF1M_YEAST		MRF1	Peptide chain release factor 1, mitochondrial	0.00035489036	MRF1 — Peptide chain release factor 1, mitochondrial	search FASTA description + reference GFF	26.95409002712823
PROT:sp|P30822|XPO1_YEAST	sp|P30822|XPO1_YEAST		CRM1	Exportin-1	0.00035489036	CRM1 — Exportin-1	search FASTA description + reference GFF	31.241931935412552
PROT:sp|P30902|ATP7_YEAST	sp|P30902|ATP7_YEAST		ATP7	ATP synthase subunit d, mitochondrial	0.00035489036	ATP7 — ATP synthase subunit d, mitochondrial	search FASTA description + reference GFF	34.369549939052646
PROT:sp|P30952|MLS1_YEAST	sp|P30952|MLS1_YEAST		MLS1	Malate synthase 1	0.00035489036	MLS1 — Malate synthase 1	search FASTA description + reference GFF	35.37689077894727
PROT:sp|P31109|SNC1_YEAST	sp|P31109|SNC1_YEAST		SNC1	Synaptobrevin homolog 1	0.00035489036	SNC1 — Synaptobrevin homolog 1	search FASTA description + reference GFF	27.605791726386915
PROT:sp|P31115|PUS3_YEAST	sp|P31115|PUS3_YEAST		DEG1	tRNA pseudouridine(38/39) synthase	0.00035489036	DEG1 — tRNA pseudouridine(38/39) synthase	search FASTA description + reference GFF	26.11673018848497
PROT:sp|P31116|DHOM_YEAST	sp|P31116|DHOM_YEAST		HOM6	Homoserine dehydrogenase	0.00035489036	HOM6 — Homoserine dehydrogenase	search FASTA description + reference GFF	34.98260999272365
PROT:sp|P31334|RM09_YEAST	sp|P31334|RM09_YEAST		MRPL9	Large ribosomal subunit protein uL3m	0.00035489036	MRPL9 — Large ribosomal subunit protein uL3m	search FASTA description + reference GFF	27.828536331598347
PROT:sp|P31373|CYS3_YEAST	sp|P31373|CYS3_YEAST		CYS3	Cystathionine gamma-lyase	0.00035489036	CYS3 — Cystathionine gamma-lyase	search FASTA description + reference GFF	35.40068363113057
PROT:sp|P31374|PSK1_YEAST	sp|P31374|PSK1_YEAST		PSK1	Serine/threonine-protein kinase PSK1	0.00035489036	PSK1 — Serine/threonine-protein kinase PSK1	search FASTA description + reference GFF	23.224417752883557
PROT:sp|P31377|STX8_YEAST	sp|P31377|STX8_YEAST		SYN8	Syntaxin-8	0.00035489036	SYN8 — Syntaxin-8	search FASTA description + reference GFF	25.03835918877233
PROT:sp|P31382|PMT2_YEAST	sp|P31382|PMT2_YEAST		PMT2	Dolichyl-phosphate-mannose--protein mannosyltransferase 2	0.00035489036	PMT2 — Dolichyl-phosphate-mannose--protein mannosyltransferase 2	search FASTA description + reference GFF	29.400561779427225
PROT:sp|P31383|2AAA_YEAST	sp|P31383|2AAA_YEAST		TPD3	Protein phosphatase PP2A regulatory subunit A	0.00035489036	TPD3 — Protein phosphatase PP2A regulatory subunit A	search FASTA description + reference GFF	30.81510782890094
PROT:sp|P31384|CCR4_YEAST	sp|P31384|CCR4_YEAST		CCR4	CCR4-Not complex 3'-5'-exoribonuclease subunit Ccr4	0.00035489036	CCR4 — CCR4-Not complex 3'-5'-exoribonuclease subunit Ccr4	search FASTA description + reference GFF	29.78563508336304
PROT:sp|P31385|DEP1_YEAST	sp|P31385|DEP1_YEAST		DEP1	Transcriptional regulatory protein DEP1	0.001156564	DEP1 — Transcriptional regulatory protein DEP1	search FASTA description + reference GFF	25.7220736997466
PROT:sp|P31412|VATC_YEAST	sp|P31412|VATC_YEAST		VMA5	V-type proton ATPase subunit C	0.00035489036	VMA5 — V-type proton ATPase subunit C	search FASTA description + reference GFF	32.67826317051033
PROT:sp|P31539|HS104_YEAST	sp|P31539|HS104_YEAST		HSP104	Heat shock protein 104	0.00035489036	HSP104 — Heat shock protein 104	search FASTA description + reference GFF	37.166362499792655
PROT:sp|P31688|TPS2_YEAST	sp|P31688|TPS2_YEAST		TPS2	Trehalose-phosphatase	0.00035489036	TPS2 — Trehalose-phosphatase	search FASTA description + reference GFF	32.173533500044364
PROT:sp|P31755|OCH1_YEAST	sp|P31755|OCH1_YEAST		OCH1	Initiation-specific alpha-1,6-mannosyltransferase	0.00075067923	OCH1 — Initiation-specific alpha-1,6-mannosyltransferase	search FASTA description + reference GFF	25.713411923057212
PROT:sp|P31787|ACBP_YEAST	sp|P31787|ACBP_YEAST		ACB1	Acyl-CoA-binding protein	0.00035489036	ACB1 — Acyl-CoA-binding protein	search FASTA description + reference GFF	32.30284758081848
PROT:sp|P32074|COPG_YEAST	sp|P32074|COPG_YEAST		SEC21	Coatomer subunit gamma	0.00035489036	SEC21 — Coatomer subunit gamma	search FASTA description + reference GFF	31.748922855745946
PROT:sp|P32178|CHMU_YEAST	sp|P32178|CHMU_YEAST		ARO7	Chorismate mutase	0.00035489036	ARO7 — Chorismate mutase	search FASTA description + reference GFF	28.45530078947341
PROT:sp|P32179|MET22_YEAST	sp|P32179|MET22_YEAST		MET22	3'(2'),5'-bisphosphate nucleotidase	0.00035489036	MET22 — 3'(2'),5'-bisphosphate nucleotidase	search FASTA description + reference GFF	33.89045838402178
PROT:sp|P32190|GLPK_YEAST	sp|P32190|GLPK_YEAST		GUT1	Glycerol kinase	0.00035489036	GUT1 — Glycerol kinase	search FASTA description + reference GFF	32.286624758427884
PROT:sp|P32191|GPDM_YEAST	sp|P32191|GPDM_YEAST		GUT2	Glycerol-3-phosphate dehydrogenase, mitochondrial	0.00035489036	GUT2 — Glycerol-3-phosphate dehydrogenase, mitochondrial	search FASTA description + reference GFF	36.12512722209258
PROT:sp|P32259|MED16_YEAST	sp|P32259|MED16_YEAST		SIN4	Mediator of RNA polymerase II transcription subunit 16	0.0058371807	SIN4 — Mediator of RNA polymerase II transcription subunit 16	search FASTA description + reference GFF	24.97619265260178
PROT:sp|P32263|P5CR_YEAST	sp|P32263|P5CR_YEAST		PRO3	Pyrroline-5-carboxylate reductase	0.00035489036	PRO3 — Pyrroline-5-carboxylate reductase	search FASTA description + reference GFF	33.189477752156726
PROT:sp|P32264|PROB_YEAST	sp|P32264|PROB_YEAST		PRO1	Glutamate 5-kinase	0.00035489036	PRO1 — Glutamate 5-kinase	search FASTA description + reference GFF	30.177574918852827
PROT:sp|P32266|MGM1_YEAST	sp|P32266|MGM1_YEAST		MGM1	Dynamin-like GTPase MGM1, mitochondrial	0.00035489036	MGM1 — Dynamin-like GTPase MGM1, mitochondrial	search FASTA description + reference GFF	29.18488761648206
PROT:sp|P32288|GLNA_YEAST	sp|P32288|GLNA_YEAST		GLN1	Glutamine synthetase	0.00035489036	GLN1 — Glutamine synthetase	search FASTA description + reference GFF	32.75081464002066
PROT:sp|P32316|ACH1_YEAST	sp|P32316|ACH1_YEAST		ACH1	Acetyl-CoA hydrolase	0.00035489036	ACH1 — Acetyl-CoA hydrolase	search FASTA description + reference GFF	35.56463769860837
PROT:sp|P32319|VPS10_YEAST	sp|P32319|VPS10_YEAST		PEP1	Vacuolar protein sorting/targeting protein VPS10	0.00035489036	PEP1 — Vacuolar protein sorting/targeting protein VPS10	search FASTA description + reference GFF	29.198497006021
PROT:sp|P32324|EF2_YEAST	sp|P32324|EF2_YEAST		EFT1	Elongation factor 2	0.00035489036	EFT1 — Elongation factor 2	search FASTA description + reference GFF	37.99561844372054
PROT:sp|P32327|PYC2_YEAST	sp|P32327|PYC2_YEAST		PYC2	Pyruvate carboxylase 2	0.00035489036	PYC2 — Pyruvate carboxylase 2	search FASTA description + reference GFF	31.94944823179076
PROT:sp|P32332|OAC1_YEAST	sp|P32332|OAC1_YEAST		OAC1	Mitochondrial oxaloacetate transport protein	0.00035489036	OAC1 — Mitochondrial oxaloacetate transport protein	search FASTA description + reference GFF	30.95872881904702
PROT:sp|P32335|MSS51_YEAST	sp|P32335|MSS51_YEAST		MSS51	Protein MSS51, mitochondrial	0.00035489036	MSS51 — Protein MSS51, mitochondrial	search FASTA description + reference GFF	29.58205510304266
PROT:sp|P32337|IMB3_YEAST	sp|P32337|IMB3_YEAST		PSE1	Importin subunit beta-3	0.00035489036	PSE1 — Importin subunit beta-3	search FASTA description + reference GFF	26.866444671728733
PROT:sp|P32340|NDI1_YEAST	sp|P32340|NDI1_YEAST		NDI1	Rotenone-insensitive NADH-ubiquinone oxidoreductase, mitochondrial	0.00035489036	NDI1 — Rotenone-insensitive NADH-ubiquinone oxidoreductase, mitochondrial	search FASTA description + reference GFF	34.59129627915189
PROT:sp|P32341|VPH2_YEAST	sp|P32341|VPH2_YEAST		VPH2	Vacuolar ATPase assembly integral membrane protein VPH2	0.00035489036	VPH2 — Vacuolar ATPase assembly integral membrane protein VPH2	search FASTA description + reference GFF	25.446530859137297
PROT:sp|P32342|SRP21_YEAST	sp|P32342|SRP21_YEAST		SRP21	Signal recognition particle subunit SRP21	0.00035489036	SRP21 — Signal recognition particle subunit SRP21	search FASTA description + reference GFF	28.75640622084417
PROT:sp|P32347|DCUP_YEAST	sp|P32347|DCUP_YEAST		HEM12	Uroporphyrinogen decarboxylase	0.00035489036	HEM12 — Uroporphyrinogen decarboxylase	search FASTA description + reference GFF	30.48141230882733
PROT:sp|P32349|RPC3_YEAST	sp|P32349|RPC3_YEAST		RPC82	DNA-directed RNA polymerase III subunit RPC3	0.00035489036	RPC82 — DNA-directed RNA polymerase III subunit RPC3	search FASTA description + reference GFF	23.877913152536063
PROT:sp|P32353|ERG3_YEAST	sp|P32353|ERG3_YEAST		ERG3	Delta(7)-sterol 5(6)-desaturase ERG3	0.00035489036	ERG3 — Delta(7)-sterol 5(6)-desaturase ERG3	search FASTA description + reference GFF	30.043293011121705
PROT:sp|P32356|TREA_YEAST	sp|P32356|TREA_YEAST		NTH1	Cytosolic neutral trehalase	0.00035489036	NTH1 — Cytosolic neutral trehalase	search FASTA description + reference GFF	30.90337171415008
PROT:sp|P32364|SMY1_YEAST	sp|P32364|SMY1_YEAST		SMY1	Kinesin-related protein SMY1	0.00035489036	SMY1 — Kinesin-related protein SMY1	search FASTA description + reference GFF	24.5056423386067
PROT:sp|P32366|VA0D_YEAST	sp|P32366|VA0D_YEAST		VMA6	V-type proton ATPase subunit d	0.00035489036	VMA6 — V-type proton ATPase subunit d	search FASTA description + reference GFF	30.66470695337838
PROT:sp|P32368|SAC1_YEAST	sp|P32368|SAC1_YEAST		SAC1	Phosphatidylinositol-3-phosphatase SAC1	0.00035489036	SAC1 — Phosphatidylinositol-3-phosphatase SAC1	search FASTA description + reference GFF	30.18046978499424
PROT:sp|P32377|MVD1_YEAST	sp|P32377|MVD1_YEAST		MVD1	Diphosphomevalonate decarboxylase	0.00035489036	MVD1 — Diphosphomevalonate decarboxylase	search FASTA description + reference GFF	34.09226850687883
PROT:sp|P32379|PSA5_YEAST	sp|P32379|PSA5_YEAST		PUP2	Proteasome subunit alpha type-5	0.00035489036	PUP2 — Proteasome subunit alpha type-5	search FASTA description + reference GFF	32.46547695810349
PROT:sp|P32380|SP110_YEAST	sp|P32380|SP110_YEAST		SPC110	Spindle pole body component 110	0.00035489036	SPC110 — Spindle pole body component 110	search FASTA description + reference GFF	24.79239497696545
PROT:sp|P32381|ARP2_YEAST	sp|P32381|ARP2_YEAST		ARP2	Actin-related protein 2	0.00035489036	ARP2 — Actin-related protein 2	search FASTA description + reference GFF	32.55606276649975
PROT:sp|P32386|YBT1_YEAST	sp|P32386|YBT1_YEAST		YBT1	ATP-dependent bile acid permease	0.00035489036	YBT1 — ATP-dependent bile acid permease	search FASTA description + reference GFF	28.645180983541326
PROT:sp|P32387|RM41_YEAST	sp|P32387|RM41_YEAST		MRP20	Large ribosomal subunit protein uL23m	0.00035489036	MRP20 — Large ribosomal subunit protein uL23m	search FASTA description + reference GFF	30.218954657354235
PROT:sp|P32388|RM49_YEAST	sp|P32388|RM49_YEAST		MRP49	Large ribosomal subunit protein mL61	0.00035489036	MRP49 — Large ribosomal subunit protein mL61	search FASTA description + reference GFF	25.720741530027567
PROT:sp|P32419|MDHP_YEAST	sp|P32419|MDHP_YEAST		MDH3	Malate dehydrogenase, peroxisomal	0.00035489036	MDH3 — Malate dehydrogenase, peroxisomal	search FASTA description + reference GFF	33.88995975136068
PROT:sp|P32445|RIM1_YEAST	sp|P32445|RIM1_YEAST		RIM1	Single-stranded DNA-binding protein RIM1, mitochondrial	0.00035489036	RIM1 — Single-stranded DNA-binding protein RIM1, mitochondrial	search FASTA description + reference GFF	33.41498869691973
PROT:sp|P32447|ASF1_YEAST	sp|P32447|ASF1_YEAST		ASF1	Histone chaperone ASF1	0.00035489036	ASF1 — Histone chaperone ASF1	search FASTA description + reference GFF	28.70925923560493
PROT:sp|P32449|AROG_YEAST	sp|P32449|AROG_YEAST		ARO4	Phospho-2-dehydro-3-deoxyheptonate aldolase, tyrosine-inhibited	0.00035489036	ARO4 — Phospho-2-dehydro-3-deoxyheptonate aldolase, tyrosine-inhibited	search FASTA description + reference GFF	34.608122545517965
PROT:sp|P32451|BIOB_YEAST	sp|P32451|BIOB_YEAST		BIO2	Biotin synthase, mitochondrial	0.00035489036	BIO2 — Biotin synthase, mitochondrial	search FASTA description + reference GFF	31.05736627261146
PROT:sp|P32452|PHA2_YEAST	sp|P32452|PHA2_YEAST		PHA2	Probable prephenate dehydratase	0.00035489036	PHA2 — Probable prephenate dehydratase	search FASTA description + reference GFF	27.532411345727294
PROT:sp|P32453|ATP11_YEAST	sp|P32453|ATP11_YEAST		ATP11	Protein ATP11, mitochondrial	0.00035489036	ATP11 — Protein ATP11, mitochondrial	search FASTA description + reference GFF	31.188244517463787
PROT:sp|P32454|APE2_YEAST	sp|P32454|APE2_YEAST		APE2	Aminopeptidase 2, mitochondrial	0.00035489036	APE2 — Aminopeptidase 2, mitochondrial	search FASTA description + reference GFF	34.209314110236285
PROT:sp|P32457|CDC3_YEAST	sp|P32457|CDC3_YEAST		CDC3	Cell division control protein 3	0.00035489036	CDC3 — Cell division control protein 3	search FASTA description + reference GFF	32.1248006793959
PROT:sp|P32458|CDC11_YEAST	sp|P32458|CDC11_YEAST		CDC11	Cell division control protein 11	0.00035489036	CDC11 — Cell division control protein 11	search FASTA description + reference GFF	27.538236326312116
PROT:sp|P32461|DPH2_YEAST	sp|P32461|DPH2_YEAST		DPH2	2-(3-amino-3-carboxypropyl)histidine synthase subunit 2	0.00035489036	DPH2 — 2-(3-amino-3-carboxypropyl)histidine synthase subunit 2	search FASTA description + reference GFF	27.44379431937471
PROT:sp|P32463|ACPM_YEAST	sp|P32463|ACPM_YEAST		ACP1	Acyl carrier protein, mitochondrial	0.00035489036	ACP1 — Acyl carrier protein, mitochondrial	search FASTA description + reference GFF	32.53832266413848
PROT:sp|P32467|HXT4_YEAST	sp|P32467|HXT4_YEAST		HXT4	Low-affinity glucose transporter HXT4	0.0006170898	HXT4 — Low-affinity glucose transporter HXT4	search FASTA description + reference GFF	27.430262177063145
PROT:sp|P32468|CDC12_YEAST	sp|P32468|CDC12_YEAST		CDC12	Cell division control protein 12	0.00035489036	CDC12 — Cell division control protein 12	search FASTA description + reference GFF	31.141526606953104
PROT:sp|P32469|DPH5_YEAST	sp|P32469|DPH5_YEAST		DPH5	Diphthine methyl ester synthase	0.00035489036	DPH5 — Diphthine methyl ester synthase	search FASTA description + reference GFF	31.23966633848246
PROT:sp|P32471|EF1B_YEAST	sp|P32471|EF1B_YEAST		EFB1	Elongation factor 1-beta	0.00035489036	EFB1 — Elongation factor 1-beta	search FASTA description + reference GFF	36.59401534957178
PROT:sp|P32472|FKBP2_YEAST	sp|P32472|FKBP2_YEAST		FPR2	Peptidyl-prolyl cis-trans isomerase FPR2	0.00035489036	FPR2 — Peptidyl-prolyl cis-trans isomerase FPR2	search FASTA description + reference GFF	30.44040107082594
PROT:sp|P32473|ODPB_YEAST	sp|P32473|ODPB_YEAST		PDB1	Pyruvate dehydrogenase E1 component subunit beta, mitochondrial	0.00035489036	PDB1 — Pyruvate dehydrogenase E1 component subunit beta, mitochondrial	search FASTA description + reference GFF	34.363890214204915
PROT:sp|P32474|EUG1_YEAST	sp|P32474|EUG1_YEAST		EUG1	Protein disulfide-isomerase EUG1	0.00035489036	EUG1 — Protein disulfide-isomerase EUG1	search FASTA description + reference GFF	29.18172787831386
PROT:sp|P32476|ERG1_YEAST	sp|P32476|ERG1_YEAST		ERG1	Squalene epoxidase ERG1	0.00035489036	ERG1 — Squalene epoxidase ERG1	search FASTA description + reference GFF	33.04501182228741
PROT:sp|P32477|GSH1_YEAST	sp|P32477|GSH1_YEAST		GSH1	Glutamate--cysteine ligase	0.00035489036	GSH1 — Glutamate--cysteine ligase	search FASTA description + reference GFF	28.707904342005016
PROT:sp|P32478|HS150_YEAST	sp|P32478|HS150_YEAST		HSP150	Cell wall mannoprotein HSP150	0.00035489036	HSP150 — Cell wall mannoprotein HSP150	search FASTA description + reference GFF	31.11125790775231
PROT:sp|P32481|IF2G_YEAST	sp|P32481|IF2G_YEAST		GCD11	Eukaryotic translation initiation factor 2 subunit gamma	0.00035489036	GCD11 — Eukaryotic translation initiation factor 2 subunit gamma	search FASTA description + reference GFF	33.32079119692229
PROT:sp|P32485|HOG1_YEAST	sp|P32485|HOG1_YEAST		HOG1	Mitogen-activated protein kinase HOG1	0.00035489036	HOG1 — Mitogen-activated protein kinase HOG1	search FASTA description + reference GFF	30.117032949124752
PROT:sp|P32495|NHP2_YEAST	sp|P32495|NHP2_YEAST		NHP2	H/ACA ribonucleoprotein complex subunit NHP2	0.00035489036	NHP2 — H/ACA ribonucleoprotein complex subunit NHP2	search FASTA description + reference GFF	33.17554735209322
PROT:sp|P32496|RPN12_YEAST	sp|P32496|RPN12_YEAST		RPN12	26S proteasome regulatory subunit RPN12	0.00035489036	RPN12 — 26S proteasome regulatory subunit RPN12	search FASTA description + reference GFF	32.7650638258023
PROT:sp|P32497|EIF3C_YEAST	sp|P32497|EIF3C_YEAST		NIP1	Eukaryotic translation initiation factor 3 subunit C	0.00035489036	NIP1 — Eukaryotic translation initiation factor 3 subunit C	search FASTA description + reference GFF	32.815652686073456
PROT:sp|P32499|NUP2_YEAST	sp|P32499|NUP2_YEAST		NUP2	Nucleoporin NUP2	0.00035489036	NUP2 — Nucleoporin NUP2	search FASTA description + reference GFF	31.36587837919877
PROT:sp|P32500|NDC1_YEAST	sp|P32500|NDC1_YEAST		NDC1	Nucleoporin NDC1	0.00035489036	NDC1 — Nucleoporin NDC1	search FASTA description + reference GFF	27.159820641899348
PROT:sp|P32501|EI2BE_YEAST	sp|P32501|EI2BE_YEAST		GCD6	Translation initiation factor eIF2B subunit epsilon	0.00035489036	GCD6 — Translation initiation factor eIF2B subunit epsilon	search FASTA description + reference GFF	30.377206667649546
PROT:sp|P32502|EI2BB_YEAST	sp|P32502|EI2BB_YEAST		GCD7	Translation initiation factor eIF2B subunit beta	0.00035489036	GCD7 — Translation initiation factor eIF2B subunit beta	search FASTA description + reference GFF	28.332239552707662
PROT:sp|P32505|NAB2_YEAST	sp|P32505|NAB2_YEAST		NAB2	Nuclear polyadenylated RNA-binding protein NAB2	0.00035489036	NAB2 — Nuclear polyadenylated RNA-binding protein NAB2	search FASTA description + reference GFF	29.54246477552863
PROT:sp|P32521|PAN1_YEAST	sp|P32521|PAN1_YEAST		PAN1	Actin cytoskeleton-regulatory complex protein PAN1	0.00035489036	PAN1 — Actin cytoskeleton-regulatory complex protein PAN1	search FASTA description + reference GFF	28.953789083704685
PROT:sp|P32522|PT309_YEAST	sp|P32522|PT309_YEAST		PET309	Mitochondrial COX1 translation regulator PET309	0.00043840762	PET309 — Mitochondrial COX1 translation regulator PET309	search FASTA description + reference GFF	23.53112279866317
PROT:sp|P32523|PRP19_YEAST	sp|P32523|PRP19_YEAST		PRP19	Pre-mRNA-processing factor 19	0.00035489036	PRP19 — Pre-mRNA-processing factor 19	search FASTA description + reference GFF	29.834090629090174
PROT:sp|P32527|ZUO1_YEAST	sp|P32527|ZUO1_YEAST		ZUO1	Zuotin	0.00035489036	ZUO1 — Zuotin	search FASTA description + reference GFF	34.59154424883309
PROT:sp|P32528|DUR1_YEAST	sp|P32528|DUR1_YEAST		DUR1,2	Urea amidolyase	0.00035489036	DUR1,2 — Urea amidolyase	search FASTA description + reference GFF	22.27897206902444
PROT:sp|P32529|RPA12_YEAST	sp|P32529|RPA12_YEAST		RPA12	DNA-directed RNA polymerase I subunit RPA12	0.00035489036	RPA12 — DNA-directed RNA polymerase I subunit RPA12	search FASTA description + reference GFF	29.80578079984891
PROT:sp|P32558|SPT16_YEAST	sp|P32558|SPT16_YEAST		SPT16	FACT complex subunit SPT16	0.00035489036	SPT16 — FACT complex subunit SPT16	search FASTA description + reference GFF	32.60702721520575
PROT:sp|P32561|RPD3_YEAST	sp|P32561|RPD3_YEAST		RPD3	Histone deacetylase RPD3	0.00035489036	RPD3 — Histone deacetylase RPD3	search FASTA description + reference GFF	27.248846891352272
PROT:sp|P32563|VPP1_YEAST	sp|P32563|VPP1_YEAST		VPH1	V-type proton ATPase subunit a, vacuolar isoform	0.00035489036	VPH1 — V-type proton ATPase subunit a, vacuolar isoform	search FASTA description + reference GFF	31.24844387263681
PROT:sp|P32564|SCM4_YEAST	sp|P32564|SCM4_YEAST		SCM4	Protein SCM4	0.00036660978	SCM4 — Protein SCM4	search FASTA description + reference GFF	27.454457618378253
PROT:sp|P32565|RPN2_YEAST	sp|P32565|RPN2_YEAST		RPN2	26S proteasome regulatory subunit RPN2	0.00035489036	RPN2 — 26S proteasome regulatory subunit RPN2	search FASTA description + reference GFF	33.38601826311055
PROT:sp|P32566|SMI1_YEAST	sp|P32566|SMI1_YEAST		SMI1	Cell wall assembly regulator SMI1	0.00035489036	SMI1 — Cell wall assembly regulator SMI1	search FASTA description + reference GFF	30.73269442581155
PROT:sp|P32568|SNQ2_YEAST	sp|P32568|SNQ2_YEAST		SNQ2	Protein SNQ2	0.00035489036	SNQ2 — Protein SNQ2	search FASTA description + reference GFF	25.53913107645957
PROT:sp|P32570|MED22_YEAST	sp|P32570|MED22_YEAST		SRB6	Mediator of RNA polymerase II transcription subunit 22	0.00035489036	SRB6 — Mediator of RNA polymerase II transcription subunit 22	search FASTA description + reference GFF	27.547167746433168
PROT:sp|P32573|SPS19_YEAST	sp|P32573|SPS19_YEAST		SPS19	Peroxisomal 2,4-dienoyl-CoA reductase SPS19	0.00035489036	SPS19 — Peroxisomal 2,4-dienoyl-CoA reductase SPS19	search FASTA description + reference GFF	32.27231457773999
PROT:sp|P32579|SUA5_YEAST	sp|P32579|SUA5_YEAST		SUA5	Threonylcarbamoyl-AMP synthase	0.00035489036	SUA5 — Threonylcarbamoyl-AMP synthase	search FASTA description + reference GFF	26.943778107543867
PROT:sp|P32580|SUV3_YEAST	sp|P32580|SUV3_YEAST		SUV3	ATP-dependent RNA helicase SUV3, mitochondrial	0.00035489036	SUV3 — ATP-dependent RNA helicase SUV3, mitochondrial	search FASTA description + reference GFF	24.98434722399289
PROT:sp|P32582|CBS_YEAST	sp|P32582|CBS_YEAST		CYS4	Cystathionine beta-synthase	0.00035489036	CYS4 — Cystathionine beta-synthase	search FASTA description + reference GFF	35.39910413394688
PROT:sp|P32583|SRP40_YEAST	sp|P32583|SRP40_YEAST		SRP40	Suppressor protein SRP40	0.00035489036	SRP40 — Suppressor protein SRP40	search FASTA description + reference GFF	29.295160605720557
PROT:sp|P32588|PUB1_YEAST	sp|P32588|PUB1_YEAST		PUB1	Nuclear and cytoplasmic polyadenylated RNA-binding protein PUB1	0.00035489036	PUB1 — Nuclear and cytoplasmic polyadenylated RNA-binding protein PUB1	search FASTA description + reference GFF	31.623445069663887
PROT:sp|P32589|HSP7F_YEAST	sp|P32589|HSP7F_YEAST		SSE1	Heat shock protein homolog SSE1	0.00035489036	SSE1 — Heat shock protein homolog SSE1	search FASTA description + reference GFF	36.85498214712165
PROT:sp|P32590|HSP79_YEAST	sp|P32590|HSP79_YEAST		SSE2	Heat shock protein homolog SSE2	0.00035489036	SSE2 — Heat shock protein homolog SSE2	search FASTA description + reference GFF	35.199207991548974
PROT:sp|P32591|SWI3_YEAST	sp|P32591|SWI3_YEAST		SWI3	SWI/SNF complex subunit SWI3	0.00035489036	SWI3 — SWI/SNF complex subunit SWI3	search FASTA description + reference GFF	27.81569526937041
PROT:sp|P32597|STH1_YEAST	sp|P32597|STH1_YEAST		STH1	Nuclear protein STH1/NPS1	0.00035489036	STH1 — Nuclear protein STH1/NPS1	search FASTA description + reference GFF	27.448385092741464
PROT:sp|P32598|PP12_YEAST	sp|P32598|PP12_YEAST		GLC7	Serine/threonine-protein phosphatase PP1-2	0.00035489036	GLC7 — Serine/threonine-protein phosphatase PP1-2	search FASTA description + reference GFF	29.931060401547597
PROT:sp|P32599|FIMB_YEAST	sp|P32599|FIMB_YEAST		SAC6	Fimbrin	0.00035489036	SAC6 — Fimbrin	search FASTA description + reference GFF	34.097261491213985
PROT:sp|P32602|SEC17_YEAST	sp|P32602|SEC17_YEAST		SEC17	Alpha-soluble NSF attachment protein	0.00035489036	SEC17 — Alpha-soluble NSF attachment protein	search FASTA description + reference GFF	31.303376731755534
PROT:sp|P32604|F26_YEAST	sp|P32604|F26_YEAST		FBP26	Fructose-2,6-bisphosphatase	0.00035489036	FBP26 — Fructose-2,6-bisphosphatase	search FASTA description + reference GFF	30.03708262625117
PROT:sp|P32606|PT127_YEAST	sp|P32606|PT127_YEAST		PET127	Putative mitochondrial translation system component PET127	0.00035489036	PET127 — Putative mitochondrial translation system component PET127	search FASTA description + reference GFF	24.424494009054488
PROT:sp|P32607|RTG1_YEAST	sp|P32607|RTG1_YEAST		RTG1	Retrograde regulation protein 1	0.00035489036	RTG1 — Retrograde regulation protein 1	search FASTA description + reference GFF	26.498530396424663
PROT:sp|P32608|RTG2_YEAST	sp|P32608|RTG2_YEAST		RTG2	Retrograde regulation protein 2	0.00035489036	RTG2 — Retrograde regulation protein 2	search FASTA description + reference GFF	29.49202222747368
PROT:sp|P32609|PEP7_YEAST	sp|P32609|PEP7_YEAST		PEP7	Vacuolar segregation protein PEP7	0.00035489036	PEP7 — Vacuolar segregation protein PEP7	search FASTA description + reference GFF	24.415771358421424
PROT:sp|P32610|VATD_YEAST	sp|P32610|VATD_YEAST		VMA8	V-type proton ATPase subunit D	0.00035489036	VMA8 — V-type proton ATPase subunit D	search FASTA description + reference GFF	30.16782712391837
PROT:sp|P32611|RML2_YEAST	sp|P32611|RML2_YEAST		RML2	Large ribosomal subunit protein uL2m	0.00035489036	RML2 — Large ribosomal subunit protein uL2m	search FASTA description + reference GFF	26.570613773284457
PROT:sp|P32614|FRDS_YEAST	sp|P32614|FRDS_YEAST		FRD1	Fumarate reductase 1	0.00035489036	FRD1 — Fumarate reductase 1	search FASTA description + reference GFF	31.05179198976127
PROT:sp|P32621|GDA1_YEAST	sp|P32621|GDA1_YEAST		GDA1	Guanosine-diphosphatase	0.00035489036	GDA1 — Guanosine-diphosphatase	search FASTA description + reference GFF	27.81282255399202
PROT:sp|P32626|ENOPH_YEAST	sp|P32626|ENOPH_YEAST		UTR4	Enolase-phosphatase E1	0.00035489036	UTR4 — Enolase-phosphatase E1	search FASTA description + reference GFF	28.375947990870124
PROT:sp|P32628|RAD23_YEAST	sp|P32628|RAD23_YEAST		RAD23	UV excision repair protein RAD23	0.00035489036	RAD23 — UV excision repair protein RAD23	search FASTA description + reference GFF	30.319553877024852
PROT:sp|P32629|ANP1_YEAST	sp|P32629|ANP1_YEAST		ANP1	Mannan polymerase II complex ANP1 subunit	0.00035489036	ANP1 — Mannan polymerase II complex ANP1 subunit	search FASTA description + reference GFF	28.47458752202167
PROT:sp|P32642|GLRX4_YEAST	sp|P32642|GLRX4_YEAST		GRX4	Monothiol glutaredoxin-4	0.00035489036	GRX4 — Monothiol glutaredoxin-4	search FASTA description + reference GFF	28.656481694031797
PROT:sp|P32643|TMT1_YEAST	sp|P32643|TMT1_YEAST		TMT1	Trans-aconitate 3-methyltransferase	0.00035489036	TMT1 — Trans-aconitate 3-methyltransferase	search FASTA description + reference GFF	29.105417794437617
PROT:sp|P32644|ECM32_YEAST	sp|P32644|ECM32_YEAST		ECM32	Putative ATP-dependent RNA helicase ECM32	0.00035489036	ECM32 — Putative ATP-dependent RNA helicase ECM32	search FASTA description + reference GFF	23.35002288494848
PROT:sp|P32657|CHD1_YEAST	sp|P32657|CHD1_YEAST		CHD1	ATP-dependent chromatin remodeler CHD1	0.00035489036	CHD1 — ATP-dependent chromatin remodeler CHD1	search FASTA description + reference GFF	24.915243189784903
PROT:sp|P32660|ATC5_YEAST	sp|P32660|ATC5_YEAST		DNF1	Phospholipid-transporting ATPase DNF1	0.00035489036	DNF1 — Phospholipid-transporting ATPase DNF1	search FASTA description + reference GFF	25.073514444068632
PROT:sp|P32769|HBS1_YEAST	sp|P32769|HBS1_YEAST		HBS1	Elongation factor 1 alpha-like protein	0.00035489036	HBS1 — Elongation factor 1 alpha-like protein	search FASTA description + reference GFF	29.299340486165832
PROT:sp|P32771|FADH_YEAST	sp|P32771|FADH_YEAST		SFA1	S-(hydroxymethyl)glutathione dehydrogenase	0.00035489036	SFA1 — S-(hydroxymethyl)glutathione dehydrogenase	search FASTA description + reference GFF	33.36552574553712
PROT:sp|P32775|GLGB_YEAST	sp|P32775|GLGB_YEAST		GLC3	1,4-alpha-glucan-branching enzyme	0.00035489036	GLC3 — 1,4-alpha-glucan-branching enzyme	search FASTA description + reference GFF	33.23816161024553
PROT:sp|P32783|MCES_YEAST	sp|P32783|MCES_YEAST		ABD1	mRNA cap guanine-N(7) methyltransferase	0.0045366436	ABD1 — mRNA cap guanine-N(7) methyltransferase	search FASTA description + reference GFF	26.789744693194788
PROT:sp|P32787|MG101_YEAST	sp|P32787|MG101_YEAST		MGM101	Mitochondrial genome maintenance protein MGM101	0.00035489036	MGM101 — Mitochondrial genome maintenance protein MGM101	search FASTA description + reference GFF	32.08814339628522
PROT:sp|P32790|SLA1_YEAST	sp|P32790|SLA1_YEAST		SLA1	Actin cytoskeleton-regulatory complex protein SLA1	0.00035489036	SLA1 — Actin cytoskeleton-regulatory complex protein SLA1	search FASTA description + reference GFF	30.236176308200942
PROT:sp|P32793|YSC84_YEAST	sp|P32793|YSC84_YEAST		YSC84	Protein YSC84	0.00035489036	YSC84 — Protein YSC84	search FASTA description + reference GFF	28.82183979175993
PROT:sp|P32795|YME1_YEAST	sp|P32795|YME1_YEAST		YME1	Mitochondrial inner membrane i-AAA protease supercomplex subunit YME1	0.00035489036	YME1 — Mitochondrial inner membrane i-AAA protease supercomplex subunit YME1	search FASTA description + reference GFF	27.50255560086888
PROT:sp|P32796|CACP_YEAST	sp|P32796|CACP_YEAST		CAT2	Carnitine O-acetyltransferase, mitochondrial	0.00035489036	CAT2 — Carnitine O-acetyltransferase, mitochondrial	search FASTA description + reference GFF	33.54342314459929
PROT:sp|P32799|COX13_YEAST	sp|P32799|COX13_YEAST		COX13	Cytochrome c oxidase subunit 13, mitochondrial	0.00035489036	COX13 — Cytochrome c oxidase subunit 13, mitochondrial	search FASTA description + reference GFF	33.921950811405985
PROT:sp|P32802|TMN1_YEAST	sp|P32802|TMN1_YEAST		EMP70	Transmembrane 9 superfamily member 1	0.00035489036	EMP70 — Transmembrane 9 superfamily member 1	search FASTA description + reference GFF	27.64666416742813
PROT:sp|P32803|EMP24_YEAST	sp|P32803|EMP24_YEAST		EMP24	Endosomal protein P24B	0.00035489036	EMP24 — Endosomal protein P24B	search FASTA description + reference GFF	28.493680405941305
PROT:sp|P32829|MRE11_YEAST	sp|P32829|MRE11_YEAST		MRE11	Double-strand break repair protein MRE11	0.00071333296	MRE11 — Double-strand break repair protein MRE11	search FASTA description + reference GFF	25.51494982946001
PROT:sp|P32831|NGR1_YEAST	sp|P32831|NGR1_YEAST		NGR1	Negative growth regulatory protein NGR1	0.00035489036	NGR1 — Negative growth regulatory protein NGR1	search FASTA description + reference GFF	28.18701736533911
PROT:sp|P32832|RSC7_YEAST	sp|P32832|RSC7_YEAST		NPL6	Chromatin structure-remodeling complex subunit RSC7	0.00035489036	NPL6 — Chromatin structure-remodeling complex subunit RSC7	search FASTA description + reference GFF	28.0459690684119
PROT:sp|P32839|BCS1_YEAST	sp|P32839|BCS1_YEAST		BCS1	Mitochondrial chaperone BCS1	0.00035489036	BCS1 — Mitochondrial chaperone BCS1	search FASTA description + reference GFF	28.04000745284216
PROT:sp|P32842|VATL2_YEAST	sp|P32842|VATL2_YEAST		VMA11	V-type proton ATPase subunit c'	0.00035489036	VMA11 — V-type proton ATPase subunit c'	search FASTA description + reference GFF	29.121850557065823
PROT:sp|P32843|YME2_YEAST	sp|P32843|YME2_YEAST		YME2	Mitochondrial escape protein 2	0.00035489036	YME2 — Mitochondrial escape protein 2	search FASTA description + reference GFF	30.60298605775177
PROT:sp|P32844|SEC6_YEAST	sp|P32844|SEC6_YEAST		SEC6	Exocyst complex component SEC6	0.00035489036	SEC6 — Exocyst complex component SEC6	search FASTA description + reference GFF	26.264949907389152
PROT:sp|P32854|PEP12_YEAST	sp|P32854|PEP12_YEAST		PEP12	Syntaxin PEP12	0.00035489036	PEP12 — Syntaxin PEP12	search FASTA description + reference GFF	23.296234764541143
PROT:sp|P32857|PTM1_YEAST	sp|P32857|PTM1_YEAST		PTM1	Membrane protein PTM1	0.00035489036	PTM1 — Membrane protein PTM1	search FASTA description + reference GFF	27.47571882475473
PROT:sp|P32860|NFU1_YEAST	sp|P32860|NFU1_YEAST		NFU1	NifU-like protein, mitochondrial	0.00035489036	NFU1 — NifU-like protein, mitochondrial	search FASTA description + reference GFF	31.9510397595652
PROT:sp|P32861|UGPA1_YEAST	sp|P32861|UGPA1_YEAST		UGP1	UTP--glucose-1-phosphate uridylyltransferase	0.00035489036	UGP1 — UTP--glucose-1-phosphate uridylyltransferase	search FASTA description + reference GFF	33.92698525056192
PROT:sp|P32864|RAEP_YEAST	sp|P32864|RAEP_YEAST		MRS6	Rab proteins geranylgeranyltransferase component A	0.00035489036	MRS6 — Rab proteins geranylgeranyltransferase component A	search FASTA description + reference GFF	27.001852758377417
PROT:sp|P32867|SSO1_YEAST	sp|P32867|SSO1_YEAST		SSO1	Protein SSO1	0.00035489036	SSO1 — Protein SSO1	search FASTA description + reference GFF	29.65233059569962
PROT:sp|P32875|LIPA_YEAST	sp|P32875|LIPA_YEAST		LIP5	Lipoyl synthase, mitochondrial	0.00035489036	LIP5 — Lipoyl synthase, mitochondrial	search FASTA description + reference GFF	26.956642625036825
PROT:sp|P32891|DLD1_YEAST	sp|P32891|DLD1_YEAST		DLD1	D-lactate dehydrogenase [cytochrome] 1, mitochondrial	0.00035489036	DLD1 — D-lactate dehydrogenase [cytochrome] 1, mitochondrial	search FASTA description + reference GFF	35.32445580969559
PROT:sp|P32892|DRS1_YEAST	sp|P32892|DRS1_YEAST		DRS1	ATP-dependent RNA helicase DRS1	0.00035489036	DRS1 — ATP-dependent RNA helicase DRS1	search FASTA description + reference GFF	28.328580035185983
PROT:sp|P32895|KPR1_YEAST	sp|P32895|KPR1_YEAST		PRS1	Ribose-phosphate pyrophosphokinase 1	0.00035489036	PRS1 — Ribose-phosphate pyrophosphokinase 1	search FASTA description + reference GFF	30.80916777497671
PROT:sp|P32897|TIM23_YEAST	sp|P32897|TIM23_YEAST		TIM23	Mitochondrial import inner membrane translocase subunit TIM23	0.00035489036	TIM23 — Mitochondrial import inner membrane translocase subunit TIM23	search FASTA description + reference GFF	31.390476370033564
PROT:sp|P32898|PREP_YEAST	sp|P32898|PREP_YEAST		CYM1	Presequence protease, mitochondrial	0.00035489036	CYM1 — Presequence protease, mitochondrial	search FASTA description + reference GFF	30.23910761918522
PROT:sp|P32899|IMP3_YEAST	sp|P32899|IMP3_YEAST		IMP3	U3 small nucleolar ribonucleoprotein protein IMP3	0.00035489036	IMP3 — U3 small nucleolar ribonucleoprotein protein IMP3	search FASTA description + reference GFF	28.6519936115216
PROT:sp|P32902|RT04_YEAST	sp|P32902|RT04_YEAST		MRP4	Small ribosomal subunit protein uS2m	0.00035489036	MRP4 — Small ribosomal subunit protein uS2m	search FASTA description + reference GFF	29.390216881772243
PROT:sp|P32904|RM06_YEAST	sp|P32904|RM06_YEAST		MRPL6	Large ribosomal subunit protein uL6m	0.00035489036	MRPL6 — Large ribosomal subunit protein uL6m	search FASTA description + reference GFF	32.966762251539706
PROT:sp|P32905|RSSA1_YEAST	sp|P32905|RSSA1_YEAST		RPS0A	Small ribosomal subunit protein uS2A	0.00035489036	RPS0A — Small ribosomal subunit protein uS2A	search FASTA description + reference GFF	31.85569728446164
PROT:sp|P32906|MNS1_YEAST	sp|P32906|MNS1_YEAST		MNS1	Endoplasmic reticulum mannosyl-oligosaccharide 1,2-alpha-mannosidase	0.00035489036	MNS1 — Endoplasmic reticulum mannosyl-oligosaccharide 1,2-alpha-mannosidase	search FASTA description + reference GFF	25.653632884631197
PROT:sp|P32907|ATO2_YEAST	sp|P32907|ATO2_YEAST		ATO2	Ammonia transport outward protein 2	0.00035489036	ATO2 — Ammonia transport outward protein 2	search FASTA description + reference GFF	32.18892485605581
PROT:sp|P32908|SMC1_YEAST	sp|P32908|SMC1_YEAST		SMC1	Structural maintenance of chromosomes protein 1	0.00035489036	SMC1 — Structural maintenance of chromosomes protein 1	search FASTA description + reference GFF	25.82560849928217
PROT:sp|P32909|SMY2_YEAST	sp|P32909|SMY2_YEAST		SMY2	Protein SMY2	0.00035489036	SMY2 — Protein SMY2	search FASTA description + reference GFF	26.423074047788223
PROT:sp|P32911|SUI1_YEAST	sp|P32911|SUI1_YEAST		SUI1	Eukaryotic translation initiation factor eIF-1	0.00035489036	SUI1 — Eukaryotic translation initiation factor eIF-1	search FASTA description + reference GFF	31.42263925288728
PROT:sp|P32913|VPS17_YEAST	sp|P32913|VPS17_YEAST		VPS17	Vacuolar protein sorting-associated protein 17	0.00035489036	VPS17 — Vacuolar protein sorting-associated protein 17	search FASTA description + reference GFF	28.20833380846907
PROT:sp|P32914|SPT4_YEAST	sp|P32914|SPT4_YEAST		SPT4	Transcription elongation factor SPT4	0.00035489036	SPT4 — Transcription elongation factor SPT4	search FASTA description + reference GFF	29.47872043622048
PROT:sp|P32915|SC61A_YEAST	sp|P32915|SC61A_YEAST		SEC61	Protein transport protein SEC61	0.00035489036	SEC61 — Protein transport protein SEC61	search FASTA description + reference GFF	29.36556047066995
PROT:sp|P32916|SRPR_YEAST	sp|P32916|SRPR_YEAST		SRP101	Signal recognition particle receptor subunit alpha homolog	0.00035489036	SRP101 — Signal recognition particle receptor subunit alpha homolog	search FASTA description + reference GFF	30.28213564109581
PROT:sp|P32939|YPT7_YEAST	sp|P32939|YPT7_YEAST		YPT7	Ypt/Rab-type GTPase YPT7	0.00035489036	YPT7 — Ypt/Rab-type GTPase YPT7	search FASTA description + reference GFF	30.551034395618817
PROT:sp|P33201|MRT4_YEAST	sp|P33201|MRT4_YEAST		MRT4	Ribosome assembly factor MRT4	0.00035489036	MRT4 — Ribosome assembly factor MRT4	search FASTA description + reference GFF	31.940352309406467
PROT:sp|P33202|UFD4_YEAST	sp|P33202|UFD4_YEAST		UFD4	Ubiquitin fusion degradation protein 4	0.00035489036	UFD4 — Ubiquitin fusion degradation protein 4	search FASTA description + reference GFF	26.699835453168472
PROT:sp|P33203|PRP40_YEAST	sp|P33203|PRP40_YEAST		PRP40	Pre-mRNA-processing protein PRP40	0.00080622215	PRP40 — Pre-mRNA-processing protein PRP40	search FASTA description + reference GFF	26.288674417589384
PROT:sp|P33204|ARPC4_YEAST	sp|P33204|ARPC4_YEAST		ARC19	Actin-related protein 2/3 complex subunit 4	0.00035489036	ARC19 — Actin-related protein 2/3 complex subunit 4	search FASTA description + reference GFF	29.505457394232835
PROT:sp|P33297|PRS6A_YEAST	sp|P33297|PRS6A_YEAST		RPT5	26S proteasome regulatory subunit 6A	0.00035489036	RPT5 — 26S proteasome regulatory subunit 6A	search FASTA description + reference GFF	34.26170479973299
PROT:sp|P33298|PRS6B_YEAST	sp|P33298|PRS6B_YEAST		RPT3	26S proteasome regulatory subunit 6B homolog	0.00035489036	RPT3 — 26S proteasome regulatory subunit 6B homolog	search FASTA description + reference GFF	32.64155773631576
PROT:sp|P33299|PRS7_YEAST	sp|P33299|PRS7_YEAST		RPT1	26S proteasome regulatory subunit 7 homolog	0.00035489036	RPT1 — 26S proteasome regulatory subunit 7 homolog	search FASTA description + reference GFF	32.82173725049539
PROT:sp|P33302|PDR5_YEAST	sp|P33302|PDR5_YEAST		PDR5	Pleiotropic ABC efflux transporter of multiple drugs	0.00035489036	PDR5 — Pleiotropic ABC efflux transporter of multiple drugs	search FASTA description + reference GFF	25.96264313388814
PROT:sp|P33303|SFC1_YEAST	sp|P33303|SFC1_YEAST		SFC1	Succinate/fumarate mitochondrial transporter	0.00035489036	SFC1 — Succinate/fumarate mitochondrial transporter	search FASTA description + reference GFF	34.53206272128088
PROT:sp|P33307|CSE1_YEAST	sp|P33307|CSE1_YEAST		CSE1	Importin alpha re-exporter	0.00035489036	CSE1 — Importin alpha re-exporter	search FASTA description + reference GFF	29.02012273191719
PROT:sp|P33309|DOM34_YEAST	sp|P33309|DOM34_YEAST		DOM34	Protein DOM34	0.00035489036	DOM34 — Protein DOM34	search FASTA description + reference GFF	28.43812157889096
PROT:sp|P33311|MDL2_YEAST	sp|P33311|MDL2_YEAST		MDL2	ATP-dependent permease MDL2, mitochondrial	0.00035489036	MDL2 — ATP-dependent permease MDL2, mitochondrial	search FASTA description + reference GFF	28.377639246205163
PROT:sp|P33313|CNS1_YEAST	sp|P33313|CNS1_YEAST		CNS1	Hsp70/Hsp90 co-chaperone CNS1	0.00035489036	CNS1 — Hsp70/Hsp90 co-chaperone CNS1	search FASTA description + reference GFF	29.1993740524693
PROT:sp|P33314|BUD2_YEAST	sp|P33314|BUD2_YEAST		BUD2	Inhibitory regulator protein BUD2/CLA2	0.0058880397	BUD2 — Inhibitory regulator protein BUD2/CLA2	search FASTA description + reference GFF	27.607133207753964
PROT:sp|P33315|TKT2_YEAST	sp|P33315|TKT2_YEAST		TKL2	Transketolase 2	0.00035489036	TKL2 — Transketolase 2	search FASTA description + reference GFF	34.791352857860545
PROT:sp|P33317|DUT_YEAST	sp|P33317|DUT_YEAST		DUT1	Deoxyuridine 5'-triphosphate nucleotidohydrolase	0.00035489036	DUT1 — Deoxyuridine 5'-triphosphate nucleotidohydrolase	search FASTA description + reference GFF	32.52843329073499
PROT:sp|P33322|CBF5_YEAST	sp|P33322|CBF5_YEAST		CBF5	H/ACA ribonucleoprotein complex subunit CBF5	0.00035489036	CBF5 — H/ACA ribonucleoprotein complex subunit CBF5	search FASTA description + reference GFF	33.4888640094458
PROT:sp|P33324|YKJ1_YEAST	sp|P33324|YKJ1_YEAST		YKL091C	CRAL-TRIO domain-containing protein YKL091C	0.00035489036	YKL091C — CRAL-TRIO domain-containing protein YKL091C	search FASTA description + reference GFF	29.584681631370284
PROT:sp|P33327|DHE2_YEAST	sp|P33327|DHE2_YEAST		GDH2	NAD-specific glutamate dehydrogenase	0.00035489036	GDH2 — NAD-specific glutamate dehydrogenase	search FASTA description + reference GFF	33.729765605334336
PROT:sp|P33329|PPZ2_YEAST	sp|P33329|PPZ2_YEAST		PPZ2	Serine/threonine-protein phosphatase PP-Z2	0.00035489036	PPZ2 — Serine/threonine-protein phosphatase PP-Z2	search FASTA description + reference GFF	26.121838972979518
PROT:sp|P33330|SERC_YEAST	sp|P33330|SERC_YEAST		SER1	Phosphoserine aminotransferase	0.00035489036	SER1 — Phosphoserine aminotransferase	search FASTA description + reference GFF	34.68972294216714
PROT:sp|P33331|NTF2_YEAST	sp|P33331|NTF2_YEAST		NTF2	Nuclear transport factor 2	0.00035489036	NTF2 — Nuclear transport factor 2	search FASTA description + reference GFF	33.244553461671366
PROT:sp|P33333|PLSC_YEAST	sp|P33333|PLSC_YEAST		SLC1	1-acyl-sn-glycerol-3-phosphate acyltransferase	0.00035489036	SLC1 — 1-acyl-sn-glycerol-3-phosphate acyltransferase	search FASTA description + reference GFF	29.431170609752336
PROT:sp|P33338|SLA2_YEAST	sp|P33338|SLA2_YEAST		SLA2	Protein SLA2	0.00035489036	SLA2 — Protein SLA2	search FASTA description + reference GFF	31.61632777975449
PROT:sp|P33399|LHP1_YEAST	sp|P33399|LHP1_YEAST		LHP1	La protein homolog	0.00035489036	LHP1 — La protein homolog	search FASTA description + reference GFF	29.532386896114268
PROT:sp|P33401|PGM1_YEAST	sp|P33401|PGM1_YEAST		PGM1	Phosphoglucomutase 1	0.00035489036	PGM1 — Phosphoglucomutase 1	search FASTA description + reference GFF	28.643633071692253
PROT:sp|P33416|HSP78_YEAST	sp|P33416|HSP78_YEAST		HSP78	Heat shock protein 78, mitochondrial	0.00035489036	HSP78 — Heat shock protein 78, mitochondrial	search FASTA description + reference GFF	36.235450904316544
PROT:sp|P33421|SDH3_YEAST	sp|P33421|SDH3_YEAST		SDH3	Succinate dehydrogenase [ubiquinone] cytochrome b subunit, mitochondrial	0.00035489036	SDH3 — Succinate dehydrogenase [ubiquinone] cytochrome b subunit, mitochondrial	search FASTA description + reference GFF	30.378337232111363
PROT:sp|P33442|RS3A1_YEAST	sp|P33442|RS3A1_YEAST		RPS1A	Small ribosomal subunit protein eS1A	0.00035489036	RPS1A — Small ribosomal subunit protein eS1A	search FASTA description + reference GFF	35.24692871201322
PROT:sp|P33448|TOM6_YEAST	sp|P33448|TOM6_YEAST		TOM6	Mitochondrial import receptor subunit TOM6	0.00035489036	TOM6 — Mitochondrial import receptor subunit TOM6	search FASTA description + reference GFF	27.98546793782208
PROT:sp|P33734|HIS5_YEAST	sp|P33734|HIS5_YEAST		HIS7	Imidazole glycerol phosphate synthase hisHF	0.00035489036	HIS7 — Imidazole glycerol phosphate synthase hisHF	search FASTA description + reference GFF	33.474044221225924
PROT:sp|P33750|DCA13_YEAST	sp|P33750|DCA13_YEAST		SOF1	Protein SOF1	0.00035489036	SOF1 — Protein SOF1	search FASTA description + reference GFF	26.27044208621443
PROT:sp|P33753|TRM2_YEAST	sp|P33753|TRM2_YEAST		TRM2	tRNA (uracil(54)-C(5))-methyltransferase	0.00035489036	TRM2 — tRNA (uracil(54)-C(5))-methyltransferase	search FASTA description + reference GFF	28.248203994331707
PROT:sp|P33754|SEC66_YEAST	sp|P33754|SEC66_YEAST		SEC66	Translocation protein SEC66	0.0013283658	SEC66 — Translocation protein SEC66	search FASTA description + reference GFF	27.239972993112744
PROT:sp|P33755|NPL4_YEAST	sp|P33755|NPL4_YEAST		NPL4	Nuclear protein localization protein 4	0.00035489036	NPL4 — Nuclear protein localization protein 4	search FASTA description + reference GFF	29.395838650711667
PROT:sp|P33759|RT05_YEAST	sp|P33759|RT05_YEAST		MRPS5	Small ribosomal subunit protein uS5m	0.00035489036	MRPS5 — Small ribosomal subunit protein uS5m	search FASTA description + reference GFF	29.22452343848297
PROT:sp|P33760|PEX6_YEAST	sp|P33760|PEX6_YEAST		PEX6	Peroxisomal ATPase PEX6	0.00035489036	PEX6 — Peroxisomal ATPase PEX6	search FASTA description + reference GFF	23.160425053244925
PROT:sp|P33767|OSTB_YEAST	sp|P33767|OSTB_YEAST		WBP1	Dolichyl-diphosphooligosaccharide--protein glycosyltransferase subunit WBP1	0.00035489036	WBP1 — Dolichyl-diphosphooligosaccharide--protein glycosyltransferase subunit WBP1	search FASTA description + reference GFF	30.35783426662068
PROT:sp|P33775|PMT1_YEAST	sp|P33775|PMT1_YEAST		PMT1	Dolichyl-phosphate-mannose--protein mannosyltransferase 1	0.00035489036	PMT1 — Dolichyl-phosphate-mannose--protein mannosyltransferase 1	search FASTA description + reference GFF	30.67855553766566
PROT:sp|P33892|GCN1_YEAST	sp|P33892|GCN1_YEAST		GCN1	eIF-2-alpha kinase activator GCN1	0.00035489036	GCN1 — eIF-2-alpha kinase activator GCN1	search FASTA description + reference GFF	31.2369618942035
PROT:sp|P34077|NIC96_YEAST	sp|P34077|NIC96_YEAST		NIC96	Nucleoporin NIC96	0.00035489036	NIC96 — Nucleoporin NIC96	search FASTA description + reference GFF	28.921571064902214
PROT:sp|P34087|RPB7_YEAST	sp|P34087|RPB7_YEAST		RPB7	DNA-directed RNA polymerase II subunit RPB7	0.00035489036	RPB7 — DNA-directed RNA polymerase II subunit RPB7	search FASTA description + reference GFF	27.52390833433998
PROT:sp|P34110|VPS35_YEAST	sp|P34110|VPS35_YEAST		VPS35	Vacuolar protein sorting-associated protein 35	0.00035489036	VPS35 — Vacuolar protein sorting-associated protein 35	search FASTA description + reference GFF	28.742642680902016
PROT:sp|P34111|TFC3_YEAST	sp|P34111|TFC3_YEAST		TFC3	Transcription factor tau 138 kDa subunit	0.00035489036	TFC3 — Transcription factor tau 138 kDa subunit	search FASTA description + reference GFF	26.4047611708568
PROT:sp|P34160|NCBP1_YEAST	sp|P34160|NCBP1_YEAST		STO1	Nuclear cap-binding protein complex subunit 1	0.00035489036	STO1 — Nuclear cap-binding protein complex subunit 1	search FASTA description + reference GFF	28.66143871593268
PROT:sp|P34163|TGL1_YEAST	sp|P34163|TGL1_YEAST		TGL1	Sterol esterase TGL1	0.00035489036	TGL1 — Sterol esterase TGL1	search FASTA description + reference GFF	27.063538947150384
PROT:sp|P34167|IF4B_YEAST	sp|P34167|IF4B_YEAST		TIF3	Eukaryotic translation initiation factor 4B	0.00035489036	TIF3 — Eukaryotic translation initiation factor 4B	search FASTA description + reference GFF	33.59671516232429
PROT:sp|P34216|EDE1_YEAST	sp|P34216|EDE1_YEAST		EDE1	EH domain-containing and endocytosis protein 1	0.00035489036	EDE1 — EH domain-containing and endocytosis protein 1	search FASTA description + reference GFF	32.720394117981044
PROT:sp|P34220|YBF5_YEAST	sp|P34220|YBF5_YEAST		YBL055C	Deoxyribonuclease Tat-D	0.00035489036	YBL055C — Deoxyribonuclease Tat-D	search FASTA description + reference GFF	26.317030729497592
PROT:sp|P34221|PP2C3_YEAST	sp|P34221|PP2C3_YEAST		PTC3	Protein phosphatase 2C homolog 3	0.00035489036	PTC3 — Protein phosphatase 2C homolog 3	search FASTA description + reference GFF	29.7442732050274
PROT:sp|P34223|UBX1_YEAST	sp|P34223|UBX1_YEAST		SHP1	UBX domain-containing protein 1	0.00035489036	SHP1 — UBX domain-containing protein 1	search FASTA description + reference GFF	31.46365086463823
PROT:sp|P34227|PRX1_YEAST	sp|P34227|PRX1_YEAST		PRX1	Peroxiredoxin PRX1, mitochondrial	0.00035489036	PRX1 — Peroxiredoxin PRX1, mitochondrial	search FASTA description + reference GFF	34.089822738420374
PROT:sp|P34230|PXA2_YEAST	sp|P34230|PXA2_YEAST		PXA2	Peroxisomal long-chain fatty acid import protein 1	0.00035489036	PXA2 — Peroxisomal long-chain fatty acid import protein 1	search FASTA description + reference GFF	26.168215425668244
PROT:sp|P34237|CASP_YEAST	sp|P34237|CASP_YEAST		COY1	Protein CASP	0.00035489036	COY1 — Protein CASP	search FASTA description + reference GFF	32.68230024175244
PROT:sp|P34240|ZRT3_YEAST	sp|P34240|ZRT3_YEAST		ZRT3	Zinc-regulated transporter 3	0.0013536153	ZRT3 — Zinc-regulated transporter 3	search FASTA description + reference GFF	25.886023454816574
PROT:sp|P34241|URB1_YEAST	sp|P34241|URB1_YEAST		URB1	Nucleolar pre-ribosomal-associated protein 1	0.00035489036	URB1 — Nucleolar pre-ribosomal-associated protein 1	search FASTA description + reference GFF	28.2033647920561
PROT:sp|P34243|HCS1_YEAST	sp|P34243|HCS1_YEAST		HCS1	DNA polymerase alpha-associated DNA helicase A	0.00035489915	HCS1 — DNA polymerase alpha-associated DNA helicase A	search FASTA description + reference GFF	26.112540479413845
PROT:sp|P34247|UTP11_YEAST	sp|P34247|UTP11_YEAST		UTP11	U3 small nucleolar RNA-associated protein 11	0.00035489036	UTP11 — U3 small nucleolar RNA-associated protein 11	search FASTA description + reference GFF	25.828585473169547
PROT:sp|P34251|YKK7_YEAST	sp|P34251|YKK7_YEAST		YKL107W	Uncharacterized oxidoreductase YKL107W	0.00035489036	YKL107W — Uncharacterized oxidoreductase YKL107W	search FASTA description + reference GFF	29.629591931110443
PROT:sp|P34253|KTI12_YEAST	sp|P34253|KTI12_YEAST		KTI12	Protein KTI12	0.00035489036	KTI12 — Protein KTI12	search FASTA description + reference GFF	27.95209564918361
PROT:sp|P34730|BMH2_YEAST	sp|P34730|BMH2_YEAST		BMH2	Protein BMH2	0.00035489036	BMH2 — Protein BMH2	search FASTA description + reference GFF	34.74708119159301
PROT:sp|P34760|TSA1_YEAST	sp|P34760|TSA1_YEAST		TSA1	Peroxiredoxin TSA1	0.00035489036	TSA1 — Peroxiredoxin TSA1	search FASTA description + reference GFF	34.63011460868671
PROT:sp|P34761|WHI3_YEAST	sp|P34761|WHI3_YEAST		WHI3	Protein WHI3	0.00035489036	WHI3 — Protein WHI3	search FASTA description + reference GFF	27.16929917174964
PROT:sp|P34909|NOT4_YEAST	sp|P34909|NOT4_YEAST		MOT2	General negative regulator of transcription subunit 4	0.00038662003	MOT2 — General negative regulator of transcription subunit 4	search FASTA description + reference GFF	28.06214325012253
PROT:sp|P35127|UBL1_YEAST	sp|P35127|UBL1_YEAST		YUH1	Ubiquitin carboxyl-terminal hydrolase YUH1	0.00035489036	YUH1 — Ubiquitin carboxyl-terminal hydrolase YUH1	search FASTA description + reference GFF	28.27454848677765
PROT:sp|P35172|TREB_YEAST	sp|P35172|TREB_YEAST		NTH2	Probable trehalase	0.00035489036	NTH2 — Probable trehalase	search FASTA description + reference GFF	26.0610933462729
PROT:sp|P35176|CYPD_YEAST	sp|P35176|CYPD_YEAST		CPR5	Peptidyl-prolyl cis-trans isomerase D	0.00035489036	CPR5 — Peptidyl-prolyl cis-trans isomerase D	search FASTA description + reference GFF	31.30861970409895
PROT:sp|P35178|RRP1_YEAST	sp|P35178|RRP1_YEAST		RRP1	Ribosomal RNA-processing protein 1	0.00035489036	RRP1 — Ribosomal RNA-processing protein 1	search FASTA description + reference GFF	28.640457514909787
PROT:sp|P35179|SC61G_YEAST	sp|P35179|SC61G_YEAST		SSS1	Protein transport protein SSS1	0.00035489036	SSS1 — Protein transport protein SSS1	search FASTA description + reference GFF	32.9381332287228
PROT:sp|P35180|TOM20_YEAST	sp|P35180|TOM20_YEAST		TOM20	Mitochondrial import receptor subunit TOM20	0.00035489036	TOM20 — Mitochondrial import receptor subunit TOM20	search FASTA description + reference GFF	27.690848240660337
PROT:sp|P35182|PP2C1_YEAST	sp|P35182|PP2C1_YEAST		PTC1	Protein phosphatase 2C homolog 1	0.00035489036	PTC1 — Protein phosphatase 2C homolog 1	search FASTA description + reference GFF	28.44479093827998
PROT:sp|P35184|SQT1_YEAST	sp|P35184|SQT1_YEAST		SQT1	Ribosome assembly protein SQT1	0.00035489036	SQT1 — Ribosome assembly protein SQT1	search FASTA description + reference GFF	29.567956686094185
PROT:sp|P35189|TAF14_YEAST	sp|P35189|TAF14_YEAST		TAF14	Transcription initiation factor TFIID subunit 14	0.00035489036	TAF14 — Transcription initiation factor TFIID subunit 14	search FASTA description + reference GFF	29.641491074979104
PROT:sp|P35191|MDJ1_YEAST	sp|P35191|MDJ1_YEAST		MDJ1	DnaJ homolog 1, mitochondrial	0.00035489036	MDJ1 — DnaJ homolog 1, mitochondrial	search FASTA description + reference GFF	32.08236112337259
PROT:sp|P35194|UTP20_YEAST	sp|P35194|UTP20_YEAST		UTP20	U3 small nucleolar RNA-associated protein 20	0.00035489036	UTP20 — U3 small nucleolar RNA-associated protein 20	search FASTA description + reference GFF	24.89858652357959
PROT:sp|P35195|ECM15_YEAST	sp|P35195|ECM15_YEAST		ECM15	UPF0045 thiamine-binding protein family member ECM15	0.00035489036	ECM15 — UPF0045 thiamine-binding protein family member ECM15	search FASTA description + reference GFF	29.082473106821848
PROT:sp|P35197|GCS1_YEAST	sp|P35197|GCS1_YEAST		GCS1	ADP-ribosylation factor GTPase-activating protein GCS1	0.00035489036	GCS1 — ADP-ribosylation factor GTPase-activating protein GCS1	search FASTA description + reference GFF	31.76389942576093
PROT:sp|P35202|THI80_YEAST	sp|P35202|THI80_YEAST		THI80	Thiamine pyrophosphokinase	0.00035489036	THI80 — Thiamine pyrophosphokinase	search FASTA description + reference GFF	28.06511912237108
PROT:sp|P35207|SKI2_YEAST	sp|P35207|SKI2_YEAST		SKI2	Antiviral helicase SKI2	0.00035489036	SKI2 — Antiviral helicase SKI2	search FASTA description + reference GFF	27.35595954709096
PROT:sp|P35691|TCTP_YEAST	sp|P35691|TCTP_YEAST		TMA19	Translationally-controlled tumor protein homolog	0.00035489036	TMA19 — Translationally-controlled tumor protein homolog	search FASTA description + reference GFF	36.17557410573803
PROT:sp|P35719|MRP8_YEAST	sp|P35719|MRP8_YEAST		MRP8	Uncharacterized protein MRP8	0.00035489036	MRP8 — Uncharacterized protein MRP8	search FASTA description + reference GFF	33.812333433062335
PROT:sp|P35723|YET1_YEAST	sp|P35723|YET1_YEAST		YET1	Endoplasmic reticulum transmembrane protein 1	0.00035489036	YET1 — Endoplasmic reticulum transmembrane protein 1	search FASTA description + reference GFF	30.771271771523317
PROT:sp|P35725|YKG3_YEAST	sp|P35725|YKG3_YEAST		YKL063C	Uncharacterized protein YKL063C	0.00035489036	YKL063C — Uncharacterized protein YKL063C	search FASTA description + reference GFF	29.1215807183032
PROT:sp|P35729|NU120_YEAST	sp|P35729|NU120_YEAST		NUP120	Nucleoporin NUP120	0.00035489036	NUP120 — Nucleoporin NUP120	search FASTA description + reference GFF	28.57636374334645
PROT:sp|P35732|DEF1_YEAST	sp|P35732|DEF1_YEAST		DEF1	RNA polymerase II degradation factor 1	0.00035489036	DEF1 — RNA polymerase II degradation factor 1	search FASTA description + reference GFF	33.1547615540014
PROT:sp|P35734|ASK1_YEAST	sp|P35734|ASK1_YEAST		ASK1	DASH complex subunit ASK1	0.002397393	ASK1 — DASH complex subunit ASK1	search FASTA description + reference GFF	24.96276800287526
PROT:sp|P35736|YKF0_YEAST	sp|P35736|YKF0_YEAST		YKL050C	Uncharacterized protein YKL050C	0.00035489036	YKL050C — Uncharacterized protein YKL050C	search FASTA description + reference GFF	28.49892889703902
PROT:sp|P35817|BDF1_YEAST	sp|P35817|BDF1_YEAST		BDF1	Bromodomain-containing factor 1	0.00035489036	BDF1 — Bromodomain-containing factor 1	search FASTA description + reference GFF	28.57948482287684
PROT:sp|P35844|KES1_YEAST	sp|P35844|KES1_YEAST		KES1	Oxysterol-binding protein homolog 4	0.00035489036	KES1 — Oxysterol-binding protein homolog 4	search FASTA description + reference GFF	33.34742077715393
PROT:sp|P35845|OSH1_YEAST	sp|P35845|OSH1_YEAST		SWH1	Oxysterol-binding protein homolog 1	0.00035489036	SWH1 — Oxysterol-binding protein homolog 1	search FASTA description + reference GFF	29.645480800641906
PROT:sp|P35996|RM38_YEAST	sp|P35996|RM38_YEAST		MRPL38	Large ribosomal subunit protein uL14m	0.00035489036	MRPL38 — Large ribosomal subunit protein uL14m	search FASTA description + reference GFF	29.152807744784315
PROT:sp|P36000|AP1B1_YEAST	sp|P36000|AP1B1_YEAST		APL2	AP-1 complex subunit beta-1	0.00035489036	APL2 — AP-1 complex subunit beta-1	search FASTA description + reference GFF	28.754089584937315
PROT:sp|P36004|KKQ8_YEAST	sp|P36004|KKQ8_YEAST		KKQ8	Probable serine/threonine-protein kinase KKQ8	0.00035489036	KKQ8 — Probable serine/threonine-protein kinase KKQ8	search FASTA description + reference GFF	25.50520140880375
PROT:sp|P36006|MYO3_YEAST	sp|P36006|MYO3_YEAST		MYO3	Myosin-3	0.00035489036	MYO3 — Myosin-3	search FASTA description + reference GFF	28.19452386300202
PROT:sp|P36007|LTHAD_YEAST	sp|P36007|LTHAD_YEAST		SRY1	L-threo-3-hydroxyaspartate ammonia-lyase	0.00035489036	SRY1 — L-threo-3-hydroxyaspartate ammonia-lyase	search FASTA description + reference GFF	30.818201279697927
PROT:sp|P36008|EF1G2_YEAST	sp|P36008|EF1G2_YEAST		TEF4	Elongation factor 1-gamma 2	0.00035489036	TEF4 — Elongation factor 1-gamma 2	search FASTA description + reference GFF	34.89447507961123
PROT:sp|P36009|DHR2_YEAST	sp|P36009|DHR2_YEAST		DHR2	Probable ATP-dependent RNA helicase DHR2	0.00039019313	DHR2 — Probable ATP-dependent RNA helicase DHR2	search FASTA description + reference GFF	21.76961838948095
PROT:sp|P36010|NDK_YEAST	sp|P36010|NDK_YEAST		YNK1	Nucleoside diphosphate kinase	0.00035489036	YNK1 — Nucleoside diphosphate kinase	search FASTA description + reference GFF	34.233976093955526
PROT:sp|P36013|MAOM_YEAST	sp|P36013|MAOM_YEAST		MAE1	NAD-dependent malic enzyme, mitochondrial	0.00035489036	MAE1 — NAD-dependent malic enzyme, mitochondrial	search FASTA description + reference GFF	31.957502580182343
PROT:sp|P36014|GPX1_YEAST	sp|P36014|GPX1_YEAST		GPX1	Glutathione peroxidase-like peroxiredoxin 1	0.00035489036	GPX1 — Glutathione peroxidase-like peroxiredoxin 1	search FASTA description + reference GFF	29.160033820860416
PROT:sp|P36015|YKT6_YEAST	sp|P36015|YKT6_YEAST		YKT6	Synaptobrevin homolog YKT6	0.00035489036	YKT6 — Synaptobrevin homolog YKT6	search FASTA description + reference GFF	32.874014146914085
PROT:sp|P36016|LHS1_YEAST	sp|P36016|LHS1_YEAST		LHS1	Heat shock protein 70 homolog LHS1	0.00035489036	LHS1 — Heat shock protein 70 homolog LHS1	search FASTA description + reference GFF	27.86400212825538
PROT:sp|P36017|VPS21_YEAST	sp|P36017|VPS21_YEAST		VPS21	Vacuolar protein sorting-associated protein 21	0.00035489036	VPS21 — Vacuolar protein sorting-associated protein 21	search FASTA description + reference GFF	29.53083952733132
PROT:sp|P36018|YPT52_YEAST	sp|P36018|YPT52_YEAST		YPT52	GTP-binding protein YPT52	0.00035489036	YPT52 — GTP-binding protein YPT52	search FASTA description + reference GFF	28.94117134386315
PROT:sp|P36024|SIS2_YEAST	sp|P36024|SIS2_YEAST		SIS2	Phosphopantothenoylcysteine decarboxylase subunit SIS2	0.00035489036	SIS2 — Phosphopantothenoylcysteine decarboxylase subunit SIS2	search FASTA description + reference GFF	27.349695391442893
PROT:sp|P36027|MID2_YEAST	sp|P36027|MID2_YEAST		MID2	Cell wall integrity sensor MID2	0.00035489036	MID2 — Cell wall integrity sensor MID2	search FASTA description + reference GFF	26.057109625080138
PROT:sp|P36035|JEN1_YEAST	sp|P36035|JEN1_YEAST		JEN1	Carboxylic acid transporter protein homolog	0.00035489036	JEN1 — Carboxylic acid transporter protein homolog	search FASTA description + reference GFF	30.97446292179449
PROT:sp|P36036|YRA2_YEAST	sp|P36036|YRA2_YEAST		YRA2	RNA annealing protein YRA2	0.00035489036	YRA2 — RNA annealing protein YRA2	search FASTA description + reference GFF	25.02924573885848
PROT:sp|P36037|DOA1_YEAST	sp|P36037|DOA1_YEAST		DOA1	Protein DOA1	0.00035489036	DOA1 — Protein DOA1	search FASTA description + reference GFF	28.75577578748301
PROT:sp|P36039|EMC3_YEAST	sp|P36039|EMC3_YEAST		EMC3	ER membrane protein complex subunit 3	0.00036418103	EMC3 — ER membrane protein complex subunit 3	search FASTA description + reference GFF	27.20956858975766
PROT:sp|P36040|POC2_YEAST	sp|P36040|POC2_YEAST		ADD66	Proteasome assembly chaperone 2	0.00035489036	ADD66 — Proteasome assembly chaperone 2	search FASTA description + reference GFF	29.37626809155861
PROT:sp|P36041|EAP1_YEAST	sp|P36041|EAP1_YEAST		EAP1	Protein EAP1	0.00035489036	EAP1 — Protein EAP1	search FASTA description + reference GFF	29.48746702355438
PROT:sp|P36046|MIA40_YEAST	sp|P36046|MIA40_YEAST		MIA40	Mitochondrial intermembrane space import and assembly protein 40	0.00035489036	MIA40 — Mitochondrial intermembrane space import and assembly protein 40	search FASTA description + reference GFF	31.750157344370823
PROT:sp|P36047|SDS22_YEAST	sp|P36047|SDS22_YEAST		SDS22	Protein phosphatase 1 regulatory subunit SDS22	0.00035489036	SDS22 — Protein phosphatase 1 regulatory subunit SDS22	search FASTA description + reference GFF	31.90149837207653
PROT:sp|P36048|SN114_YEAST	sp|P36048|SN114_YEAST		SNU114	Pre-mRNA-splicing factor SNU114	0.00035489036	SNU114 — Pre-mRNA-splicing factor SNU114	search FASTA description + reference GFF	27.1014412552767
PROT:sp|P36049|EBP2_YEAST	sp|P36049|EBP2_YEAST		EBP2	rRNA-processing protein EBP2	0.00035489036	EBP2 — rRNA-processing protein EBP2	search FASTA description + reference GFF	31.14157556421885
PROT:sp|P36057|SRPB_YEAST	sp|P36057|SRPB_YEAST		SRP102	Signal recognition particle receptor subunit beta	0.00035489036	SRP102 — Signal recognition particle receptor subunit beta	search FASTA description + reference GFF	25.31275501468874
PROT:sp|P36059|NNRD_YEAST	sp|P36059|NNRD_YEAST		NNR2	ATP-dependent (S)-NAD(P)H-hydrate dehydratase	0.00035489036	NNR2 — ATP-dependent (S)-NAD(P)H-hydrate dehydratase	search FASTA description + reference GFF	32.629498795300265
PROT:sp|P36060|MCR1_YEAST	sp|P36060|MCR1_YEAST		MCR1	NADH-cytochrome b5 reductase 2	0.00035489036	MCR1 — NADH-cytochrome b5 reductase 2	search FASTA description + reference GFF	35.804557931815424
PROT:sp|P36064|COXM1_YEAST	sp|P36064|COXM1_YEAST		CMC1	COX assembly mitochondrial protein	0.00035489036	CMC1 — COX assembly mitochondrial protein	search FASTA description + reference GFF	27.924187637369894
PROT:sp|P36068|SHE2_YEAST	sp|P36068|SHE2_YEAST		SHE2	SWI5-dependent HO expression protein 2	0.00035489036	SHE2 — SWI5-dependent HO expression protein 2	search FASTA description + reference GFF	27.494927432647884
PROT:sp|P36069|PMU1_YEAST	sp|P36069|PMU1_YEAST		PMU1	Probable phosphoglycerate mutase PMU1	0.00035489036	PMU1 — Probable phosphoglycerate mutase PMU1	search FASTA description + reference GFF	26.77891515911969
PROT:sp|P36076|CAB3_YEAST	sp|P36076|CAB3_YEAST		CAB3	Coenzyme A biosynthesis protein 3	0.00035489036	CAB3 — Coenzyme A biosynthesis protein 3	search FASTA description + reference GFF	27.21225408198099
PROT:sp|P36080|RRP14_YEAST	sp|P36080|RRP14_YEAST		RRP14	Ribosomal RNA-processing protein 14	0.00035489036	RRP14 — Ribosomal RNA-processing protein 14	search FASTA description + reference GFF	27.10919640960661
PROT:sp|P36090|ANR2_YEAST	sp|P36090|ANR2_YEAST		ANR2	Uncharacterized protein ANR2	0.00035489036	ANR2 — Uncharacterized protein ANR2	search FASTA description + reference GFF	26.15752905097236
PROT:sp|P36095|VPS24_YEAST	sp|P36095|VPS24_YEAST		VPS24	Vacuolar protein-sorting-associated protein 24	0.00040925146	VPS24 — Vacuolar protein-sorting-associated protein 24	search FASTA description + reference GFF	27.59748318378124
PROT:sp|P36101|TCD2_YEAST	sp|P36101|TCD2_YEAST		TCD2	tRNA threonylcarbamoyladenosine dehydratase 2	0.00035489036	TCD2 — tRNA threonylcarbamoyladenosine dehydratase 2	search FASTA description + reference GFF	29.15969508712168
PROT:sp|P36102|PAN3_YEAST	sp|P36102|PAN3_YEAST		PAN3	PAN2-PAN3 deadenylation complex subunit PAN3	0.00042516433	PAN3 — PAN2-PAN3 deadenylation complex subunit PAN3	search FASTA description + reference GFF	27.210419329179476
PROT:sp|P36103|YKC3_YEAST	sp|P36103|YKC3_YEAST		YKL023W	Uncharacterized protein YKL023W	0.00036618783	YKL023W — Uncharacterized protein YKL023W	search FASTA description + reference GFF	25.816252168560403
PROT:sp|P36104|SWD2_YEAST	sp|P36104|SWD2_YEAST		SWD2	COMPASS component SWD2	0.00035489036	SWD2 — COMPASS component SWD2	search FASTA description + reference GFF	26.13608997573925
PROT:sp|P36105|RL14A_YEAST	sp|P36105|RL14A_YEAST		RPL14A	Large ribosomal subunit protein eL14A	0.00035489036	RPL14A — Large ribosomal subunit protein eL14A	search FASTA description + reference GFF	33.71947912215818
PROT:sp|P36108|DID4_YEAST	sp|P36108|DID4_YEAST		DID4	DOA4-independent degradation protein 4	0.005404776	DID4 — DOA4-independent degradation protein 4	search FASTA description + reference GFF	27.203601637320784
PROT:sp|P36112|MIC60_YEAST	sp|P36112|MIC60_YEAST		MIC60	MICOS complex subunit MIC60	0.00035489036	MIC60 — MICOS complex subunit MIC60	search FASTA description + reference GFF	32.040080945973024
PROT:sp|P36114|YKR18_YEAST	sp|P36114|YKR18_YEAST		YKR018C	IML2-like protein YKR018C	0.00035489036	YKR018C — IML2-like protein YKR018C	search FASTA description + reference GFF	31.495738757564787
PROT:sp|P36120|DBP7_YEAST	sp|P36120|DBP7_YEAST		DBP7	ATP-dependent RNA helicase DBP7	0.00035489036	DBP7 — ATP-dependent RNA helicase DBP7	search FASTA description + reference GFF	24.441608517032734
PROT:sp|P36121|RPC5_YEAST	sp|P36121|RPC5_YEAST		RPC37	DNA-directed RNA polymerase III subunit RPC5	0.00035489036	RPC37 — DNA-directed RNA polymerase III subunit RPC5	search FASTA description + reference GFF	26.01902508286788
PROT:sp|P36130|CAF4_YEAST	sp|P36130|CAF4_YEAST		CAF4	CCR4-associated factor 4	0.00035489036	CAF4 — CCR4-associated factor 4	search FASTA description + reference GFF	24.10373954511059
PROT:sp|P36136|SHB17_YEAST	sp|P36136|SHB17_YEAST		SHB17	Sedoheptulose 1,7-bisphosphatase	0.00035489036	SHB17 — Sedoheptulose 1,7-bisphosphatase	search FASTA description + reference GFF	28.921183853918887
PROT:sp|P36139|PET10_YEAST	sp|P36139|PET10_YEAST		PET10	Protein PET10	0.00035489036	PET10 — Protein PET10	search FASTA description + reference GFF	33.400018444970094
PROT:sp|P36141|FMP46_YEAST	sp|P36141|FMP46_YEAST		FMP46	Putative redox protein FMP46, mitochondrial	0.00035489036	FMP46 — Putative redox protein FMP46, mitochondrial	search FASTA description + reference GFF	30.763405206913667
PROT:sp|P36144|RL1D1_YEAST	sp|P36144|RL1D1_YEAST		UTP30	Ribosome biogenesis protein UTP30	0.0008834051	UTP30 — Ribosome biogenesis protein UTP30	search FASTA description + reference GFF	25.717090228747704
PROT:sp|P36147|PAM17_YEAST	sp|P36147|PAM17_YEAST		PAM17	Presequence translocated-associated motor subunit PAM17, mitochondrial	0.00035489036	PAM17 — Presequence translocated-associated motor subunit PAM17, mitochondrial	search FASTA description + reference GFF	29.753351102573376
PROT:sp|P36148|GPT2_YEAST	sp|P36148|GPT2_YEAST		GPT2	Glycerol-3-phosphate O-acyltransferase 2	0.00035489036	GPT2 — Glycerol-3-phosphate O-acyltransferase 2	search FASTA description + reference GFF	30.775533459266843
PROT:sp|P36149|BET3_YEAST	sp|P36149|BET3_YEAST		BET3	Trafficking protein particle complex subunit BET3	0.00035489036	BET3 — Trafficking protein particle complex subunit BET3	search FASTA description + reference GFF	27.000776587584436
PROT:sp|P36150|SUMT_YEAST	sp|P36150|SUMT_YEAST		MET1	Uroporphyrinogen-III C-methyltransferase	0.00035489036	MET1 — Uroporphyrinogen-III C-methyltransferase	search FASTA description + reference GFF	29.59573529918888
PROT:sp|P36151|YK50_YEAST	sp|P36151|YK50_YEAST		YKR070W	Mitochondrial hydrolase YKR070W	0.00035489036	YKR070W — Mitochondrial hydrolase YKR070W	search FASTA description + reference GFF	27.394401110704447
PROT:sp|P36152|DRE2_YEAST	sp|P36152|DRE2_YEAST		DRE2	Fe-S cluster assembly protein DRE2	0.00035489036	DRE2 — Fe-S cluster assembly protein DRE2	search FASTA description + reference GFF	29.24844217712967
PROT:sp|P36154|AIM29_YEAST	sp|P36154|AIM29_YEAST		AIM29	Altered inheritance rate of mitochondria protein 29	0.00035489036	AIM29 — Altered inheritance rate of mitochondria protein 29	search FASTA description + reference GFF	29.49750284875555
PROT:sp|P36156|GSTO2_YEAST	sp|P36156|GSTO2_YEAST		ECM4	Glutathione S-transferase omega-like 2	0.00035489036	ECM4 — Glutathione S-transferase omega-like 2	search FASTA description + reference GFF	32.13438995357424
PROT:sp|P36160|RPF2_YEAST	sp|P36160|RPF2_YEAST		RPF2	Ribosome biogenesis protein RPF2	0.00035489036	RPF2 — Ribosome biogenesis protein RPF2	search FASTA description + reference GFF	29.97983537891083
PROT:sp|P36161|NU133_YEAST	sp|P36161|NU133_YEAST		NUP133	Nucleoporin NUP133	0.00035489036	NUP133 — Nucleoporin NUP133	search FASTA description + reference GFF	29.924879655433337
PROT:sp|P36224|JNM1_YEAST	sp|P36224|JNM1_YEAST		JNM1	Nuclear migration protein JNM1	0.0006372186	JNM1 — Nuclear migration protein JNM1	search FASTA description + reference GFF	20.32940210998855
PROT:sp|P36421|SYYC_YEAST	sp|P36421|SYYC_YEAST		TYS1	Tyrosine--tRNA ligase, cytoplasmic	0.00035489036	TYS1 — Tyrosine--tRNA ligase, cytoplasmic	search FASTA description + reference GFF	34.097724310452534
PROT:sp|P36516|RM03_YEAST	sp|P36516|RM03_YEAST		MRPL3	Large ribosomal subunit protein mL44	0.00035489036	MRPL3 — Large ribosomal subunit protein mL44	search FASTA description + reference GFF	30.82255293435105
PROT:sp|P36517|RM04_YEAST	sp|P36517|RM04_YEAST		MRPL4	Large ribosomal subunit protein uL29m	0.0006960466	MRPL4 — Large ribosomal subunit protein uL29m	search FASTA description + reference GFF	28.098560677190147
PROT:sp|P36519|RM07_YEAST	sp|P36519|RM07_YEAST		MRPL7	Large ribosomal subunit protein uL5m	0.00035489036	MRPL7 — Large ribosomal subunit protein uL5m	search FASTA description + reference GFF	30.16034156641568
PROT:sp|P36520|RM10_YEAST	sp|P36520|RM10_YEAST		MRPL10	Large ribosomal subunit protein uL15m	0.00035489036	MRPL10 — Large ribosomal subunit protein uL15m	search FASTA description + reference GFF	30.53652773507579
PROT:sp|P36521|RM11_YEAST	sp|P36521|RM11_YEAST		MRPL11	Large ribosomal subunit protein uL10m	0.00035489036	MRPL11 — Large ribosomal subunit protein uL10m	search FASTA description + reference GFF	29.738799442141232
PROT:sp|P36523|RM15_YEAST	sp|P36523|RM15_YEAST		MRPL15	Large ribosomal subunit protein mL57	0.00035489036	MRPL15 — Large ribosomal subunit protein mL57	search FASTA description + reference GFF	31.138305107374304
PROT:sp|P36525|RM24_YEAST	sp|P36525|RM24_YEAST		MRPL24	Large ribosomal subunit protein bL28m	0.00035489036	MRPL24 — Large ribosomal subunit protein bL28m	search FASTA description + reference GFF	30.23561119123714
PROT:sp|P36526|RM27_YEAST	sp|P36526|RM27_YEAST		MRPL27	Large ribosomal subunit protein mL41	0.00035489036	MRPL27 — Large ribosomal subunit protein mL41	search FASTA description + reference GFF	28.89398673926545
PROT:sp|P36527|RM28_YEAST	sp|P36527|RM28_YEAST		MRPL28	Large ribosomal subunit protein mL40	0.00035489036	MRPL28 — Large ribosomal subunit protein mL40	search FASTA description + reference GFF	29.944521612594954
PROT:sp|P36528|RM17_YEAST	sp|P36528|RM17_YEAST		MRPL17	Large ribosomal subunit protein mL46	0.00035489036	MRPL17 — Large ribosomal subunit protein mL46	search FASTA description + reference GFF	29.50755700285616
PROT:sp|P36531|RM36_YEAST	sp|P36531|RM36_YEAST		MRPL36	Large ribosomal subunit protein bL31m	0.00035489036	MRPL36 — Large ribosomal subunit protein bL31m	search FASTA description + reference GFF	30.239069641397474
PROT:sp|P36532|RM37_YEAST	sp|P36532|RM37_YEAST		MRPL37	Large ribosomal subunit protein mL54	0.00035489036	MRPL37 — Large ribosomal subunit protein mL54	search FASTA description + reference GFF	29.171435286248823
PROT:sp|P36533|RM39_YEAST	sp|P36533|RM39_YEAST		MRPL39	Large ribosomal subunit protein bL33m	0.00035489036	MRPL39 — Large ribosomal subunit protein bL33m	search FASTA description + reference GFF	29.88665824580321
PROT:sp|P36534|RM40_YEAST	sp|P36534|RM40_YEAST		MRPL40	Large ribosomal subunit protein uL24m	0.00035489036	MRPL40 — Large ribosomal subunit protein uL24m	search FASTA description + reference GFF	31.48347493915382
PROT:sp|P36775|LONM_YEAST	sp|P36775|LONM_YEAST		PIM1	Lon protease homolog, mitochondrial	0.00035489036	PIM1 — Lon protease homolog, mitochondrial	search FASTA description + reference GFF	33.279498777175405
PROT:sp|P36973|APT2_YEAST	sp|P36973|APT2_YEAST		APT2	Adenine phosphoribosyltransferase 2	0.00036048962	APT2 — Adenine phosphoribosyltransferase 2	search FASTA description + reference GFF	29.243366130300338
PROT:sp|P37012|PGM2_YEAST	sp|P37012|PGM2_YEAST		PGM2	Phosphoglucomutase 2	0.00035489036	PGM2 — Phosphoglucomutase 2	search FASTA description + reference GFF	34.62581563980983
PROT:sp|P37262|SOL2_YEAST	sp|P37262|SOL2_YEAST		SOL2	6-phosphogluconolactonase-like protein 2	0.00035489036	SOL2 — 6-phosphogluconolactonase-like protein 2	search FASTA description + reference GFF	31.46322193713807
PROT:sp|P37267|CBP4_YEAST	sp|P37267|CBP4_YEAST		CBP4	Assembly factor CBP4	0.00035489036	CBP4 — Assembly factor CBP4	search FASTA description + reference GFF	31.13142924769075
PROT:sp|P37291|GLYC_YEAST	sp|P37291|GLYC_YEAST		SHM2	Serine hydroxymethyltransferase, cytosolic	0.00035489036	SHM2 — Serine hydroxymethyltransferase, cytosolic	search FASTA description + reference GFF	37.57441298717018
PROT:sp|P37292|GLYM_YEAST	sp|P37292|GLYM_YEAST		SHM1	Serine hydroxymethyltransferase, mitochondrial	0.00035489036	SHM1 — Serine hydroxymethyltransferase, mitochondrial	search FASTA description + reference GFF	34.32792131153387
PROT:sp|P37297|STT4_YEAST	sp|P37297|STT4_YEAST		STT4	Phosphatidylinositol 4-kinase STT4	0.0011150285	STT4 — Phosphatidylinositol 4-kinase STT4	search FASTA description + reference GFF	25.964659683604435
PROT:sp|P37299|QCR10_YEAST	sp|P37299|QCR10_YEAST		QCR10	Cytochrome b-c1 complex subunit 10, mitochondrial	0.00035489036	QCR10 — Cytochrome b-c1 complex subunit 10, mitochondrial	search FASTA description + reference GFF	33.13591185928818
PROT:sp|P37302|APE3_YEAST	sp|P37302|APE3_YEAST		APE3	Aminopeptidase Y	0.00035489036	APE3 — Aminopeptidase Y	search FASTA description + reference GFF	34.3822032658938
PROT:sp|P37303|GLY1_YEAST	sp|P37303|GLY1_YEAST		GLY1	Low specificity L-threonine aldolase	0.00035489036	GLY1 — Low specificity L-threonine aldolase	search FASTA description + reference GFF	29.657026275640288
PROT:sp|P37304|PAM1_YEAST	sp|P37304|PAM1_YEAST		PAM1	Protein PAM1	0.00035489036	PAM1 — Protein PAM1	search FASTA description + reference GFF	26.5013904732142
PROT:sp|P37366|CCL1_YEAST	sp|P37366|CCL1_YEAST		CCL1	Cyclin CCL1	0.00035489036	CCL1 — Cyclin CCL1	search FASTA description + reference GFF	26.413251596050237
PROT:sp|P37370|VRP1_YEAST	sp|P37370|VRP1_YEAST		VRP1	Verprolin	0.00035489036	VRP1 — Verprolin	search FASTA description + reference GFF	26.72813569825241
PROT:sp|P37898|AAP1_YEAST	sp|P37898|AAP1_YEAST		AAP1	Alanine/arginine aminopeptidase	0.00035489036	AAP1 — Alanine/arginine aminopeptidase	search FASTA description + reference GFF	31.010398485571784
PROT:sp|P38009|PUR92_YEAST	sp|P38009|PUR92_YEAST		ADE17	Bifunctional purine biosynthesis protein ADE17	0.00035489036	ADE17 — Bifunctional purine biosynthesis protein ADE17	search FASTA description + reference GFF	35.319171800994724
PROT:sp|P38011|GBLP_YEAST	sp|P38011|GBLP_YEAST		ASC1	Small ribosomal subunit protein RACK1	0.00035489036	ASC1 — Small ribosomal subunit protein RACK1	search FASTA description + reference GFF	36.94043521708215
PROT:sp|P38013|AHP1_YEAST	sp|P38013|AHP1_YEAST		AHP1	Peroxiredoxin AHP1	0.00035489036	AHP1 — Peroxiredoxin AHP1	search FASTA description + reference GFF	35.39471679807834
PROT:sp|P38061|RL32_YEAST	sp|P38061|RL32_YEAST		RPL32	Large ribosomal subunit protein eL32	0.00035489036	RPL32 — Large ribosomal subunit protein eL32	search FASTA description + reference GFF	37.5821639327989
PROT:sp|P38063|KPR4_YEAST	sp|P38063|KPR4_YEAST		PRS4	Ribose-phosphate pyrophosphokinase 4	0.00035489036	PRS4 — Ribose-phosphate pyrophosphokinase 4	search FASTA description + reference GFF	26.616176626607643
PROT:sp|P38064|RM16_YEAST	sp|P38064|RM16_YEAST		MRPL16	Large ribosomal subunit protein uL16m	0.00035489036	MRPL16 — Large ribosomal subunit protein uL16m	search FASTA description + reference GFF	29.90558919000724
PROT:sp|P38065|AP2A_YEAST	sp|P38065|AP2A_YEAST		APL3	AP-2 complex subunit alpha	0.00035489036	APL3 — AP-2 complex subunit alpha	search FASTA description + reference GFF	28.223304755892524
PROT:sp|P38066|RIB1_YEAST	sp|P38066|RIB1_YEAST		RIB1	GTP cyclohydrolase-2	0.00035489036	RIB1 — GTP cyclohydrolase-2	search FASTA description + reference GFF	28.85240732995497
PROT:sp|P38067|SSDH_YEAST	sp|P38067|SSDH_YEAST		UGA2	Succinate-semialdehyde dehydrogenase	0.00035489036	UGA2 — Succinate-semialdehyde dehydrogenase	search FASTA description + reference GFF	29.73140875865052
PROT:sp|P38069|MNN2_YEAST	sp|P38069|MNN2_YEAST		MNN2	Alpha-1,2-mannosyltransferase MNN2	0.00035489036	MNN2 — Alpha-1,2-mannosyltransferase MNN2	search FASTA description + reference GFF	27.6570853347322
PROT:sp|P38071|ETR1_YEAST	sp|P38071|ETR1_YEAST		ETR1	Enoyl-[acyl-carrier-protein] reductase, mitochondrial	0.00035489036	ETR1 — Enoyl-[acyl-carrier-protein] reductase, mitochondrial	search FASTA description + reference GFF	34.87732457641354
PROT:sp|P38074|ANM1_YEAST	sp|P38074|ANM1_YEAST		HMT1	Protein arginine N-methyltransferase 1	0.00035489036	HMT1 — Protein arginine N-methyltransferase 1	search FASTA description + reference GFF	31.29979684145259
PROT:sp|P38075|PDX3_YEAST	sp|P38075|PDX3_YEAST		PDX3	Pyridoxamine 5'-phosphate oxidase	0.00035489036	PDX3 — Pyridoxamine 5'-phosphate oxidase	search FASTA description + reference GFF	32.7378796601609
PROT:sp|P38077|ATPG_YEAST	sp|P38077|ATPG_YEAST		ATP3	ATP synthase subunit gamma, mitochondrial	0.00035489036	ATP3 — ATP synthase subunit gamma, mitochondrial	search FASTA description + reference GFF	35.37640638403121
PROT:sp|P38081|YBQ6_YEAST	sp|P38081|YBQ6_YEAST		YBR056W	Uncharacterized glycosyl hydrolase YBR056W	0.00035489036	YBR056W — Uncharacterized glycosyl hydrolase YBR056W	search FASTA description + reference GFF	31.07624006878101
PROT:sp|P38088|SYG_YEAST	sp|P38088|SYG_YEAST		GRS1	Glycine--tRNA ligase 1, mitochondrial	0.00035489036	GRS1 — Glycine--tRNA ligase 1, mitochondrial	search FASTA description + reference GFF	35.20863845930264
PROT:sp|P38109|ATG42_YEAST	sp|P38109|ATG42_YEAST		ATG42	Vacuolar serine-type carboxypeptidase ATG42	0.00035489036	ATG42 — Vacuolar serine-type carboxypeptidase ATG42	search FASTA description + reference GFF	28.275079314112126
PROT:sp|P38112|MAK5_YEAST	sp|P38112|MAK5_YEAST		MAK5	ATP-dependent RNA helicase MAK5	0.00035489036	MAK5 — ATP-dependent RNA helicase MAK5	search FASTA description + reference GFF	28.93058310920825
PROT:sp|P38113|ADH5_YEAST	sp|P38113|ADH5_YEAST		ADH5	Alcohol dehydrogenase 5	0.00035489036	ADH5 — Alcohol dehydrogenase 5	search FASTA description + reference GFF	28.478565911691497
PROT:sp|P38115|ARA1_YEAST	sp|P38115|ARA1_YEAST		ARA1	D-arabinose dehydrogenase [NAD(P)+] heavy chain	0.00035489036	ARA1 — D-arabinose dehydrogenase [NAD(P)+] heavy chain	search FASTA description + reference GFF	33.067642279404915
PROT:sp|P38120|RT09_YEAST	sp|P38120|RT09_YEAST		MRPS9	Small ribosomal subunit protein uS9m	0.00035489036	MRPS9 — Small ribosomal subunit protein uS9m	search FASTA description + reference GFF	27.60082750508937
PROT:sp|P38122|PANB_YEAST	sp|P38122|PANB_YEAST		ECM31	3-methyl-2-oxobutanoate hydroxymethyltransferase	0.00035489036	ECM31 — 3-methyl-2-oxobutanoate hydroxymethyltransferase	search FASTA description + reference GFF	28.608777529132716
PROT:sp|P38127|RIM2_YEAST	sp|P38127|RIM2_YEAST		RIM2	Mitochondrial pyrimidine nucleotide transporter RIM2	0.00035489036	RIM2 — Mitochondrial pyrimidine nucleotide transporter RIM2	search FASTA description + reference GFF	30.68852718037867
PROT:sp|P38129|TAF5_YEAST	sp|P38129|TAF5_YEAST		TAF5	SAGA complex/transcription factor TFIID complex subunit TAF5	0.00035489036	TAF5 — SAGA complex/transcription factor TFIID complex subunit TAF5	search FASTA description + reference GFF	25.57041290140356
PROT:sp|P38130|KTR3_YEAST	sp|P38130|KTR3_YEAST		KTR3	Probable mannosyltransferase KTR3	0.00035489036	KTR3 — Probable mannosyltransferase KTR3	search FASTA description + reference GFF	28.92382949919705
PROT:sp|P38131|KTR4_YEAST	sp|P38131|KTR4_YEAST		KTR4	Probable mannosyltransferase KTR4	0.00035489036	KTR4 — Probable mannosyltransferase KTR4	search FASTA description + reference GFF	25.91505955844131
PROT:sp|P38132|MCM7_YEAST	sp|P38132|MCM7_YEAST		MCM7	DNA replication licensing factor MCM7	0.00035489036	MCM7 — DNA replication licensing factor MCM7	search FASTA description + reference GFF	23.093828802257047
PROT:sp|P38137|FAT2_YEAST	sp|P38137|FAT2_YEAST		PCS60	Oxalate--CoA ligase	0.00035489036	PCS60 — Oxalate--CoA ligase	search FASTA description + reference GFF	32.50564781631625
PROT:sp|P38139|LDH1_YEAST	sp|P38139|LDH1_YEAST		LDH1	Lipid droplet hydrolase 1	0.00035489036	LDH1 — Lipid droplet hydrolase 1	search FASTA description + reference GFF	26.52992448634024
PROT:sp|P38143|GPX2_YEAST	sp|P38143|GPX2_YEAST		GPX2	Glutathione peroxidase-like peroxiredoxin 2	0.00035489036	GPX2 — Glutathione peroxidase-like peroxiredoxin 2	search FASTA description + reference GFF	26.628919787189854
PROT:sp|P38144|ISW1_YEAST	sp|P38144|ISW1_YEAST		ISW1	ISWI chromatin-remodeling complex ATPase ISW1	0.00035489036	ISW1 — ISWI chromatin-remodeling complex ATPase ISW1	search FASTA description + reference GFF	28.909683054826903
PROT:sp|P38145|RISA_YEAST	sp|P38145|RISA_YEAST		RIB5	Riboflavin synthase	0.00035489036	RIB5 — Riboflavin synthase	search FASTA description + reference GFF	31.611803908612323
PROT:sp|P38149|DUG2_YEAST	sp|P38149|DUG2_YEAST		DUG2	Probable di- and tripeptidase DUG2	0.00035489036	DUG2 — Probable di- and tripeptidase DUG2	search FASTA description + reference GFF	27.339595377743294
PROT:sp|P38152|TXTP_YEAST	sp|P38152|TXTP_YEAST		CTP1	Tricarboxylate transport protein	0.00035489036	CTP1 — Tricarboxylate transport protein	search FASTA description + reference GFF	31.748388304990492
PROT:sp|P38153|AP3M_YEAST	sp|P38153|AP3M_YEAST		APM3	AP-3 complex subunit mu	0.00035489036	APM3 — AP-3 complex subunit mu	search FASTA description + reference GFF	27.19606634328784
PROT:sp|P38164|SEA4_YEAST	sp|P38164|SEA4_YEAST		SEA4	SEH-associated protein 4	0.00035489036	SEA4 — SEH-associated protein 4	search FASTA description + reference GFF	25.9602948780376
PROT:sp|P38165|RTG3_YEAST	sp|P38165|RTG3_YEAST		RTG3	Retrograde regulation protein 3	0.00035489036	RTG3 — Retrograde regulation protein 3	search FASTA description + reference GFF	26.37768325141493
PROT:sp|P38167|ECM21_YEAST	sp|P38167|ECM21_YEAST		ECM21	Protein ECM21	0.00035489036	ECM21 — Protein ECM21	search FASTA description + reference GFF	24.9436295122653
PROT:sp|P38169|KMO_YEAST	sp|P38169|KMO_YEAST		BNA4	Kynurenine 3-monooxygenase	0.00035489036	BNA4 — Kynurenine 3-monooxygenase	search FASTA description + reference GFF	28.51573220317097
PROT:sp|P38174|MAP2_YEAST	sp|P38174|MAP2_YEAST		MAP2	Methionine aminopeptidase 2	0.00035489036	MAP2 — Methionine aminopeptidase 2	search FASTA description + reference GFF	30.39330412386836
PROT:sp|P38175|RT21_YEAST	sp|P38175|RT21_YEAST		MRP21	Small ribosomal subunit protein bS21m	0.00035489036	MRP21 — Small ribosomal subunit protein bS21m	search FASTA description + reference GFF	28.236460183962283
PROT:sp|P38181|NU170_YEAST	sp|P38181|NU170_YEAST		NUP170	Nucleoporin NUP170	0.00035489036	NUP170 — Nucleoporin NUP170	search FASTA description + reference GFF	24.742062618745464
PROT:sp|P38182|ATG8_YEAST	sp|P38182|ATG8_YEAST		ATG8	Autophagy-related protein 8	0.00035489036	ATG8 — Autophagy-related protein 8	search FASTA description + reference GFF	29.243831892414917
PROT:sp|P38187|UBP13_YEAST	sp|P38187|UBP13_YEAST		UBP13	Ubiquitin carboxyl-terminal hydrolase 13	0.00035489036	UBP13 — Ubiquitin carboxyl-terminal hydrolase 13	search FASTA description + reference GFF	27.21454829232368
PROT:sp|P38197|PLPHP_YEAST	sp|P38197|PLPHP_YEAST		YBL036C	Pyridoxal phosphate homeostasis protein	0.00035489036	YBL036C — Pyridoxal phosphate homeostasis protein	search FASTA description + reference GFF	31.65144374009591
PROT:sp|P38199|HEK2_YEAST	sp|P38199|HEK2_YEAST		HEK2	Heterogeneous nuclear rnp K-like protein 2	0.00035489036	HEK2 — Heterogeneous nuclear rnp K-like protein 2	search FASTA description + reference GFF	30.4402392690064
PROT:sp|P38203|LSM2_YEAST	sp|P38203|LSM2_YEAST		LSM2	LSM complex subunit LSM2	0.00035489036	LSM2 — LSM complex subunit LSM2	search FASTA description + reference GFF	30.363764169503508
PROT:sp|P38205|NCL1_YEAST	sp|P38205|NCL1_YEAST		NCL1	Multisite-specific tRNA:(cytosine-C(5))-methyltransferase	0.00035489036	NCL1 — Multisite-specific tRNA:(cytosine-C(5))-methyltransferase	search FASTA description + reference GFF	32.27622315317384
PROT:sp|P38216|CTPP1_YEAST	sp|P38216|CTPP1_YEAST		CPP1	Lipid-anchored plasma membrane protein CPP1	0.00035489036	CPP1 — Lipid-anchored plasma membrane protein CPP1	search FASTA description + reference GFF	29.20753264811713
PROT:sp|P38217|IMB2_YEAST	sp|P38217|IMB2_YEAST		KAP104	Importin subunit beta-2	0.00035489036	KAP104 — Importin subunit beta-2	search FASTA description + reference GFF	28.71125941476613
PROT:sp|P38219|OLA1_YEAST	sp|P38219|OLA1_YEAST		OLA1	Obg-like ATPase 1	0.00035489036	OLA1 — Obg-like ATPase 1	search FASTA description + reference GFF	35.82221771922609
PROT:sp|P38221|CDS1_YEAST	sp|P38221|CDS1_YEAST		CDS1	Phosphatidate cytidylyltransferase	0.00035489036	CDS1 — Phosphatidate cytidylyltransferase	search FASTA description + reference GFF	34.35467525874964
PROT:sp|P38225|FAT1_YEAST	sp|P38225|FAT1_YEAST		FAT1	Very long-chain fatty acid transport protein	0.00035489036	FAT1 — Very long-chain fatty acid transport protein	search FASTA description + reference GFF	26.067361072317485
PROT:sp|P38230|QOR_YEAST	sp|P38230|QOR_YEAST		ZTA1	Zeta-crystallin	0.00035489036	ZTA1 — Zeta-crystallin	search FASTA description + reference GFF	31.94557584060172
PROT:sp|P38234|RFS1_YEAST	sp|P38234|RFS1_YEAST		RFS1	Protein RFS1	0.00035489036	RFS1 — Protein RFS1	search FASTA description + reference GFF	29.148864970955984
PROT:sp|P38235|YBQ3_YEAST	sp|P38235|YBQ3_YEAST		YBR053C	Uncharacterized protein YBR053C	0.00035489036	YBR053C — Uncharacterized protein YBR053C	search FASTA description + reference GFF	29.536706506422824
PROT:sp|P38237|UBP14_YEAST	sp|P38237|UBP14_YEAST		UBP14	Ubiquitin carboxyl-terminal hydrolase 14	0.00035489036	UBP14 — Ubiquitin carboxyl-terminal hydrolase 14	search FASTA description + reference GFF	28.43631521727235
PROT:sp|P38238|TRM7_YEAST	sp|P38238|TRM7_YEAST		TRM7	tRNA (cytidine(32)/guanosine(34)-2'-O)-methyltransferase	0.00035489036	TRM7 — tRNA (cytidine(32)/guanosine(34)-2'-O)-methyltransferase	search FASTA description + reference GFF	29.189507264278397
PROT:sp|P38247|SLM4_YEAST	sp|P38247|SLM4_YEAST		SLM4	Protein SLM4	0.00035489036	SLM4 — Protein SLM4	search FASTA description + reference GFF	28.75715443221465
PROT:sp|P38248|ECM33_YEAST	sp|P38248|ECM33_YEAST		ECM33	Cell wall protein ECM33	0.00035489036	ECM33 — Cell wall protein ECM33	search FASTA description + reference GFF	33.92851297952053
PROT:sp|P38249|EIF3A_YEAST	sp|P38249|EIF3A_YEAST		RPG1	Eukaryotic translation initiation factor 3 subunit A	0.00035489036	RPG1 — Eukaryotic translation initiation factor 3 subunit A	search FASTA description + reference GFF	34.062702965065256
PROT:sp|P38250|IST2_YEAST	sp|P38250|IST2_YEAST		IST2	Increased sodium tolerance protein 2	0.00035489036	IST2 — Increased sodium tolerance protein 2	search FASTA description + reference GFF	29.354399315070264
PROT:sp|P38251|RFC5_YEAST	sp|P38251|RFC5_YEAST		RFC5	Replication factor C subunit 5	0.00035489036	RFC5 — Replication factor C subunit 5	search FASTA description + reference GFF	28.233476494868405
PROT:sp|P38254|TTL_YEAST	sp|P38254|TTL_YEAST		PBY1	Probable tubulin--tyrosine ligase PBY1	0.00035489036	PBY1 — Probable tubulin--tyrosine ligase PBY1	search FASTA description + reference GFF	29.523485213763003
PROT:sp|P38255|RXT2_YEAST	sp|P38255|RXT2_YEAST		RXT2	Transcriptional regulatory protein RXT2	0.00035489036	RXT2 — Transcriptional regulatory protein RXT2	search FASTA description + reference GFF	27.01666630052109
PROT:sp|P38256|YBU6_YEAST	sp|P38256|YBU6_YEAST		YBR096W	Probable thioesterase YBR096W	0.00035489036	YBR096W — Probable thioesterase YBR096W	search FASTA description + reference GFF	31.63493532330498
PROT:sp|P38260|FES1_YEAST	sp|P38260|FES1_YEAST		FES1	Hsp70 nucleotide exchange factor FES1	0.00035489036	FES1 — Hsp70 nucleotide exchange factor FES1	search FASTA description + reference GFF	33.04214935796653
PROT:sp|P38261|EXO84_YEAST	sp|P38261|EXO84_YEAST		EXO84	Exocyst complex component EXO84	0.00035489036	EXO84 — Exocyst complex component EXO84	search FASTA description + reference GFF	24.54874983589166
PROT:sp|P38264|PHO88_YEAST	sp|P38264|PHO88_YEAST		PHO88	SRP-independent targeting protein 3	0.00035489036	PHO88 — SRP-independent targeting protein 3	search FASTA description + reference GFF	34.4384332355725
PROT:sp|P38272|SHE3_YEAST	sp|P38272|SHE3_YEAST		SHE3	SWI5-dependent HO expression protein 3	0.00035489036	SHE3 — SWI5-dependent HO expression protein 3	search FASTA description + reference GFF	24.21097916302475
PROT:sp|P38276|YBY7_YEAST	sp|P38276|YBY7_YEAST		YBR137W	UPF0303 protein YBR137W	0.00035489036	YBR137W — UPF0303 protein YBR137W	search FASTA description + reference GFF	29.999888388403388
PROT:sp|P38281|APD1_YEAST	sp|P38281|APD1_YEAST		APD1	Actin patches distal protein 1	0.00035489036	APD1 — Actin patches distal protein 1	search FASTA description + reference GFF	29.32290244529666
PROT:sp|P38286|MKAR_YEAST	sp|P38286|MKAR_YEAST		IFA38	Very-long-chain 3-oxoacyl-CoA reductase	0.00035489036	IFA38 — Very-long-chain 3-oxoacyl-CoA reductase	search FASTA description + reference GFF	30.33350626030495
PROT:sp|P38288|TOS1_YEAST	sp|P38288|TOS1_YEAST		TOS1	Probable circularly permuted 1,3-beta-glucanase TOS1	0.00035489036	TOS1 — Probable circularly permuted 1,3-beta-glucanase TOS1	search FASTA description + reference GFF	30.943279301344862
PROT:sp|P38295|MCFS2_YEAST	sp|P38295|MCFS2_YEAST		EHT1	Medium-chain fatty acid ethyl ester synthase/esterase 2	0.00035489036	EHT1 — Medium-chain fatty acid ethyl ester synthase/esterase 2	search FASTA description + reference GFF	32.48776784986029
PROT:sp|P38297|FZO1_YEAST	sp|P38297|FZO1_YEAST		FZO1	Mitofusin FZO1	0.00039396327	FZO1 — Mitofusin FZO1	search FASTA description + reference GFF	28.26330844041239
PROT:sp|P38300|MBA1_YEAST	sp|P38300|MBA1_YEAST		MBA1	Inner membrane mitoribosome receptor MBA1, mitochondrial	0.00035489036	MBA1 — Inner membrane mitoribosome receptor MBA1, mitochondrial	search FASTA description + reference GFF	27.677941438100383
PROT:sp|P38314|SDS24_YEAST	sp|P38314|SDS24_YEAST		SDS24	Protein SDS24	0.00035489036	SDS24 — Protein SDS24	search FASTA description + reference GFF	30.05380834268176
PROT:sp|P38321|YB75_YEAST	sp|P38321|YB75_YEAST		YBR225W	Uncharacterized protein YBR225W	0.00036170505	YBR225W — Uncharacterized protein YBR225W	search FASTA description + reference GFF	26.906429880249863
PROT:sp|P38323|CLPX_YEAST	sp|P38323|CLPX_YEAST		MCX1	ATP-dependent clpX-like chaperone, mitochondrial	0.00035489036	MCX1 — ATP-dependent clpX-like chaperone, mitochondrial	search FASTA description + reference GFF	29.486038500003747
PROT:sp|P38325|OM14_YEAST	sp|P38325|OM14_YEAST		OM14	Mitochondrial outer membrane protein OM14	0.00035489036	OM14 — Mitochondrial outer membrane protein OM14	search FASTA description + reference GFF	29.689292028338144
PROT:sp|P38328|ARPC1_YEAST	sp|P38328|ARPC1_YEAST		ARC40	Actin-related protein 2/3 complex subunit 1	0.00035489036	ARC40 — Actin-related protein 2/3 complex subunit 1	search FASTA description + reference GFF	29.939791535217125
PROT:sp|P38331|YB92_YEAST	sp|P38331|YB92_YEAST		YBR242W	5'-deoxynucleotidase YBR242W	0.0007442837	YBR242W — 5'-deoxynucleotidase YBR242W	search FASTA description + reference GFF	26.664967131828547
PROT:sp|P38333|ENP1_YEAST	sp|P38333|ENP1_YEAST		ENP1	Essential nuclear protein 1	0.00035489036	ENP1 — Essential nuclear protein 1	search FASTA description + reference GFF	29.607474143538365
PROT:sp|P38339|RGD1_YEAST	sp|P38339|RGD1_YEAST		RGD1	RHO GTPase-activating protein RGD1	0.00035489036	RGD1 — RHO GTPase-activating protein RGD1	search FASTA description + reference GFF	27.93490794865726
PROT:sp|P38340|NTM1_YEAST	sp|P38340|NTM1_YEAST		TAE1	Alpha N-terminal protein methyltransferase 1	0.00035489036	TAE1 — Alpha N-terminal protein methyltransferase 1	search FASTA description + reference GFF	26.57987204102577
PROT:sp|P38341|MIC12_YEAST	sp|P38341|MIC12_YEAST		MIC12	MICOS complex subunit MIC12	0.00035489036	MIC12 — MICOS complex subunit MIC12	search FASTA description + reference GFF	29.406012423717968
PROT:sp|P38348|HSM3_YEAST	sp|P38348|HSM3_YEAST		HSM3	DNA mismatch repair protein HSM3	0.00035489036	HSM3 — DNA mismatch repair protein HSM3	search FASTA description + reference GFF	23.074719167494106
PROT:sp|P38349|UBX7_YEAST	sp|P38349|UBX7_YEAST		UBX7	UBX domain-containing protein 7	0.00035489036	UBX7 — UBX domain-containing protein 7	search FASTA description + reference GFF	25.32375412495696
PROT:sp|P38351|PAF1_YEAST	sp|P38351|PAF1_YEAST		PAF1	RNA polymerase II-associated protein 1	0.00035489036	PAF1 — RNA polymerase II-associated protein 1	search FASTA description + reference GFF	29.05227734248328
PROT:sp|P38353|SSH1_YEAST	sp|P38353|SSH1_YEAST		SSH1	Sec sixty-one protein homolog	0.00035489036	SSH1 — Sec sixty-one protein homolog	search FASTA description + reference GFF	29.51510432681233
PROT:sp|P38426|TPS3_YEAST	sp|P38426|TPS3_YEAST		TPS3	Trehalose synthase complex regulatory subunit TPS3	0.00035489036	TPS3 — Trehalose synthase complex regulatory subunit TPS3	search FASTA description + reference GFF	28.796558144365772
PROT:sp|P38427|TSL1_YEAST	sp|P38427|TSL1_YEAST		TSL1	Trehalose synthase complex regulatory subunit TSL1	0.00035489036	TSL1 — Trehalose synthase complex regulatory subunit TSL1	search FASTA description + reference GFF	32.33331069376271
PROT:sp|P38431|IF5_YEAST	sp|P38431|IF5_YEAST		TIF5	Eukaryotic translation initiation factor 5	0.00035489036	TIF5 — Eukaryotic translation initiation factor 5	search FASTA description + reference GFF	34.36444440247708
PROT:sp|P38439|LEO1_YEAST	sp|P38439|LEO1_YEAST		LEO1	RNA polymerase-associated protein LEO1	0.00035489036	LEO1 — RNA polymerase-associated protein LEO1	search FASTA description + reference GFF	28.19196988684002
PROT:sp|P38523|GRPE_YEAST	sp|P38523|GRPE_YEAST		MGE1	GrpE protein homolog, mitochondrial	0.00035489036	MGE1 — GrpE protein homolog, mitochondrial	search FASTA description + reference GFF	33.537357227384526
PROT:sp|P38555|YPT31_YEAST	sp|P38555|YPT31_YEAST		YPT31	GTP-binding protein YPT31/YPT8	0.00035489036	YPT31 — GTP-binding protein YPT31/YPT8	search FASTA description + reference GFF	30.8047933531003
PROT:sp|P38604|ERG7_YEAST	sp|P38604|ERG7_YEAST		ERG7	Lanosterol synthase ERG7	0.00035489036	ERG7 — Lanosterol synthase ERG7	search FASTA description + reference GFF	23.07536732406893
PROT:sp|P38615|RIM11_YEAST	sp|P38615|RIM11_YEAST		RIM11	Serine/threonine-protein kinase RIM11/MSD1	0.00035489036	RIM11 — Serine/threonine-protein kinase RIM11/MSD1	search FASTA description + reference GFF	28.44153029547138
PROT:sp|P38616|YGP1_YEAST	sp|P38616|YGP1_YEAST		YGP1	Protein YGP1	0.00035489036	YGP1 — Protein YGP1	search FASTA description + reference GFF	34.27988899333469
PROT:sp|P38620|KPR2_YEAST	sp|P38620|KPR2_YEAST		PRS2	Ribose-phosphate pyrophosphokinase 2	0.00035489036	PRS2 — Ribose-phosphate pyrophosphokinase 2	search FASTA description + reference GFF	29.589038073265947
PROT:sp|P38623|RCK2_YEAST	sp|P38623|RCK2_YEAST		RCK2	Serine/threonine-protein kinase RCK2	0.00035489036	RCK2 — Serine/threonine-protein kinase RCK2	search FASTA description + reference GFF	27.166002592932774
PROT:sp|P38624|PSB1_YEAST	sp|P38624|PSB1_YEAST		PRE3	Proteasome subunit beta type-1	0.00035489036	PRE3 — Proteasome subunit beta type-1	search FASTA description + reference GFF	31.3975807684091
PROT:sp|P38625|GUAA_YEAST	sp|P38625|GUAA_YEAST		GUA1	GMP synthase	0.00035489036	GUA1 — GMP synthase	search FASTA description + reference GFF	33.98242616804206
PROT:sp|P38626|NCB5R_YEAST	sp|P38626|NCB5R_YEAST		CBR1	NADH-cytochrome b5 reductase 1	0.00035489036	CBR1 — NADH-cytochrome b5 reductase 1	search FASTA description + reference GFF	32.60301149025945
PROT:sp|P38627|URA8_YEAST	sp|P38627|URA8_YEAST		URA8	CTP synthase 2	0.00035489036	URA8 — CTP synthase 2	search FASTA description + reference GFF	29.293483891589464
PROT:sp|P38628|AGM1_YEAST	sp|P38628|AGM1_YEAST		PCM1	Phosphoacetylglucosamine mutase	0.00035489036	PCM1 — Phosphoacetylglucosamine mutase	search FASTA description + reference GFF	31.701687815447418
PROT:sp|P38629|RFC3_YEAST	sp|P38629|RFC3_YEAST		RFC3	Replication factor C subunit 3	0.00035489036	RFC3 — Replication factor C subunit 3	search FASTA description + reference GFF	29.783517374830243
PROT:sp|P38630|RFC1_YEAST	sp|P38630|RFC1_YEAST		RFC1	Replication factor C subunit 1	0.00035489036	RFC1 — Replication factor C subunit 1	search FASTA description + reference GFF	28.86336753819996
PROT:sp|P38631|FKS1_YEAST	sp|P38631|FKS1_YEAST		FKS1	1,3-beta-glucan synthase component FKS1	0.00035489036	FKS1 — 1,3-beta-glucan synthase component FKS1	search FASTA description + reference GFF	28.77254894229066
PROT:sp|P38634|SIC1_YEAST	sp|P38634|SIC1_YEAST		SIC1	Protein SIC1	0.00035489036	SIC1 — Protein SIC1	search FASTA description + reference GFF	28.330321747646703
PROT:sp|P38635|HIS9_YEAST	sp|P38635|HIS9_YEAST		HIS2	Histidinol-phosphatase	0.00035489036	HIS2 — Histidinol-phosphatase	search FASTA description + reference GFF	24.749789678959697
PROT:sp|P38636|ATX1_YEAST	sp|P38636|ATX1_YEAST		ATX1	Copper chaperone ATX1	0.00035489036	ATX1 — Copper chaperone ATX1	search FASTA description + reference GFF	29.2379597570118
PROT:sp|P38682|GLO3_YEAST	sp|P38682|GLO3_YEAST		GLO3	ADP-ribosylation factor GTPase-activating protein GLO3	0.00035489036	GLO3 — ADP-ribosylation factor GTPase-activating protein GLO3	search FASTA description + reference GFF	31.57753925200604
PROT:sp|P38687|SRP68_YEAST	sp|P38687|SRP68_YEAST		SRP68	Signal recognition particle subunit SRP68	0.00035489036	SRP68 — Signal recognition particle subunit SRP68	search FASTA description + reference GFF	30.477557946114132
PROT:sp|P38688|SRP72_YEAST	sp|P38688|SRP72_YEAST		SRP72	Signal recognition particle subunit SRP72	0.00035489036	SRP72 — Signal recognition particle subunit SRP72	search FASTA description + reference GFF	29.54327338860866
PROT:sp|P38689|KPR3_YEAST	sp|P38689|KPR3_YEAST		PRS3	Ribose-phosphate pyrophosphokinase 3	0.00035489036	PRS3 — Ribose-phosphate pyrophosphokinase 3	search FASTA description + reference GFF	30.99873696621414
PROT:sp|P38694|MSC7_YEAST	sp|P38694|MSC7_YEAST		MSC7	Putative aldehyde dehydrogenase-like protein YHR039C	0.00035489036	MSC7 — Putative aldehyde dehydrogenase-like protein YHR039C	search FASTA description + reference GFF	28.70948469917832
PROT:sp|P38695|HXT5_YEAST	sp|P38695|HXT5_YEAST		HXT5	Probable glucose transporter HXT5	0.00035489036	HXT5 — Probable glucose transporter HXT5	search FASTA description + reference GFF	27.67129205908585
PROT:sp|P38698|PPX1_YEAST	sp|P38698|PPX1_YEAST		PPX1	Polyphosphatase	0.00035489036	PPX1 — Polyphosphatase	search FASTA description + reference GFF	29.335443957043957
PROT:sp|P38700|APM2_YEAST	sp|P38700|APM2_YEAST		APM2	Adaptin medium chain homolog APM2	0.00035489036	APM2 — Adaptin medium chain homolog APM2	search FASTA description + reference GFF	24.45091459305041
PROT:sp|P38701|RS20_YEAST	sp|P38701|RS20_YEAST		RPS20	Small ribosomal subunit protein uS10	0.00035489036	RPS20 — Small ribosomal subunit protein uS10	search FASTA description + reference GFF	36.95869261012541
PROT:sp|P38703|LAG1_YEAST	sp|P38703|LAG1_YEAST		LAG1	Ceramide synthase LAG1	0.00035489036	LAG1 — Ceramide synthase LAG1	search FASTA description + reference GFF	28.87633164698464
PROT:sp|P38705|SYSM_YEAST	sp|P38705|SYSM_YEAST		DIA4	Serine--tRNA ligase, mitochondrial	0.00035489036	DIA4 — Serine--tRNA ligase, mitochondrial	search FASTA description + reference GFF	26.35105276213755
PROT:sp|P38707|SYNC_YEAST	sp|P38707|SYNC_YEAST		DED81	Asparagine--tRNA ligase, cytoplasmic	0.00035489036	DED81 — Asparagine--tRNA ligase, cytoplasmic	search FASTA description + reference GFF	34.366033372993165
PROT:sp|P38708|YHI0_YEAST	sp|P38708|YHI0_YEAST		YHR020W	Putative proline--tRNA ligase YHR020W	0.00035489036	YHR020W — Putative proline--tRNA ligase YHR020W	search FASTA description + reference GFF	34.16725136125924
PROT:sp|P38712|RRP3_YEAST	sp|P38712|RRP3_YEAST		RRP3	ATP-dependent rRNA helicase RRP3	0.00035489036	RRP3 — ATP-dependent rRNA helicase RRP3	search FASTA description + reference GFF	29.7173622838323
PROT:sp|P38713|OSH3_YEAST	sp|P38713|OSH3_YEAST		OSH3	Oxysterol-binding protein homolog 3	0.00035489036	OSH3 — Oxysterol-binding protein homolog 3	search FASTA description + reference GFF	24.08654857893391
PROT:sp|P38715|GRE3_YEAST	sp|P38715|GRE3_YEAST		GRE3	NADPH-dependent aldose reductase GRE3	0.00035489036	GRE3 — NADPH-dependent aldose reductase GRE3	search FASTA description + reference GFF	33.8147996349121
PROT:sp|P38716|YHR2_YEAST	sp|P38716|YHR2_YEAST		YHR112C	Uncharacterized trans-sulfuration enzyme YHR112C	0.00035489036	YHR112C — Uncharacterized trans-sulfuration enzyme YHR112C	search FASTA description + reference GFF	29.57122313468589
PROT:sp|P38719|DBP8_YEAST	sp|P38719|DBP8_YEAST		DBP8	ATP-dependent RNA helicase DBP8	0.00035489036	DBP8 — ATP-dependent RNA helicase DBP8	search FASTA description + reference GFF	27.37347624261773
PROT:sp|P38720|6PGD1_YEAST	sp|P38720|6PGD1_YEAST		GND1	6-phosphogluconate dehydrogenase, decarboxylating 1	0.00035489036	GND1 — 6-phosphogluconate dehydrogenase, decarboxylating 1	search FASTA description + reference GFF	36.61277160450255
PROT:sp|P38732|EFM1_YEAST	sp|P38732|EFM1_YEAST		EFM1	Protein-lysine N-methyltransferase EFM1	0.00035489036	EFM1 — Protein-lysine N-methyltransferase EFM1	search FASTA description + reference GFF	27.779101005738923
PROT:sp|P38736|GOSR1_YEAST	sp|P38736|GOSR1_YEAST		GOS1	Golgi SNAP receptor complex member 1	0.00035489036	GOS1 — Golgi SNAP receptor complex member 1	search FASTA description + reference GFF	27.8726738770042
PROT:sp|P38737|ECM29_YEAST	sp|P38737|ECM29_YEAST		ECM29	Proteasome component ECM29	0.00035489036	ECM29 — Proteasome component ECM29	search FASTA description + reference GFF	27.010122298812348
PROT:sp|P38738|OCA5_YEAST	sp|P38738|OCA5_YEAST		OCA5	Oxidant-induced cell-cycle arrest protein 5	0.00035489036	OCA5 — Oxidant-induced cell-cycle arrest protein 5	search FASTA description + reference GFF	25.987948132797264
PROT:sp|P38741|RIM4_YEAST	sp|P38741|RIM4_YEAST		RIM4	Meiotic activator RIM4	0.00035489036	RIM4 — Meiotic activator RIM4	search FASTA description + reference GFF	30.480928319428145
PROT:sp|P38742|NPR3_YEAST	sp|P38742|NPR3_YEAST		NPR3	Nitrogen permease regulator 3	0.00039205546	NPR3 — Nitrogen permease regulator 3	search FASTA description + reference GFF	24.58319507778473
PROT:sp|P38744|PHS_YEAST	sp|P38744|PHS_YEAST		YHL018W	Putative pterin-4-alpha-carbinolamine dehydratase	0.00036535654	YHL018W — Putative pterin-4-alpha-carbinolamine dehydratase	search FASTA description + reference GFF	27.966842614365696
PROT:sp|P38746|YLF2_YEAST	sp|P38746|YLF2_YEAST		YLF2	Obg-like ATPase homolog	0.00035489036	YLF2 — Obg-like ATPase homolog	search FASTA description + reference GFF	25.922420957063142
PROT:sp|P38747|OTU2_YEAST	sp|P38747|OTU2_YEAST		OTU2	OTU domain-containing protein 2	0.00035489036	OTU2 — OTU domain-containing protein 2	search FASTA description + reference GFF	28.15076434215496
PROT:sp|P38754|RL14B_YEAST	sp|P38754|RL14B_YEAST		RPL14B	Large ribosomal subunit protein eL14B	0.00035489036	RPL14B — Large ribosomal subunit protein eL14B	search FASTA description + reference GFF	31.22959221256705
PROT:sp|P38755|OSH7_YEAST	sp|P38755|OSH7_YEAST		OSH7	Oxysterol-binding protein homolog 7	0.00035489036	OSH7 — Oxysterol-binding protein homolog 7	search FASTA description + reference GFF	32.12846754112904
PROT:sp|P38756|TCD1_YEAST	sp|P38756|TCD1_YEAST		TCD1	tRNA threonylcarbamoyladenosine dehydratase 1	0.00040792138	TCD1 — tRNA threonylcarbamoyladenosine dehydratase 1	search FASTA description + reference GFF	24.4459487178184
PROT:sp|P38758|TDA3_YEAST	sp|P38758|TDA3_YEAST		TDA3	Putative oxidoreductase TDA3	0.00035489036	TDA3 — Putative oxidoreductase TDA3	search FASTA description + reference GFF	28.7346778326649
PROT:sp|P38759|VPS29_YEAST	sp|P38759|VPS29_YEAST		VPS29	Vacuolar protein sorting-associated protein 29	0.00035489036	VPS29 — Vacuolar protein sorting-associated protein 29	search FASTA description + reference GFF	29.24124567594856
PROT:sp|P38764|RPN1_YEAST	sp|P38764|RPN1_YEAST		RPN1	26S proteasome regulatory subunit RPN1	0.00035489036	RPN1 — 26S proteasome regulatory subunit RPN1	search FASTA description + reference GFF	32.93608177627823
PROT:sp|P38765|YHI9_YEAST	sp|P38765|YHI9_YEAST		YHI9	Uncharacterized isomerase YHI9	0.00035489036	YHI9 — Uncharacterized isomerase YHI9	search FASTA description + reference GFF	30.363131952208978
PROT:sp|P38768|PIH1_YEAST	sp|P38768|PIH1_YEAST		PIH1	Protein interacting with Hsp90 1	0.0027787779	PIH1 — Protein interacting with Hsp90 1	search FASTA description + reference GFF	26.580900095445436
PROT:sp|P38771|RRF1_YEAST	sp|P38771|RRF1_YEAST		RRF1	Ribosome-recycling factor, mitochondrial	0.00035489036	RRF1 — Ribosome-recycling factor, mitochondrial	search FASTA description + reference GFF	30.917164236283337
PROT:sp|P38773|DOG2_YEAST	sp|P38773|DOG2_YEAST		DOG2	2-deoxyglucose-6-phosphate phosphatase 2	0.00035489036	DOG2 — 2-deoxyglucose-6-phosphate phosphatase 2	search FASTA description + reference GFF	27.51522416019169
PROT:sp|P38777|FSH1_YEAST	sp|P38777|FSH1_YEAST		FSH1	Family of serine hydrolases 1	0.00035489036	FSH1 — Family of serine hydrolases 1	search FASTA description + reference GFF	31.23226178059661
PROT:sp|P38779|CIC1_YEAST	sp|P38779|CIC1_YEAST		CIC1	Proteasome-interacting protein CIC1	0.00035489036	CIC1 — Proteasome-interacting protein CIC1	search FASTA description + reference GFF	30.44949292957655
PROT:sp|P38786|RPP1_YEAST	sp|P38786|RPP1_YEAST		RPP1	Ribonuclease P/MRP protein subunit RPP1	0.00035489036	RPP1 — Ribonuclease P/MRP protein subunit RPP1	search FASTA description + reference GFF	24.835518465148265
PROT:sp|P38787|PANE_YEAST	sp|P38787|PANE_YEAST		PAN5	2-dehydropantoate 2-reductase	0.00035489036	PAN5 — 2-dehydropantoate 2-reductase	search FASTA description + reference GFF	27.32374048188346
PROT:sp|P38788|SSZ1_YEAST	sp|P38788|SSZ1_YEAST		SSZ1	Ribosome-associated complex subunit SSZ1	0.00035489036	SSZ1 — Ribosome-associated complex subunit SSZ1	search FASTA description + reference GFF	35.0196211384854
PROT:sp|P38789|SSF1_YEAST	sp|P38789|SSF1_YEAST		SSF1	Ribosome biogenesis protein SSF1	0.00035489036	SSF1 — Ribosome biogenesis protein SSF1	search FASTA description + reference GFF	25.32049558854721
PROT:sp|P38791|DHYS_YEAST	sp|P38791|DHYS_YEAST		DYS1	Deoxyhypusine synthase	0.00035489036	DYS1 — Deoxyhypusine synthase	search FASTA description + reference GFF	31.82208534978773
PROT:sp|P38792|RRP4_YEAST	sp|P38792|RRP4_YEAST		RRP4	Exosome complex component RRP4	0.00035489036	RRP4 — Exosome complex component RRP4	search FASTA description + reference GFF	25.87357953446588
PROT:sp|P38795|NADE_YEAST	sp|P38795|NADE_YEAST		QNS1	Glutamine-dependent NAD(+) synthetase	0.00035489036	QNS1 — Glutamine-dependent NAD(+) synthetase	search FASTA description + reference GFF	31.64313461655921
PROT:sp|P38798|NMD2_YEAST	sp|P38798|NMD2_YEAST		NMD2	Nonsense-mediated mRNA decay protein 2	0.00035489036	NMD2 — Nonsense-mediated mRNA decay protein 2	search FASTA description + reference GFF	25.995305252417804
PROT:sp|P38803|IPI1_YEAST	sp|P38803|IPI1_YEAST		IPI1	Pre-rRNA-processing protein IPI1	0.00035489036	IPI1 — Pre-rRNA-processing protein IPI1	search FASTA description + reference GFF	25.726230618294665
PROT:sp|P38804|SDO1L_YEAST	sp|P38804|SDO1L_YEAST		RTC3	Restriction of telomere capping protein 3	0.00035489036	RTC3 — Restriction of telomere capping protein 3	search FASTA description + reference GFF	31.733730171824288
PROT:sp|P38805|RPF1_YEAST	sp|P38805|RPF1_YEAST		RPF1	Ribosome production factor 1	0.00035489036	RPF1 — Ribosome production factor 1	search FASTA description + reference GFF	25.378766106970023
PROT:sp|P38809|YHP7_YEAST	sp|P38809|YHP7_YEAST		YHR097C	Uncharacterized protein YHR097C	0.00035489036	YHR097C — Uncharacterized protein YHR097C	search FASTA description + reference GFF	28.66846159009757
PROT:sp|P38810|SFB3_YEAST	sp|P38810|SFB3_YEAST		SFB3	SED5-binding protein 3	0.00035489036	SFB3 — SED5-binding protein 3	search FASTA description + reference GFF	30.52300645306468
PROT:sp|P38811|TRA1_YEAST	sp|P38811|TRA1_YEAST		TRA1	SAGA complex/NuA4 acetyltransferase complex subunit TRA1	0.00035489036	TRA1 — SAGA complex/NuA4 acetyltransferase complex subunit TRA1	search FASTA description + reference GFF	24.8085500209073
PROT:sp|P38812|GEP4_YEAST	sp|P38812|GEP4_YEAST		GEP4	Phosphatidylglycerophosphatase GEP4, mitochondrial	0.00035489036	GEP4 — Phosphatidylglycerophosphatase GEP4, mitochondrial	search FASTA description + reference GFF	26.561211249395093
PROT:sp|P38816|TRXB2_YEAST	sp|P38816|TRXB2_YEAST		TRR2	Thioredoxin reductase 2, mitochondrial	0.00035489036	TRR2 — Thioredoxin reductase 2, mitochondrial	search FASTA description + reference GFF	28.583029316787535
PROT:sp|P38817|GGA2_YEAST	sp|P38817|GGA2_YEAST		GGA2	ADP-ribosylation factor-binding protein GGA2	0.00035489036	GGA2 — ADP-ribosylation factor-binding protein GGA2	search FASTA description + reference GFF	31.422051932681946
PROT:sp|P38818|CTM1_YEAST	sp|P38818|CTM1_YEAST		CTM1	Cytochrome c lysine N-methyltransferase 1	0.00035489036	CTM1 — Cytochrome c lysine N-methyltransferase 1	search FASTA description + reference GFF	25.39088590983855
PROT:sp|P38819|ERP5_YEAST	sp|P38819|ERP5_YEAST		ERP5	Protein ERP5	0.00035489036	ERP5 — Protein ERP5	search FASTA description + reference GFF	27.19105601820532
PROT:sp|P38820|UBA4_YEAST	sp|P38820|UBA4_YEAST		UBA4	Adenylyltransferase and sulfurtransferase UBA4	0.00035489036	UBA4 — Adenylyltransferase and sulfurtransferase UBA4	search FASTA description + reference GFF	27.171566103899256
PROT:sp|P38821|DNPEP_YEAST	sp|P38821|DNPEP_YEAST		APE4	Aspartyl aminopeptidase 4	0.00035489036	APE4 — Aspartyl aminopeptidase 4	search FASTA description + reference GFF	32.36287200694297
PROT:sp|P38822|BZZ1_YEAST	sp|P38822|BZZ1_YEAST		BZZ1	Protein BZZ1	0.00035489036	BZZ1 — Protein BZZ1	search FASTA description + reference GFF	28.24689651815985
PROT:sp|P38825|TOM71_YEAST	sp|P38825|TOM71_YEAST		TOM71	Protein TOM71	0.00035489036	TOM71 — Protein TOM71	search FASTA description + reference GFF	28.756890914840728
PROT:sp|P38828|LSM12_YEAST	sp|P38828|LSM12_YEAST		LSM12	Protein LSM12	0.00035489036	LSM12 — Protein LSM12	search FASTA description + reference GFF	30.91430080104717
PROT:sp|P38833|YHS7_YEAST	sp|P38833|YHS7_YEAST		YHR127W	Uncharacterized protein YHR127W	0.00035489036	YHR127W — Uncharacterized protein YHR127W	search FASTA description + reference GFF	29.06309815330209
PROT:sp|P38840|ARO9_YEAST	sp|P38840|ARO9_YEAST		ARO9	Aromatic amino acid aminotransferase 2	0.00035489036	ARO9 — Aromatic amino acid aminotransferase 2	search FASTA description + reference GFF	30.33967723727936
PROT:sp|P38841|YHT8_YEAST	sp|P38841|YHT8_YEAST		YHR138C	Uncharacterized protein YHR138C	0.00035489036	YHR138C — Uncharacterized protein YHR138C	search FASTA description + reference GFF	31.700128308084768
PROT:sp|P38845|CRP1_YEAST	sp|P38845|CRP1_YEAST		CRP1	Cruciform DNA-recognizing protein 1	0.00035489036	CRP1 — Cruciform DNA-recognizing protein 1	search FASTA description + reference GFF	32.37456533509862
PROT:sp|P38850|RT107_YEAST	sp|P38850|RT107_YEAST		RTT107	Regulator of Ty1 transposition protein 107	0.0031417774	RTT107 — Regulator of Ty1 transposition protein 107	search FASTA description + reference GFF	22.504389035176164
PROT:sp|P38852|LIN1_YEAST	sp|P38852|LIN1_YEAST		LIN1	Protein LIN1	0.0054507894	LIN1 — Protein LIN1	search FASTA description + reference GFF	23.54434971982956
PROT:sp|P38853|KEL1_YEAST	sp|P38853|KEL1_YEAST		KEL1	Kelch repeat-containing protein 1	0.00035489036	KEL1 — Kelch repeat-containing protein 1	search FASTA description + reference GFF	29.40866143662384
PROT:sp|P38856|AP18A_YEAST	sp|P38856|AP18A_YEAST		YAP1801	Clathrin coat assembly protein AP180A	0.00035489036	YAP1801 — Clathrin coat assembly protein AP180A	search FASTA description + reference GFF	27.217607241570157
PROT:sp|P38858|SOL3_YEAST	sp|P38858|SOL3_YEAST		SOL3	6-phosphogluconolactonase 3	0.00035489036	SOL3 — 6-phosphogluconolactonase 3	search FASTA description + reference GFF	30.476347027768025
PROT:sp|P38861|NMD3_YEAST	sp|P38861|NMD3_YEAST		NMD3	60S ribosomal export protein NMD3	0.00035489036	NMD3 — 60S ribosomal export protein NMD3	search FASTA description + reference GFF	28.08015464073584
PROT:sp|P38862|ATG7_YEAST	sp|P38862|ATG7_YEAST		ATG7	Ubiquitin-like modifier-activating enzyme ATG7	0.00035489036	ATG7 — Ubiquitin-like modifier-activating enzyme ATG7	search FASTA description + reference GFF	28.753830999258174
PROT:sp|P38873|KOG1_YEAST	sp|P38873|KOG1_YEAST		KOG1	Target of rapamycin complex 1 subunit KOG1	0.0029397507	KOG1 — Target of rapamycin complex 1 subunit KOG1	search FASTA description + reference GFF	29.18199624123184
PROT:sp|P38875|GPI16_YEAST	sp|P38875|GPI16_YEAST		GPI16	GPI transamidase component GPI16	0.00035489036	GPI16 — GPI transamidase component GPI16	search FASTA description + reference GFF	27.927519595159023
PROT:sp|P38879|NACA_YEAST	sp|P38879|NACA_YEAST		EGD2	Nascent polypeptide-associated complex subunit alpha	0.00035489036	EGD2 — Nascent polypeptide-associated complex subunit alpha	search FASTA description + reference GFF	34.99742881185455
PROT:sp|P38882|UTP9_YEAST	sp|P38882|UTP9_YEAST		UTP9	U3 small nucleolar RNA-associated protein 9	0.00035489036	UTP9 — U3 small nucleolar RNA-associated protein 9	search FASTA description + reference GFF	26.884958638953368
PROT:sp|P38883|RIX1_YEAST	sp|P38883|RIX1_YEAST		RIX1	Pre-rRNA-processing protein RIX1	0.00035489036	RIX1 — Pre-rRNA-processing protein RIX1	search FASTA description + reference GFF	25.61369768374228
PROT:sp|P38884|AIM18_YEAST	sp|P38884|AIM18_YEAST		AIM18	Altered inheritance of mitochondria protein 18, mitochondrial	0.00035489036	AIM18 — Altered inheritance of mitochondria protein 18, mitochondrial	search FASTA description + reference GFF	28.32667196457324
PROT:sp|P38885|AIM46_YEAST	sp|P38885|AIM46_YEAST		AIM46	Altered inheritance of mitochondria protein 46, mitochondrial	0.00035489036	AIM46 — Altered inheritance of mitochondria protein 46, mitochondrial	search FASTA description + reference GFF	25.559094254912484
PROT:sp|P38886|RPN10_YEAST	sp|P38886|RPN10_YEAST		RPN10	26S proteasome regulatory subunit RPN10	0.00035489036	RPN10 — 26S proteasome regulatory subunit RPN10	search FASTA description + reference GFF	32.87092402967755
PROT:sp|P38887|5NTD_YEAST	sp|P38887|5NTD_YEAST		SMN1	5'-nucleotidase SMN1	0.00035489036	SMN1 — 5'-nucleotidase SMN1	search FASTA description + reference GFF	25.579340509498984
PROT:sp|P38889|SKN7_YEAST	sp|P38889|SKN7_YEAST		SKN7	Transcription factor SKN7	0.00035489036	SKN7 — Transcription factor SKN7	search FASTA description + reference GFF	26.23635098860141
PROT:sp|P38891|BCA1_YEAST	sp|P38891|BCA1_YEAST		BAT1	Branched-chain-amino-acid aminotransferase, mitochondrial	0.00035489036	BAT1 — Branched-chain-amino-acid aminotransferase, mitochondrial	search FASTA description + reference GFF	35.06133387627973
PROT:sp|P38902|RPB11_YEAST	sp|P38902|RPB11_YEAST		RPB11	DNA-directed RNA polymerase II subunit RPB11	0.00035489036	RPB11 — DNA-directed RNA polymerase II subunit RPB11	search FASTA description + reference GFF	31.090891177096196
PROT:sp|P38903|2A5D_YEAST	sp|P38903|2A5D_YEAST		RTS1	Serine/threonine-protein phosphatase 2A 56 kDa regulatory subunit delta isoform	0.00035489036	RTS1 — Serine/threonine-protein phosphatase 2A 56 kDa regulatory subunit delta isoform	search FASTA description + reference GFF	29.822615090652985
PROT:sp|P38910|CH10_YEAST	sp|P38910|CH10_YEAST		HSP10	10 kDa heat shock protein, mitochondrial	0.00035489036	HSP10 — 10 kDa heat shock protein, mitochondrial	search FASTA description + reference GFF	36.19284717555329
PROT:sp|P38911|FKBP3_YEAST	sp|P38911|FKBP3_YEAST		FPR3	Peptidyl-prolyl cis-trans isomerase	0.00035489036	FPR3 — Peptidyl-prolyl cis-trans isomerase	search FASTA description + reference GFF	32.51196398517432
PROT:sp|P38912|IF1A_YEAST	sp|P38912|IF1A_YEAST		TIF11	Eukaryotic translation initiation factor 1A	0.00035489036	TIF11 — Eukaryotic translation initiation factor 1A	search FASTA description + reference GFF	30.893315044748423
PROT:sp|P38913|FAD1_YEAST	sp|P38913|FAD1_YEAST		FAD1	FAD synthase	0.00035489036	FAD1 — FAD synthase	search FASTA description + reference GFF	25.80308609423068
PROT:sp|P38915|SPT8_YEAST	sp|P38915|SPT8_YEAST		SPT8	SAGA complex subunit SPT8	0.004659583	SPT8 — SAGA complex subunit SPT8	search FASTA description + reference GFF	25.96249780505945
PROT:sp|P38920|MLH1_YEAST	sp|P38920|MLH1_YEAST		MLH1	DNA mismatch repair protein MLH1	0.00035557183	MLH1 — DNA mismatch repair protein MLH1	search FASTA description + reference GFF	24.50121685029361
PROT:sp|P38922|HRB1_YEAST	sp|P38922|HRB1_YEAST		HRB1	Serine/arginine (SR)-type shuttling mRNA binding protein HRB1	0.00035489036	HRB1 — Serine/arginine (SR)-type shuttling mRNA binding protein HRB1	search FASTA description + reference GFF	28.402487400200386
PROT:sp|P38929|ATC2_YEAST	sp|P38929|ATC2_YEAST		PMC1	Calcium-transporting ATPase 2	0.00035489036	PMC1 — Calcium-transporting ATPase 2	search FASTA description + reference GFF	29.66257012272854
PROT:sp|P38930|CSK2C_YEAST	sp|P38930|CSK2C_YEAST		CKB2	Casein kinase II subunit beta'	0.00035489036	CKB2 — Casein kinase II subunit beta'	search FASTA description + reference GFF	29.40390167131925
PROT:sp|P38932|VPS45_YEAST	sp|P38932|VPS45_YEAST		VPS45	Vacuolar protein sorting-associated protein 45	0.00035489036	VPS45 — Vacuolar protein sorting-associated protein 45	search FASTA description + reference GFF	28.171933078928625
PROT:sp|P38934|BFR1_YEAST	sp|P38934|BFR1_YEAST		BFR1	Nuclear segregation protein BFR1	0.00035489036	BFR1 — Nuclear segregation protein BFR1	search FASTA description + reference GFF	34.275413569880904
PROT:sp|P38958|PT100_YEAST	sp|P38958|PT100_YEAST		PET100	Protein PET100, mitochondrial	0.0011252371	PET100 — Protein PET100, mitochondrial	search FASTA description + reference GFF	24.22038102353156
PROT:sp|P38968|SEC31_YEAST	sp|P38968|SEC31_YEAST		SEC31	Protein transport protein SEC31	0.00035489036	SEC31 — Protein transport protein SEC31	search FASTA description + reference GFF	34.008236120201694
PROT:sp|P38970|HAL5_YEAST	sp|P38970|HAL5_YEAST		HAL5	Serine/threonine-protein kinase HAL5	0.00035489036	HAL5 — Serine/threonine-protein kinase HAL5	search FASTA description + reference GFF	25.42697657725081
PROT:sp|P38972|PUR4_YEAST	sp|P38972|PUR4_YEAST		ADE6	Phosphoribosylformylglycinamidine synthase	0.00035489036	ADE6 — Phosphoribosylformylglycinamidine synthase	search FASTA description + reference GFF	34.483892238579216
PROT:sp|P38985|SRP14_YEAST	sp|P38985|SRP14_YEAST		SRP14	Signal recognition particle subunit SRP14	0.00035489036	SRP14 — Signal recognition particle subunit SRP14	search FASTA description + reference GFF	28.885696563380108
PROT:sp|P38986|ASPG1_YEAST	sp|P38986|ASPG1_YEAST		ASP1	L-asparaginase 1	0.00035489036	ASP1 — L-asparaginase 1	search FASTA description + reference GFF	30.21971689720773
PROT:sp|P38988|GGC1_YEAST	sp|P38988|GGC1_YEAST		GGC1	Mitochondrial GTP/GDP carrier protein 1	0.00035489036	GGC1 — Mitochondrial GTP/GDP carrier protein 1	search FASTA description + reference GFF	33.98043455912786
PROT:sp|P38996|NAB3_YEAST	sp|P38996|NAB3_YEAST		NAB3	Nuclear polyadenylated RNA-binding protein 3	0.00035489036	NAB3 — Nuclear polyadenylated RNA-binding protein 3	search FASTA description + reference GFF	29.09414547528355
PROT:sp|P38998|LYS1_YEAST	sp|P38998|LYS1_YEAST		LYS1	Saccharopine dehydrogenase	0.00035489036	LYS1 — Saccharopine dehydrogenase	search FASTA description + reference GFF	32.16988388446696
PROT:sp|P38999|LYS9_YEAST	sp|P38999|LYS9_YEAST		LYS9	Saccharopine dehydrogenase	0.00035489036	LYS9 — Saccharopine dehydrogenase	search FASTA description + reference GFF	37.07718393824991
PROT:sp|P39003|HXT6_YEAST	sp|P39003|HXT6_YEAST		HXT6	High-affinity hexose transporter HXT6	0.00035489036	HXT6 — High-affinity hexose transporter HXT6	search FASTA description + reference GFF	30.82338978921901
PROT:sp|P39004|HXT7_YEAST	sp|P39004|HXT7_YEAST		HXT7	High-affinity hexose transporter HXT7	0.00035489036	HXT7 — High-affinity hexose transporter HXT7	search FASTA description + reference GFF	33.4109558514942
PROT:sp|P39006|PSD1_YEAST	sp|P39006|PSD1_YEAST		PSD1	Phosphatidylserine decarboxylase proenzyme 1, mitochondrial	0.00035489036	PSD1 — Phosphatidylserine decarboxylase proenzyme 1, mitochondrial	search FASTA description + reference GFF	27.09703557055102
PROT:sp|P39007|STT3_YEAST	sp|P39007|STT3_YEAST		STT3	Dolichyl-diphosphooligosaccharide--protein glycosyltransferase subunit STT3	0.0004284064	STT3 — Dolichyl-diphosphooligosaccharide--protein glycosyltransferase subunit STT3	search FASTA description + reference GFF	25.7738731500089
PROT:sp|P39009|DUN1_YEAST	sp|P39009|DUN1_YEAST		DUN1	DNA damage response protein kinase DUN1	0.00035489036	DUN1 — DNA damage response protein kinase DUN1	search FASTA description + reference GFF	26.50839878329724
PROT:sp|P39010|AKR1_YEAST	sp|P39010|AKR1_YEAST		AKR1	Palmitoyltransferase AKR1	0.00035489036	AKR1 — Palmitoyltransferase AKR1	search FASTA description + reference GFF	27.28832819103545
PROT:sp|P39013|END3_YEAST	sp|P39013|END3_YEAST		END3	Actin cytoskeleton-regulatory complex protein END3	0.00035489036	END3 — Actin cytoskeleton-regulatory complex protein END3	search FASTA description + reference GFF	30.2197307481441
PROT:sp|P39015|STM1_YEAST	sp|P39015|STM1_YEAST		STM1	Suppressor protein STM1	0.00035489036	STM1 — Suppressor protein STM1	search FASTA description + reference GFF	36.32790795381618
PROT:sp|P39076|TCPB_YEAST	sp|P39076|TCPB_YEAST		CCT2	T-complex protein 1 subunit beta	0.00035489036	CCT2 — T-complex protein 1 subunit beta	search FASTA description + reference GFF	32.59162161854109
PROT:sp|P39077|TCPG_YEAST	sp|P39077|TCPG_YEAST		CCT3	T-complex protein 1 subunit gamma	0.00035489036	CCT3 — T-complex protein 1 subunit gamma	search FASTA description + reference GFF	33.251520669020955
PROT:sp|P39078|TCPD_YEAST	sp|P39078|TCPD_YEAST		CCT4	T-complex protein 1 subunit delta	0.00035489036	CCT4 — T-complex protein 1 subunit delta	search FASTA description + reference GFF	33.565392287490845
PROT:sp|P39079|TCPZ_YEAST	sp|P39079|TCPZ_YEAST		CCT6	T-complex protein 1 subunit zeta	0.00035489036	CCT6 — T-complex protein 1 subunit zeta	search FASTA description + reference GFF	33.18654032007272
PROT:sp|P39081|PCF11_YEAST	sp|P39081|PCF11_YEAST		PCF11	Protein PCF11	0.00035489036	PCF11 — Protein PCF11	search FASTA description + reference GFF	26.10752702693464
PROT:sp|P39101|CAJ1_YEAST	sp|P39101|CAJ1_YEAST		CAJ1	Protein CAJ1	0.00035489036	CAJ1 — Protein CAJ1	search FASTA description + reference GFF	33.264729375710075
PROT:sp|P39102|XDJ1_YEAST	sp|P39102|XDJ1_YEAST		XDJ1	DnaJ protein homolog XDJ1	0.00035489036	XDJ1 — DnaJ protein homolog XDJ1	search FASTA description + reference GFF	26.71228549280232
PROT:sp|P39104|PIK1_YEAST	sp|P39104|PIK1_YEAST		PIK1	Phosphatidylinositol 4-kinase PIK1	0.00047753073	PIK1 — Phosphatidylinositol 4-kinase PIK1	search FASTA description + reference GFF	25.811989824975644
PROT:sp|P39106|MNN1_YEAST	sp|P39106|MNN1_YEAST		MNN1	Alpha-1,3-mannosyltransferase MNN1	0.00035489036	MNN1 — Alpha-1,3-mannosyltransferase MNN1	search FASTA description + reference GFF	25.465625173661707
PROT:sp|P39107|MNN9_YEAST	sp|P39107|MNN9_YEAST		MNN9	Mannan polymerase complexes subunit MNN9	0.00035489036	MNN9 — Mannan polymerase complexes subunit MNN9	search FASTA description + reference GFF	30.38872488247001
PROT:sp|P39108|PEX7_YEAST	sp|P39108|PEX7_YEAST		PEX7	Peroxisomal targeting signal 2 receptor	0.0015154816	PEX7 — Peroxisomal targeting signal 2 receptor	search FASTA description + reference GFF	23.97116811363841
PROT:sp|P39109|YCFI_YEAST	sp|P39109|YCFI_YEAST		YCF1	Metal resistance protein YCF1	0.00035489036	YCF1 — Metal resistance protein YCF1	search FASTA description + reference GFF	28.028615509815264
PROT:sp|P39111|VATF_YEAST	sp|P39111|VATF_YEAST		VMA7	V-type proton ATPase subunit F	0.00035489036	VMA7 — V-type proton ATPase subunit F	search FASTA description + reference GFF	27.87513804690478
PROT:sp|P39112|DSS1_YEAST	sp|P39112|DSS1_YEAST		DSS1	Exoribonuclease II, mitochondrial	0.00035489036	DSS1 — Exoribonuclease II, mitochondrial	search FASTA description + reference GFF	23.73882984398048
PROT:sp|P39517|DHH1_YEAST	sp|P39517|DHH1_YEAST		DHH1	ATP-dependent RNA helicase DHH1	0.00035489036	DHH1 — ATP-dependent RNA helicase DHH1	search FASTA description + reference GFF	31.33535899330864
PROT:sp|P39518|LCF2_YEAST	sp|P39518|LCF2_YEAST		FAA2	Long-chain-fatty-acid--CoA ligase 2	0.00035489036	FAA2 — Long-chain-fatty-acid--CoA ligase 2	search FASTA description + reference GFF	33.67802892556214
PROT:sp|P39522|ILV3_YEAST	sp|P39522|ILV3_YEAST		ILV3	Dihydroxy-acid dehydratase, mitochondrial	0.00035489036	ILV3 — Dihydroxy-acid dehydratase, mitochondrial	search FASTA description + reference GFF	34.741644560530275
PROT:sp|P39525|CEM1_YEAST	sp|P39525|CEM1_YEAST		CEM1	3-oxoacyl-[acyl-carrier-protein] synthase homolog	0.00035489036	CEM1 — 3-oxoacyl-[acyl-carrier-protein] synthase homolog	search FASTA description + reference GFF	28.288810252694816
PROT:sp|P39531|RCY1_YEAST	sp|P39531|RCY1_YEAST		RCY1	Recyclin-1	0.00035489036	RCY1 — Recyclin-1	search FASTA description + reference GFF	23.90739007403233
PROT:sp|P39533|ACON2_YEAST	sp|P39533|ACON2_YEAST		ACO2	Homocitrate dehydratase, mitochondrial	0.00035489036	ACO2 — Homocitrate dehydratase, mitochondrial	search FASTA description + reference GFF	34.01657049647145
PROT:sp|P39543|SOP4_YEAST	sp|P39543|SOP4_YEAST		SOP4	Protein SOP4	0.00035489036	SOP4 — Protein SOP4	search FASTA description + reference GFF	26.633817811122352
PROT:sp|P39676|FHP_YEAST	sp|P39676|FHP_YEAST		YHB1	Flavohemoprotein	0.00035489036	YHB1 — Flavohemoprotein	search FASTA description + reference GFF	36.43820532294525
PROT:sp|P39678|MBP1_YEAST	sp|P39678|MBP1_YEAST		MBP1	Transcription factor MBP1	0.00035516586	MBP1 — Transcription factor MBP1	search FASTA description + reference GFF	23.75561817090624
PROT:sp|P39682|PRP39_YEAST	sp|P39682|PRP39_YEAST		PRP39	Pre-mRNA-processing factor 39	0.00035489036	PRP39 — Pre-mRNA-processing factor 39	search FASTA description + reference GFF	25.2797239526774
PROT:sp|P39683|NPT1_YEAST	sp|P39683|NPT1_YEAST		NPT1	Nicotinate phosphoribosyltransferase	0.00035489036	NPT1 — Nicotinate phosphoribosyltransferase	search FASTA description + reference GFF	31.925967830722904
PROT:sp|P39685|PO152_YEAST	sp|P39685|PO152_YEAST		POM152	Nucleoporin POM152	0.00035489036	POM152 — Nucleoporin POM152	search FASTA description + reference GFF	29.05492188148433
PROT:sp|P39692|MET10_YEAST	sp|P39692|MET10_YEAST		MET10	Sulfite reductase [NADPH] flavoprotein component	0.00035489036	MET10 — Sulfite reductase [NADPH] flavoprotein component	search FASTA description + reference GFF	34.43199496594773
PROT:sp|P39704|ERP2_YEAST	sp|P39704|ERP2_YEAST		ERP2	Protein ERP2	0.00035489036	ERP2 — Protein ERP2	search FASTA description + reference GFF	26.369029867598805
PROT:sp|P39705|NUP60_YEAST	sp|P39705|NUP60_YEAST		NUP60	Nucleoporin NUP60	0.00035489036	NUP60 — Nucleoporin NUP60	search FASTA description + reference GFF	27.689616574061343
PROT:sp|P39708|DHE5_YEAST	sp|P39708|DHE5_YEAST		GDH3	NADP-specific glutamate dehydrogenase 2	0.00035489036	GDH3 — NADP-specific glutamate dehydrogenase 2	search FASTA description + reference GFF	30.914367205196942
PROT:sp|P39714|BDH1_YEAST	sp|P39714|BDH1_YEAST		BDH1	(R,R)-butanediol dehydrogenase	0.00035489036	BDH1 — (R,R)-butanediol dehydrogenase	search FASTA description + reference GFF	33.939253721882814
PROT:sp|P39719|FLC2_YEAST	sp|P39719|FLC2_YEAST		FLC2	Flavin carrier protein 2	0.00035489036	FLC2 — Flavin carrier protein 2	search FASTA description + reference GFF	27.79971012635276
PROT:sp|P39721|AIM2_YEAST	sp|P39721|AIM2_YEAST		AIM2	Protein AIM2	0.00035489036	AIM2 — Protein AIM2	search FASTA description + reference GFF	31.909606409556567
PROT:sp|P39724|BOL3_YEAST	sp|P39724|BOL3_YEAST		BOL3	BolA-like protein 3	0.00035489036	BOL3 — BolA-like protein 3	search FASTA description + reference GFF	26.763856965714133
PROT:sp|P39726|GCSH_YEAST	sp|P39726|GCSH_YEAST		GCV3	Glycine cleavage system H protein, mitochondrial	0.00035489036	GCV3 — Glycine cleavage system H protein, mitochondrial	search FASTA description + reference GFF	32.02213952309598
PROT:sp|P39727|ERV46_YEAST	sp|P39727|ERV46_YEAST		ERV46	ER-derived vesicles protein ERV46	0.00035489036	ERV46 — ER-derived vesicles protein ERV46	search FASTA description + reference GFF	27.579310890860413
PROT:sp|P39729|RBG1_YEAST	sp|P39729|RBG1_YEAST		RBG1	Ribosome-interacting GTPase 1	0.00035489036	RBG1 — Ribosome-interacting GTPase 1	search FASTA description + reference GFF	29.0266526486182
PROT:sp|P39730|IF2P_YEAST	sp|P39730|IF2P_YEAST		FUN12	Eukaryotic translation initiation factor 5B	0.00035489036	FUN12 — Eukaryotic translation initiation factor 5B	search FASTA description + reference GFF	33.10344782348368
PROT:sp|P39743|RV167_YEAST	sp|P39743|RV167_YEAST		RVS167	Reduced viability upon starvation protein 167	0.00035489036	RVS167 — Reduced viability upon starvation protein 167	search FASTA description + reference GFF	31.389565930286093
PROT:sp|P39744|NOC2_YEAST	sp|P39744|NOC2_YEAST		NOC2	Nucleolar complex protein 2	0.00035489036	NOC2 — Nucleolar complex protein 2	search FASTA description + reference GFF	31.38894056079162
PROT:sp|P39925|AFG3_YEAST	sp|P39925|AFG3_YEAST		AFG3	Mitochondrial inner membrane m-AAA protease component YTA10	0.00035489036	AFG3 — Mitochondrial inner membrane m-AAA protease component YTA10	search FASTA description + reference GFF	28.874389408975457
PROT:sp|P39926|SSO2_YEAST	sp|P39926|SSO2_YEAST		SSO2	Protein SSO2	0.00035489036	SSO2 — Protein SSO2	search FASTA description + reference GFF	31.74435471198899
PROT:sp|P39929|SNF7_YEAST	sp|P39929|SNF7_YEAST		SNF7	Vacuolar-sorting protein SNF7	0.00035489036	SNF7 — Vacuolar-sorting protein SNF7	search FASTA description + reference GFF	27.028911343213057
PROT:sp|P39931|SS120_YEAST	sp|P39931|SS120_YEAST		SSP120	Protein SSP120	0.00035489036	SSP120 — Protein SSP120	search FASTA description + reference GFF	32.8589937509121
PROT:sp|P39935|IF4F1_YEAST	sp|P39935|IF4F1_YEAST		TIF4631	Eukaryotic initiation factor 4F subunit p150	0.00035489036	TIF4631 — Eukaryotic initiation factor 4F subunit p150	search FASTA description + reference GFF	33.54774791125811
PROT:sp|P39936|IF4F2_YEAST	sp|P39936|IF4F2_YEAST		TIF4632	Eukaryotic initiation factor 4F subunit p130	0.00035489036	TIF4632 — Eukaryotic initiation factor 4F subunit p130	search FASTA description + reference GFF	30.00115891580997
PROT:sp|P39938|RS26A_YEAST	sp|P39938|RS26A_YEAST		RPS26A	Small ribosomal subunit protein eS26A	0.00035489036	RPS26A — Small ribosomal subunit protein eS26A	search FASTA description + reference GFF	32.049995859305646
PROT:sp|P39939|RS26B_YEAST	sp|P39939|RS26B_YEAST		RPS26B	Small ribosomal subunit protein eS26B	0.00035489036	RPS26B — Small ribosomal subunit protein eS26B	search FASTA description + reference GFF	31.17024230319849
PROT:sp|P39940|RSP5_YEAST	sp|P39940|RSP5_YEAST		RSP5	E3 ubiquitin-protein ligase RSP5	0.00035489036	RSP5 — E3 ubiquitin-protein ligase RSP5	search FASTA description + reference GFF	30.952488503560627
PROT:sp|P39945|AST2_YEAST	sp|P39945|AST2_YEAST		AST2	Protein AST2	0.00035489036	AST2 — Protein AST2	search FASTA description + reference GFF	26.884313277199126
PROT:sp|P39952|OXA1_YEAST	sp|P39952|OXA1_YEAST		OXA1	Mitochondrial inner membrane protein OXA1	0.00035489036	OXA1 — Mitochondrial inner membrane protein OXA1	search FASTA description + reference GFF	27.637301775514214
PROT:sp|P39954|SAHH_YEAST	sp|P39954|SAHH_YEAST		SAH1	Adenosylhomocysteinase	0.00035489036	SAH1 — Adenosylhomocysteinase	search FASTA description + reference GFF	37.015933143693616
PROT:sp|P39955|SAPR1_YEAST	sp|P39955|SAPR1_YEAST		SAP1	Microtubule severing ATPase SAP1	0.00035489036	SAP1 — Microtubule severing ATPase SAP1	search FASTA description + reference GFF	23.402075051700265
PROT:sp|P39958|GDI1_YEAST	sp|P39958|GDI1_YEAST		GDI1	Rab GDP-dissociation inhibitor	0.00035489036	GDI1 — Rab GDP-dissociation inhibitor	search FASTA description + reference GFF	32.93119745161161
PROT:sp|P39960|BEM2_YEAST	sp|P39960|BEM2_YEAST		BEM2	GTPase-activating protein BEM2/IPL2	0.00035489036	BEM2 — GTPase-activating protein BEM2/IPL2	search FASTA description + reference GFF	27.65793675917465
PROT:sp|P39965|SYPM_YEAST	sp|P39965|SYPM_YEAST		AIM10	Probable proline--tRNA ligase, mitochondrial	0.00035489036	AIM10 — Probable proline--tRNA ligase, mitochondrial	search FASTA description + reference GFF	24.549978339914038
PROT:sp|P39966|PP2C2_YEAST	sp|P39966|PP2C2_YEAST		PTC2	Protein phosphatase 2C homolog 2	0.00035489036	PTC2 — Protein phosphatase 2C homolog 2	search FASTA description + reference GFF	29.20934245435311
PROT:sp|P39968|VAC8_YEAST	sp|P39968|VAC8_YEAST		VAC8	Vacuolar protein 8	0.00035489036	VAC8 — Vacuolar protein 8	search FASTA description + reference GFF	31.29007506346565
PROT:sp|P39976|DLD3_YEAST	sp|P39976|DLD3_YEAST		DLD3	D-2-hydroxyglutarate--pyruvate transhydrogenase DLD3	0.00035489036	DLD3 — D-2-hydroxyglutarate--pyruvate transhydrogenase DLD3	search FASTA description + reference GFF	34.10495169648066
PROT:sp|P39979|HPA3_YEAST	sp|P39979|HPA3_YEAST		HPA3	D-amino-acid N-acetyltransferase HPA3	0.00035489036	HPA3 — D-amino-acid N-acetyltransferase HPA3	search FASTA description + reference GFF	29.51359780764585
PROT:sp|P39985|DPO5_YEAST	sp|P39985|DPO5_YEAST		POL5	rRNA processing protein POL5	0.00035489036	POL5 — rRNA processing protein POL5	search FASTA description + reference GFF	26.953039950488854
PROT:sp|P39986|SPF1_YEAST	sp|P39986|SPF1_YEAST		SPF1	Endoplasmic reticulum transmembrane helix translocase	0.00035489036	SPF1 — Endoplasmic reticulum transmembrane helix translocase	search FASTA description + reference GFF	32.008070310237734
PROT:sp|P39987|HSP7E_YEAST	sp|P39987|HSP7E_YEAST		ECM10	Heat shock protein SSC3, mitochondrial	0.00035489036	ECM10 — Heat shock protein SSC3, mitochondrial	search FASTA description + reference GFF	30.98398973899393
PROT:sp|P39990|SNU13_YEAST	sp|P39990|SNU13_YEAST		SNU13	13 kDa ribonucleoprotein-associated protein	0.00035489036	SNU13 — 13 kDa ribonucleoprotein-associated protein	search FASTA description + reference GFF	32.07322904769465
PROT:sp|P39998|EDC3_YEAST	sp|P39998|EDC3_YEAST		EDC3	Enhancer of mRNA-decapping protein 3	0.00035489036	EDC3 — Enhancer of mRNA-decapping protein 3	search FASTA description + reference GFF	28.82657633393982
PROT:sp|P40002|MIT1_YEAST	sp|P40002|MIT1_YEAST		MIT1	Transcriptional regulator MIT1	0.00035489036	MIT1 — Transcriptional regulator MIT1	search FASTA description + reference GFF	22.54037282259513
PROT:sp|P40005|PFD2_YEAST	sp|P40005|PFD2_YEAST		GIM4	Prefoldin subunit 2	0.00035489036	GIM4 — Prefoldin subunit 2	search FASTA description + reference GFF	30.70441773133435
PROT:sp|P40007|NOP16_YEAST	sp|P40007|NOP16_YEAST		NOP16	Nucleolar protein 16	0.00035489036	NOP16 — Nucleolar protein 16	search FASTA description + reference GFF	30.229755463214907
PROT:sp|P40008|FMP52_YEAST	sp|P40008|FMP52_YEAST		FMP52	Protein FMP52, mitochondrial	0.00035489036	FMP52 — Protein FMP52, mitochondrial	search FASTA description + reference GFF	33.78058393046749
PROT:sp|P40010|NUG1_YEAST	sp|P40010|NUG1_YEAST		NUG1	Nuclear GTP-binding protein NUG1	0.00035489036	NUG1 — Nuclear GTP-binding protein NUG1	search FASTA description + reference GFF	30.935153381162035
PROT:sp|P40011|RRAAH_YEAST	sp|P40011|RRAAH_YEAST		YER010C	4-hydroxy-4-methyl-2-oxoglutarate aldolase	0.00035489036	YER010C — 4-hydroxy-4-methyl-2-oxoglutarate aldolase	search FASTA description + reference GFF	29.475766888291773
PROT:sp|P40012|PPOX_YEAST	sp|P40012|PPOX_YEAST		HEM14	Protoporphyrinogen oxidase	0.00035489036	HEM14 — Protoporphyrinogen oxidase	search FASTA description + reference GFF	27.89972089762789
PROT:sp|P40016|RPN3_YEAST	sp|P40016|RPN3_YEAST		RPN3	26S proteasome regulatory subunit RPN3	0.00035489036	RPN3 — 26S proteasome regulatory subunit RPN3	search FASTA description + reference GFF	33.25643287839867
PROT:sp|P40017|YAT2_YEAST	sp|P40017|YAT2_YEAST		YAT2	Carnitine O-acetyltransferase YAT2	0.00035489036	YAT2 — Carnitine O-acetyltransferase YAT2	search FASTA description + reference GFF	31.62988230780178
PROT:sp|P40018|RSMB_YEAST	sp|P40018|RSMB_YEAST		SMB1	Small nuclear ribonucleoprotein-associated protein B	0.00035489036	SMB1 — Small nuclear ribonucleoprotein-associated protein B	search FASTA description + reference GFF	28.00007470337215
PROT:sp|P40019|CHZ1_YEAST	sp|P40019|CHZ1_YEAST		CHZ1	Histone H2A.Z-specific chaperone CHZ1	0.0003849347	CHZ1 — Histone H2A.Z-specific chaperone CHZ1	search FASTA description + reference GFF	28.66442968940556
PROT:sp|P40022|YEM4_YEAST	sp|P40022|YEM4_YEAST		YER034W	Uncharacterized protein YER034W	0.00035489036	YER034W — Uncharacterized protein YER034W	search FASTA description + reference GFF	26.63732606277182
PROT:sp|P40024|ARB1_YEAST	sp|P40024|ARB1_YEAST		ARB1	ABC transporter ATP-binding protein ARB1	0.00035489036	ARB1 — ABC transporter ATP-binding protein ARB1	search FASTA description + reference GFF	33.68018871380572
PROT:sp|P40029|MSRA_YEAST	sp|P40029|MSRA_YEAST		MXR1	Peptide methionine sulfoxide reductase	0.00035489036	MXR1 — Peptide methionine sulfoxide reductase	search FASTA description + reference GFF	33.70874176822217
PROT:sp|P40030|ERG28_YEAST	sp|P40030|ERG28_YEAST		ERG28	Ergosterol biosynthetic protein 28	0.00035489036	ERG28 — Ergosterol biosynthetic protein 28	search FASTA description + reference GFF	29.50492310674349
PROT:sp|P40032|TPA1_YEAST	sp|P40032|TPA1_YEAST		TPA1	Prolyl 3,4-dihydroxylase TPA1	0.00035489036	TPA1 — Prolyl 3,4-dihydroxylase TPA1	search FASTA description + reference GFF	29.0246443963864
PROT:sp|P40033|RSM18_YEAST	sp|P40033|RSM18_YEAST		RSM18	Small ribosomal subunit protein bS18m	0.00035489036	RSM18 — Small ribosomal subunit protein bS18m	search FASTA description + reference GFF	29.441013265151447
PROT:sp|P40035|PIC2_YEAST	sp|P40035|PIC2_YEAST		PIC2	Mitochondrial phosphate carrier protein 2	0.00035489036	PIC2 — Mitochondrial phosphate carrier protein 2	search FASTA description + reference GFF	26.816186398856363
PROT:sp|P40036|GIP2_YEAST	sp|P40036|GIP2_YEAST		GIP2	GLC7-interacting protein 2	0.00035489036	GIP2 — GLC7-interacting protein 2	search FASTA description + reference GFF	29.717032500359934
PROT:sp|P40037|HMF1_YEAST	sp|P40037|HMF1_YEAST		HMF1	Protein HMF1	0.00035489036	HMF1 — Protein HMF1	search FASTA description + reference GFF	33.47684294310541
PROT:sp|P40038|PCL6_YEAST	sp|P40038|PCL6_YEAST		PCL6	PHO85 cyclin-6	0.00035489036	PCL6 — PHO85 cyclin-6	search FASTA description + reference GFF	25.47136680057301
PROT:sp|P40040|THO1_YEAST	sp|P40040|THO1_YEAST		THO1	Protein THO1	0.00035489036	THO1 — Protein THO1	search FASTA description + reference GFF	30.54851952192228
PROT:sp|P40043|RGI1_YEAST	sp|P40043|RGI1_YEAST		RGI1	Respiratory growth induced protein 1	0.00035489036	RGI1 — Respiratory growth induced protein 1	search FASTA description + reference GFF	30.74151268550584
PROT:sp|P40045|TDA2_YEAST	sp|P40045|TDA2_YEAST		TDA2	Topoisomerase I damage affected protein 2	0.0007706489	TDA2 — Topoisomerase I damage affected protein 2	search FASTA description + reference GFF	26.993645490514947
PROT:sp|P40046|VTC1_YEAST	sp|P40046|VTC1_YEAST		VTC1	Vacuolar transporter chaperone complex subunit 1	0.0020412095	VTC1 — Vacuolar transporter chaperone complex subunit 1	search FASTA description + reference GFF	28.34881793285099
PROT:sp|P40047|ALDH5_YEAST	sp|P40047|ALDH5_YEAST		ALD5	Aldehyde dehydrogenase 5, mitochondrial	0.00035489036	ALD5 — Aldehyde dehydrogenase 5, mitochondrial	search FASTA description + reference GFF	33.519384000391874
PROT:sp|P40052|YEQ9_YEAST	sp|P40052|YEQ9_YEAST		YER079W	Uncharacterized protein YER079W	0.00035489036	YER079W — Uncharacterized protein YER079W	search FASTA description + reference GFF	26.611957323333613
PROT:sp|P40053|AIM9_YEAST	sp|P40053|AIM9_YEAST		AIM9	Altered inheritance of mitochondria protein 9, mitochondrial	0.00035489036	AIM9 — Altered inheritance of mitochondria protein 9, mitochondrial	search FASTA description + reference GFF	31.30104036480274
PROT:sp|P40054|SERA_YEAST	sp|P40054|SERA_YEAST		SER3	D-3-phosphoglycerate dehydrogenase 1	0.00035489036	SER3 — D-3-phosphoglycerate dehydrogenase 1	search FASTA description + reference GFF	33.23072370393766
PROT:sp|P40055|UTP7_YEAST	sp|P40055|UTP7_YEAST		UTP7	U3 small nucleolar RNA-associated protein 7	0.00035489036	UTP7 — U3 small nucleolar RNA-associated protein 7	search FASTA description + reference GFF	27.12545552805911
PROT:sp|P40060|IES5_YEAST	sp|P40060|IES5_YEAST		IES5	Ino eighty subunit 5	0.007583079	IES5 — Ino eighty subunit 5	search FASTA description + reference GFF	33.044730435283014
PROT:sp|P40064|NU157_YEAST	sp|P40064|NU157_YEAST		NUP157	Nucleoporin NUP157	0.00035489036	NUP157 — Nucleoporin NUP157	search FASTA description + reference GFF	27.28924656708234
PROT:sp|P40066|GLE2_YEAST	sp|P40066|GLE2_YEAST		GLE2	mRNA export factor GLE2	0.00035489036	GLE2 — mRNA export factor GLE2	search FASTA description + reference GFF	28.20293944020767
PROT:sp|P40069|IMB4_YEAST	sp|P40069|IMB4_YEAST		KAP123	Importin subunit beta-4	0.00035489036	KAP123 — Importin subunit beta-4	search FASTA description + reference GFF	33.78614495795254
PROT:sp|P40070|LSM4_YEAST	sp|P40070|LSM4_YEAST		LSM4	LSM complex subunit LSM4	0.00035489036	LSM4 — LSM complex subunit LSM4	search FASTA description + reference GFF	30.79712758289768
PROT:sp|P40075|SCS2_YEAST	sp|P40075|SCS2_YEAST		SCS2	Vesicle-associated membrane protein-associated protein SCS2	0.00035489036	SCS2 — Vesicle-associated membrane protein-associated protein SCS2	search FASTA description + reference GFF	32.91803806338309
PROT:sp|P40078|NSA2_YEAST	sp|P40078|NSA2_YEAST		NSA2	Ribosome biogenesis protein NSA2	0.00035489036	NSA2 — Ribosome biogenesis protein NSA2	search FASTA description + reference GFF	28.91705887563681
PROT:sp|P40080|VFA1_YEAST	sp|P40080|VFA1_YEAST		VFA1	VPS4-associated protein 1	0.000540779	VFA1 — VPS4-associated protein 1	search FASTA description + reference GFF	21.69905507930114
PROT:sp|P40081|MGDP1_YEAST	sp|P40081|MGDP1_YEAST		YER134C	Putative magnesium-dependent phosphatase YER134C	0.00035489036	YER134C — Putative magnesium-dependent phosphatase YER134C	search FASTA description + reference GFF	28.05102066112345
PROT:sp|P40084|RTR1_YEAST	sp|P40084|RTR1_YEAST		RTR1	RNA polymerase II subunit B1 CTD phosphatase RTR1	0.00035489036	RTR1 — RNA polymerase II subunit B1 CTD phosphatase RTR1	search FASTA description + reference GFF	26.541542776180545
PROT:sp|P40087|DDI1_YEAST	sp|P40087|DDI1_YEAST		DDI1	DNA damage-inducible protein 1	0.00035489036	DDI1 — DNA damage-inducible protein 1	search FASTA description + reference GFF	31.789133707681252
PROT:sp|P40093|YEY6_YEAST	sp|P40093|YEY6_YEAST		YER156C	MYG1 protein YER156C	0.00035489036	YER156C — MYG1 protein YER156C	search FASTA description + reference GFF	31.59612275600616
PROT:sp|P40094|COG3_YEAST	sp|P40094|COG3_YEAST		COG3	Conserved oligomeric Golgi complex subunit 3	0.00035489036	COG3 — Conserved oligomeric Golgi complex subunit 3	search FASTA description + reference GFF	25.63909862760632
PROT:sp|P40096|NCB1_YEAST	sp|P40096|NCB1_YEAST		BUR6	Negative cofactor 2 complex subunit alpha	0.00035489036	BUR6 — Negative cofactor 2 complex subunit alpha	search FASTA description + reference GFF	29.191853092265436
PROT:sp|P40098|FMP10_YEAST	sp|P40098|FMP10_YEAST		FMP10	Uncharacterized mitochondrial membrane protein FMP10	0.00035489036	FMP10 — Uncharacterized mitochondrial membrane protein FMP10	search FASTA description + reference GFF	29.675606445763663
PROT:sp|P40106|GPP2_YEAST	sp|P40106|GPP2_YEAST		GPP2	Glycerol-1-phosphate phosphohydrolase 2	0.00035489036	GPP2 — Glycerol-1-phosphate phosphohydrolase 2	search FASTA description + reference GFF	31.817958633451635
PROT:sp|P40150|SSB2_YEAST	sp|P40150|SSB2_YEAST		SSB2	Ribosome-associated molecular chaperone SSB2	0.00035489036	SSB2 — Ribosome-associated molecular chaperone SSB2	search FASTA description + reference GFF	31.10771728211384
PROT:sp|P40154|IES2_YEAST	sp|P40154|IES2_YEAST		IES2	Ino eighty subunit 2	0.00056114286	IES2 — Ino eighty subunit 2	search FASTA description + reference GFF	24.444149688729084
PROT:sp|P40155|PEX17_YEAST	sp|P40155|PEX17_YEAST		PEX17	Peroxisomal membrane protein PEX17	0.0022498462	PEX17 — Peroxisomal membrane protein PEX17	search FASTA description + reference GFF	25.576894639391146
PROT:sp|P40157|VID27_YEAST	sp|P40157|VID27_YEAST		VID27	Vacuolar import and degradation protein 27	0.00035489036	VID27 — Vacuolar import and degradation protein 27	search FASTA description + reference GFF	28.46036798026147
PROT:sp|P40159|YNU8_YEAST	sp|P40159|YNU8_YEAST		YNL208W	Uncharacterized protein YNL208W	0.00035489036	YNL208W — Uncharacterized protein YNL208W	search FASTA description + reference GFF	32.72360892308471
PROT:sp|P40160|RIO2_YEAST	sp|P40160|RIO2_YEAST		RIO2	Serine/threonine-protein kinase RIO2	0.00035489036	RIO2 — Serine/threonine-protein kinase RIO2	search FASTA description + reference GFF	28.52278827358145
PROT:sp|P40161|RT106_YEAST	sp|P40161|RT106_YEAST		RTT106	Histone chaperone RTT106	0.00035489036	RTT106 — Histone chaperone RTT106	search FASTA description + reference GFF	26.913435572385804
PROT:sp|P40164|PP4R3_YEAST	sp|P40164|PP4R3_YEAST		PSY2	Serine/threonine-protein phosphatase 4 regulatory subunit 3	0.0007316803	PSY2 — Serine/threonine-protein phosphatase 4 regulatory subunit 3	search FASTA description + reference GFF	25.05472622826888
PROT:sp|P40165|NNRE_YEAST	sp|P40165|NNRE_YEAST		NNR1	NAD(P)H-hydrate epimerase	0.00035489036	NNR1 — NAD(P)H-hydrate epimerase	search FASTA description + reference GFF	31.389866147459603
PROT:sp|P40168|YNT5_YEAST	sp|P40168|YNT5_YEAST		YNL195C	Uncharacterized protein YNL195C	0.00035489036	YNL195C — Uncharacterized protein YNL195C	search FASTA description + reference GFF	30.041647998664637
PROT:sp|P40169|YNT4_YEAST	sp|P40169|YNT4_YEAST		YNL194C	Uncharacterized plasma membrane protein YNL194C	0.00037536814	YNL194C — Uncharacterized plasma membrane protein YNL194C	search FASTA description + reference GFF	27.818808044332517
PROT:sp|P40185|MMF1_YEAST	sp|P40185|MMF1_YEAST		MMF1	Protein MMF1, mitochondrial	0.00035489036	MMF1 — Protein MMF1, mitochondrial	search FASTA description + reference GFF	34.51088753702919
PROT:sp|P40188|RGI2_YEAST	sp|P40188|RGI2_YEAST		RGI2	Respiratory growth induced protein 2	0.00035489036	RGI2 — Respiratory growth induced protein 2	search FASTA description + reference GFF	31.556284682962524
PROT:sp|P40202|CCS1_YEAST	sp|P40202|CCS1_YEAST		CCS1	Superoxide dismutase 1 copper chaperone	0.00035489036	CCS1 — Superoxide dismutase 1 copper chaperone	search FASTA description + reference GFF	29.44876639803841
PROT:sp|P40208|GID8_YEAST	sp|P40208|GID8_YEAST		GID8	GID complex subunit 8	0.00035489036	GID8 — GID complex subunit 8	search FASTA description + reference GFF	27.30498303725157
PROT:sp|P40210|SIP5_YEAST	sp|P40210|SIP5_YEAST		SIP5	Protein SIP5	0.00035489036	SIP5 — Protein SIP5	search FASTA description + reference GFF	26.33707624158797
PROT:sp|P40212|RL13B_YEAST	sp|P40212|RL13B_YEAST		RPL13B	Large ribosomal subunit protein eL13B	0.00035489036	RPL13B — Large ribosomal subunit protein eL13B	search FASTA description + reference GFF	27.398020159892923
PROT:sp|P40215|NDH1_YEAST	sp|P40215|NDH1_YEAST		NDE1	External NADH-ubiquinone oxidoreductase 1, mitochondrial	0.00035489036	NDE1 — External NADH-ubiquinone oxidoreductase 1, mitochondrial	search FASTA description + reference GFF	34.25253913769966
PROT:sp|P40217|EIF3I_YEAST	sp|P40217|EIF3I_YEAST		TIF34	Eukaryotic translation initiation factor 3 subunit I	0.00035489036	TIF34 — Eukaryotic translation initiation factor 3 subunit I	search FASTA description + reference GFF	32.711439991049154
PROT:sp|P40218|LDO45_YEAST	sp|P40218|LDO45_YEAST		LDO45	Lipid droplet organization protein LDO45	0.00035489036	LDO45 — Lipid droplet organization protein LDO45	search FASTA description + reference GFF	29.283163687126585
PROT:sp|P40302|PSA6_YEAST	sp|P40302|PSA6_YEAST		PRE5	Proteasome subunit alpha type-6	0.00035489036	PRE5 — Proteasome subunit alpha type-6	search FASTA description + reference GFF	33.90108043287513
PROT:sp|P40303|PSA4_YEAST	sp|P40303|PSA4_YEAST		PRE6	Proteasome subunit alpha type-4	0.00035489036	PRE6 — Proteasome subunit alpha type-4	search FASTA description + reference GFF	32.62934568733723
PROT:sp|P40312|CYB5_YEAST	sp|P40312|CYB5_YEAST		CYB5	Cytochrome b5	0.00035489036	CYB5 — Cytochrome b5	search FASTA description + reference GFF	31.35933458638936
PROT:sp|P40318|DOA10_YEAST	sp|P40318|DOA10_YEAST		SSM4	ERAD-associated E3 ubiquitin-protein ligase DOA10	0.00090844213	SSM4 — ERAD-associated E3 ubiquitin-protein ligase DOA10	search FASTA description + reference GFF	24.630576365642185
PROT:sp|P40327|PRS4_YEAST	sp|P40327|PRS4_YEAST		RPT2	26S proteasome regulatory subunit 4 homolog	0.00035489036	RPT2 — 26S proteasome regulatory subunit 4 homolog	search FASTA description + reference GFF	33.564023725409946
PROT:sp|P40335|PEP8_YEAST	sp|P40335|PEP8_YEAST		PEP8	Carboxypeptidase Y-deficient protein 8	0.00035489036	PEP8 — Carboxypeptidase Y-deficient protein 8	search FASTA description + reference GFF	25.493614546546265
PROT:sp|P40339|RFC4_YEAST	sp|P40339|RFC4_YEAST		RFC4	Replication factor C subunit 4	0.00035489036	RFC4 — Replication factor C subunit 4	search FASTA description + reference GFF	28.47623645070835
PROT:sp|P40341|YTA12_YEAST	sp|P40341|YTA12_YEAST		YTA12	Mitochondrial inner membrane m-AAA protease component YTA12	0.00035489036	YTA12 — Mitochondrial inner membrane m-AAA protease component YTA12	search FASTA description + reference GFF	27.688774570358763
PROT:sp|P40343|VPS27_YEAST	sp|P40343|VPS27_YEAST		VPS27	Vacuolar protein sorting-associated protein 27	0.00035489036	VPS27 — Vacuolar protein sorting-associated protein 27	search FASTA description + reference GFF	28.44700589171956
PROT:sp|P40347|PPAL_YEAST	sp|P40347|PPAL_YEAST		LTP1	Low molecular weight phosphotyrosine protein phosphatase	0.00035489036	LTP1 — Low molecular weight phosphotyrosine protein phosphatase	search FASTA description + reference GFF	28.63422003926533
PROT:sp|P40348|RFC2_YEAST	sp|P40348|RFC2_YEAST		RFC2	Replication factor C subunit 2	0.00035489036	RFC2 — Replication factor C subunit 2	search FASTA description + reference GFF	28.59324244922778
PROT:sp|P40360|NAGS_YEAST	sp|P40360|NAGS_YEAST		ARG2	Amino-acid acetyltransferase, mitochondrial	0.00035489036	ARG2 — Amino-acid acetyltransferase, mitochondrial	search FASTA description + reference GFF	27.18582510079535
PROT:sp|P40361|YJH0_YEAST	sp|P40361|YJH0_YEAST		YJL070C	Inactive deaminase YJL070C	0.0011462286	YJL070C — Inactive deaminase YJL070C	search FASTA description + reference GFF	24.575681476032592
PROT:sp|P40362|UTP18_YEAST	sp|P40362|UTP18_YEAST		UTP18	U3 small nucleolar RNA-associated protein 18	0.00035489036	UTP18 — U3 small nucleolar RNA-associated protein 18	search FASTA description + reference GFF	28.442450149437907
PROT:sp|P40363|SFGH_YEAST	sp|P40363|SFGH_YEAST		YJL068C	S-formylglutathione hydrolase	0.00035489036	YJL068C — S-formylglutathione hydrolase	search FASTA description + reference GFF	30.89827028463033
PROT:sp|P40364|MPM1_YEAST	sp|P40364|MPM1_YEAST		MPM1	Mitochondrial peculiar membrane protein 1	0.00035489036	MPM1 — Mitochondrial peculiar membrane protein 1	search FASTA description + reference GFF	31.48730219466116
PROT:sp|P40368|NUP82_YEAST	sp|P40368|NUP82_YEAST		NUP82	Nucleoporin NUP82	0.00035489036	NUP82 — Nucleoporin NUP82	search FASTA description + reference GFF	26.738061017122213
PROT:sp|P40395|RIC1_YEAST	sp|P40395|RIC1_YEAST		RIC1	Guanine nucleotide exchange factor subunit RIC1	0.00035778026	RIC1 — Guanine nucleotide exchange factor subunit RIC1	search FASTA description + reference GFF	26.495594182968347
PROT:sp|P40413|TCPE_YEAST	sp|P40413|TCPE_YEAST		CCT5	T-complex protein 1 subunit epsilon	0.00035489036	CCT5 — T-complex protein 1 subunit epsilon	search FASTA description + reference GFF	33.21648737608319
PROT:sp|P40414|TPM2_YEAST	sp|P40414|TPM2_YEAST		TPM2	Tropomyosin-2	0.00035489036	TPM2 — Tropomyosin-2	search FASTA description + reference GFF	31.75810592909893
PROT:sp|P40416|ATM1_YEAST	sp|P40416|ATM1_YEAST		ATM1	Iron-sulfur clusters transporter ATM1, mitochondrial	0.00035489036	ATM1 — Iron-sulfur clusters transporter ATM1, mitochondrial	search FASTA description + reference GFF	26.148018413568728
PROT:sp|P40422|RPAB4_YEAST	sp|P40422|RPAB4_YEAST		RPC10	DNA-directed RNA polymerases I, II, and III subunit RPABC4	0.00035489036	RPC10 — DNA-directed RNA polymerases I, II, and III subunit RPABC4	search FASTA description + reference GFF	31.285237473819247
PROT:sp|P40433|6P21_YEAST	sp|P40433|6P21_YEAST		PFK26	6-phosphofructo-2-kinase 1	0.00035489036	PFK26 — 6-phosphofructo-2-kinase 1	search FASTA description + reference GFF	29.030142700348897
PROT:sp|P40452|COA1_YEAST	sp|P40452|COA1_YEAST		COA1	Cytochrome c oxidase assembly factor 1	0.00035489036	COA1 — Cytochrome c oxidase assembly factor 1	search FASTA description + reference GFF	29.32161077089241
PROT:sp|P40458|ATG32_YEAST	sp|P40458|ATG32_YEAST		ATG32	Autophagy-related protein 32	0.0005440278	ATG32 — Autophagy-related protein 32	search FASTA description + reference GFF	24.268218515032228
PROT:sp|P40459|PANC_YEAST	sp|P40459|PANC_YEAST		PAN6	Pantoate--beta-alanine ligase	0.00035489036	PAN6 — Pantoate--beta-alanine ligase	search FASTA description + reference GFF	27.808016050734093
PROT:sp|P40462|TM108_YEAST	sp|P40462|TM108_YEAST		TMA108	Protein TMA108	0.00035489036	TMA108 — Protein TMA108	search FASTA description + reference GFF	29.647301248693488
PROT:sp|P40469|MET18_YEAST	sp|P40469|MET18_YEAST		MET18	DNA repair/transcription protein MET18/MMS19	0.00035489036	MET18 — DNA repair/transcription protein MET18/MMS19	search FASTA description + reference GFF	27.814815220484217
PROT:sp|P40470|RRT14_YEAST	sp|P40470|RRT14_YEAST		RRT14	Regulator of rDNA transcription protein 14	0.00035489036	RRT14 — Regulator of rDNA transcription protein 14	search FASTA description + reference GFF	24.38130451556617
PROT:sp|P40471|AYR1_YEAST	sp|P40471|AYR1_YEAST		AYR1	NADPH-dependent 1-acyldihydroxyacetone phosphate reductase	0.00035489036	AYR1 — NADPH-dependent 1-acyldihydroxyacetone phosphate reductase	search FASTA description + reference GFF	31.55595147407849
PROT:sp|P40473|POG1_YEAST	sp|P40473|POG1_YEAST		POG1	Transcriptional activator POG1	0.0007254794	POG1 — Transcriptional activator POG1	search FASTA description + reference GFF	21.353867723733103
PROT:sp|P40477|NU159_YEAST	sp|P40477|NU159_YEAST		NUP159	Nucleoporin NUP159	0.00035489036	NUP159 — Nucleoporin NUP159	search FASTA description + reference GFF	28.708342648952595
PROT:sp|P40481|HPM1_YEAST	sp|P40481|HPM1_YEAST		HPM1	Histidine protein methyltransferase 1	0.00035489036	HPM1 — Histidine protein methyltransferase 1	search FASTA description + reference GFF	27.168295542429576
PROT:sp|P40482|SEC24_YEAST	sp|P40482|SEC24_YEAST		SEC24	Protein transport protein SEC24	0.00035489036	SEC24 — Protein transport protein SEC24	search FASTA description + reference GFF	32.91847084013365
PROT:sp|P40483|YIK8_YEAST	sp|P40483|YIK8_YEAST		YIL108W	Putative zinc metalloproteinase YIL108W	0.00035489036	YIL108W — Putative zinc metalloproteinase YIL108W	search FASTA description + reference GFF	29.972778119517116
PROT:sp|P40485|SLM1_YEAST	sp|P40485|SLM1_YEAST		SLM1	Phosphatidylinositol 4,5-bisphosphate-binding protein SLM1	0.00035489036	SLM1 — Phosphatidylinositol 4,5-bisphosphate-binding protein SLM1	search FASTA description + reference GFF	28.92930856133507
PROT:sp|P40487|DPH1_YEAST	sp|P40487|DPH1_YEAST		DPH1	2-(3-amino-3-carboxypropyl)histidine synthase subunit 1	0.00035489036	DPH1 — 2-(3-amino-3-carboxypropyl)histidine synthase subunit 1	search FASTA description + reference GFF	26.61841645679636
PROT:sp|P40492|FYV10_YEAST	sp|P40492|FYV10_YEAST		FYV10	GID complex subunit 9	0.00035489036	FYV10 — GID complex subunit 9	search FASTA description + reference GFF	26.16002164098539
PROT:sp|P40493|BMT5_YEAST	sp|P40493|BMT5_YEAST		BMT5	25S rRNA (uridine(2634)-N(3))-methyltransferase	0.00035489036	BMT5 — 25S rRNA (uridine(2634)-N(3))-methyltransferase	search FASTA description + reference GFF	27.56851595708105
PROT:sp|P40495|LYS12_YEAST	sp|P40495|LYS12_YEAST		LYS12	Homoisocitrate dehydrogenase, mitochondrial	0.00035489036	LYS12 — Homoisocitrate dehydrogenase, mitochondrial	search FASTA description + reference GFF	35.06283721895608
PROT:sp|P40496|RT25_YEAST	sp|P40496|RT25_YEAST		RSM25	Small ribosomal subunit protein mS23	0.00035489036	RSM25 — Small ribosomal subunit protein mS23	search FASTA description + reference GFF	30.410908175936274
PROT:sp|P40498|UTP25_YEAST	sp|P40498|UTP25_YEAST		UTP25	U3 small nucleolar RNA-associated protein 25	0.00035489036	UTP25 — U3 small nucleolar RNA-associated protein 25	search FASTA description + reference GFF	27.442451504386693
PROT:sp|P40499|ICE2_YEAST	sp|P40499|ICE2_YEAST		ICE2	Protein ICE2	0.00035489036	ICE2 — Protein ICE2	search FASTA description + reference GFF	24.035698058787474
PROT:sp|P40506|PPCS_YEAST	sp|P40506|PPCS_YEAST		CAB2	Phosphopantothenate--cysteine ligase CAB2	0.00035489036	CAB2 — Phosphopantothenate--cysteine ligase CAB2	search FASTA description + reference GFF	30.814347577103582
PROT:sp|P40509|COPE_YEAST	sp|P40509|COPE_YEAST		SEC28	Coatomer subunit epsilon	0.00035489036	SEC28 — Coatomer subunit epsilon	search FASTA description + reference GFF	29.63531242536851
PROT:sp|P40510|SER33_YEAST	sp|P40510|SER33_YEAST		SER33	D-3-phosphoglycerate dehydrogenase 2	0.00035489036	SER33 — D-3-phosphoglycerate dehydrogenase 2	search FASTA description + reference GFF	33.60506375444244
PROT:sp|P40513|MAM33_YEAST	sp|P40513|MAM33_YEAST		MAM33	Mitochondrial acidic protein MAM33	0.00035489036	MAM33 — Mitochondrial acidic protein MAM33	search FASTA description + reference GFF	31.03856595029554
PROT:sp|P40515|FIS1_YEAST	sp|P40515|FIS1_YEAST		FIS1	Mitochondrial fission 1 protein	0.00035489036	FIS1 — Mitochondrial fission 1 protein	search FASTA description + reference GFF	30.785404486217125
PROT:sp|P40517|YRB2_YEAST	sp|P40517|YRB2_YEAST		YRB2	Ran-specific GTPase-activating protein 2	0.00035489036	YRB2 — Ran-specific GTPase-activating protein 2	search FASTA description + reference GFF	28.9153007189899
PROT:sp|P40518|ARPC5_YEAST	sp|P40518|ARPC5_YEAST		ARC15	Actin-related protein 2/3 complex subunit 5	0.00035489036	ARC15 — Actin-related protein 2/3 complex subunit 5	search FASTA description + reference GFF	31.0802266512351
PROT:sp|P40523|YIF5_YEAST	sp|P40523|YIF5_YEAST		YIL055C	Uncharacterized protein YIL055C	0.00035489036	YIL055C — Uncharacterized protein YIL055C	search FASTA description + reference GFF	29.501049437019304
PROT:sp|P40525|RL34B_YEAST	sp|P40525|RL34B_YEAST		RPL34B	Large ribosomal subunit protein eL34B	0.00035489036	RPL34B — Large ribosomal subunit protein eL34B	search FASTA description + reference GFF	34.010924447856816
PROT:sp|P40527|ATC7_YEAST	sp|P40527|ATC7_YEAST		NEO1	Phospholipid-transporting ATPase NEO1	0.0004999797	NEO1 — Phospholipid-transporting ATPase NEO1	search FASTA description + reference GFF	24.541419126616745
PROT:sp|P40529|AGE2_YEAST	sp|P40529|AGE2_YEAST		AGE2	ADP-ribosylation factor GTPase-activating protein effector protein 2	0.00035489036	AGE2 — ADP-ribosylation factor GTPase-activating protein effector protein 2	search FASTA description + reference GFF	26.0899851370274
PROT:sp|P40530|PDK1_YEAST	sp|P40530|PDK1_YEAST		PKP1	[Pyruvate dehydrogenase (acetyl-transferring)] kinase 1, mitochondrial	0.00035489036	PKP1 — [Pyruvate dehydrogenase (acetyl-transferring)] kinase 1, mitochondrial	search FASTA description + reference GFF	28.31951126033721
PROT:sp|P40531|GVP36_YEAST	sp|P40531|GVP36_YEAST		GVP36	Protein GVP36	0.00035489036	GVP36 — Protein GVP36	search FASTA description + reference GFF	34.660119445748386
PROT:sp|P40533|TED1_YEAST	sp|P40533|TED1_YEAST		TED1	Protein TED1	0.00035489036	TED1 — Protein TED1	search FASTA description + reference GFF	27.56734025336784
PROT:sp|P40540|EMC5_YEAST	sp|P40540|EMC5_YEAST		EMC5	ER membrane protein complex subunit 5	0.00035489036	EMC5 — ER membrane protein complex subunit 5	search FASTA description + reference GFF	28.58582509447961
PROT:sp|P40541|SCC3_YEAST	sp|P40541|SCC3_YEAST		IRR1	Cohesin subunit SCC3	0.0004206277	IRR1 — Cohesin subunit SCC3	search FASTA description + reference GFF	23.822991157558054
PROT:sp|P40545|HIS4_YEAST	sp|P40545|HIS4_YEAST		HIS6	1-(5-phosphoribosyl)-5-[(5-phosphoribosylamino)methylideneamino] imidazole-4-carboxamide isomerase	0.00035489036	HIS6 — 1-(5-phosphoribosyl)-5-[(5-phosphoribosylamino)methylideneamino] imidazole-4-carboxamide isomerase	search FASTA description + reference GFF	27.78878602359113
PROT:sp|P40548|SNL1_YEAST	sp|P40548|SNL1_YEAST		SNL1	HSP70 co-chaperone SNL1	0.00035489036	SNL1 — HSP70 co-chaperone SNL1	search FASTA description + reference GFF	27.24791204726491
PROT:sp|P40553|DOT5_YEAST	sp|P40553|DOT5_YEAST		DOT5	Peroxiredoxin DOT5	0.00035489036	DOT5 — Peroxiredoxin DOT5	search FASTA description + reference GFF	29.01491223762233
PROT:sp|P40555|PSMD9_YEAST	sp|P40555|PSMD9_YEAST		NAS2	Probable 26S proteasome regulatory subunit p27	0.00035489036	NAS2 — Probable 26S proteasome regulatory subunit p27	search FASTA description + reference GFF	30.61107333683808
PROT:sp|P40557|EPS1_YEAST	sp|P40557|EPS1_YEAST		EPS1	ER-retained PMA1-suppressing protein 1	0.00035489036	EPS1 — ER-retained PMA1-suppressing protein 1	search FASTA description + reference GFF	27.544653105481537
PROT:sp|P40561|SGN1_YEAST	sp|P40561|SGN1_YEAST		SGN1	RNA-binding protein SGN1	0.00035489036	SGN1 — RNA-binding protein SGN1	search FASTA description + reference GFF	28.61671380400031
PROT:sp|P40563|AIM21_YEAST	sp|P40563|AIM21_YEAST		AIM21	Altered inheritance of mitochondria protein 21	0.00035489036	AIM21 — Altered inheritance of mitochondria protein 21	search FASTA description + reference GFF	29.31602115947515
PROT:sp|P40564|DJP1_YEAST	sp|P40564|DJP1_YEAST		DJP1	DnaJ-like protein 1	0.00035489036	DJP1 — DnaJ-like protein 1	search FASTA description + reference GFF	29.624060835191
PROT:sp|P40576|INA22_YEAST	sp|P40576|INA22_YEAST		INA22	Inner membrane assembly complex subunit 22	0.0007571032	INA22 — Inner membrane assembly complex subunit 22	search FASTA description + reference GFF	29.330319562194447
PROT:sp|P40579|NRE1_YEAST	sp|P40579|NRE1_YEAST		NRE1	Benzil reductase ((S)-benzoin forming) NRE1	0.00035489036	NRE1 — Benzil reductase ((S)-benzoin forming) NRE1	search FASTA description + reference GFF	30.268332990557862
PROT:sp|P40580|BZRD_YEAST	sp|P40580|BZRD_YEAST		IRC24	Benzil reductase ((S)-benzoin forming) IRC24	0.00035489036	IRC24 — Benzil reductase ((S)-benzoin forming) IRC24	search FASTA description + reference GFF	31.834877686163058
PROT:sp|P40581|GPX3_YEAST	sp|P40581|GPX3_YEAST		HYR1	Glutathione peroxidase-like peroxiredoxin HYR1	0.00035489036	HYR1 — Glutathione peroxidase-like peroxiredoxin HYR1	search FASTA description + reference GFF	33.681850230908175
PROT:sp|P40582|GST1_YEAST	sp|P40582|GST1_YEAST		GTT1	Glutathione S-transferase 1	0.00035489036	GTT1 — Glutathione S-transferase 1	search FASTA description + reference GFF	31.65422054060295
PROT:sp|P40693|RLP7_YEAST	sp|P40693|RLP7_YEAST		RLP7	Ribosome biogenesis protein RLP7	0.00035489036	RLP7 — Ribosome biogenesis protein RLP7	search FASTA description + reference GFF	30.736761784396396
PROT:sp|P40825|SYA_YEAST	sp|P40825|SYA_YEAST		ALA1	Alanine--tRNA ligase, mitochondrial	0.00035489036	ALA1 — Alanine--tRNA ligase, mitochondrial	search FASTA description + reference GFF	35.0732713744123
PROT:sp|P40850|MKT1_YEAST	sp|P40850|MKT1_YEAST		MKT1	Post-transcriptional regulator MKT1	0.00035489036	MKT1 — Post-transcriptional regulator MKT1	search FASTA description + reference GFF	29.754753403842454
PROT:sp|P40858|RN49_YEAST	sp|P40858|RN49_YEAST		MRPL49	Large ribosomal subunit protein bL21m	0.00035489036	MRPL49 — Large ribosomal subunit protein bL21m	search FASTA description + reference GFF	30.64234879153623
PROT:sp|P40893|REE1_YEAST	sp|P40893|REE1_YEAST		REE1	Regulation of enolase protein 1	0.00035489036	REE1 — Regulation of enolase protein 1	search FASTA description + reference GFF	32.180347220496856
PROT:sp|P40955|CHS6_YEAST	sp|P40955|CHS6_YEAST		CHS6	Chitin biosynthesis protein CHS6	0.0019175999	CHS6 — Chitin biosynthesis protein CHS6	search FASTA description + reference GFF	23.344965526549437
PROT:sp|P40956|GTS1_YEAST	sp|P40956|GTS1_YEAST		GTS1	Protein GTS1	0.00035489036	GTS1 — Protein GTS1	search FASTA description + reference GFF	28.88737642880105
PROT:sp|P40958|MAD2_YEAST	sp|P40958|MAD2_YEAST		MAD2	Mitotic spindle checkpoint component MAD2	0.00035489036	MAD2 — Mitotic spindle checkpoint component MAD2	search FASTA description + reference GFF	27.78365914510495
PROT:sp|P40959|MVP1_YEAST	sp|P40959|MVP1_YEAST		MVP1	Sorting nexin MVP1	0.00035489036	MVP1 — Sorting nexin MVP1	search FASTA description + reference GFF	28.554063432057227
PROT:sp|P40961|PHB1_YEAST	sp|P40961|PHB1_YEAST		PHB1	Prohibitin-1	0.00035489036	PHB1 — Prohibitin-1	search FASTA description + reference GFF	33.74014025828745
PROT:sp|P40970|LCB2_YEAST	sp|P40970|LCB2_YEAST		LCB2	Serine palmitoyltransferase 2	0.00035489036	LCB2 — Serine palmitoyltransferase 2	search FASTA description + reference GFF	26.937731972248592
PROT:sp|P40989|FKS2_YEAST	sp|P40989|FKS2_YEAST		GSC2	1,3-beta-glucan synthase component GSC2	0.00035489036	GSC2 — 1,3-beta-glucan synthase component GSC2	search FASTA description + reference GFF	27.1039656516162
PROT:sp|P40991|NOP2_YEAST	sp|P40991|NOP2_YEAST		NOP2	25S rRNA (cytosine(2870)-C(5))-methyltransferase	0.00035489036	NOP2 — 25S rRNA (cytosine(2870)-C(5))-methyltransferase	search FASTA description + reference GFF	31.93882071810869
PROT:sp|P40994|ARF3_YEAST	sp|P40994|ARF3_YEAST		ARF3	ADP-ribosylation factor 3	0.00035489036	ARF3 — ADP-ribosylation factor 3	search FASTA description + reference GFF	27.77621933543973
PROT:sp|P41056|RL33B_YEAST	sp|P41056|RL33B_YEAST		RPL33B	Large ribosomal subunit protein eL33B	0.00035489036	RPL33B — Large ribosomal subunit protein eL33B	search FASTA description + reference GFF	31.87098682424411
PROT:sp|P41057|RS29A_YEAST	sp|P41057|RS29A_YEAST		RPS29A	Small ribosomal subunit protein uS14A	0.00035489036	RPS29A — Small ribosomal subunit protein uS14A	search FASTA description + reference GFF	32.862157691308134
PROT:sp|P41277|GPP1_YEAST	sp|P41277|GPP1_YEAST		GPP1	Glycerol-1-phosphate phosphohydrolase 1	0.00035489036	GPP1 — Glycerol-1-phosphate phosphohydrolase 1	search FASTA description + reference GFF	34.55570326285406
PROT:sp|P41338|ERG10_YEAST	sp|P41338|ERG10_YEAST		ERG10	Acetyl-CoA acetyltransferase	0.00035489036	ERG10 — Acetyl-CoA acetyltransferase	search FASTA description + reference GFF	34.16917276101295
PROT:sp|P41543|OST1_YEAST	sp|P41543|OST1_YEAST		OST1	Dolichyl-diphosphooligosaccharide--protein glycosyltransferase subunit 1	0.00035489036	OST1 — Dolichyl-diphosphooligosaccharide--protein glycosyltransferase subunit 1	search FASTA description + reference GFF	29.755294049540545
PROT:sp|P41697|BUD6_YEAST	sp|P41697|BUD6_YEAST		BUD6	Bud site selection protein 6	0.00035489036	BUD6 — Bud site selection protein 6	search FASTA description + reference GFF	27.88748335300745
PROT:sp|P41734|IAH1_YEAST	sp|P41734|IAH1_YEAST		IAH1	Isoamyl acetate-hydrolyzing esterase	0.00035489036	IAH1 — Isoamyl acetate-hydrolyzing esterase	search FASTA description + reference GFF	29.975354519247222
PROT:sp|P41735|COQ7_YEAST	sp|P41735|COQ7_YEAST		CAT5	5-demethoxyubiquinone hydroxylase, mitochondrial	0.0017005093	CAT5 — 5-demethoxyubiquinone hydroxylase, mitochondrial	search FASTA description + reference GFF	22.44958714484149
PROT:sp|P41805|RL10_YEAST	sp|P41805|RL10_YEAST		RPL10	Large ribosomal subunit protein uL16	0.00035489036	RPL10 — Large ribosomal subunit protein uL16	search FASTA description + reference GFF	37.25625469368875
PROT:sp|P41807|VATH_YEAST	sp|P41807|VATH_YEAST		VMA13	V-type proton ATPase subunit H	0.00035489036	VMA13 — V-type proton ATPase subunit H	search FASTA description + reference GFF	32.30606043559688
PROT:sp|P41810|COPB_YEAST	sp|P41810|COPB_YEAST		SEC26	Coatomer subunit beta	0.00035489036	SEC26 — Coatomer subunit beta	search FASTA description + reference GFF	31.943356463199507
PROT:sp|P41811|COPB2_YEAST	sp|P41811|COPB2_YEAST		SEC27	Coatomer subunit beta'	0.00035489036	SEC27 — Coatomer subunit beta'	search FASTA description + reference GFF	32.72733508389381
PROT:sp|P41812|POP1_YEAST	sp|P41812|POP1_YEAST		POP1	Ribonucleases P/MRP protein subunit POP1	0.00035489036	POP1 — Ribonucleases P/MRP protein subunit POP1	search FASTA description + reference GFF	23.92051638348584
PROT:sp|P41814|TRM6_YEAST	sp|P41814|TRM6_YEAST		GCD10	tRNA (adenine(58)-N(1))-methyltransferase non-catalytic subunit TRM6	0.00035489036	GCD10 — tRNA (adenine(58)-N(1))-methyltransferase non-catalytic subunit TRM6	search FASTA description + reference GFF	28.18453739459931
PROT:sp|P41816|OYE3_YEAST	sp|P41816|OYE3_YEAST		OYE3	NADPH dehydrogenase 3	0.00035489036	OYE3 — NADPH dehydrogenase 3	search FASTA description + reference GFF	31.338494433060244
PROT:sp|P41818|GLC8_YEAST	sp|P41818|GLC8_YEAST		GLC8	Protein GLC8	0.00035489036	GLC8 — Protein GLC8	search FASTA description + reference GFF	31.0507073797821
PROT:sp|P41819|DIM1_YEAST	sp|P41819|DIM1_YEAST		DIM1	Dimethyladenosine transferase	0.00035489036	DIM1 — Dimethyladenosine transferase	search FASTA description + reference GFF	25.34007142659734
PROT:sp|P41832|BNI1_YEAST	sp|P41832|BNI1_YEAST		BNI1	Protein BNI1	0.00035489036	BNI1 — Protein BNI1	search FASTA description + reference GFF	23.37775271282618
PROT:sp|P41835|THI6_YEAST	sp|P41835|THI6_YEAST		THI6	Thiamine biosynthetic bifunctional enzyme	0.00035489036	THI6 — Thiamine biosynthetic bifunctional enzyme	search FASTA description + reference GFF	27.42702756714087
PROT:sp|P41895|T2FA_YEAST	sp|P41895|T2FA_YEAST		TFG1	Transcription initiation factor IIF subunit alpha	0.00035489036	TFG1 — Transcription initiation factor IIF subunit alpha	search FASTA description + reference GFF	29.04401161560612
PROT:sp|P41896|T2FB_YEAST	sp|P41896|T2FB_YEAST		TFG2	Transcription initiation factor IIF subunit beta	0.0006219931	TFG2 — Transcription initiation factor IIF subunit beta	search FASTA description + reference GFF	25.95430171828208
PROT:sp|P41903|PTE1_YEAST	sp|P41903|PTE1_YEAST		TES1	Peroxisomal acyl-coenzyme A thioester hydrolase 1	0.00035489036	TES1 — Peroxisomal acyl-coenzyme A thioester hydrolase 1	search FASTA description + reference GFF	32.37984181941679
PROT:sp|P41909|PXA1_YEAST	sp|P41909|PXA1_YEAST		PXA1	Peroxisomal long-chain fatty acid import protein 2	0.00035489036	PXA1 — Peroxisomal long-chain fatty acid import protein 2	search FASTA description + reference GFF	27.580928149788694
PROT:sp|P41911|GPD2_YEAST	sp|P41911|GPD2_YEAST		GPD2	Glycerol-3-phosphate dehydrogenase [NAD(+)] 2, mitochondrial	0.00035489036	GPD2 — Glycerol-3-phosphate dehydrogenase [NAD(+)] 2, mitochondrial	search FASTA description + reference GFF	31.522217394718595
PROT:sp|P41920|YRB1_YEAST	sp|P41920|YRB1_YEAST		YRB1	Ran-specific GTPase-activating protein 1	0.00035489036	YRB1 — Ran-specific GTPase-activating protein 1	search FASTA description + reference GFF	33.90131381160918
PROT:sp|P41921|GSHR_YEAST	sp|P41921|GSHR_YEAST		GLR1	Glutathione reductase	0.00035489036	GLR1 — Glutathione reductase	search FASTA description + reference GFF	33.16111607052068
PROT:sp|P41939|IDHC_YEAST	sp|P41939|IDHC_YEAST		IDP2	Isocitrate dehydrogenase [NADP] cytoplasmic	0.00035489036	IDP2 — Isocitrate dehydrogenase [NADP] cytoplasmic	search FASTA description + reference GFF	35.34686922188272
PROT:sp|P41940|MPG1_YEAST	sp|P41940|MPG1_YEAST		PSA1	Mannose-1-phosphate guanyltransferase	0.00035489036	PSA1 — Mannose-1-phosphate guanyltransferase	search FASTA description + reference GFF	35.39256839740639
PROT:sp|P42073|REF2_YEAST	sp|P42073|REF2_YEAST		REF2	RNA end formation protein 2	0.00035489036	REF2 — RNA end formation protein 2	search FASTA description + reference GFF	27.430523580978846
PROT:sp|P42826|XKS1_YEAST	sp|P42826|XKS1_YEAST		XKS1	Xylulose kinase	0.00035489036	XKS1 — Xylulose kinase	search FASTA description + reference GFF	29.69919886768558
PROT:sp|P42838|LEM3_YEAST	sp|P42838|LEM3_YEAST		LEM3	Phospholipid-transporting ATPase accessory subunit LEM3	0.00035489036	LEM3 — Phospholipid-transporting ATPase accessory subunit LEM3	search FASTA description + reference GFF	27.09736315810099
PROT:sp|P42840|YN60_YEAST	sp|P42840|YN60_YEAST		YNL320W	Uncharacterized membrane protein YNL320W	0.0047836294	YNL320W — Uncharacterized membrane protein YNL320W	search FASTA description + reference GFF	25.023376323175416
PROT:sp|P42842|EMW1_YEAST	sp|P42842|EMW1_YEAST		EMW1	Essential for maintenance of the cell wall protein 1	0.00035489036	EMW1 — Essential for maintenance of the cell wall protein 1	search FASTA description + reference GFF	28.4205629379814
PROT:sp|P42846|KRI1_YEAST	sp|P42846|KRI1_YEAST		KRI1	Protein KRI1	0.00035489036	KRI1 — Protein KRI1	search FASTA description + reference GFF	29.553618496018792
PROT:sp|P42847|RT18_YEAST	sp|P42847|RT18_YEAST		MRPS18	Small ribosomal subunit protein uS11m	0.00035489036	MRPS18 — Small ribosomal subunit protein uS11m	search FASTA description + reference GFF	30.29255361528383
PROT:sp|P42900|SLS1_YEAST	sp|P42900|SLS1_YEAST		SLS1	Sigma-like sequence protein 1, mitochondrial	0.0003698955	SLS1 — Sigma-like sequence protein 1, mitochondrial	search FASTA description + reference GFF	25.051344390526253
PROT:sp|P42935|ELP2_YEAST	sp|P42935|ELP2_YEAST		ELP2	Elongator complex protein 2	0.00035489036	ELP2 — Elongator complex protein 2	search FASTA description + reference GFF	29.755348680139814
PROT:sp|P42936|YG4D_YEAST	sp|P42936|YG4D_YEAST		YGR201C	Putative elongation factor 1 gamma homolog	0.00035489036	YGR201C — Putative elongation factor 1 gamma homolog	search FASTA description + reference GFF	30.47417384361704
PROT:sp|P42937|YCH1_YEAST	sp|P42937|YCH1_YEAST		YCH1	CDC25-like phosphatase YCH1	0.00035489036	YCH1 — CDC25-like phosphatase YCH1	search FASTA description + reference GFF	28.899700464164987
PROT:sp|P42938|TDA10_YEAST	sp|P42938|TDA10_YEAST		TDA10	Probable ATP-dependent kinase TDA10	0.00035489036	TDA10 — Probable ATP-dependent kinase TDA10	search FASTA description + reference GFF	30.555628244407277
PROT:sp|P42940|ETFB_YEAST	sp|P42940|ETFB_YEAST		CIR1	Electron transfer flavoprotein subunit beta	0.00035489036	CIR1 — Electron transfer flavoprotein subunit beta	search FASTA description + reference GFF	33.02281089967404
PROT:sp|P42941|SERB_YEAST	sp|P42941|SERB_YEAST		SER2	Phosphoserine phosphatase	0.00035489036	SER2 — Phosphoserine phosphatase	search FASTA description + reference GFF	29.45064084524417
PROT:sp|P42942|YG4I_YEAST	sp|P42942|YG4I_YEAST		YGR210C	Uncharacterized GTP-binding protein YGR210C	0.00035489036	YGR210C — Uncharacterized GTP-binding protein YGR210C	search FASTA description + reference GFF	26.754742980704705
PROT:sp|P42943|TCPH_YEAST	sp|P42943|TCPH_YEAST		CCT7	T-complex protein 1 subunit eta	0.00035489036	CCT7 — T-complex protein 1 subunit eta	search FASTA description + reference GFF	32.775221847107915
PROT:sp|P42945|UTP10_YEAST	sp|P42945|UTP10_YEAST		UTP10	U3 small nucleolar RNA-associated protein 10	0.00035489036	UTP10 — U3 small nucleolar RNA-associated protein 10	search FASTA description + reference GFF	28.23468205832237
PROT:sp|P42949|TIM16_YEAST	sp|P42949|TIM16_YEAST		PAM16	Mitochondrial import inner membrane translocase subunit TIM16	0.00035489036	PAM16 — Mitochondrial import inner membrane translocase subunit TIM16	search FASTA description + reference GFF	30.27745481052828
PROT:sp|P43123|UAP1_YEAST	sp|P43123|UAP1_YEAST		QRI1	UDP-N-acetylglucosamine pyrophosphorylase	0.00035489036	QRI1 — UDP-N-acetylglucosamine pyrophosphorylase	search FASTA description + reference GFF	31.734494258230896
PROT:sp|P43321|SMD3_YEAST	sp|P43321|SMD3_YEAST		SMD3	Small nuclear ribonucleoprotein Sm D3	0.00038413316	SMD3 — Small nuclear ribonucleoprotein Sm D3	search FASTA description + reference GFF	28.312735302362405
PROT:sp|P43535|GCN20_YEAST	sp|P43535|GCN20_YEAST		GCN20	Protein GCN20	0.00035489036	GCN20 — Protein GCN20	search FASTA description + reference GFF	28.221005205880257
PROT:sp|P43550|DAK2_YEAST	sp|P43550|DAK2_YEAST		DAK2	Dihydroxyacetone kinase 2	0.00035489036	DAK2 — Dihydroxyacetone kinase 2	search FASTA description + reference GFF	28.994307302218573
PROT:sp|P43555|EMP47_YEAST	sp|P43555|EMP47_YEAST		EMP47	Protein EMP47	0.00035489036	EMP47 — Protein EMP47	search FASTA description + reference GFF	28.909601037030093
PROT:sp|P43556|RGD2_YEAST	sp|P43556|RGD2_YEAST		RGD2	Rho-GTPase-activating protein RGD2	0.00035489036	RGD2 — Rho-GTPase-activating protein RGD2	search FASTA description + reference GFF	26.50113148100141
PROT:sp|P43557|FMP32_YEAST	sp|P43557|FMP32_YEAST		FMP32	Protein FMP32, mitochondrial	0.00035489036	FMP32 — Protein FMP32, mitochondrial	search FASTA description + reference GFF	28.35038345182006
PROT:sp|P43558|OTU1_YEAST	sp|P43558|OTU1_YEAST		OTU1	Ubiquitin thioesterase OTU1	0.00035489036	OTU1 — Ubiquitin thioesterase OTU1	search FASTA description + reference GFF	28.95148719619886
PROT:sp|P43567|AGX1_YEAST	sp|P43567|AGX1_YEAST		AGX1	Alanine--glyoxylate aminotransferase 1	0.00035489036	AGX1 — Alanine--glyoxylate aminotransferase 1	search FASTA description + reference GFF	33.155182311257875
PROT:sp|P43568|CAK1_YEAST	sp|P43568|CAK1_YEAST		CAK1	Serine/threonine-protein kinase CAK1	0.00035489036	CAK1 — Serine/threonine-protein kinase CAK1	search FASTA description + reference GFF	25.461280793140244
PROT:sp|P43569|CAF16_YEAST	sp|P43569|CAF16_YEAST		CAF16	CCR4-associated factor 16	0.00035489036	CAF16 — CCR4-associated factor 16	search FASTA description + reference GFF	28.371924866425704
PROT:sp|P43577|GNA1_YEAST	sp|P43577|GNA1_YEAST		GNA1	Glucosamine 6-phosphate N-acetyltransferase	0.00035489036	GNA1 — Glucosamine 6-phosphate N-acetyltransferase	search FASTA description + reference GFF	26.80560401791457
PROT:sp|P43583|BLM10_YEAST	sp|P43583|BLM10_YEAST		BLM10	Proteasome activator BLM10	0.00035489036	BLM10 — Proteasome activator BLM10	search FASTA description + reference GFF	22.069344160149477
PROT:sp|P43585|VTC2_YEAST	sp|P43585|VTC2_YEAST		VTC2	Vacuolar transporter chaperone complex subunit 2	0.00050271716	VTC2 — Vacuolar transporter chaperone complex subunit 2	search FASTA description + reference GFF	28.54116494337069
PROT:sp|P43586|LOC1_YEAST	sp|P43586|LOC1_YEAST		LOC1	60S ribosomal subunit assembly/export protein LOC1	0.00035489036	LOC1 — 60S ribosomal subunit assembly/export protein LOC1	search FASTA description + reference GFF	29.08721616737617
PROT:sp|P43588|RPN11_YEAST	sp|P43588|RPN11_YEAST		RPN11	Ubiquitin C-terminal hydrolase RPN11	0.00035489036	RPN11 — Ubiquitin C-terminal hydrolase RPN11	search FASTA description + reference GFF	32.84334376456998
PROT:sp|P43590|YFH6_YEAST	sp|P43590|YFH6_YEAST		YFR006W	Uncharacterized peptidase YFR006W	0.00035489036	YFR006W — Uncharacterized peptidase YFR006W	search FASTA description + reference GFF	30.751568847977172
PROT:sp|P43591|YFH7_YEAST	sp|P43591|YFH7_YEAST		YFH7	ATP-dependent kinase YFH7	0.00035489036	YFH7 — ATP-dependent kinase YFH7	search FASTA description + reference GFF	27.24739627324917
PROT:sp|P43593|UBP6_YEAST	sp|P43593|UBP6_YEAST		UBP6	Ubiquitin carboxyl-terminal hydrolase 6	0.00035489036	UBP6 — Ubiquitin carboxyl-terminal hydrolase 6	search FASTA description + reference GFF	33.03568343750419
PROT:sp|P43594|MIC19_YEAST	sp|P43594|MIC19_YEAST		MIC19	MICOS complex subunit MIC19	0.00035489036	MIC19 — MICOS complex subunit MIC19	search FASTA description + reference GFF	30.997131940794795
PROT:sp|P43597|AIP5_YEAST	sp|P43597|AIP5_YEAST		AIP5	Actin-interacting protein 5	0.00035489036	AIP5 — Actin-interacting protein 5	search FASTA description + reference GFF	22.66409548003315
PROT:sp|P43603|LSB3_YEAST	sp|P43603|LSB3_YEAST		LSB3	LAS seventeen-binding protein 3	0.00035489036	LSB3 — LAS seventeen-binding protein 3	search FASTA description + reference GFF	31.53926315175753
PROT:sp|P43609|RSC8_YEAST	sp|P43609|RSC8_YEAST		RSC8	Chromatin structure-remodeling complex protein RSC8	0.00035489036	RSC8 — Chromatin structure-remodeling complex protein RSC8	search FASTA description + reference GFF	29.881471450392183
PROT:sp|P43611|OSW7_YEAST	sp|P43611|OSW7_YEAST		OSW7	Outer spore wall protein 7	0.00035489036	OSW7 — Outer spore wall protein 7	search FASTA description + reference GFF	26.0345442668587
PROT:sp|P43612|SA155_YEAST	sp|P43612|SA155_YEAST		SAP155	SIT4-associating protein SAP155	0.00035489036	SAP155 — SIT4-associating protein SAP155	search FASTA description + reference GFF	27.66986737439376
PROT:sp|P43616|DUG1_YEAST	sp|P43616|DUG1_YEAST		DUG1	Cys-Gly metallodipeptidase DUG1	0.00035489036	DUG1 — Cys-Gly metallodipeptidase DUG1	search FASTA description + reference GFF	34.164123162331734
PROT:sp|P43617|YFL5_YEAST	sp|P43617|YFL5_YEAST		YFR045W	Uncharacterized mitochondrial carrier YFR045W	0.00035489036	YFR045W — Uncharacterized mitochondrial carrier YFR045W	search FASTA description + reference GFF	26.95356163602606
PROT:sp|P43619|NADC_YEAST	sp|P43619|NADC_YEAST		BNA6	Nicotinate-nucleotide pyrophosphorylase	0.00035489036	BNA6 — Nicotinate-nucleotide pyrophosphorylase	search FASTA description + reference GFF	32.419547755344034
PROT:sp|P43621|COPD_YEAST	sp|P43621|COPD_YEAST		RET2	Coatomer subunit delta	0.00035489036	RET2 — Coatomer subunit delta	search FASTA description + reference GFF	29.18129181039001
PROT:sp|P43635|CISY3_YEAST	sp|P43635|CISY3_YEAST		CIT3	Citrate synthase 3, mitochondrial	0.00035489036	CIT3 — Citrate synthase 3, mitochondrial	search FASTA description + reference GFF	32.30687462192224
PROT:sp|P43638|MHP1_YEAST	sp|P43638|MHP1_YEAST		MHP1	MAP-homologous protein 1	0.00035489036	MHP1 — MAP-homologous protein 1	search FASTA description + reference GFF	26.413843507702765
PROT:sp|P43639|CSK2B_YEAST	sp|P43639|CSK2B_YEAST		CKB1	Casein kinase II subunit beta	0.00035489036	CKB1 — Casein kinase II subunit beta	search FASTA description + reference GFF	29.94547204334276
PROT:sp|P45818|ROK1_YEAST	sp|P45818|ROK1_YEAST		ROK1	ATP-dependent RNA helicase ROK1	0.0012098372	ROK1 — ATP-dependent RNA helicase ROK1	search FASTA description + reference GFF	24.832305902755632
PROT:sp|P45976|FIP1_YEAST	sp|P45976|FIP1_YEAST		FIP1	Pre-mRNA polyadenylation factor FIP1	0.00035489036	FIP1 — Pre-mRNA polyadenylation factor FIP1	search FASTA description + reference GFF	26.51441323400513
PROT:sp|P45978|SCD6_YEAST	sp|P45978|SCD6_YEAST		SCD6	Protein SCD6	0.00035489036	SCD6 — Protein SCD6	search FASTA description + reference GFF	29.7272529397408
PROT:sp|P46151|MTHR1_YEAST	sp|P46151|MTHR1_YEAST		MET12	Methylenetetrahydrofolate reductase 1	0.00035489036	MET12 — Methylenetetrahydrofolate reductase 1	search FASTA description + reference GFF	27.760962332651488
PROT:sp|P46367|ALDH4_YEAST	sp|P46367|ALDH4_YEAST		ALD4	Potassium-activated aldehyde dehydrogenase, mitochondrial	0.00035489036	ALD4 — Potassium-activated aldehyde dehydrogenase, mitochondrial	search FASTA description + reference GFF	39.89258792794688
PROT:sp|P46654|RSSA2_YEAST	sp|P46654|RSSA2_YEAST		RPS0B	Small ribosomal subunit protein uS2B	0.00035489036	RPS0B — Small ribosomal subunit protein uS2B	search FASTA description + reference GFF	31.47224396207598
PROT:sp|P46655|SYEC_YEAST	sp|P46655|SYEC_YEAST		GUS1	Glutamate--tRNA ligase, cytoplasmic	0.00035489036	GUS1 — Glutamate--tRNA ligase, cytoplasmic	search FASTA description + reference GFF	35.409777965218495
PROT:sp|P46669|RPA43_YEAST	sp|P46669|RPA43_YEAST		RPA43	DNA-directed RNA polymerase I subunit RPA43	0.00035489036	RPA43 — DNA-directed RNA polymerase I subunit RPA43	search FASTA description + reference GFF	29.37173320593184
PROT:sp|P46672|ARC1_YEAST	sp|P46672|ARC1_YEAST		ARC1	tRNA-aminoacylation cofactor ARC1	0.00035489036	ARC1 — tRNA-aminoacylation cofactor ARC1	search FASTA description + reference GFF	34.34585718484219
PROT:sp|P46673|NUP85_YEAST	sp|P46673|NUP85_YEAST		NUP85	Nucleoporin NUP85	0.00035489036	NUP85 — Nucleoporin NUP85	search FASTA description + reference GFF	27.861469165921427
PROT:sp|P46676|SUM1_YEAST	sp|P46676|SUM1_YEAST		SUM1	Suppressor of mar1-1 protein	0.00035489036	SUM1 — Suppressor of mar1-1 protein	search FASTA description + reference GFF	25.874365363945262
PROT:sp|P46680|AIP1_YEAST	sp|P46680|AIP1_YEAST		AIP1	Actin-interacting protein 1	0.00035489036	AIP1 — Actin-interacting protein 1	search FASTA description + reference GFF	32.402370221192264
PROT:sp|P46681|DLD2_YEAST	sp|P46681|DLD2_YEAST		DLD2	D-2-hydroxyglutarate--pyruvate transhydrogenase DLD2	0.00035489036	DLD2 — D-2-hydroxyglutarate--pyruvate transhydrogenase DLD2	search FASTA description + reference GFF	32.60403598713877
PROT:sp|P46682|AP3B_YEAST	sp|P46682|AP3B_YEAST		APL6	AP-3 complex subunit beta	0.00035489036	APL6 — AP-3 complex subunit beta	search FASTA description + reference GFF	26.670245663997274
PROT:sp|P46683|YAR1_YEAST	sp|P46683|YAR1_YEAST		YAR1	Ankyrin repeat-containing protein YAR1	0.00035489036	YAR1 — Ankyrin repeat-containing protein YAR1	search FASTA description + reference GFF	30.79236143364473
PROT:sp|P46784|RS10B_YEAST	sp|P46784|RS10B_YEAST		RPS10B	Small ribosomal subunit protein eS10B	0.00035489036	RPS10B — Small ribosomal subunit protein eS10B	search FASTA description + reference GFF	24.767959085563326
PROT:sp|P46949|FYV8_YEAST	sp|P46949|FYV8_YEAST		FYV8	Protein FYV8	0.0021326568	FYV8 — Protein FYV8	search FASTA description + reference GFF	26.85598907070004
PROT:sp|P46956|PHO86_YEAST	sp|P46956|PHO86_YEAST		PHO86	Inorganic phosphate transporter PHO86	0.00035489036	PHO86 — Inorganic phosphate transporter PHO86	search FASTA description + reference GFF	28.939094109472386
PROT:sp|P46959|TRM61_YEAST	sp|P46959|TRM61_YEAST		GCD14	tRNA (adenine(58)-N(1))-methyltransferase catalytic subunit TRM61	0.00035489036	GCD14 — tRNA (adenine(58)-N(1))-methyltransferase catalytic subunit TRM61	search FASTA description + reference GFF	27.9903270446038
PROT:sp|P46964|OST2_YEAST	sp|P46964|OST2_YEAST		OST2	Dolichyl-diphosphooligosaccharide--protein glycosyltransferase subunit OST2	0.00035489036	OST2 — Dolichyl-diphosphooligosaccharide--protein glycosyltransferase subunit OST2	search FASTA description + reference GFF	26.834111727688704
PROT:sp|P46969|RPE_YEAST	sp|P46969|RPE_YEAST		RPE1	Ribulose-phosphate 3-epimerase	0.00035489036	RPE1 — Ribulose-phosphate 3-epimerase	search FASTA description + reference GFF	32.522007976638186
PROT:sp|P46970|NMD5_YEAST	sp|P46970|NMD5_YEAST		NMD5	Nonsense-mediated mRNA decay protein 5	0.00035489036	NMD5 — Nonsense-mediated mRNA decay protein 5	search FASTA description + reference GFF	24.129337080719644
PROT:sp|P46984|GON7_YEAST	sp|P46984|GON7_YEAST		GON7	EKC/KEOPS complex subunit GON7	0.00035489036	GON7 — EKC/KEOPS complex subunit GON7	search FASTA description + reference GFF	26.83483713688082
PROT:sp|P46985|MNN11_YEAST	sp|P46985|MNN11_YEAST		MNN11	Probable alpha-1,6-mannosyltransferase MNN11	0.00035489036	MNN11 — Probable alpha-1,6-mannosyltransferase MNN11	search FASTA description + reference GFF	28.33801207870573
PROT:sp|P46988|PFD1_YEAST	sp|P46988|PFD1_YEAST		PFD1	Prefoldin subunit 1	0.0003550469	PFD1 — Prefoldin subunit 1	search FASTA description + reference GFF	27.475642463004043
PROT:sp|P46989|ATG27_YEAST	sp|P46989|ATG27_YEAST		ATG27	Autophagy-related protein 27	0.00035489036	ATG27 — Autophagy-related protein 27	search FASTA description + reference GFF	28.951717521959868
PROT:sp|P46990|RL17B_YEAST	sp|P46990|RL17B_YEAST		RPL17B	Large ribosomal subunit protein uL22B	0.00035489036	RPL17B — Large ribosomal subunit protein uL22B	search FASTA description + reference GFF	32.04947905314344
PROT:sp|P46992|TOH1_YEAST	sp|P46992|TOH1_YEAST		TOH1	Probable circularly permuted 1,3-beta-glucanase YJL171C	0.00035489036	TOH1 — Probable circularly permuted 1,3-beta-glucanase YJL171C	search FASTA description + reference GFF	30.03875096898364
PROT:sp|P47001|CIS3_YEAST	sp|P47001|CIS3_YEAST		CIS3	Cell wall mannoprotein CIS3	0.00035489036	CIS3 — Cell wall mannoprotein CIS3	search FASTA description + reference GFF	30.319332635674023
PROT:sp|P47006|RPA34_YEAST	sp|P47006|RPA34_YEAST		RPA34	DNA-directed RNA polymerase I subunit RPA34	0.00035489036	RPA34 — DNA-directed RNA polymerase I subunit RPA34	search FASTA description + reference GFF	27.977678135255783
PROT:sp|P47008|SFH5_YEAST	sp|P47008|SFH5_YEAST		SFH5	Phosphatidylinositol transfer protein SFH5	0.00035489036	SFH5 — Phosphatidylinositol transfer protein SFH5	search FASTA description + reference GFF	31.12321424015396
PROT:sp|P47011|GLG2_YEAST	sp|P47011|GLG2_YEAST		GLG2	Glycogenin-2	0.00035489036	GLG2 — Glycogenin-2	search FASTA description + reference GFF	27.278479888328
PROT:sp|P47013|DS1P1_YEAST	sp|P47013|DS1P1_YEAST		LCB3	Dihydrosphingosine 1-phosphate phosphatase LCB3	0.0003569118	LCB3 — Dihydrosphingosine 1-phosphate phosphatase LCB3	search FASTA description + reference GFF	24.54264930549831
PROT:sp|P47015|IF3M_YEAST	sp|P47015|IF3M_YEAST		AIM23	Translation initiation factor IF-3, mitochondrial	0.00035489036	AIM23 — Translation initiation factor IF-3, mitochondrial	search FASTA description + reference GFF	26.59097020393457
PROT:sp|P47016|NIT2_YEAST	sp|P47016|NIT2_YEAST		NIT2	Deaminated glutathione amidase	0.001340972	NIT2 — Deaminated glutathione amidase	search FASTA description + reference GFF	26.87438340408494
PROT:sp|P47017|LSM1_YEAST	sp|P47017|LSM1_YEAST		LSM1	LSM1-LSM7 complex subunit LSM1	0.00035489036	LSM1 — LSM1-LSM7 complex subunit LSM1	search FASTA description + reference GFF	29.54379367855089
PROT:sp|P47018|MTC1_YEAST	sp|P47018|MTC1_YEAST		MTC1	Maintenance of telomere capping protein 1	0.00035489036	MTC1 — Maintenance of telomere capping protein 1	search FASTA description + reference GFF	28.401630451205985
PROT:sp|P47019|ALB1_YEAST	sp|P47019|ALB1_YEAST		ALB1	Ribosome biogenesis protein ALB1	0.00035489036	ALB1 — Ribosome biogenesis protein ALB1	search FASTA description + reference GFF	26.668737573129825
PROT:sp|P47025|MDV1_YEAST	sp|P47025|MDV1_YEAST		MDV1	Mitochondrial division protein 1	0.00035489036	MDV1 — Mitochondrial division protein 1	search FASTA description + reference GFF	26.22368718471403
PROT:sp|P47029|ALY2_YEAST	sp|P47029|ALY2_YEAST		ALY2	Arrestin-related trafficking adapter 3	0.0017491912	ALY2 — Arrestin-related trafficking adapter 3	search FASTA description + reference GFF	24.95219719186664
PROT:sp|P47031|IML2_YEAST	sp|P47031|IML2_YEAST		IML2	Inclusion body clearance protein IML2	0.00035489036	IML2 — Inclusion body clearance protein IML2	search FASTA description + reference GFF	29.257965695317324
PROT:sp|P47032|PRY1_YEAST	sp|P47032|PRY1_YEAST		PRY1	Protein PRY1	0.00035489036	PRY1 — Protein PRY1	search FASTA description + reference GFF	24.40679899520412
PROT:sp|P47035|NET1_YEAST	sp|P47035|NET1_YEAST		NET1	Nucleolar protein NET1	0.00035489036	NET1 — Nucleolar protein NET1	search FASTA description + reference GFF	27.779683148131333
PROT:sp|P47037|SMC3_YEAST	sp|P47037|SMC3_YEAST		SMC3	Structural maintenance of chromosomes protein 3	0.00035489036	SMC3 — Structural maintenance of chromosomes protein 3	search FASTA description + reference GFF	27.101297493151108
PROT:sp|P47039|BNA3_YEAST	sp|P47039|BNA3_YEAST		BNA3	Probable kynurenine--oxoglutarate transaminase BNA3	0.00035489036	BNA3 — Probable kynurenine--oxoglutarate transaminase BNA3	search FASTA description + reference GFF	33.54827532355531
PROT:sp|P47044|YJF5_YEAST	sp|P47044|YJF5_YEAST		YJL055W	LOG family protein YJL055W	0.00035489036	YJL055W — LOG family protein YJL055W	search FASTA description + reference GFF	31.705978433879277
PROT:sp|P47047|MTR4_YEAST	sp|P47047|MTR4_YEAST		MTR4	ATP-dependent RNA helicase DOB1	0.00035489036	MTR4 — ATP-dependent RNA helicase DOB1	search FASTA description + reference GFF	29.7308089235776
PROT:sp|P47048|YJE9_YEAST	sp|P47048|YJE9_YEAST		YJL049W	Uncharacterized protein YJL049W	0.00035489036	YJL049W — Uncharacterized protein YJL049W	search FASTA description + reference GFF	24.38127142337814
PROT:sp|P47051|LPLA_YEAST	sp|P47051|LPLA_YEAST		AIM22	Putative lipoate-protein ligase A	0.00035489036	AIM22 — Putative lipoate-protein ligase A	search FASTA description + reference GFF	24.548252545193257
PROT:sp|P47052|SDHX_YEAST	sp|P47052|SDHX_YEAST		YJL045W	Succinate dehydrogenase [ubiquinone] flavoprotein subunit 2, mitochondrial	0.00035489036	YJL045W — Succinate dehydrogenase [ubiquinone] flavoprotein subunit 2, mitochondrial	search FASTA description + reference GFF	29.721063652358605
PROT:sp|P47054|NU192_YEAST	sp|P47054|NU192_YEAST		NUP192	Nucleoporin NUP192	0.00035489036	NUP192 — Nucleoporin NUP192	search FASTA description + reference GFF	26.497816037863256
PROT:sp|P47057|SNX4_YEAST	sp|P47057|SNX4_YEAST		SNX4	Sorting nexin-4	0.00035489036	SNX4 — Sorting nexin-4	search FASTA description + reference GFF	29.77545716205454
PROT:sp|P47068|BBC1_YEAST	sp|P47068|BBC1_YEAST		BBC1	Myosin tail region-interacting protein MTI1	0.00035489036	BBC1 — Myosin tail region-interacting protein MTI1	search FASTA description + reference GFF	31.53610267218739
PROT:sp|P47069|MPS3_YEAST	sp|P47069|MPS3_YEAST		MPS3	Spindle pole body assembly component MPS3	0.00061246287	MPS3 — Spindle pole body assembly component MPS3	search FASTA description + reference GFF	29.463233385363875
PROT:sp|P47075|VTC4_YEAST	sp|P47075|VTC4_YEAST		VTC4	Vacuolar transporter chaperone complex subunit 4	0.00035489036	VTC4 — Vacuolar transporter chaperone complex subunit 4	search FASTA description + reference GFF	26.90398831760925
PROT:sp|P47077|NOP9_YEAST	sp|P47077|NOP9_YEAST		NOP9	Nucleolar protein 9	0.00035489036	NOP9 — Nucleolar protein 9	search FASTA description + reference GFF	29.01216768305616
PROT:sp|P47079|TCPQ_YEAST	sp|P47079|TCPQ_YEAST		CCT8	T-complex protein 1 subunit theta	0.00035489036	CCT8 — T-complex protein 1 subunit theta	search FASTA description + reference GFF	33.692024677559004
PROT:sp|P47083|MPP10_YEAST	sp|P47083|MPP10_YEAST		MPP10	U3 small nucleolar RNA-associated protein MPP10	0.00035489036	MPP10 — U3 small nucleolar RNA-associated protein MPP10	search FASTA description + reference GFF	25.54924533821621
PROT:sp|P47085|MHO1_YEAST	sp|P47085|MHO1_YEAST		MHO1	MEMO1 family protein MHO1	0.00035489036	MHO1 — MEMO1 family protein MHO1	search FASTA description + reference GFF	32.811389114811945
PROT:sp|P47089|DENR_YEAST	sp|P47089|DENR_YEAST		TMA22	Translation machinery-associated protein 22	0.00035489036	TMA22 — Translation machinery-associated protein 22	search FASTA description + reference GFF	31.921804306160595
PROT:sp|P47095|MTNB_YEAST	sp|P47095|MTNB_YEAST		MDE1	Methylthioribulose-1-phosphate dehydratase	0.00035489036	MDE1 — Methylthioribulose-1-phosphate dehydratase	search FASTA description + reference GFF	28.26974978731393
PROT:sp|P47096|3HAO_YEAST	sp|P47096|3HAO_YEAST		BNA1	3-hydroxyanthranilate 3,4-dioxygenase	0.00035489036	BNA1 — 3-hydroxyanthranilate 3,4-dioxygenase	search FASTA description + reference GFF	32.26112948722708
PROT:sp|P47102|GEA1_YEAST	sp|P47102|GEA1_YEAST		GEA1	ARF guanine-nucleotide exchange factor 1	0.0020960271	GEA1 — ARF guanine-nucleotide exchange factor 1	search FASTA description + reference GFF	23.974402934997684
PROT:sp|P47103|CYP7_YEAST	sp|P47103|CYP7_YEAST		CPR7	Peptidyl-prolyl cis-trans isomerase CYP7	0.00035489036	CPR7 — Peptidyl-prolyl cis-trans isomerase CYP7	search FASTA description + reference GFF	26.634371387220757
PROT:sp|P47104|RAV1_YEAST	sp|P47104|RAV1_YEAST		RAV1	Regulator of V-ATPase in vacuolar membrane protein 1	0.00035489036	RAV1 — Regulator of V-ATPase in vacuolar membrane protein 1	search FASTA description + reference GFF	24.656000464056483
PROT:sp|P47110|DPOD3_YEAST	sp|P47110|DPOD3_YEAST		POL32	DNA polymerase delta subunit 3	0.00035489036	POL32 — DNA polymerase delta subunit 3	search FASTA description + reference GFF	25.25498693863723
PROT:sp|P47116|PTK2_YEAST	sp|P47116|PTK2_YEAST		PTK2	Serine/threonine-protein kinase PTK2/STK2	0.00035489036	PTK2 — Serine/threonine-protein kinase PTK2/STK2	search FASTA description + reference GFF	28.53481981714802
PROT:sp|P47117|ARP3_YEAST	sp|P47117|ARP3_YEAST		ARP3	Actin-related protein 3	0.00035489036	ARP3 — Actin-related protein 3	search FASTA description + reference GFF	31.326781773586006
PROT:sp|P47119|ITPA_YEAST	sp|P47119|ITPA_YEAST		HAM1	Inosine triphosphate pyrophosphatase	0.00035489036	HAM1 — Inosine triphosphate pyrophosphatase	search FASTA description + reference GFF	31.61703283151196
PROT:sp|P47120|DOHH_YEAST	sp|P47120|DOHH_YEAST		LIA1	Deoxyhypusine hydroxylase	0.00035489036	LIA1 — Deoxyhypusine hydroxylase	search FASTA description + reference GFF	32.62087192646123
PROT:sp|P47122|GPN1_YEAST	sp|P47122|GPN1_YEAST		NPA3	GPN-loop GTPase 1	0.00035489036	NPA3 — GPN-loop GTPase 1	search FASTA description + reference GFF	30.202742366237526
PROT:sp|P47123|MOG1_YEAST	sp|P47123|MOG1_YEAST		MOG1	Nuclear import protein MOG1	0.0043791933	MOG1 — Nuclear import protein MOG1	search FASTA description + reference GFF	29.36744356938851
PROT:sp|P47124|HOC1_YEAST	sp|P47124|HOC1_YEAST		HOC1	Putative glycosyltransferase HOC1	0.00035489036	HOC1 — Putative glycosyltransferase HOC1	search FASTA description + reference GFF	27.827661869122675
PROT:sp|P47125|I23O_YEAST	sp|P47125|I23O_YEAST		BNA2	Indoleamine 2,3-dioxygenase	0.00035489036	BNA2 — Indoleamine 2,3-dioxygenase	search FASTA description + reference GFF	27.24471555651513
PROT:sp|P47127|AIM24_YEAST	sp|P47127|AIM24_YEAST		AIM24	Altered inheritance of mitochondria protein 24, mitochondrial	0.00035489036	AIM24 — Altered inheritance of mitochondria protein 24, mitochondrial	search FASTA description + reference GFF	29.89926433361676
PROT:sp|P47130|CSN12_YEAST	sp|P47130|CSN12_YEAST		CSN12	Cop9 signalosome complex subunit 12	0.00051095587	CSN12 — Cop9 signalosome complex subunit 12	search FASTA description + reference GFF	26.458579085536787
PROT:sp|P47131|YJ55_YEAST	sp|P47131|YJ55_YEAST		YJR085C	TMEM14 protein homolog YJR085C	0.00035489036	YJR085C — TMEM14 protein homolog YJR085C	search FASTA description + reference GFF	29.57958871385492
PROT:sp|P47133|EMC2_YEAST	sp|P47133|EMC2_YEAST		EMC2	ER membrane protein complex subunit 2	0.00035489036	EMC2 — ER membrane protein complex subunit 2	search FASTA description + reference GFF	32.82884051040295
PROT:sp|P47137|YJ66_YEAST	sp|P47137|YJ66_YEAST		YJR096W	Uncharacterized oxidoreductase YJR096W	0.00035489036	YJR096W — Uncharacterized oxidoreductase YJR096W	search FASTA description + reference GFF	32.90023096560372
PROT:sp|P47141|RT26_YEAST	sp|P47141|RT26_YEAST		RSM26	Small ribosomal subunit protein mS42	0.00035489036	RSM26 — Small ribosomal subunit protein mS42	search FASTA description + reference GFF	29.616640885816697
PROT:sp|P47143|ADK_YEAST	sp|P47143|ADK_YEAST		ADO1	Adenosine kinase	0.00035489036	ADO1 — Adenosine kinase	search FASTA description + reference GFF	35.398625203220966
PROT:sp|P47150|RT07_YEAST	sp|P47150|RT07_YEAST		RSM7	Small ribosomal subunit protein uS7m	0.00035489036	RSM7 — Small ribosomal subunit protein uS7m	search FASTA description + reference GFF	30.29718263454997
PROT:sp|P47154|STE24_YEAST	sp|P47154|STE24_YEAST		STE24	CAAX prenyl protease 1	0.00035489036	STE24 — CAAX prenyl protease 1	search FASTA description + reference GFF	30.868606276294944
PROT:sp|P47155|ILM1_YEAST	sp|P47155|ILM1_YEAST		ILM1	Protein ILM1	0.00035489036	ILM1 — Protein ILM1	search FASTA description + reference GFF	27.866385504141213
PROT:sp|P47158|CAF17_YEAST	sp|P47158|CAF17_YEAST		IBA57	Iron-sulfur cluster assembly factor IBA57, mitochondrial	0.006985832	IBA57 — Iron-sulfur cluster assembly factor IBA57, mitochondrial	search FASTA description + reference GFF	23.301332522384143
PROT:sp|P47160|ENT3_YEAST	sp|P47160|ENT3_YEAST		ENT3	Epsin-3	0.00035489036	ENT3 — Epsin-3	search FASTA description + reference GFF	30.416989081935338
PROT:sp|P47163|EFM3_YEAST	sp|P47163|EFM3_YEAST		EFM3	Protein-lysine N-methyltransferase EFM3	0.00035489036	EFM3 — Protein-lysine N-methyltransferase EFM3	search FASTA description + reference GFF	25.94678651741304
PROT:sp|P47164|MET7_YEAST	sp|P47164|MET7_YEAST		STR2	Cystathionine gamma-synthase	0.00035489036	STR2 — Cystathionine gamma-synthase	search FASTA description + reference GFF	28.505339937782026
PROT:sp|P47165|XPT1_YEAST	sp|P47165|XPT1_YEAST		XPT1	Xanthine phosphoribosyltransferase 1	0.00035489036	XPT1 — Xanthine phosphoribosyltransferase 1	search FASTA description + reference GFF	30.621641211791736
PROT:sp|P47166|SGM1_YEAST	sp|P47166|SGM1_YEAST		SGM1	Protein SGM1	0.00035489036	SGM1 — Protein SGM1	search FASTA description + reference GFF	26.89882015587987
PROT:sp|P47169|MET5_YEAST	sp|P47169|MET5_YEAST		MET5	Sulfite reductase [NADPH] subunit beta	0.00035489036	MET5 — Sulfite reductase [NADPH] subunit beta	search FASTA description + reference GFF	35.99832034478145
PROT:sp|P47173|YJ9J_YEAST	sp|P47173|YJ9J_YEAST		YJR142W	Uncharacterized protein YJR142W	0.00035489036	YJR142W — Uncharacterized protein YJR142W	search FASTA description + reference GFF	26.699306324268715
PROT:sp|P47176|BCA2_YEAST	sp|P47176|BCA2_YEAST		BAT2	Branched-chain-amino-acid aminotransferase, cytosolic	0.00035489036	BAT2 — Branched-chain-amino-acid aminotransferase, cytosolic	search FASTA description + reference GFF	31.64423306723467
PROT:sp|P47177|2NDP_YEAST	sp|P47177|2NDP_YEAST		YJR149W	Putative nitronate monooxygenase	0.00035489036	YJR149W — Putative nitronate monooxygenase	search FASTA description + reference GFF	28.409421292438346
PROT:sp|P47771|ALDH2_YEAST	sp|P47771|ALDH2_YEAST		ALD2	Aldehyde dehydrogenase [NAD(P)+] 1	0.00035489036	ALD2 — Aldehyde dehydrogenase [NAD(P)+] 1	search FASTA description + reference GFF	31.124978177445268
PROT:sp|P47818|CCC1_YEAST	sp|P47818|CCC1_YEAST		CCC1	Protein CCC1	0.00035489036	CCC1 — Protein CCC1	search FASTA description + reference GFF	28.79756776498593
PROT:sp|P47821|SSN8_YEAST	sp|P47821|SSN8_YEAST		SSN8	RNA polymerase II holoenzyme cyclin-like subunit	0.0063097733	SSN8 — RNA polymerase II holoenzyme cyclin-like subunit	search FASTA description + reference GFF	34.271289803631866
PROT:sp|P47912|LCF4_YEAST	sp|P47912|LCF4_YEAST		FAA4	Long-chain-fatty-acid--CoA ligase 4	0.00035489036	FAA4 — Long-chain-fatty-acid--CoA ligase 4	search FASTA description + reference GFF	33.017832922809724
PROT:sp|P48015|GCST_YEAST	sp|P48015|GCST_YEAST		GCV1	Aminomethyltransferase, mitochondrial	0.00035489036	GCV1 — Aminomethyltransferase, mitochondrial	search FASTA description + reference GFF	33.15268153007134
PROT:sp|P48016|ATH1_YEAST	sp|P48016|ATH1_YEAST		ATH1	Periplasmic acid trehalase ATH1	0.00035489036	ATH1 — Periplasmic acid trehalase ATH1	search FASTA description + reference GFF	29.06578765985948
PROT:sp|P48164|RS7B_YEAST	sp|P48164|RS7B_YEAST		RPS7B	Small ribosomal subunit protein eS7B	0.00035489036	RPS7B — Small ribosomal subunit protein eS7B	search FASTA description + reference GFF	35.147871805717905
PROT:sp|P48231|TCB2_YEAST	sp|P48231|TCB2_YEAST		TCB2	Tricalbin-2	0.00035489036	TCB2 — Tricalbin-2	search FASTA description + reference GFF	26.77517848854072
PROT:sp|P48234|NOL10_YEAST	sp|P48234|NOL10_YEAST		ENP2	Ribosome biogenesis protein ENP2	0.00035489036	ENP2 — Ribosome biogenesis protein ENP2	search FASTA description + reference GFF	25.03476636725909
PROT:sp|P48239|GSTO1_YEAST	sp|P48239|GSTO1_YEAST		GTO1	Glutathione S-transferase omega-like 1	0.00035489036	GTO1 — Glutathione S-transferase omega-like 1	search FASTA description + reference GFF	24.437714780080785
PROT:sp|P48353|HLJ1_YEAST	sp|P48353|HLJ1_YEAST		HLJ1	Protein HLJ1	0.00035489036	HLJ1 — Protein HLJ1	search FASTA description + reference GFF	26.175840782189645
PROT:sp|P48360|ADRO_YEAST	sp|P48360|ADRO_YEAST		ARH1	Probable NADPH:adrenodoxin oxidoreductase, mitochondrial	0.00035489036	ARH1 — Probable NADPH:adrenodoxin oxidoreductase, mitochondrial	search FASTA description + reference GFF	28.580542050415804
PROT:sp|P48362|HGH1_YEAST	sp|P48362|HGH1_YEAST		HGH1	Co-chaperone protein HGH1	0.00035489036	HGH1 — Co-chaperone protein HGH1	search FASTA description + reference GFF	29.98357562568677
PROT:sp|P48415|SEC16_YEAST	sp|P48415|SEC16_YEAST		SEC16	COPII coat assembly protein SEC16	0.00035489036	SEC16 — COPII coat assembly protein SEC16	search FASTA description + reference GFF	23.409296969613003
PROT:sp|P48510|DSK2_YEAST	sp|P48510|DSK2_YEAST		DSK2	Ubiquitin domain-containing protein DSK2	0.00035489036	DSK2 — Ubiquitin domain-containing protein DSK2	search FASTA description + reference GFF	32.11528289045397
PROT:sp|P48524|BUL1_YEAST	sp|P48524|BUL1_YEAST		BUL1	Ubiquitin ligase-binding protein BUL1	0.00035489036	BUL1 — Ubiquitin ligase-binding protein BUL1	search FASTA description + reference GFF	28.7992487873671
PROT:sp|P48525|SYEM_YEAST	sp|P48525|SYEM_YEAST		MSE1	Glutamate--tRNA ligase, mitochondrial	0.00035489036	MSE1 — Glutamate--tRNA ligase, mitochondrial	search FASTA description + reference GFF	26.236146835847023
PROT:sp|P48526|SYIM_YEAST	sp|P48526|SYIM_YEAST		ISM1	Isoleucine--tRNA ligase, mitochondrial	0.0004621932	ISM1 — Isoleucine--tRNA ligase, mitochondrial	search FASTA description + reference GFF	25.03753503467856
PROT:sp|P48527|SYYM_YEAST	sp|P48527|SYYM_YEAST		MSY1	Tyrosine--tRNA ligase, mitochondrial	0.00035489036	MSY1 — Tyrosine--tRNA ligase, mitochondrial	search FASTA description + reference GFF	28.44501185984025
PROT:sp|P48562|CLA4_YEAST	sp|P48562|CLA4_YEAST		CLA4	Serine/threonine-protein kinase CLA4	0.00043003584	CLA4 — Serine/threonine-protein kinase CLA4	search FASTA description + reference GFF	22.55140371971545
PROT:sp|P48563|MON2_YEAST	sp|P48563|MON2_YEAST		MON2	Protein MON2	0.00035489036	MON2 — Protein MON2	search FASTA description + reference GFF	25.88634477381275
PROT:sp|P48567|PUS4_YEAST	sp|P48567|PUS4_YEAST		PUS4	tRNA pseudouridine synthase 4	0.00035489036	PUS4 — tRNA pseudouridine synthase 4	search FASTA description + reference GFF	28.246843338161803
PROT:sp|P48569|YD183_YEAST	sp|P48569|YD183_YEAST		YDL183C	Uncharacterized protein YDL183C	0.0011670759	YDL183C — Uncharacterized protein YDL183C	search FASTA description + reference GFF	26.11521134994224
PROT:sp|P48570|HOSC_YEAST	sp|P48570|HOSC_YEAST		LYS20	Homocitrate synthase, cytosolic isozyme	0.00035489036	LYS20 — Homocitrate synthase, cytosolic isozyme	search FASTA description + reference GFF	33.3258663656425
PROT:sp|P48582|BRO1_YEAST	sp|P48582|BRO1_YEAST		BRO1	Vacuolar-sorting protein BRO1	0.00035489036	BRO1 — Vacuolar-sorting protein BRO1	search FASTA description + reference GFF	30.53744342185764
PROT:sp|P48589|RS12_YEAST	sp|P48589|RS12_YEAST		RPS12	Small ribosomal subunit protein eS12	0.00035489036	RPS12 — Small ribosomal subunit protein eS12	search FASTA description + reference GFF	36.19047266285479
PROT:sp|P48606|TBCA_YEAST	sp|P48606|TBCA_YEAST		RBL2	Tubulin-specific chaperone A	0.00035489036	RBL2 — Tubulin-specific chaperone A	search FASTA description + reference GFF	31.473722300120663
PROT:sp|P48836|VATG_YEAST	sp|P48836|VATG_YEAST		VMA10	V-type proton ATPase subunit G	0.00035489036	VMA10 — V-type proton ATPase subunit G	search FASTA description + reference GFF	32.93555249650737
PROT:sp|P48837|NUP57_YEAST	sp|P48837|NUP57_YEAST		NUP57	Nucleoporin NUP57	0.00035489036	NUP57 — Nucleoporin NUP57	search FASTA description + reference GFF	30.67056366653991
PROT:sp|P49017|COQ5_YEAST	sp|P49017|COQ5_YEAST		COQ5	2-methoxy-6-polyprenyl-1,4-benzoquinol methylase, mitochondrial	0.00035489036	COQ5 — 2-methoxy-6-polyprenyl-1,4-benzoquinol methylase, mitochondrial	search FASTA description + reference GFF	28.145414252554392
PROT:sp|P49018|GPI8_YEAST	sp|P49018|GPI8_YEAST		GPI8	GPI-anchor transamidase	0.00035489036	GPI8 — GPI-anchor transamidase	search FASTA description + reference GFF	24.10926077238679
PROT:sp|P49089|ASNS1_YEAST	sp|P49089|ASNS1_YEAST		ASN1	Asparagine synthetase [glutamine-hydrolyzing] 1	0.00035489036	ASN1 — Asparagine synthetase [glutamine-hydrolyzing] 1	search FASTA description + reference GFF	33.80971340204991
PROT:sp|P49090|ASNS2_YEAST	sp|P49090|ASNS2_YEAST		ASN2	Asparagine synthetase [glutamine-hydrolyzing] 2	0.00035489036	ASN2 — Asparagine synthetase [glutamine-hydrolyzing] 2	search FASTA description + reference GFF	33.506905712936295
PROT:sp|P49095|GCSP_YEAST	sp|P49095|GCSP_YEAST		GCV2	Glycine dehydrogenase (decarboxylating), mitochondrial	0.00035489036	GCV2 — Glycine dehydrogenase (decarboxylating), mitochondrial	search FASTA description + reference GFF	32.330697892447496
PROT:sp|P49166|RL37A_YEAST	sp|P49166|RL37A_YEAST		RPL37A	Large ribosomal subunit protein eL37A	0.00035489036	RPL37A — Large ribosomal subunit protein eL37A	search FASTA description + reference GFF	34.13528596129536
PROT:sp|P49167|RL38_YEAST	sp|P49167|RL38_YEAST		RPL38	Large ribosomal subunit protein eL38	0.00035489036	RPL38 — Large ribosomal subunit protein eL38	search FASTA description + reference GFF	36.36419508315725
PROT:sp|P49334|TOM22_YEAST	sp|P49334|TOM22_YEAST		TOM22	Mitochondrial import receptor subunit TOM22	0.00035489036	TOM22 — Mitochondrial import receptor subunit TOM22	search FASTA description + reference GFF	29.62127631458836
PROT:sp|P49367|LYS4_YEAST	sp|P49367|LYS4_YEAST		LYS4	Homoaconitase, mitochondrial	0.00035489036	LYS4 — Homoaconitase, mitochondrial	search FASTA description + reference GFF	34.39870540641042
PROT:sp|P49435|APT1_YEAST	sp|P49435|APT1_YEAST		APT1	Adenine phosphoribosyltransferase 1	0.00035489036	APT1 — Adenine phosphoribosyltransferase 1	search FASTA description + reference GFF	31.44362388836381
PROT:sp|P49573|CTR1_YEAST	sp|P49573|CTR1_YEAST		CTR1	Copper transport protein CTR1	0.00035489036	CTR1 — Copper transport protein CTR1	search FASTA description + reference GFF	27.98456315091388
PROT:sp|P49626|RL4B_YEAST	sp|P49626|RL4B_YEAST		RPL4B	Large ribosomal subunit protein uL4B	0.00035489036	RPL4B — Large ribosomal subunit protein uL4B	search FASTA description + reference GFF	34.21235830353138
PROT:sp|P49687|NU145_YEAST	sp|P49687|NU145_YEAST		NUP145	Nucleoporin NUP145	0.00035489036	NUP145 — Nucleoporin NUP145	search FASTA description + reference GFF	27.69782113286813
PROT:sp|P49723|RIR4_YEAST	sp|P49723|RIR4_YEAST		RNR4	Ribonucleoside-diphosphate reductase small chain 2	0.00035489036	RNR4 — Ribonucleoside-diphosphate reductase small chain 2	search FASTA description + reference GFF	35.97531756512747
PROT:sp|P49775|HNT2_YEAST	sp|P49775|HNT2_YEAST		HNT2	Bis(5'-adenosyl)-triphosphatase	0.00035489036	HNT2 — Bis(5'-adenosyl)-triphosphatase	search FASTA description + reference GFF	29.690997422261628
PROT:sp|P49954|NIT3_YEAST	sp|P49954|NIT3_YEAST		NIT3	Omega-amidase NIT3	0.00035489036	NIT3 — Omega-amidase NIT3	search FASTA description + reference GFF	31.61826401645612
PROT:sp|P50085|PHB2_YEAST	sp|P50085|PHB2_YEAST		PHB2	Prohibitin-2	0.00035489036	PHB2 — Prohibitin-2	search FASTA description + reference GFF	32.533021804045305
PROT:sp|P50086|PSD10_YEAST	sp|P50086|PSD10_YEAST		NAS6	Probable 26S proteasome regulatory subunit p28	0.00035489036	NAS6 — Probable 26S proteasome regulatory subunit p28	search FASTA description + reference GFF	31.321375593834063
PROT:sp|P50087|MIC26_YEAST	sp|P50087|MIC26_YEAST		MIC26	MICOS subunit MIC26	0.00035489036	MIC26 — MICOS subunit MIC26	search FASTA description + reference GFF	30.25197260766569
PROT:sp|P50089|YG51_YEAST	sp|P50089|YG51_YEAST		YGR237C	Uncharacterized protein YGR237C	0.00035489036	YGR237C — Uncharacterized protein YGR237C	search FASTA description + reference GFF	24.737183365399986
PROT:sp|P50094|IMDH4_YEAST	sp|P50094|IMDH4_YEAST		IMD4	Inosine-5'-monophosphate dehydrogenase 4	0.00035489036	IMD4 — Inosine-5'-monophosphate dehydrogenase 4	search FASTA description + reference GFF	29.406275445687644
PROT:sp|P50095|IMDH3_YEAST	sp|P50095|IMDH3_YEAST		IMD3	Inosine-5'-monophosphate dehydrogenase 3	0.00035489036	IMD3 — Inosine-5'-monophosphate dehydrogenase 3	search FASTA description + reference GFF	33.365831543904285
PROT:sp|P50101|UBP15_YEAST	sp|P50101|UBP15_YEAST		UBP15	Ubiquitin carboxyl-terminal hydrolase 15	0.00035489036	UBP15 — Ubiquitin carboxyl-terminal hydrolase 15	search FASTA description + reference GFF	29.709843109948363
PROT:sp|P50106|RPA14_YEAST	sp|P50106|RPA14_YEAST		RPA14	DNA-directed RNA polymerase I subunit RPA14	0.00035489036	RPA14 — DNA-directed RNA polymerase I subunit RPA14	search FASTA description + reference GFF	26.27739554195364
PROT:sp|P50107|LGUL_YEAST	sp|P50107|LGUL_YEAST		GLO1	Glyoxalase I	0.00035489036	GLO1 — Glyoxalase I	search FASTA description + reference GFF	31.958447981288064
PROT:sp|P50108|MNN10_YEAST	sp|P50108|MNN10_YEAST		MNN10	Probable alpha-1,6-mannosyltransferase MNN10	0.00035489036	MNN10 — Probable alpha-1,6-mannosyltransferase MNN10	search FASTA description + reference GFF	28.001729580426
PROT:sp|P50109|PSP2_YEAST	sp|P50109|PSP2_YEAST		PSP2	Protein PSP2	0.00035489036	PSP2 — Protein PSP2	search FASTA description + reference GFF	29.58132787596281
PROT:sp|P50112|KNH1_YEAST	sp|P50112|KNH1_YEAST		KNH1	Cell wall synthesis protein KNH1	0.00035489036	KNH1 — Cell wall synthesis protein KNH1	search FASTA description + reference GFF	28.055587411949787
PROT:sp|P50263|SIP18_YEAST	sp|P50263|SIP18_YEAST		SIP18	Protein SIP18	0.00035489036	SIP18 — Protein SIP18	search FASTA description + reference GFF	33.996785030083274
PROT:sp|P50278|SOL1_YEAST	sp|P50278|SOL1_YEAST		SOL1	6-phosphogluconolactonase-like protein 1	0.00035489036	SOL1 — 6-phosphogluconolactonase-like protein 1	search FASTA description + reference GFF	29.59735212742765
PROT:sp|P50623|UBC9_YEAST	sp|P50623|UBC9_YEAST		UBC9	SUMO-conjugating enzyme UBC9	0.00035489036	UBC9 — SUMO-conjugating enzyme UBC9	search FASTA description + reference GFF	30.44372859679084
PROT:sp|P50861|RIB4_YEAST	sp|P50861|RIB4_YEAST		RIB4	6,7-dimethyl-8-ribityllumazine synthase	0.00035489036	RIB4 — 6,7-dimethyl-8-ribityllumazine synthase	search FASTA description + reference GFF	31.53281651532297
PROT:sp|P50947|PHO23_YEAST	sp|P50947|PHO23_YEAST		PHO23	Transcriptional regulatory protein PHO23	0.00035489036	PHO23 — Transcriptional regulatory protein PHO23	search FASTA description + reference GFF	23.16565093752773
PROT:sp|P51401|RL9B_YEAST	sp|P51401|RL9B_YEAST		RPL9B	Large ribosomal subunit protein uL6B	0.00035489036	RPL9B — Large ribosomal subunit protein uL6B	search FASTA description + reference GFF	32.482970371466266
PROT:sp|P51402|RL37B_YEAST	sp|P51402|RL37B_YEAST		RPL37B	Large ribosomal subunit protein eL37B	0.00035489036	RPL37B — Large ribosomal subunit protein eL37B	search FASTA description + reference GFF	32.79686940939928
PROT:sp|P51534|SHE4_YEAST	sp|P51534|SHE4_YEAST		SHE4	SWI5-dependent HO expression protein 4	0.00035489036	SHE4 — SWI5-dependent HO expression protein 4	search FASTA description + reference GFF	27.77126027588632
PROT:sp|P51601|GCH1_YEAST	sp|P51601|GCH1_YEAST		FOL2	GTP cyclohydrolase 1	0.00035489036	FOL2 — GTP cyclohydrolase 1	search FASTA description + reference GFF	30.517153392594
PROT:sp|P51996|YPT32_YEAST	sp|P51996|YPT32_YEAST		YPT32	GTP-binding protein YPT32/YPT11	0.00035489036	YPT32 — GTP-binding protein YPT32/YPT11	search FASTA description + reference GFF	30.064108712222865
PROT:sp|P51998|RL4P_YEAST	sp|P51998|RL4P_YEAST		YML6	Large ribosomal subunit protein uL4m	0.00035489036	YML6 — Large ribosomal subunit protein uL4m	search FASTA description + reference GFF	28.140960223812947
PROT:sp|P52286|SKP1_YEAST	sp|P52286|SKP1_YEAST		SKP1	Suppressor of kinetochore protein 1	0.00035489036	SKP1 — Suppressor of kinetochore protein 1	search FASTA description + reference GFF	30.97392009766053
PROT:sp|P52488|UBA2_YEAST	sp|P52488|UBA2_YEAST		UBA2	Ubiquitin-activating enzyme E1-like	0.00035489036	UBA2 — Ubiquitin-activating enzyme E1-like	search FASTA description + reference GFF	30.61799309014463
PROT:sp|P52489|KPYK2_YEAST	sp|P52489|KPYK2_YEAST		PYK2	Pyruvate kinase 2	0.00035489036	PYK2 — Pyruvate kinase 2	search FASTA description + reference GFF	29.0454347772418
PROT:sp|P52490|UBC13_YEAST	sp|P52490|UBC13_YEAST		UBC13	Ubiquitin-conjugating enzyme E2 13	0.0005164613	UBC13 — Ubiquitin-conjugating enzyme E2 13	search FASTA description + reference GFF	30.063629635408333
PROT:sp|P52553|PFD6_YEAST	sp|P52553|PFD6_YEAST		YKE2	Prefoldin subunit 6	0.00035489036	YKE2 — Prefoldin subunit 6	search FASTA description + reference GFF	30.044730118490904
PROT:sp|P52593|NU188_YEAST	sp|P52593|NU188_YEAST		NUP188	Nucleoporin NUP188	0.00035489036	NUP188 — Nucleoporin NUP188	search FASTA description + reference GFF	27.492794006363454
PROT:sp|P52891|NUP84_YEAST	sp|P52891|NUP84_YEAST		NUP84	Nucleoporin NUP84	0.00035489036	NUP84 — Nucleoporin NUP84	search FASTA description + reference GFF	28.1041660268442
PROT:sp|P52893|ALAT1_YEAST	sp|P52893|ALAT1_YEAST		ALT1	Alanine aminotransferase, mitochondrial	0.00035489036	ALT1 — Alanine aminotransferase, mitochondrial	search FASTA description + reference GFF	32.14153146510722
PROT:sp|P52910|ACS2_YEAST	sp|P52910|ACS2_YEAST		ACS2	Acetyl-coenzyme A synthetase 2	0.00035489036	ACS2 — Acetyl-coenzyme A synthetase 2	search FASTA description + reference GFF	35.009016204713625
PROT:sp|P52917|VPS4_YEAST	sp|P52917|VPS4_YEAST		VPS4	Vacuolar protein sorting-associated protein 4	0.00035489036	VPS4 — Vacuolar protein sorting-associated protein 4	search FASTA description + reference GFF	27.99483647972861
PROT:sp|P52918|MSN5_YEAST	sp|P52918|MSN5_YEAST		MSN5	Protein MSN5	0.00035489036	MSN5 — Protein MSN5	search FASTA description + reference GFF	28.00361379288886
PROT:sp|P53008|CWH41_YEAST	sp|P53008|CWH41_YEAST		CWH41	Mannosyl-oligosaccharide glucosidase	0.00035489036	CWH41 — Mannosyl-oligosaccharide glucosidase	search FASTA description + reference GFF	27.55117154902594
PROT:sp|P53011|SEH1_YEAST	sp|P53011|SEH1_YEAST		SEH1	Nucleoporin SEH1	0.00035489036	SEH1 — Nucleoporin SEH1	search FASTA description + reference GFF	27.544601633167325
PROT:sp|P53039|YIP1_YEAST	sp|P53039|YIP1_YEAST		YIP1	Protein transport protein YIP1	0.0016360302	YIP1 — Protein transport protein YIP1	search FASTA description + reference GFF	22.600846201460133
PROT:sp|P53040|TAF6_YEAST	sp|P53040|TAF6_YEAST		TAF6	SAGA complex/transcription factor TFIID complex subunit TAF6	0.00042211934	TAF6 — SAGA complex/transcription factor TFIID complex subunit TAF6	search FASTA description + reference GFF	25.938596388079137
PROT:sp|P53043|PPP5_YEAST	sp|P53043|PPP5_YEAST		PPT1	Serine/threonine-protein phosphatase T	0.00035489036	PPT1 — Serine/threonine-protein phosphatase T	search FASTA description + reference GFF	29.044690615955176
PROT:sp|P53044|UFD1_YEAST	sp|P53044|UFD1_YEAST		UFD1	Ubiquitin fusion degradation protein 1	0.00035489036	UFD1 — Ubiquitin fusion degradation protein 1	search FASTA description + reference GFF	29.286222427229205
PROT:sp|P53045|ERG25_YEAST	sp|P53045|ERG25_YEAST		ERG25	C-4 methylsterol oxidase ERG25	0.0003623702	ERG25 — C-4 methylsterol oxidase ERG25	search FASTA description + reference GFF	26.936970603572
PROT:sp|P53048|MAL11_YEAST	sp|P53048|MAL11_YEAST		MAL11	General alpha-glucoside permease	0.00035489036	MAL11 — General alpha-glucoside permease	search FASTA description + reference GFF	29.76511456402872
PROT:sp|P53060|RMR1_YEAST	sp|P53060|RMR1_YEAST		RMR1	Reduced meiotic recombination protein 1	0.00044707378	RMR1 — Reduced meiotic recombination protein 1	search FASTA description + reference GFF	23.236565233766072
PROT:sp|P53064|RTF1_YEAST	sp|P53064|RTF1_YEAST		RTF1	RNA polymerase-associated protein RTF1	0.00035489036	RTF1 — RNA polymerase-associated protein RTF1	search FASTA description + reference GFF	28.77891435973158
PROT:sp|P53066|YGZ2_YEAST	sp|P53066|YGZ2_YEAST		YGL242C	Ankyrin repeat-containing protein YGL242C	0.00035489036	YGL242C — Ankyrin repeat-containing protein YGL242C	search FASTA description + reference GFF	27.511855748603697
PROT:sp|P53072|TAN1_YEAST	sp|P53072|TAN1_YEAST		TAN1	tRNA acetyltransferase TAN1	0.00035489036	TAN1 — tRNA acetyltransferase TAN1	search FASTA description + reference GFF	28.80579309321895
PROT:sp|P53073|EMC4_YEAST	sp|P53073|EMC4_YEAST		EMC4	ER membrane protein complex subunit 4	0.00035489036	EMC4 — ER membrane protein complex subunit 4	search FASTA description + reference GFF	27.32685906165793
PROT:sp|P53075|SHE10_YEAST	sp|P53075|SHE10_YEAST		SHE10	Outer spore wall assembly protein SHE10	0.00035489036	SHE10 — Outer spore wall assembly protein SHE10	search FASTA description + reference GFF	30.773677996971685
PROT:sp|P53076|VID30_YEAST	sp|P53076|VID30_YEAST		VID30	GID complex subunit 1	0.00035489036	VID30 — GID complex subunit 1	search FASTA description + reference GFF	25.88028185090539
PROT:sp|P53081|NIF3_YEAST	sp|P53081|NIF3_YEAST		NIF3	NGG1-interacting factor 3	0.00035489036	NIF3 — NGG1-interacting factor 3	search FASTA description + reference GFF	31.76192764097974
PROT:sp|P53082|BOL2_YEAST	sp|P53082|BOL2_YEAST		BOL2	BolA-like protein 2	0.00035489036	BOL2 — BolA-like protein 2	search FASTA description + reference GFF	26.757472343859792
PROT:sp|P53090|ARO8_YEAST	sp|P53090|ARO8_YEAST		ARO8	Aromatic/aminoadipate aminotransferase 1	0.00035489036	ARO8 — Aromatic/aminoadipate aminotransferase 1	search FASTA description + reference GFF	35.140306263935855
PROT:sp|P53091|MCM6_YEAST	sp|P53091|MCM6_YEAST		MCM6	DNA replication licensing factor MCM6	0.00035489036	MCM6 — DNA replication licensing factor MCM6	search FASTA description + reference GFF	28.19653900796853
PROT:sp|P53094|MDS3_YEAST	sp|P53094|MDS3_YEAST		MDS3	Negative regulator of sporulation MDS3	0.00035489036	MDS3 — Negative regulator of sporulation MDS3	search FASTA description + reference GFF	25.21333928369589
PROT:sp|P53095|DSD1_YEAST	sp|P53095|DSD1_YEAST		DSD1	D-serine dehydratase	0.00035489036	DSD1 — D-serine dehydratase	search FASTA description + reference GFF	29.012897825972143
PROT:sp|P53100|YGT5_YEAST	sp|P53100|YGT5_YEAST		YGL185C	Putative 2-hydroxyacid dehydrogenase YGL185C	0.00035489036	YGL185C — Putative 2-hydroxyacid dehydrogenase YGL185C	search FASTA description + reference GFF	29.26602809843893
PROT:sp|P53101|STR3_YEAST	sp|P53101|STR3_YEAST		STR3	Cystathionine beta-lyase	0.00035489036	STR3 — Cystathionine beta-lyase	search FASTA description + reference GFF	29.98075659638167
PROT:sp|P53110|IMR_YEAST	sp|P53110|IMR_YEAST		YGL159W	Imine reductase	0.00035489036	YGL159W — Imine reductase	search FASTA description + reference GFF	26.84535772533692
PROT:sp|P53112|PEX14_YEAST	sp|P53112|PEX14_YEAST		PEX14	Peroxisomal membrane protein PEX14	0.00035489036	PEX14 — Peroxisomal membrane protein PEX14	search FASTA description + reference GFF	29.137735703404623
PROT:sp|P53114|MED5_YEAST	sp|P53114|MED5_YEAST		NUT1	Mediator of RNA polymerase II transcription subunit 5	0.00035489036	NUT1 — Mediator of RNA polymerase II transcription subunit 5	search FASTA description + reference GFF	23.522936847075684
PROT:sp|P53115|INO80_YEAST	sp|P53115|INO80_YEAST		INO80	Chromatin-remodeling ATPase INO80	0.0019699284	INO80 — Chromatin-remodeling ATPase INO80	search FASTA description + reference GFF	24.401218198508197
PROT:sp|P53125|ITC1_YEAST	sp|P53125|ITC1_YEAST		ITC1	Imitation switch two complex protein 1	0.0030839848	ITC1 — Imitation switch two complex protein 1	search FASTA description + reference GFF	23.92712544080355
PROT:sp|P53128|MTHR2_YEAST	sp|P53128|MTHR2_YEAST		MET13	Methylenetetrahydrofolate reductase 2	0.00035489036	MET13 — Methylenetetrahydrofolate reductase 2	search FASTA description + reference GFF	30.33599402371228
PROT:sp|P53131|PRP43_YEAST	sp|P53131|PRP43_YEAST		PRP43	Pre-mRNA-splicing factor ATP-dependent RNA helicase PRP43	0.00035489036	PRP43 — Pre-mRNA-splicing factor ATP-dependent RNA helicase PRP43	search FASTA description + reference GFF	30.2272851666737
PROT:sp|P53133|YGL7_YEAST	sp|P53133|YGL7_YEAST		YGL117W	Uncharacterized protein YGL117W	0.00035489036	YGL117W — Uncharacterized protein YGL117W	search FASTA description + reference GFF	27.891130728992135
PROT:sp|P53136|NSA1_YEAST	sp|P53136|NSA1_YEAST		NSA1	Ribosome biogenesis protein NSA1	0.00035489036	NSA1 — Ribosome biogenesis protein NSA1	search FASTA description + reference GFF	27.81309847642057
PROT:sp|P53139|YGK8_YEAST	sp|P53139|YGK8_YEAST		YGL108C	Uncharacterized protein YGL108C	0.00035489036	YGL108C — Uncharacterized protein YGL108C	search FASTA description + reference GFF	28.51221581235509
PROT:sp|P53140|RMD9_YEAST	sp|P53140|RMD9_YEAST		RMD9	RNA-binding protein RMD9, mitochondrial	0.00035489036	RMD9 — RNA-binding protein RMD9, mitochondrial	search FASTA description + reference GFF	29.17399124211204
PROT:sp|P53141|MLC1_YEAST	sp|P53141|MLC1_YEAST		MLC1	Myosin light chain 1	0.00035489036	MLC1 — Myosin light chain 1	search FASTA description + reference GFF	32.16711302328492
PROT:sp|P53145|LSG1_YEAST	sp|P53145|LSG1_YEAST		LSG1	Large subunit GTPase 1	0.00035489036	LSG1 — Large subunit GTPase 1	search FASTA description + reference GFF	28.513130899374826
PROT:sp|P53152|MMS2_YEAST	sp|P53152|MMS2_YEAST		MMS2	Ubiquitin-conjugating enzyme variant MMS2	0.00035489036	MMS2 — Ubiquitin-conjugating enzyme variant MMS2	search FASTA description + reference GFF	31.97960834656659
PROT:sp|P53155|YGI2_YEAST	sp|P53155|YGI2_YEAST		YGL082W	Uncharacterized protein YGL082W	0.00035489036	YGL082W — Uncharacterized protein YGL082W	search FASTA description + reference GFF	29.76267570029453
PROT:sp|P53163|MNP1_YEAST	sp|P53163|MNP1_YEAST		MNP1	Large ribosomal subunit protein bL12m	0.00035489036	MNP1 — Large ribosomal subunit protein bL12m	search FASTA description + reference GFF	32.436547823252184
PROT:sp|P53164|NPY1_YEAST	sp|P53164|NPY1_YEAST		NPY1	NAD-capped RNA hydrolase NPY1	0.00037042485	NPY1 — NAD-capped RNA hydrolase NPY1	search FASTA description + reference GFF	26.98547965169694
PROT:sp|P53170|PDK2_YEAST	sp|P53170|PDK2_YEAST		PKP2	[Pyruvate dehydrogenase (acetyl-transferring)] kinase 2, mitochondrial	0.00035489036	PKP2 — [Pyruvate dehydrogenase (acetyl-transferring)] kinase 2, mitochondrial	search FASTA description + reference GFF	27.60154827837713
PROT:sp|P53171|GEP7_YEAST	sp|P53171|GEP7_YEAST		GEP7	Genetic interactor of prohibitin 7, mitochondrial	0.00035489036	GEP7 — Genetic interactor of prohibitin 7, mitochondrial	search FASTA description + reference GFF	20.737473648780025
PROT:sp|P53172|SDS23_YEAST	sp|P53172|SDS23_YEAST		SDS23	Protein SDS23	0.00035489036	SDS23 — Protein SDS23	search FASTA description + reference GFF	29.443017481811268
PROT:sp|P53184|PNC1_YEAST	sp|P53184|PNC1_YEAST		PNC1	Nicotinamidase	0.00035489036	PNC1 — Nicotinamidase	search FASTA description + reference GFF	33.720430821506035
PROT:sp|P53191|PIB2_YEAST	sp|P53191|PIB2_YEAST		PIB2	Glutamine sensor PIB2	0.00035489036	PIB2 — Glutamine sensor PIB2	search FASTA description + reference GFF	26.646065009392625
PROT:sp|P53192|GET1_YEAST	sp|P53192|GET1_YEAST		GET1	Golgi to ER traffic protein 1	0.00035489036	GET1 — Golgi to ER traffic protein 1	search FASTA description + reference GFF	28.095928837371865
PROT:sp|P53193|JAC1_YEAST	sp|P53193|JAC1_YEAST		JAC1	J-type co-chaperone JAC1, mitochondrial	0.00035489036	JAC1 — J-type co-chaperone JAC1, mitochondrial	search FASTA description + reference GFF	26.359707121534743
PROT:sp|P53196|RPN14_YEAST	sp|P53196|RPN14_YEAST		RPN14	26S proteasome regulatory subunit RPN14	0.00035489036	RPN14 — 26S proteasome regulatory subunit RPN14	search FASTA description + reference GFF	25.35426444562618
PROT:sp|P53199|ERG26_YEAST	sp|P53199|ERG26_YEAST		ERG26	Sterol-4-alpha-carboxylate 3-dehydrogenase ERG26, decarboxylating	0.00035489036	ERG26 — Sterol-4-alpha-carboxylate 3-dehydrogenase ERG26, decarboxylating	search FASTA description + reference GFF	32.079002420297975
PROT:sp|P53200|EFM5_YEAST	sp|P53200|EFM5_YEAST		EFM5	Protein-lysine N-methyltransferase EFM5	0.00035489036	EFM5 — Protein-lysine N-methyltransferase EFM5	search FASTA description + reference GFF	30.053144366035944
PROT:sp|P53201|SWC4_YEAST	sp|P53201|SWC4_YEAST		SWC4	SWR1-complex protein 4	0.00035489036	SWC4 — SWR1-complex protein 4	search FASTA description + reference GFF	26.764077656959223
PROT:sp|P53206|MCY1_YEAST	sp|P53206|MCY1_YEAST		MCY1	Putative mitochondrial cysteine synthase	0.00035489036	MCY1 — Putative mitochondrial cysteine synthase	search FASTA description + reference GFF	27.06428591015744
PROT:sp|P53207|SNU71_YEAST	sp|P53207|SNU71_YEAST		SNU71	U1 small nuclear ribonucleoprotein component SNU71	0.004824844	SNU71 — U1 small nuclear ribonucleoprotein component SNU71	search FASTA description + reference GFF	23.72896003441428
PROT:sp|P53210|YG1B_YEAST	sp|P53210|YG1B_YEAST		YGR017W	Uncharacterized protein YGR017W	0.00057905074	YGR017W — Uncharacterized protein YGR017W	search FASTA description + reference GFF	24.179264268404303
PROT:sp|P53212|YG1D_YEAST	sp|P53212|YG1D_YEAST		YGR021W	Probable transcriptional regulatory protein HAH1	0.00035489036	YGR021W — Probable transcriptional regulatory protein HAH1	search FASTA description + reference GFF	29.348314589733192
PROT:sp|P53218|POP6_YEAST	sp|P53218|POP6_YEAST		POP6	Ribonucleases P/MRP protein subunit POP6	0.00035489036	POP6 — Ribonucleases P/MRP protein subunit POP6	search FASTA description + reference GFF	26.29914560837589
PROT:sp|P53219|IMO32_YEAST	sp|P53219|IMO32_YEAST		IMO32	Probable alcohol acetyltransferase	0.00035489036	IMO32 — Probable alcohol acetyltransferase	search FASTA description + reference GFF	25.39550488348449
PROT:sp|P53220|TIM21_YEAST	sp|P53220|TIM21_YEAST		TIM21	Mitochondrial import inner membrane translocase subunit TIM21	0.00035489036	TIM21 — Mitochondrial import inner membrane translocase subunit TIM21	search FASTA description + reference GFF	29.68350831726382
PROT:sp|P53221|RL26B_YEAST	sp|P53221|RL26B_YEAST		RPL26B	Large ribosomal subunit protein uL24B	0.00035489036	RPL26B — Large ribosomal subunit protein uL24B	search FASTA description + reference GFF	35.331014515365574
PROT:sp|P53228|TAL2_YEAST	sp|P53228|TAL2_YEAST		NQM1	Transaldolase NQM1	0.00035489036	NQM1 — Transaldolase NQM1	search FASTA description + reference GFF	35.210963637145184
PROT:sp|P53235|EIF2A_YEAST	sp|P53235|EIF2A_YEAST		YGR054W	Eukaryotic translation initiation factor 2A	0.00035489036	YGR054W — Eukaryotic translation initiation factor 2A	search FASTA description + reference GFF	31.718606547588124
PROT:sp|P53250|TWF1_YEAST	sp|P53250|TWF1_YEAST		TWF1	Twinfilin-1	0.00035489036	TWF1 — Twinfilin-1	search FASTA description + reference GFF	32.034431303781545
PROT:sp|P53251|SLX9_YEAST	sp|P53251|SLX9_YEAST		SLX9	Ribosome biogenesis protein SLX9	0.00035741602	SLX9 — Ribosome biogenesis protein SLX9	search FASTA description + reference GFF	26.029725647268428
PROT:sp|P53252|PIL1_YEAST	sp|P53252|PIL1_YEAST		PIL1	Sphingolipid long chain base-responsive protein PIL1	0.00035489036	PIL1 — Sphingolipid long chain base-responsive protein PIL1	search FASTA description + reference GFF	36.661451202417695
PROT:sp|P53254|UTP22_YEAST	sp|P53254|UTP22_YEAST		UTP22	U3 small nucleolar RNA-associated protein 22	0.00035489036	UTP22 — U3 small nucleolar RNA-associated protein 22	search FASTA description + reference GFF	30.11330577515616
PROT:sp|P53256|RRP46_YEAST	sp|P53256|RRP46_YEAST		RRP46	Exosome complex component RRP46	0.00035489036	RRP46 — Exosome complex component RRP46	search FASTA description + reference GFF	25.46328876131604
PROT:sp|P53258|GYP2_YEAST	sp|P53258|GYP2_YEAST		MDR1	GTPase-activating protein GYP2	0.00035489036	MDR1 — GTPase-activating protein GYP2	search FASTA description + reference GFF	28.025401224680053
PROT:sp|P53261|PESC_YEAST	sp|P53261|PESC_YEAST		NOP7	Pescadillo homolog	0.00035489036	NOP7 — Pescadillo homolog	search FASTA description + reference GFF	31.163863594466992
PROT:sp|P53264|CLD1_YEAST	sp|P53264|CLD1_YEAST		CLD1	Cardiolipin-specific deacylase 1, mitochondrial	0.00035489036	CLD1 — Cardiolipin-specific deacylase 1, mitochondrial	search FASTA description + reference GFF	25.655183570823084
PROT:sp|P53265|YG2W_YEAST	sp|P53265|YG2W_YEAST		YGR111W	Uncharacterized protein YGR111W	0.00035489036	YGR111W — Uncharacterized protein YGR111W	search FASTA description + reference GFF	24.94473115344069
PROT:sp|P53266|SHY1_YEAST	sp|P53266|SHY1_YEAST		SHY1	Cytochrome oxidase assembly protein SHY1	0.00035489036	SHY1 — Cytochrome oxidase assembly protein SHY1	search FASTA description + reference GFF	26.68714514092678
PROT:sp|P53267|DAM1_YEAST	sp|P53267|DAM1_YEAST		DAM1	DASH complex subunit DAM1	0.00035489036	DAM1 — DASH complex subunit DAM1	search FASTA description + reference GFF	25.320891819246697
PROT:sp|P53270|YG32_YEAST	sp|P53270|YG32_YEAST		YGR117C	Uncharacterized protein YGR117C	0.00035489036	YGR117C — Uncharacterized protein YGR117C	search FASTA description + reference GFF	25.629507710132582
PROT:sp|P53274|YG36_YEAST	sp|P53274|YG36_YEAST		YGR126W	Uncharacterized protein YGR126W	0.00035489036	YGR126W — Uncharacterized protein YGR126W	search FASTA description + reference GFF	22.18249780186051
PROT:sp|P53275|YG37_YEAST	sp|P53275|YG37_YEAST		YGR127W	Uncharacterized protein YGR127W	0.00035489036	YGR127W — Uncharacterized protein YGR127W	search FASTA description + reference GFF	30.105914384784224
PROT:sp|P53276|UTP8_YEAST	sp|P53276|UTP8_YEAST		UTP8	U3 small nucleolar RNA-associated protein 8	0.00035489036	UTP8 — U3 small nucleolar RNA-associated protein 8	search FASTA description + reference GFF	28.27348064610472
PROT:sp|P53278|YG3A_YEAST	sp|P53278|YG3A_YEAST		YGR130C	Uncharacterized protein YGR130C	0.00035489036	YGR130C — Uncharacterized protein YGR130C	search FASTA description + reference GFF	33.82084862515763
PROT:sp|P53281|LSB1_YEAST	sp|P53281|LSB1_YEAST		LSB1	LAS seventeen-binding protein 1	0.00035489036	LSB1 — LAS seventeen-binding protein 1	search FASTA description + reference GFF	28.825715860862715
PROT:sp|P53289|RTS3_YEAST	sp|P53289|RTS3_YEAST		RTS3	Protein phosphatase type 2A regulatory subunit RTS3	0.00035489036	RTS3 — Protein phosphatase type 2A regulatory subunit RTS3	search FASTA description + reference GFF	27.763063186360096
PROT:sp|P53292|RT35_YEAST	sp|P53292|RT35_YEAST		MRPS35	Small ribosomal subunit protein mS45	0.00035489036	MRPS35 — Small ribosomal subunit protein mS45	search FASTA description + reference GFF	30.512626685584493
PROT:sp|P53295|RBG2_YEAST	sp|P53295|RBG2_YEAST		RBG2	Ribosome-interacting GTPase 2	0.00035489036	RBG2 — Ribosome-interacting GTPase 2	search FASTA description + reference GFF	29.755646078729026
PROT:sp|P53297|PBP1_YEAST	sp|P53297|PBP1_YEAST		PBP1	PAB1-binding protein 1	0.00035489036	PBP1 — PAB1-binding protein 1	search FASTA description + reference GFF	31.49282541159504
PROT:sp|P53299|TIM13_YEAST	sp|P53299|TIM13_YEAST		TIM13	Mitochondrial import inner membrane translocase subunit TIM13	0.00035489036	TIM13 — Mitochondrial import inner membrane translocase subunit TIM13	search FASTA description + reference GFF	32.2103500335412
PROT:sp|P53301|CRH1_YEAST	sp|P53301|CRH1_YEAST		CRH1	Congo red hypersensitive protein 1	0.00035489036	CRH1 — Congo red hypersensitive protein 1	search FASTA description + reference GFF	29.2427829518548
PROT:sp|P53303|ZPR1_YEAST	sp|P53303|ZPR1_YEAST		ZPR1	Zinc finger chaperone ZPR1	0.00035489036	ZPR1 — Zinc finger chaperone ZPR1	search FASTA description + reference GFF	31.705289120320437
PROT:sp|P53305|RT27_YEAST	sp|P53305|RT27_YEAST		RSM27	Small ribosomal subunit protein mS33	0.00035489036	RSM27 — Small ribosomal subunit protein mS33	search FASTA description + reference GFF	23.68688709277522
PROT:sp|P53312|SUCB_YEAST	sp|P53312|SUCB_YEAST		LSC2	Succinate--CoA ligase [ADP-forming] subunit beta, mitochondrial	0.00035489036	LSC2 — Succinate--CoA ligase [ADP-forming] subunit beta, mitochondrial	search FASTA description + reference GFF	35.12802001503926
PROT:sp|P53315|SOL4_YEAST	sp|P53315|SOL4_YEAST		SOL4	6-phosphogluconolactonase 4	0.00035489036	SOL4 — 6-phosphogluconolactonase 4	search FASTA description + reference GFF	30.870306763724283
PROT:sp|P53316|YG5B_YEAST	sp|P53316|YG5B_YEAST		YGR250C	Uncharacterized RNA-binding protein YGR250C	0.00035489036	YGR250C — Uncharacterized RNA-binding protein YGR250C	search FASTA description + reference GFF	29.877869760768604
PROT:sp|P53319|6PGD2_YEAST	sp|P53319|6PGD2_YEAST		GND2	6-phosphogluconate dehydrogenase, decarboxylating 2	0.00035489036	GND2 — 6-phosphogluconate dehydrogenase, decarboxylating 2	search FASTA description + reference GFF	34.357460769614626
PROT:sp|P53323|BUD32_YEAST	sp|P53323|BUD32_YEAST		BUD32	EKC/KEOPS complex subunit BUD32	0.00035489036	BUD32 — EKC/KEOPS complex subunit BUD32	search FASTA description + reference GFF	26.409105828320733
PROT:sp|P53326|YG5L_YEAST	sp|P53326|YG5L_YEAST		YGR266W	Uncharacterized protein YGR266W	0.00035489036	YGR266W — Uncharacterized protein YGR266W	search FASTA description + reference GFF	31.45992274172335
PROT:sp|P53331|REXO1_YEAST	sp|P53331|REXO1_YEAST		RNH70	RNA exonuclease 1	0.00035489036	RNH70 — RNA exonuclease 1	search FASTA description + reference GFF	26.092240540929645
PROT:sp|P53332|COAD_YEAST	sp|P53332|COAD_YEAST		CAB4	Phosphopantetheine adenylyltransferase	0.0005577036	CAB4 — Phosphopantetheine adenylyltransferase	search FASTA description + reference GFF	28.71104782859344
PROT:sp|P53334|SCW4_YEAST	sp|P53334|SCW4_YEAST		SCW4	Probable family 17 glucosidase SCW4	0.00035489036	SCW4 — Probable family 17 glucosidase SCW4	search FASTA description + reference GFF	30.55610622736384
PROT:sp|P53337|ERV29_YEAST	sp|P53337|ERV29_YEAST		ERV29	ER-derived vesicles protein ERV29	0.00035489036	ERV29 — ER-derived vesicles protein ERV29	search FASTA description + reference GFF	27.9553051246149
PROT:sp|P53438|SOK2_YEAST	sp|P53438|SOK2_YEAST		SOK2	Protein SOK2	0.00035489036	SOK2 — Protein SOK2	search FASTA description + reference GFF	25.400654045494782
PROT:sp|P53549|PRS10_YEAST	sp|P53549|PRS10_YEAST		RPT4	26S proteasome subunit RPT4	0.00035489036	RPT4 — 26S proteasome subunit RPT4	search FASTA description + reference GFF	33.95292511556367
PROT:sp|P53550|DCP2_YEAST	sp|P53550|DCP2_YEAST		DCP2	m7GpppN-mRNA hydrolase	0.00035489036	DCP2 — m7GpppN-mRNA hydrolase	search FASTA description + reference GFF	27.378254085763
PROT:sp|P53551|H1_YEAST	sp|P53551|H1_YEAST		HHO1	Histone H1	0.00035489036	HHO1 — Histone H1	search FASTA description + reference GFF	30.63072597338272
PROT:sp|P53598|SUCA_YEAST	sp|P53598|SUCA_YEAST		LSC1	Succinate--CoA ligase [ADP-forming] subunit alpha, mitochondrial	0.00035489036	LSC1 — Succinate--CoA ligase [ADP-forming] subunit alpha, mitochondrial	search FASTA description + reference GFF	35.102887352414434
PROT:sp|P53600|COPZ_YEAST	sp|P53600|COPZ_YEAST		RET3	Coatomer subunit zeta	0.00035489036	RET3 — Coatomer subunit zeta	search FASTA description + reference GFF	28.74441272769073
PROT:sp|P53615|CAN_YEAST	sp|P53615|CAN_YEAST		NCE103	Carbonic anhydrase	0.00035489036	NCE103 — Carbonic anhydrase	search FASTA description + reference GFF	30.397007665858567
PROT:sp|P53617|NRD1_YEAST	sp|P53617|NRD1_YEAST		NRD1	Protein NRD1	0.00035489036	NRD1 — Protein NRD1	search FASTA description + reference GFF	29.107598412475053
PROT:sp|P53622|COPA_YEAST	sp|P53622|COPA_YEAST		COP1	Coatomer subunit alpha	0.00035489036	COP1 — Coatomer subunit alpha	search FASTA description + reference GFF	33.66217933058339
PROT:sp|P53628|SNF12_YEAST	sp|P53628|SNF12_YEAST		SNF12	Transcription regulatory protein SNF12	0.00035489036	SNF12 — Transcription regulatory protein SNF12	search FASTA description + reference GFF	24.927375011840205
PROT:sp|P53629|ARE2_YEAST	sp|P53629|ARE2_YEAST		ARE2	Sterol O-acyltransferase 2	0.00035489036	ARE2 — Sterol O-acyltransferase 2	search FASTA description + reference GFF	29.743432810852315
PROT:sp|P53633|PRA1_YEAST	sp|P53633|PRA1_YEAST		YIP3	Prenylated Rab acceptor 1	0.00035489036	YIP3 — Prenylated Rab acceptor 1	search FASTA description + reference GFF	31.346781163347124
PROT:sp|P53686|HST2_YEAST	sp|P53686|HST2_YEAST		HST2	NAD-dependent protein deacetylase HST2	0.00078453653	HST2 — NAD-dependent protein deacetylase HST2	search FASTA description + reference GFF	33.17690880198164
PROT:sp|P53691|PPID_YEAST	sp|P53691|PPID_YEAST		CPR6	Peptidyl-prolyl cis-trans isomerase CPR6	0.00035489036	CPR6 — Peptidyl-prolyl cis-trans isomerase CPR6	search FASTA description + reference GFF	34.54567173965609
PROT:sp|P53720|DUS2_YEAST	sp|P53720|DUS2_YEAST		SMM1	tRNA-dihydrouridine(20) synthase	0.00035489036	SMM1 — tRNA-dihydrouridine(20) synthase	search FASTA description + reference GFF	28.70550664522894
PROT:sp|P53721|RCF2_YEAST	sp|P53721|RCF2_YEAST		RCF2	Respiratory supercomplex factor 2, mitochondrial	0.00035489036	RCF2 — Respiratory supercomplex factor 2, mitochondrial	search FASTA description + reference GFF	30.74569474723785
PROT:sp|P53722|ATP23_YEAST	sp|P53722|ATP23_YEAST		ATP23	Mitochondrial inner membrane protease ATP23	0.00035489036	ATP23 — Mitochondrial inner membrane protease ATP23	search FASTA description + reference GFF	28.164998145510427
PROT:sp|P53723|YN8B_YEAST	sp|P53723|YN8B_YEAST		YNR021W	UPF0674 endoplasmic reticulum membrane protein YNR021W	0.00035489036	YNR021W — UPF0674 endoplasmic reticulum membrane protein YNR021W	search FASTA description + reference GFF	31.883218473791505
PROT:sp|P53724|RM50_YEAST	sp|P53724|RM50_YEAST		MRPL50	Large ribosomal subunit protein bL9m	0.000396012	MRPL50 — Large ribosomal subunit protein bL9m	search FASTA description + reference GFF	28.929992367782337
PROT:sp|P53729|ZNG1_YEAST	sp|P53729|ZNG1_YEAST		ZNG1	Zinc-regulated GTPase metalloprotein activator 1	0.00035489036	ZNG1 — Zinc-regulated GTPase metalloprotein activator 1	search FASTA description + reference GFF	26.67353620398722
PROT:sp|P53730|ALG12_YEAST	sp|P53730|ALG12_YEAST		ALG12	Dol-P-Man:Man(7)GlcNAc(2)-PP-Dol alpha-1,6-mannosyltransferase	0.00037952527	ALG12 — Dol-P-Man:Man(7)GlcNAc(2)-PP-Dol alpha-1,6-mannosyltransferase	search FASTA description + reference GFF	29.01629829601046
PROT:sp|P53731|ARPC2_YEAST	sp|P53731|ARPC2_YEAST		ARC35	Actin-related protein 2/3 complex subunit 2	0.00035489036	ARC35 — Actin-related protein 2/3 complex subunit 2	search FASTA description + reference GFF	32.34999277893587
PROT:sp|P53733|RT19_YEAST	sp|P53733|RT19_YEAST		RSM19	Small ribosomal subunit protein uS19m	0.00035489036	RSM19 — Small ribosomal subunit protein uS19m	search FASTA description + reference GFF	30.35699979281491
PROT:sp|P53735|ZRG17_YEAST	sp|P53735|ZRG17_YEAST		ZRG17	Protein ZRG17	0.002270442	ZRG17 — Protein ZRG17	search FASTA description + reference GFF	23.51129920821092
PROT:sp|P53736|YN8O_YEAST	sp|P53736|YN8O_YEAST		YNR040W	Uncharacterized protein YNR040W	0.00035489036	YNR040W — Uncharacterized protein YNR040W	search FASTA description + reference GFF	28.08026382601765
PROT:sp|P53741|BRE5_YEAST	sp|P53741|BRE5_YEAST		BRE5	UBP3-associated protein BRE5	0.00035489036	BRE5 — UBP3-associated protein BRE5	search FASTA description + reference GFF	29.4682974786526
PROT:sp|P53742|NOG2_YEAST	sp|P53742|NOG2_YEAST		NOG2	Nucleolar GTP-binding protein 2	0.00035489036	NOG2 — Nucleolar GTP-binding protein 2	search FASTA description + reference GFF	30.228296067697705
PROT:sp|P53743|ESF2_YEAST	sp|P53743|ESF2_YEAST		ESF2	Pre-rRNA-processing protein ESF2	0.00035489036	ESF2 — Pre-rRNA-processing protein ESF2	search FASTA description + reference GFF	26.56100888037275
PROT:sp|P53834|HCH1_YEAST	sp|P53834|HCH1_YEAST		HCH1	Hsp90 co-chaperone HCH1	0.00035489036	HCH1 — Hsp90 co-chaperone HCH1	search FASTA description + reference GFF	31.812393932949558
PROT:sp|P53839|GOR1_YEAST	sp|P53839|GOR1_YEAST		GOR1	Glyoxylate reductase 1	0.00035489036	GOR1 — Glyoxylate reductase 1	search FASTA description + reference GFF	34.50438431874957
PROT:sp|P53844|PDR17_YEAST	sp|P53844|PDR17_YEAST		PDR17	Phosphatidylinositol transfer protein PDR17	0.00035489036	PDR17 — Phosphatidylinositol transfer protein PDR17	search FASTA description + reference GFF	26.38035681853456
PROT:sp|P53847|DSL1_YEAST	sp|P53847|DSL1_YEAST		DSL1	Protein transport protein DSL1	0.00035489036	DSL1 — Protein transport protein DSL1	search FASTA description + reference GFF	26.7025658708075
PROT:sp|P53848|FOL1_YEAST	sp|P53848|FOL1_YEAST		FOL1	Folic acid synthesis protein FOL1	0.00035489036	FOL1 — Folic acid synthesis protein FOL1	search FASTA description + reference GFF	27.084023375230224
PROT:sp|P53852|SYC_YEAST	sp|P53852|SYC_YEAST		YNL247W	Cysteine--tRNA ligase	0.00035489036	YNL247W — Cysteine--tRNA ligase	search FASTA description + reference GFF	32.25529461457758
PROT:sp|P53853|VPS75_YEAST	sp|P53853|VPS75_YEAST		VPS75	Vacuolar protein sorting-associated protein 75	0.00035489036	VPS75 — Vacuolar protein sorting-associated protein 75	search FASTA description + reference GFF	27.93304526047917
PROT:sp|P53858|BNI4_YEAST	sp|P53858|BNI4_YEAST		BNI4	Protein BNI4	0.0064753275	BNI4 — Protein BNI4	search FASTA description + reference GFF	25.03156932813509
PROT:sp|P53859|CSL4_YEAST	sp|P53859|CSL4_YEAST		CSL4	Exosome complex component CSL4	0.00035489036	CSL4 — Exosome complex component CSL4	search FASTA description + reference GFF	28.55355810929927
PROT:sp|P53860|PDR16_YEAST	sp|P53860|PDR16_YEAST		PDR16	Phosphatidylinositol transfer protein PDR16	0.00035489036	PDR16 — Phosphatidylinositol transfer protein PDR16	search FASTA description + reference GFF	30.117554133493723
PROT:sp|P53868|ALG9_YEAST	sp|P53868|ALG9_YEAST		ALG9	Alpha-1,2-mannosyltransferase ALG9	0.00035489036	ALG9 — Alpha-1,2-mannosyltransferase ALG9	search FASTA description + reference GFF	26.625242796437657
PROT:sp|P53875|RM19_YEAST	sp|P53875|RM19_YEAST		MRPL19	Large ribosomal subunit protein uL11m	0.00035489036	MRPL19 — Large ribosomal subunit protein uL11m	search FASTA description + reference GFF	30.85142491705482
PROT:sp|P53877|IPI3_YEAST	sp|P53877|IPI3_YEAST		IPI3	Pre-rRNA-processing protein IPI3	0.00035489036	IPI3 — Pre-rRNA-processing protein IPI3	search FASTA description + reference GFF	25.514957028785236
PROT:sp|P53878|PBR1_YEAST	sp|P53878|PBR1_YEAST		PBR1	Uncharacterized oxidoreductase YNL181W	0.00035489036	PBR1 — Uncharacterized oxidoreductase YNL181W	search FASTA description + reference GFF	29.845449883032757
PROT:sp|P53879|RHO5_YEAST	sp|P53879|RHO5_YEAST		RHO5	GTP-binding protein RHO5	0.00035489036	RHO5 — GTP-binding protein RHO5	search FASTA description + reference GFF	29.44492510893322
PROT:sp|P53881|RM22_YEAST	sp|P53881|RM22_YEAST		MRPL22	Large ribosomal subunit protein uL22m	0.00035489036	MRPL22 — Large ribosomal subunit protein uL22m	search FASTA description + reference GFF	29.04704139429932
PROT:sp|P53883|NOP13_YEAST	sp|P53883|NOP13_YEAST		NOP13	Nucleolar protein 13	0.00035489036	NOP13 — Nucleolar protein 13	search FASTA description + reference GFF	31.07518303739029
PROT:sp|P53885|MDG1_YEAST	sp|P53885|MDG1_YEAST		MDG1	Signal transduction protein MDG1	0.00035489036	MDG1 — Signal transduction protein MDG1	search FASTA description + reference GFF	31.81045702683275
PROT:sp|P53889|FMP41_YEAST	sp|P53889|FMP41_YEAST		FMP41	Oxaloacetate tautomerase FMP41, mitochondrial	0.00035489036	FMP41 — Oxaloacetate tautomerase FMP41, mitochondrial	search FASTA description + reference GFF	29.98341876388522
PROT:sp|P53890|BNI5_YEAST	sp|P53890|BNI5_YEAST		BNI5	Bud neck protein 5	0.00035489036	BNI5 — Bud neck protein 5	search FASTA description + reference GFF	24.74662195455328
PROT:sp|P53893|RIA1_YEAST	sp|P53893|RIA1_YEAST		RIA1	Ribosome assembly protein 1	0.00035489036	RIA1 — Ribosome assembly protein 1	search FASTA description + reference GFF	26.569401734776516
PROT:sp|P53897|IGO1_YEAST	sp|P53897|IGO1_YEAST		IGO1	mRNA stability protein IGO1	0.00035489036	IGO1 — mRNA stability protein IGO1	search FASTA description + reference GFF	29.336066878844598
PROT:sp|P53900|PFD4_YEAST	sp|P53900|PFD4_YEAST		GIM3	Prefoldin subunit 4	0.00035489036	GIM3 — Prefoldin subunit 4	search FASTA description + reference GFF	27.56725382472529
PROT:sp|P53903|PGA2_YEAST	sp|P53903|PGA2_YEAST		PGA2	Processing of GAS1 and ALP protein 2	0.00035489036	PGA2 — Processing of GAS1 and ALP protein 2	search FASTA description + reference GFF	29.54495993671034
PROT:sp|P53905|LSM7_YEAST	sp|P53905|LSM7_YEAST		LSM7	LSM complex subunit LSM7	0.00036139664	LSM7 — LSM complex subunit LSM7	search FASTA description + reference GFF	29.54221659385764
PROT:sp|P53909|ADE_YEAST	sp|P53909|ADE_YEAST		AAH1	Adenine deaminase	0.00035489036	AAH1 — Adenine deaminase	search FASTA description + reference GFF	30.15517606014681
PROT:sp|P53914|NAT10_YEAST	sp|P53914|NAT10_YEAST		KRE33	RNA cytidine acetyltransferase	0.00035489036	KRE33 — RNA cytidine acetyltransferase	search FASTA description + reference GFF	30.5110705164128
PROT:sp|P53915|NRK1_YEAST	sp|P53915|NRK1_YEAST		NRK1	Nicotinamide riboside kinase	0.00043167858	NRK1 — Nicotinamide riboside kinase	search FASTA description + reference GFF	26.158306010460816
PROT:sp|P53917|FAR11_YEAST	sp|P53917|FAR11_YEAST		FAR11	Factor arrest protein 11	0.00035489036	FAR11 — Factor arrest protein 11	search FASTA description + reference GFF	24.69085130154445
PROT:sp|P53920|NM111_YEAST	sp|P53920|NM111_YEAST		NMA111	Pro-apoptotic serine protease NMA111	0.00035489036	NMA111 — Pro-apoptotic serine protease NMA111	search FASTA description + reference GFF	27.552983202733348
PROT:sp|P53925|YNL5_YEAST	sp|P53925|YNL5_YEAST		YNL115C	Uncharacterized vacuolar membrane protein YNL115C	0.00035489036	YNL115C — Uncharacterized vacuolar membrane protein YNL115C	search FASTA description + reference GFF	30.10731812842448
PROT:sp|P53927|NOP15_YEAST	sp|P53927|NOP15_YEAST		NOP15	Ribosome biogenesis protein 15	0.00035489036	NOP15 — Ribosome biogenesis protein 15	search FASTA description + reference GFF	28.742782546429627
PROT:sp|P53929|YNK8_YEAST	sp|P53929|YNK8_YEAST		YNL108C	Uncharacterized protein YNL108C	0.00035489036	YNL108C — Uncharacterized protein YNL108C	search FASTA description + reference GFF	28.17364045440954
PROT:sp|P53935|NST1_YEAST	sp|P53935|NST1_YEAST		NST1	Stress response protein NST1	0.00046422204	NST1 — Stress response protein NST1	search FASTA description + reference GFF	23.87655459310806
PROT:sp|P53940|APJ1_YEAST	sp|P53940|APJ1_YEAST		APJ1	J domain-containing protein APJ1	0.002229498	APJ1 — J domain-containing protein APJ1	search FASTA description + reference GFF	25.021863034316578
PROT:sp|P53941|IMP4_YEAST	sp|P53941|IMP4_YEAST		IMP4	U3 small nucleolar ribonucleoprotein protein IMP4	0.00035489036	IMP4 — U3 small nucleolar ribonucleoprotein protein IMP4	search FASTA description + reference GFF	27.06925643620581
PROT:sp|P53946|ARP5_YEAST	sp|P53946|ARP5_YEAST		ARP5	Actin-related protein 5	0.00035489036	ARP5 — Actin-related protein 5	search FASTA description + reference GFF	28.999552463942404
PROT:sp|P53951|COG5_YEAST	sp|P53951|COG5_YEAST		COG5	Conserved oligomeric Golgi complex subunit 5	0.00035489036	COG5 — Conserved oligomeric Golgi complex subunit 5	search FASTA description + reference GFF	24.875185705311196
PROT:sp|P53954|ALG11_YEAST	sp|P53954|ALG11_YEAST		ALG11	GDP-Man:Man(3)GlcNAc(2)-PP-Dol alpha-1,2-mannosyltransferase	0.00035489036	ALG11 — GDP-Man:Man(3)GlcNAc(2)-PP-Dol alpha-1,2-mannosyltransferase	search FASTA description + reference GFF	26.74870618186224
PROT:sp|P53955|SLM2_YEAST	sp|P53955|SLM2_YEAST		SLM2	Phosphatidylinositol 4,5-bisphosphate-binding protein SLM2	0.00035489036	SLM2 — Phosphatidylinositol 4,5-bisphosphate-binding protein SLM2	search FASTA description + reference GFF	24.24601918254187
PROT:sp|P53960|YNE0_YEAST	sp|P53960|YNE0_YEAST		YNL040W	Putative alanyl-tRNA editing protein alaX	0.00035489036	YNL040W — Putative alanyl-tRNA editing protein alaX	search FASTA description + reference GFF	24.84822880452804
PROT:sp|P53965|SIW14_YEAST	sp|P53965|SIW14_YEAST		SIW14	Inositol diphosphatase SIW14	0.00035489036	SIW14 — Inositol diphosphatase SIW14	search FASTA description + reference GFF	25.495415850785395
PROT:sp|P53968|CRZ1_YEAST	sp|P53968|CRZ1_YEAST		CRZ1	Transcriptional regulator CRZ1	0.00035489036	CRZ1 — Transcriptional regulator CRZ1	search FASTA description + reference GFF	26.46193170849283
PROT:sp|P53978|EF3B_YEAST	sp|P53978|EF3B_YEAST		HEF3	Elongation factor 3B	0.00035489036	HEF3 — Elongation factor 3B	search FASTA description + reference GFF	35.13541083635699
PROT:sp|P53981|PYP1_YEAST	sp|P53981|PYP1_YEAST		PYP1	Polyol phosphate phosphatase PYP1	0.00035489036	PYP1 — Polyol phosphate phosphatase PYP1	search FASTA description + reference GFF	33.29422460328216
PROT:sp|P53982|IDHH_YEAST	sp|P53982|IDHH_YEAST		IDP3	Isocitrate dehydrogenase	0.00035489036	IDP3 — Isocitrate dehydrogenase	search FASTA description + reference GFF	30.8516687078814
PROT:sp|P54000|SUB1_YEAST	sp|P54000|SUB1_YEAST		SUB1	RNA polymerase II transcriptional coactivator SUB1	0.00035489036	SUB1 — RNA polymerase II transcriptional coactivator SUB1	search FASTA description + reference GFF	26.628861750862907
PROT:sp|P54003|SUR7_YEAST	sp|P54003|SUR7_YEAST		SUR7	Protein SUR7	0.00035489036	SUR7 — Protein SUR7	search FASTA description + reference GFF	30.46943844255091
PROT:sp|P54113|PUR91_YEAST	sp|P54113|PUR91_YEAST		ADE16	Bifunctional purine biosynthesis protein ADE16	0.00035489036	ADE16 — Bifunctional purine biosynthesis protein ADE16	search FASTA description + reference GFF	32.30586543331469
PROT:sp|P54114|ALDH3_YEAST	sp|P54114|ALDH3_YEAST		ALD3	Aldehyde dehydrogenase [NAD(P)+] 2	0.00035489036	ALD3 — Aldehyde dehydrogenase [NAD(P)+] 2	search FASTA description + reference GFF	32.963350729371975
PROT:sp|P54115|ALDH6_YEAST	sp|P54115|ALDH6_YEAST		ALD6	Magnesium-activated aldehyde dehydrogenase, cytosolic	0.00035489036	ALD6 — Magnesium-activated aldehyde dehydrogenase, cytosolic	search FASTA description + reference GFF	37.79165787838092
PROT:sp|P54730|UBX4_YEAST	sp|P54730|UBX4_YEAST		UBX4	UBX domain-containing protein 4	0.00035489036	UBX4 — UBX domain-containing protein 4	search FASTA description + reference GFF	30.0889760733276
PROT:sp|P54780|RL15B_YEAST	sp|P54780|RL15B_YEAST		RPL15B	Large ribosomal subunit protein eL15B	0.00035489036	RPL15B — Large ribosomal subunit protein eL15B	search FASTA description + reference GFF	34.311764991634355
PROT:sp|P54781|ERG5_YEAST	sp|P54781|ERG5_YEAST		ERG5	C-22 sterol desaturase ERG5	0.00035489036	ERG5 — C-22 sterol desaturase ERG5	search FASTA description + reference GFF	30.9927643054914
PROT:sp|P54783|ALO_YEAST	sp|P54783|ALO_YEAST		ALO1	D-arabinono-1,4-lactone oxidase	0.00035489036	ALO1 — D-arabinono-1,4-lactone oxidase	search FASTA description + reference GFF	32.37216515603225
PROT:sp|P54837|TMEDA_YEAST	sp|P54837|TMEDA_YEAST		ERV25	Endoplasmic reticulum vesicle protein 25	0.0036389583	ERV25 — Endoplasmic reticulum vesicle protein 25	search FASTA description + reference GFF	29.45159687731475
PROT:sp|P54838|DAK1_YEAST	sp|P54838|DAK1_YEAST		DAK1	Dihydroxyacetone kinase 1	0.00035489036	DAK1 — Dihydroxyacetone kinase 1	search FASTA description + reference GFF	33.7176300146271
PROT:sp|P54839|ERG13_YEAST	sp|P54839|ERG13_YEAST		ERG13	Hydroxymethylglutaryl-CoA synthase	0.00035489036	ERG13 — Hydroxymethylglutaryl-CoA synthase	search FASTA description + reference GFF	35.28574361580873
PROT:sp|P54858|DOS2_YEAST	sp|P54858|DOS2_YEAST		DOS2	Protein DOS2	0.00035489036	DOS2 — Protein DOS2	search FASTA description + reference GFF	29.54226527268198
PROT:sp|P54860|UFD2_YEAST	sp|P54860|UFD2_YEAST		UFD2	E4 ubiquitin-protein ligase UFD2	0.00035489036	UFD2 — E4 ubiquitin-protein ligase UFD2	search FASTA description + reference GFF	28.67923138077915
PROT:sp|P54861|DNM1_YEAST	sp|P54861|DNM1_YEAST		DNM1	Dynamin-related protein DNM1	0.00035489036	DNM1 — Dynamin-related protein DNM1	search FASTA description + reference GFF	31.89543559398811
PROT:sp|P54885|PROA_YEAST	sp|P54885|PROA_YEAST		PRO2	Gamma-glutamyl phosphate reductase	0.00035489036	PRO2 — Gamma-glutamyl phosphate reductase	search FASTA description + reference GFF	33.29710884412009
PROT:sp|P54964|ORN_YEAST	sp|P54964|ORN_YEAST		REX2	Oligoribonuclease, mitochondrial	0.00035489036	REX2 — Oligoribonuclease, mitochondrial	search FASTA description + reference GFF	26.7197625179491
PROT:sp|P54999|RUXF_YEAST	sp|P54999|RUXF_YEAST		SMX3	Small nuclear ribonucleoprotein F	0.00035489036	SMX3 — Small nuclear ribonucleoprotein F	search FASTA description + reference GFF	27.733402959973517
PROT:sp|P56628|RL22B_YEAST	sp|P56628|RL22B_YEAST		RPL22B	Large ribosomal subunit protein eL22B	0.00035489036	RPL22B — Large ribosomal subunit protein eL22B	search FASTA description + reference GFF	30.392946130311223
PROT:sp|P57743|LSM3_YEAST	sp|P57743|LSM3_YEAST		LSM3	LSM complex subunit LSM3	0.00035489036	LSM3 — LSM complex subunit LSM3	search FASTA description + reference GFF	28.372725516807037
PROT:sp|P60010|ACT_YEAST	sp|P60010|ACT_YEAST		ACT1	Actin	0.00035489036	ACT1 — Actin	search FASTA description + reference GFF	37.458282437912935
PROT:sp|P61830|H3_YEAST	sp|P61830|H3_YEAST		HHT1	Histone H3	0.00035489036	HHT1 — Histone H3	search FASTA description + reference GFF	33.68914196524496
PROT:sp|P69771|DID2_YEAST	sp|P69771|DID2_YEAST		DID2	Vacuolar protein-sorting-associated protein 46	0.00035489036	DID2 — Vacuolar protein-sorting-associated protein 46	search FASTA description + reference GFF	28.579327259145582
PROT:sp|P69850|DAD3_YEAST	sp|P69850|DAD3_YEAST		DAD3	DASH complex subunit DAD3	0.00035489036	DAD3 — DASH complex subunit DAD3	search FASTA description + reference GFF	27.816580180925303
PROT:sp|P80210|PURA_YEAST	sp|P80210|PURA_YEAST		ADE12	Adenylosuccinate synthetase	0.00035489036	ADE12 — Adenylosuccinate synthetase	search FASTA description + reference GFF	34.50247844380376
PROT:sp|P80235|CACM_YEAST	sp|P80235|CACM_YEAST		YAT1	Putative mitochondrial carnitine O-acetyltransferase	0.00035489036	YAT1 — Putative mitochondrial carnitine O-acetyltransferase	search FASTA description + reference GFF	31.583427447717405
PROT:sp|P80428|ARP4_YEAST	sp|P80428|ARP4_YEAST		ARP4	Actin-related protein 4	0.00035489036	ARP4 — Actin-related protein 4	search FASTA description + reference GFF	30.33939684308055
PROT:sp|P80967|TOM5_YEAST	sp|P80967|TOM5_YEAST		TOM5	Mitochondrial import receptor subunit TOM5	0.00035489036	TOM5 — Mitochondrial import receptor subunit TOM5	search FASTA description + reference GFF	31.418743639712684
PROT:sp|P81449|ATPJ_YEAST	sp|P81449|ATPJ_YEAST		TIM11	ATP synthase subunit e, mitochondrial	0.00035489036	TIM11 — ATP synthase subunit e, mitochondrial	search FASTA description + reference GFF	32.287458591122395
PROT:sp|P81450|ATP18_YEAST	sp|P81450|ATP18_YEAST		ATP18	ATP synthase subunit J, mitochondrial	0.00035489036	ATP18 — ATP synthase subunit J, mitochondrial	search FASTA description + reference GFF	34.20845066422266
PROT:sp|P81451|ATP19_YEAST	sp|P81451|ATP19_YEAST		ATP19	ATP synthase subunit K, mitochondrial	0.00035489036	ATP19 — ATP synthase subunit K, mitochondrial	search FASTA description + reference GFF	32.2547646656316
PROT:sp|P87108|TIM10_YEAST	sp|P87108|TIM10_YEAST		TIM10	Mitochondrial import inner membrane translocase subunit TIM10	0.00035489036	TIM10 — Mitochondrial import inner membrane translocase subunit TIM10	search FASTA description + reference GFF	28.772284465300725
PROT:sp|P87262|RL34A_YEAST	sp|P87262|RL34A_YEAST		RPL34A	Large ribosomal subunit protein eL34A	0.00035489036	RPL34A — Large ribosomal subunit protein eL34A	search FASTA description + reference GFF	33.71421416897181
PROT:sp|P89102|SEC5_YEAST	sp|P89102|SEC5_YEAST		SEC5	Exocyst complex component SEC5	0.0018832668	SEC5 — Exocyst complex component SEC5	search FASTA description + reference GFF	25.84136619090272
PROT:sp|P89105|CTR9_YEAST	sp|P89105|CTR9_YEAST		CTR9	RNA polymerase-associated protein CTR9	0.00035489036	CTR9 — RNA polymerase-associated protein CTR9	search FASTA description + reference GFF	28.61537846434396
PROT:sp|P89886|TMA20_YEAST	sp|P89886|TMA20_YEAST		TMA20	Translation machinery-associated protein 20	0.00035489036	TMA20 — Translation machinery-associated protein 20	search FASTA description + reference GFF	31.2969643188326
PROT:sp|Q00055|GPD1_YEAST	sp|Q00055|GPD1_YEAST		GPD1	Glycerol-3-phosphate dehydrogenase [NAD(+)] 1	0.00035489036	GPD1 — Glycerol-3-phosphate dehydrogenase [NAD(+)] 1	search FASTA description + reference GFF	34.80888440622912
PROT:sp|Q00245|RHO3_YEAST	sp|Q00245|RHO3_YEAST		RHO3	GTP-binding protein RHO3	0.00035489036	RHO3 — GTP-binding protein RHO3	search FASTA description + reference GFF	30.19530747504609
PROT:sp|Q00246|RHO4_YEAST	sp|Q00246|RHO4_YEAST		RHO4	GTP-binding protein RHO4	0.00035489036	RHO4 — GTP-binding protein RHO4	search FASTA description + reference GFF	24.49392248836612
PROT:sp|Q00362|2ABA_YEAST	sp|Q00362|2ABA_YEAST		CDC55	Protein phosphatase PP2A regulatory subunit B	0.00035489036	CDC55 — Protein phosphatase PP2A regulatory subunit B	search FASTA description + reference GFF	30.51581537025154
PROT:sp|Q00402|NUM1_YEAST	sp|Q00402|NUM1_YEAST		NUM1	Nuclear migration protein NUM1	0.00035489036	NUM1 — Nuclear migration protein NUM1	search FASTA description + reference GFF	33.06036339496357
PROT:sp|Q00582|RAGAB_YEAST	sp|Q00582|RAGAB_YEAST		GTR1	GTP-binding protein GTR1	0.00035489036	GTR1 — GTP-binding protein GTR1	search FASTA description + reference GFF	26.653896303803137
PROT:sp|Q00618|PGTA_YEAST	sp|Q00618|PGTA_YEAST		BET4	Geranylgeranyl transferase type-2 subunit alpha	0.00035489036	BET4 — Geranylgeranyl transferase type-2 subunit alpha	search FASTA description + reference GFF	27.415427440365274
PROT:sp|Q00684|CDC14_YEAST	sp|Q00684|CDC14_YEAST		CDC14	Tyrosine-protein phosphatase CDC14	0.00035489036	CDC14 — Tyrosine-protein phosphatase CDC14	search FASTA description + reference GFF	26.475935793982877
PROT:sp|Q00711|SDHA_YEAST	sp|Q00711|SDHA_YEAST		SDH1	Succinate dehydrogenase [ubiquinone] flavoprotein subunit, mitochondrial	0.00035489036	SDH1 — Succinate dehydrogenase [ubiquinone] flavoprotein subunit, mitochondrial	search FASTA description + reference GFF	35.631179480274135
PROT:sp|Q00764|TPS1_YEAST	sp|Q00764|TPS1_YEAST		TPS1	Alpha,alpha-trehalose-phosphate synthase [UDP-forming] 56 kDa subunit	0.00035489036	TPS1 — Alpha,alpha-trehalose-phosphate synthase [UDP-forming] 56 kDa subunit	search FASTA description + reference GFF	33.228393524059406
PROT:sp|Q00772|SLT2_YEAST	sp|Q00772|SLT2_YEAST		SLT2	Mitogen-activated protein kinase SLT2/MPK1	0.00035489036	SLT2 — Mitogen-activated protein kinase SLT2/MPK1	search FASTA description + reference GFF	29.7602577541304
PROT:sp|Q00776|AP1M1_YEAST	sp|Q00776|AP1M1_YEAST		APM1	AP-1 complex subunit mu-1-I	0.00035489036	APM1 — AP-1 complex subunit mu-1-I	search FASTA description + reference GFF	26.32789939474485
PROT:sp|Q00816|REG1_YEAST	sp|Q00816|REG1_YEAST		REG1	Resistance to glucose repression protein 1	0.00035489036	REG1 — Resistance to glucose repression protein 1	search FASTA description + reference GFF	29.5006978718325
PROT:sp|Q00873|CYT2_YEAST	sp|Q00873|CYT2_YEAST		CYT2	Holocytochrome-c1 synthase	0.00035489036	CYT2 — Holocytochrome-c1 synthase	search FASTA description + reference GFF	27.67281965772509
PROT:sp|Q00955|ACAC_YEAST	sp|Q00955|ACAC_YEAST		ACC1	Acetyl-CoA carboxylase	0.00035489036	ACC1 — Acetyl-CoA carboxylase	search FASTA description + reference GFF	36.95288491603803
PROT:sp|Q01080|RPA49_YEAST	sp|Q01080|RPA49_YEAST		RPA49	DNA-directed RNA polymerase I subunit RPA49	0.00035489036	RPA49 — DNA-directed RNA polymerase I subunit RPA49	search FASTA description + reference GFF	29.24504049640775
PROT:sp|Q01159|MCE1_YEAST	sp|Q01159|MCE1_YEAST		CEG1	mRNA-capping enzyme subunit alpha	0.00035489036	CEG1 — mRNA-capping enzyme subunit alpha	search FASTA description + reference GFF	28.120692526238635
PROT:sp|Q01163|RT23_YEAST	sp|Q01163|RT23_YEAST		RSM23	Small ribosomal subunit protein mS29	0.00035489036	RSM23 — Small ribosomal subunit protein mS29	search FASTA description + reference GFF	31.012173790610916
PROT:sp|Q01217|ARG56_YEAST	sp|Q01217|ARG56_YEAST		ARG5,6	Protein ARG5,6, mitochondrial	0.00035489036	ARG5,6 — Protein ARG5,6, mitochondrial	search FASTA description + reference GFF	34.970803627020985
PROT:sp|Q01329|PTA1_YEAST	sp|Q01329|PTA1_YEAST		PTA1	Pre-tRNA-processing protein PTA1	0.00035489036	PTA1 — Pre-tRNA-processing protein PTA1	search FASTA description + reference GFF	32.03008076912179
PROT:sp|Q01389|BCK1_YEAST	sp|Q01389|BCK1_YEAST		BCK1	Serine/threonine-protein kinase BCK1/SLK1/SSP31	0.006364193	BCK1 — Serine/threonine-protein kinase BCK1/SLK1/SSP31	search FASTA description + reference GFF	21.238076974794545
PROT:sp|Q01454|CTF4_YEAST	sp|Q01454|CTF4_YEAST		CTF4	DNA polymerase alpha-binding protein	0.00035489036	CTF4 — DNA polymerase alpha-binding protein	search FASTA description + reference GFF	28.33341958791057
PROT:sp|Q01476|UBP2_YEAST	sp|Q01476|UBP2_YEAST		UBP2	Ubiquitin carboxyl-terminal hydrolase 2	0.00035489036	UBP2 — Ubiquitin carboxyl-terminal hydrolase 2	search FASTA description + reference GFF	30.04962905819812
PROT:sp|Q01477|UBP3_YEAST	sp|Q01477|UBP3_YEAST		UBP3	Ubiquitin carboxyl-terminal hydrolase 3	0.00035489036	UBP3 — Ubiquitin carboxyl-terminal hydrolase 3	search FASTA description + reference GFF	30.21526975798676
PROT:sp|Q01519|COX12_YEAST	sp|Q01519|COX12_YEAST		COX12	Cytochrome c oxidase subunit 12, mitochondrial	0.00035489036	COX12 — Cytochrome c oxidase subunit 12, mitochondrial	search FASTA description + reference GFF	31.85954196279252
PROT:sp|Q01532|BLH1_YEAST	sp|Q01532|BLH1_YEAST		LAP3	Cysteine proteinase 1, mitochondrial	0.00035489036	LAP3 — Cysteine proteinase 1, mitochondrial	search FASTA description + reference GFF	34.10719304003224
PROT:sp|Q01560|NOP3_YEAST	sp|Q01560|NOP3_YEAST		NPL3	Serine/arginine (SR)-type shuttling mRNA binding protein NPL3	0.00035489036	NPL3 — Serine/arginine (SR)-type shuttling mRNA binding protein NPL3	search FASTA description + reference GFF	31.562984843727367
PROT:sp|Q01574|ACS1_YEAST	sp|Q01574|ACS1_YEAST		ACS1	Acetyl-coenzyme A synthetase 1	0.00035489036	ACS1 — Acetyl-coenzyme A synthetase 1	search FASTA description + reference GFF	37.10097274797183
PROT:sp|Q01662|MAP1_YEAST	sp|Q01662|MAP1_YEAST		MAP1	Methionine aminopeptidase 1	0.00035489036	MAP1 — Methionine aminopeptidase 1	search FASTA description + reference GFF	31.845069306783188
PROT:sp|Q01852|TIM44_YEAST	sp|Q01852|TIM44_YEAST		TIM44	Mitochondrial import inner membrane translocase subunit TIM44	0.00035489036	TIM44 — Mitochondrial import inner membrane translocase subunit TIM44	search FASTA description + reference GFF	32.569133099475955
PROT:sp|Q01855|RS15_YEAST	sp|Q01855|RS15_YEAST		RPS15	Small ribosomal subunit protein uS19	0.00035489036	RPS15 — Small ribosomal subunit protein uS19	search FASTA description + reference GFF	35.83939489121235
PROT:sp|Q01939|PRS8_YEAST	sp|Q01939|PRS8_YEAST		RPT6	26S proteasome regulatory subunit 8 homolog	0.00035489036	RPT6 — 26S proteasome regulatory subunit 8 homolog	search FASTA description + reference GFF	33.78845436927061
PROT:sp|Q01976|ADPP_YEAST	sp|Q01976|ADPP_YEAST		YSA1	ADP-ribose pyrophosphatase	0.00035489036	YSA1 — ADP-ribose pyrophosphatase	search FASTA description + reference GFF	31.44497372272063
PROT:sp|Q02046|MTD1_YEAST	sp|Q02046|MTD1_YEAST		MTD1	Methylenetetrahydrofolate dehydrogenase	0.00035489036	MTD1 — Methylenetetrahydrofolate dehydrogenase	search FASTA description + reference GFF	33.89145493048467
PROT:sp|Q02196|KAPS_YEAST	sp|Q02196|KAPS_YEAST		MET14	Adenylyl-sulfate kinase	0.00035489036	MET14 — Adenylyl-sulfate kinase	search FASTA description + reference GFF	34.40434963497464
PROT:sp|Q02201|OSH6_YEAST	sp|Q02201|OSH6_YEAST		OSH6	Oxysterol-binding protein homolog 6	0.00035489036	OSH6 — Oxysterol-binding protein homolog 6	search FASTA description + reference GFF	28.903775865056456
PROT:sp|Q02204|RM13_YEAST	sp|Q02204|RM13_YEAST		MRPL13	Large ribosomal subunit protein mL50	0.00035489036	MRPL13 — Large ribosomal subunit protein mL50	search FASTA description + reference GFF	31.06944370052039
PROT:sp|Q02205|MEH1_YEAST	sp|Q02205|MEH1_YEAST		MEH1	Protein MEH1	0.00035489036	MEH1 — Protein MEH1	search FASTA description + reference GFF	29.89975116660342
PROT:sp|Q02206|RSC4_YEAST	sp|Q02206|RSC4_YEAST		RSC4	Chromatin structure-remodeling complex subunit RSC4	0.00035489036	RSC4 — Chromatin structure-remodeling complex subunit RSC4	search FASTA description + reference GFF	26.435856409909928
PROT:sp|Q02207|FOX2_YEAST	sp|Q02207|FOX2_YEAST		FOX2	Peroxisomal hydratase-dehydrogenase-epimerase	0.00035489036	FOX2 — Peroxisomal hydratase-dehydrogenase-epimerase	search FASTA description + reference GFF	36.03232306164764
PROT:sp|Q02256|PVH1_YEAST	sp|Q02256|PVH1_YEAST		YVH1	Tyrosine-protein phosphatase YVH1	0.00035489036	YVH1 — Tyrosine-protein phosphatase YVH1	search FASTA description + reference GFF	28.18090395694461
PROT:sp|Q02326|RL6A_YEAST	sp|Q02326|RL6A_YEAST		RPL6A	Large ribosomal subunit protein eL6A	0.00035489036	RPL6A — Large ribosomal subunit protein eL6A	search FASTA description + reference GFF	35.89418307662761
PROT:sp|Q02354|UTP6_YEAST	sp|Q02354|UTP6_YEAST		UTP6	U3 small nucleolar RNA-associated protein 6	0.00035489036	UTP6 — U3 small nucleolar RNA-associated protein 6	search FASTA description + reference GFF	27.701050391036084
PROT:sp|Q02455|MLP1_YEAST	sp|Q02455|MLP1_YEAST		MLP1	Protein MLP1	0.00035489036	MLP1 — Protein MLP1	search FASTA description + reference GFF	27.89599938178789
PROT:sp|Q02486|ABF2_YEAST	sp|Q02486|ABF2_YEAST		ABF2	ARS-binding factor 2, mitochondrial	0.00035489036	ABF2 — ARS-binding factor 2, mitochondrial	search FASTA description + reference GFF	35.428004862888194
PROT:sp|Q02608|RT16_YEAST	sp|Q02608|RT16_YEAST		MRPS16	Small ribosomal subunit protein bS16m	0.00035489036	MRPS16 — Small ribosomal subunit protein bS16m	search FASTA description + reference GFF	29.366890827977272
PROT:sp|Q02629|NU100_YEAST	sp|Q02629|NU100_YEAST		NUP100	Nucleoporin NUP100/NSP100	0.00035489036	NUP100 — Nucleoporin NUP100/NSP100	search FASTA description + reference GFF	26.43045059491685
PROT:sp|Q02630|NU116_YEAST	sp|Q02630|NU116_YEAST		NUP116	Nucleoporin NUP116/NSP116	0.00035489036	NUP116 — Nucleoporin NUP116/NSP116	search FASTA description + reference GFF	27.23580965793941
PROT:sp|Q02642|NACB1_YEAST	sp|Q02642|NACB1_YEAST		EGD1	Nascent polypeptide-associated complex subunit beta-1	0.00035489036	EGD1 — Nascent polypeptide-associated complex subunit beta-1	search FASTA description + reference GFF	33.666542956227964
PROT:sp|Q02647|DYL1_YEAST	sp|Q02647|DYL1_YEAST		DYN2	Dynein light chain 1, cytoplasmic	0.00035489036	DYN2 — Dynein light chain 1, cytoplasmic	search FASTA description + reference GFF	31.645226751516763
PROT:sp|Q02685|RMI1_YEAST	sp|Q02685|RMI1_YEAST		RMI1	RecQ-mediated genome instability protein 1	0.0065300493	RMI1 — RecQ-mediated genome instability protein 1	search FASTA description + reference GFF	23.91205682110716
PROT:sp|Q02753|RL21A_YEAST	sp|Q02753|RL21A_YEAST		RPL21A	Large ribosomal subunit protein eL21A	0.00035489036	RPL21A — Large ribosomal subunit protein eL21A	search FASTA description + reference GFF	34.01542162172445
PROT:sp|Q02771|PT117_YEAST	sp|Q02771|PT117_YEAST		PET117	Protein PET117, mitochondrial	0.00035489036	PET117 — Protein PET117, mitochondrial	search FASTA description + reference GFF	28.792675464790168
PROT:sp|Q02772|COA5_YEAST	sp|Q02772|COA5_YEAST		PET191	Cytochrome c oxidase assembly factor PET191	0.00035489036	PET191 — Cytochrome c oxidase assembly factor PET191	search FASTA description + reference GFF	29.17541641749048
PROT:sp|Q02776|TIM50_YEAST	sp|Q02776|TIM50_YEAST		TIM50	Mitochondrial import inner membrane translocase subunit TIM50	0.00035489036	TIM50 — Mitochondrial import inner membrane translocase subunit TIM50	search FASTA description + reference GFF	31.024387490649147
PROT:sp|Q02784|GLRX5_YEAST	sp|Q02784|GLRX5_YEAST		GRX5	Monothiol glutaredoxin-5, mitochondrial	0.00035489036	GRX5 — Monothiol glutaredoxin-5, mitochondrial	search FASTA description + reference GFF	30.972266180042
PROT:sp|Q02785|PDR12_YEAST	sp|Q02785|PDR12_YEAST		PDR12	ATP-dependent permease PDR12	0.00035489036	PDR12 — ATP-dependent permease PDR12	search FASTA description + reference GFF	29.172069695283454
PROT:sp|Q02793|SKI8_YEAST	sp|Q02793|SKI8_YEAST		SKI8	Antiviral protein SKI8	0.00035489036	SKI8 — Antiviral protein SKI8	search FASTA description + reference GFF	27.968922790936396
PROT:sp|Q02795|OSTD_YEAST	sp|Q02795|OSTD_YEAST		SWP1	Dolichyl-diphosphooligosaccharide--protein glycosyltransferase subunit SWP1	0.00035489036	SWP1 — Dolichyl-diphosphooligosaccharide--protein glycosyltransferase subunit SWP1	search FASTA description + reference GFF	28.575612197015825
PROT:sp|Q02799|LEE1_YEAST	sp|Q02799|LEE1_YEAST		LEE1	Zinc finger protein LEE1	0.00035489036	LEE1 — Zinc finger protein LEE1	search FASTA description + reference GFF	27.129243833871488
PROT:sp|Q02821|IMA1_YEAST	sp|Q02821|IMA1_YEAST		SRP1	Importin subunit alpha	0.00035489036	SRP1 — Importin subunit alpha	search FASTA description + reference GFF	31.314722131325404
PROT:sp|Q02875|SYH1_YEAST	sp|Q02875|SYH1_YEAST		SYH1	SMY2 homolog 2	0.00035489036	SYH1 — SMY2 homolog 2	search FASTA description + reference GFF	26.534864961242302
PROT:sp|Q02884|ELP4_YEAST	sp|Q02884|ELP4_YEAST		ELP4	Elongator complex protein 4	0.00035489036	ELP4 — Elongator complex protein 4	search FASTA description + reference GFF	27.848084647943395
PROT:sp|Q02892|NOG1_YEAST	sp|Q02892|NOG1_YEAST		NOG1	Nucleolar GTP-binding protein 1	0.00035489036	NOG1 — Nucleolar GTP-binding protein 1	search FASTA description + reference GFF	31.827341520147236
PROT:sp|Q02908|ELP3_YEAST	sp|Q02908|ELP3_YEAST		ELP3	Elongator complex protein 3	0.00035489036	ELP3 — Elongator complex protein 3	search FASTA description + reference GFF	29.230901347598422
PROT:sp|Q02931|UTP17_YEAST	sp|Q02931|UTP17_YEAST		NAN1	NET1-associated nuclear protein 1	0.00035489036	NAN1 — NET1-associated nuclear protein 1	search FASTA description + reference GFF	28.494766195364683
PROT:sp|Q02932|KA120_YEAST	sp|Q02932|KA120_YEAST		KAP120	Importin beta-like protein KAP120	0.00035489036	KAP120 — Importin beta-like protein KAP120	search FASTA description + reference GFF	28.123644211683622
PROT:sp|Q02933|RNY1_YEAST	sp|Q02933|RNY1_YEAST		RNY1	Ribonuclease T2-like	0.00035489036	RNY1 — Ribonuclease T2-like	search FASTA description + reference GFF	29.53949080911868
PROT:sp|Q02948|BECN1_YEAST	sp|Q02948|BECN1_YEAST		VPS30	Vacuolar protein sorting-associated protein 30	0.003842188	VPS30 — Vacuolar protein sorting-associated protein 30	search FASTA description + reference GFF	23.897837368960733
PROT:sp|Q02950|RT51_YEAST	sp|Q02950|RT51_YEAST		MRP51	Small ribosomal subunit protein bS1m	0.00035489036	MRP51 — Small ribosomal subunit protein bS1m	search FASTA description + reference GFF	28.75150755046305
PROT:sp|Q02959|HOS3_YEAST	sp|Q02959|HOS3_YEAST		HOS3	Histone deacetylase HOS3	0.00035489036	HOS3 — Histone deacetylase HOS3	search FASTA description + reference GFF	27.86744882637364
PROT:sp|Q02961|YP113_YEAST	sp|Q02961|YP113_YEAST		YPL113C	Putative 2-hydroxyacid dehydrogenase YPL113C	0.00035489036	YPL113C — Putative 2-hydroxyacid dehydrogenase YPL113C	search FASTA description + reference GFF	27.18131802428
PROT:sp|Q02979|GDE1_YEAST	sp|Q02979|GDE1_YEAST		GDE1	Glycerophosphocholine phosphodiesterase GDE1	0.00037279504	GDE1 — Glycerophosphocholine phosphodiesterase GDE1	search FASTA description + reference GFF	25.70353681592905
PROT:sp|Q02981|YP109_YEAST	sp|Q02981|YP109_YEAST		YPL109C	ABC1 family protein YPL109C, mitochondrial	0.00035489036	YPL109C — ABC1 family protein YPL109C, mitochondrial	search FASTA description + reference GFF	25.789110995126865
PROT:sp|Q03010|UME1_YEAST	sp|Q03010|UME1_YEAST		UME1	Transcriptional regulatory protein UME1	0.00035489036	UME1 — Transcriptional regulatory protein UME1	search FASTA description + reference GFF	28.42271543678297
PROT:sp|Q03020|ISU1_YEAST	sp|Q03020|ISU1_YEAST		ISU1	Iron sulfur cluster assembly protein 1, mitochondrial	0.00035489036	ISU1 — Iron sulfur cluster assembly protein 1, mitochondrial	search FASTA description + reference GFF	29.00628789696389
PROT:sp|Q03028|ODC1_YEAST	sp|Q03028|ODC1_YEAST		ODC1	Mitochondrial 2-oxodicarboxylate carrier 1	0.00035489036	ODC1 — Mitochondrial 2-oxodicarboxylate carrier 1	search FASTA description + reference GFF	29.13920881930228
PROT:sp|Q03048|COFI_YEAST	sp|Q03048|COFI_YEAST		COF1	Cofilin	0.00035489036	COF1 — Cofilin	search FASTA description + reference GFF	35.26616910961815
PROT:sp|Q03063|DIG1_YEAST	sp|Q03063|DIG1_YEAST		DIG1	Down-regulator of invasive growth 1	0.00035489036	DIG1 — Down-regulator of invasive growth 1	search FASTA description + reference GFF	26.382704244517715
PROT:sp|Q03088|SVL3_YEAST	sp|Q03088|SVL3_YEAST		SVL3	Styryl dye vacuolar localization protein 3	0.00035489036	SVL3 — Styryl dye vacuolar localization protein 3	search FASTA description + reference GFF	28.918125336552908
PROT:sp|Q03102|YMN1_YEAST	sp|Q03102|YMN1_YEAST		YML131W	Uncharacterized membrane protein YML131W	0.00035489036	YML131W — Uncharacterized membrane protein YML131W	search FASTA description + reference GFF	34.526538866535844
PROT:sp|Q03103|ERO1_YEAST	sp|Q03103|ERO1_YEAST		ERO1	Endoplasmic oxidoreductin-1	0.00035489036	ERO1 — Endoplasmic oxidoreductin-1	search FASTA description + reference GFF	29.26094200857419
PROT:sp|Q03104|MSC1_YEAST	sp|Q03104|MSC1_YEAST		MSC1	Meiotic sister chromatid recombination protein 1	0.00035489036	MSC1 — Meiotic sister chromatid recombination protein 1	search FASTA description + reference GFF	35.55523383530953
PROT:sp|Q03124|RSC9_YEAST	sp|Q03124|RSC9_YEAST		RSC9	Chromatin structure-remodeling complex subunit RSC9	0.00035489036	RSC9 — Chromatin structure-remodeling complex subunit RSC9	search FASTA description + reference GFF	26.16994927274308
PROT:sp|Q03148|SNZ1_YEAST	sp|Q03148|SNZ1_YEAST		SNZ1	Pyridoxal 5'-phosphate synthase subunit SNZ1	0.00035489036	SNZ1 — Pyridoxal 5'-phosphate synthase subunit SNZ1	search FASTA description + reference GFF	30.981318527191405
PROT:sp|Q03153|ATP25_YEAST	sp|Q03153|ATP25_YEAST		ATP25	ATPase synthesis protein 25, mitochondrial	0.00035489036	ATP25 — ATPase synthesis protein 25, mitochondrial	search FASTA description + reference GFF	26.6818865222555
PROT:sp|Q03161|YMY9_YEAST	sp|Q03161|YMY9_YEAST		YMR099C	Glucose-6-phosphate 1-epimerase	0.00035489036	YMR099C — Glucose-6-phosphate 1-epimerase	search FASTA description + reference GFF	33.47717507248359
PROT:sp|Q03195|RLI1_YEAST	sp|Q03195|RLI1_YEAST		RLI1	Translation initiation factor RLI1	0.00035489036	RLI1 — Translation initiation factor RLI1	search FASTA description + reference GFF	33.99993969110629
PROT:sp|Q03201|RT10_YEAST	sp|Q03201|RT10_YEAST		RSM10	Small ribosomal subunit protein uS10m	0.00035489036	RSM10 — Small ribosomal subunit protein uS10m	search FASTA description + reference GFF	28.566940562635605
PROT:sp|Q03210|NGL3_YEAST	sp|Q03210|NGL3_YEAST		NGL3	Probable RNA exonuclease NGL3	0.0072844853	NGL3 — Probable RNA exonuclease NGL3	search FASTA description + reference GFF	24.921520350233525
PROT:sp|Q03219|FPYP1_YEAST	sp|Q03219|FPYP1_YEAST		FPY1	FAD diphosphatase	0.00035489036	FPY1 — FAD diphosphatase	search FASTA description + reference GFF	30.122519163863647
PROT:sp|Q03246|RT17_YEAST	sp|Q03246|RT17_YEAST		MRPS17	Small ribosomal subunit protein uS17m	0.00035489036	MRPS17 — Small ribosomal subunit protein uS17m	search FASTA description + reference GFF	30.466849375283804
PROT:sp|Q03254|FCP1_YEAST	sp|Q03254|FCP1_YEAST		FCP1	RNA polymerase II subunit A C-terminal domain phosphatase	0.00035489036	FCP1 — RNA polymerase II subunit A C-terminal domain phosphatase	search FASTA description + reference GFF	27.79669158892072
PROT:sp|Q03262|PGM3_YEAST	sp|Q03262|PGM3_YEAST		PRM15	Phosphoribomutase	0.00035489036	PRM15 — Phosphoribomutase	search FASTA description + reference GFF	30.02531368068649
PROT:sp|Q03266|PABC_YEAST	sp|Q03266|PABC_YEAST		ABZ2	Aminodeoxychorismate lyase	0.00035489036	ABZ2 — Aminodeoxychorismate lyase	search FASTA description + reference GFF	27.255138235722768
PROT:sp|Q03280|TOM1_YEAST	sp|Q03280|TOM1_YEAST		TOM1	E3 ubiquitin-protein ligase TOM1	0.00035489036	TOM1 — E3 ubiquitin-protein ligase TOM1	search FASTA description + reference GFF	28.39635456737069
PROT:sp|Q03281|HEH2_YEAST	sp|Q03281|HEH2_YEAST		HEH2	Inner nuclear membrane protein HEH2	0.00035489036	HEH2 — Inner nuclear membrane protein HEH2	search FASTA description + reference GFF	26.756023281459218
PROT:sp|Q03290|TFB3_YEAST	sp|Q03290|TFB3_YEAST		TFB3	RNA polymerase II transcription factor B subunit 3	0.00035489036	TFB3 — RNA polymerase II transcription factor B subunit 3	search FASTA description + reference GFF	22.41096938537098
PROT:sp|Q03305|RMT2_YEAST	sp|Q03305|RMT2_YEAST		RMT2	Protein arginine N-methyltransferase 2	0.00035489036	RMT2 — Protein arginine N-methyltransferase 2	search FASTA description + reference GFF	28.096079517322
PROT:sp|Q03322|TLG1_YEAST	sp|Q03322|TLG1_YEAST		TLG1	t-SNARE affecting a late Golgi compartment protein 1	0.00035489036	TLG1 — t-SNARE affecting a late Golgi compartment protein 1	search FASTA description + reference GFF	25.08817203001569
PROT:sp|Q03327|UGO1_YEAST	sp|Q03327|UGO1_YEAST		UGO1	Mitochondrial fusion and transport protein UGO1	0.00035489036	UGO1 — Mitochondrial fusion and transport protein UGO1	search FASTA description + reference GFF	27.719913954589224
PROT:sp|Q03330|GCN5_YEAST	sp|Q03330|GCN5_YEAST		GCN5	Histone acetyltransferase GCN5	0.00035489036	GCN5 — Histone acetyltransferase GCN5	search FASTA description + reference GFF	26.101528816548885
PROT:sp|Q03338|PRP3_YEAST	sp|Q03338|PRP3_YEAST		PRP3	U4/U6 small nuclear ribonucleoprotein PRP3	0.0008592345	PRP3 — U4/U6 small nuclear ribonucleoprotein PRP3	search FASTA description + reference GFF	26.28535436466401
PROT:sp|Q03361|JIP4_YEAST	sp|Q03361|JIP4_YEAST		JIP4	Uncharacterized protein JIP4	0.00036307715	JIP4 — Uncharacterized protein JIP4	search FASTA description + reference GFF	25.27679430724593
PROT:sp|Q03362|YD476_YEAST	sp|Q03362|YD476_YEAST		YDR476C	Uncharacterized protein YDR476C	0.00035489036	YDR476C — Uncharacterized protein YDR476C	search FASTA description + reference GFF	28.74177808370092
PROT:sp|Q03407|PKH1_YEAST	sp|Q03407|PKH1_YEAST		PKH1	Serine/threonine-protein kinase PKH1	0.00038575407	PKH1 — Serine/threonine-protein kinase PKH1	search FASTA description + reference GFF	22.335536600438463
PROT:sp|Q03430|RSM28_YEAST	sp|Q03430|RSM28_YEAST		RSM28	Small ribosomal subunit protein mS46	0.00035489036	RSM28 — Small ribosomal subunit protein mS46	search FASTA description + reference GFF	29.18470911294517
PROT:sp|Q03435|NHP10_YEAST	sp|Q03435|NHP10_YEAST		NHP10	Non-histone protein 10	0.00035489036	NHP10 — Non-histone protein 10	search FASTA description + reference GFF	24.29280694536109
PROT:sp|Q03441|RMD1_YEAST	sp|Q03441|RMD1_YEAST		RMD1	Sporulation protein RMD1	0.0009888007	RMD1 — Sporulation protein RMD1	search FASTA description + reference GFF	19.560145917423736
PROT:sp|Q03466|EBS1_YEAST	sp|Q03466|EBS1_YEAST		EBS1	Nonsense-mediated mRNA decay factor EBS1	0.00265408	EBS1 — Nonsense-mediated mRNA decay factor EBS1	search FASTA description + reference GFF	28.648345149435567
PROT:sp|Q03497|STE20_YEAST	sp|Q03497|STE20_YEAST		STE20	Serine/threonine-protein kinase STE20	0.00035489036	STE20 — Serine/threonine-protein kinase STE20	search FASTA description + reference GFF	25.91209370997319
PROT:sp|Q03532|HAS1_YEAST	sp|Q03532|HAS1_YEAST		HAS1	ATP-dependent RNA helicase HAS1	0.00035489036	HAS1 — ATP-dependent RNA helicase HAS1	search FASTA description + reference GFF	31.325574937346
PROT:sp|Q03554|GOT1_YEAST	sp|Q03554|GOT1_YEAST		GOT1	Protein transport protein GOT1	0.00040409027	GOT1 — Protein transport protein GOT1	search FASTA description + reference GFF	27.779160936816098
PROT:sp|Q03558|OYE2_YEAST	sp|Q03558|OYE2_YEAST		OYE2	NADPH dehydrogenase 2	0.00035489036	OYE2 — NADPH dehydrogenase 2	search FASTA description + reference GFF	34.12037333650285
PROT:sp|Q03559|YM8V_YEAST	sp|Q03559|YM8V_YEAST		YMR295C	Uncharacterized protein YMR295C	0.00035489036	YMR295C — Uncharacterized protein YMR295C	search FASTA description + reference GFF	26.936767147314814
PROT:sp|Q03579|LIP1_YEAST	sp|Q03579|LIP1_YEAST		LIP1	Ceramide synthase subunit LIP1	0.00035489036	LIP1 — Ceramide synthase subunit LIP1	search FASTA description + reference GFF	29.762818616019427
PROT:sp|Q03629|YMH9_YEAST	sp|Q03629|YMH9_YEAST		YML079W	Uncharacterized protein YML079W	0.0003552088	YML079W — Uncharacterized protein YML079W	search FASTA description + reference GFF	26.722091145589854
PROT:sp|Q03640|TCB3_YEAST	sp|Q03640|TCB3_YEAST		TCB3	Tricalbin-3	0.00035489036	TCB3 — Tricalbin-3	search FASTA description + reference GFF	30.497822638556443
PROT:sp|Q03648|YM59_YEAST	sp|Q03648|YM59_YEAST		YMR209C	Uncharacterized protein YMR209C	0.00035489036	YMR209C — Uncharacterized protein YMR209C	search FASTA description + reference GFF	23.709763444988997
PROT:sp|Q03656|SKY1_YEAST	sp|Q03656|SKY1_YEAST		SKY1	Serine/threonine-protein kinase SKY1	0.00035489036	SKY1 — Serine/threonine-protein kinase SKY1	search FASTA description + reference GFF	26.53466112479973
PROT:sp|Q03661|ESC1_YEAST	sp|Q03661|ESC1_YEAST		ESC1	Silent chromatin protein ESC1	0.00035575606	ESC1 — Silent chromatin protein ESC1	search FASTA description + reference GFF	26.073185579855835
PROT:sp|Q03677|MTND_YEAST	sp|Q03677|MTND_YEAST		ADI1	Acireductone dioxygenase	0.00035489036	ADI1 — Acireductone dioxygenase	search FASTA description + reference GFF	31.6781784856269
PROT:sp|Q03690|CLU_YEAST	sp|Q03690|CLU_YEAST		CLU1	Clustered mitochondria protein 1	0.00035489036	CLU1 — Clustered mitochondria protein 1	search FASTA description + reference GFF	33.89215769795496
PROT:sp|Q03705|CG121_YEAST	sp|Q03705|CG121_YEAST		CGI121	EKC/KEOPS complex subunit CGI121	0.00035489036	CGI121 — EKC/KEOPS complex subunit CGI121	search FASTA description + reference GFF	27.902816465735523
PROT:sp|Q03707|SRC1_YEAST	sp|Q03707|SRC1_YEAST		SRC1	Inner nuclear membrane protein SRC1	0.0019003879	SRC1 — Inner nuclear membrane protein SRC1	search FASTA description + reference GFF	27.28443658461425
PROT:sp|Q03713|RCF1_YEAST	sp|Q03713|RCF1_YEAST		RCF1	Respiratory supercomplex factor 1, mitochondrial	0.00035994934	RCF1 — Respiratory supercomplex factor 1, mitochondrial	search FASTA description + reference GFF	29.93888837254274
PROT:sp|Q03758|BUL2_YEAST	sp|Q03758|BUL2_YEAST		BUL2	Ubiquitin ligase-binding protein BUL2	0.0023542284	BUL2 — Ubiquitin ligase-binding protein BUL2	search FASTA description + reference GFF	32.953704301338846
PROT:sp|Q03761|TAF12_YEAST	sp|Q03761|TAF12_YEAST		TAF12	SAGA complex/transcription factor TFIID complex subunit TAF12	0.00035489036	TAF12 — SAGA complex/transcription factor TFIID complex subunit TAF12	search FASTA description + reference GFF	29.093948226845654
PROT:sp|Q03768|GIR2_YEAST	sp|Q03768|GIR2_YEAST		GIR2	Protein GIR2	0.00035489036	GIR2 — Protein GIR2	search FASTA description + reference GFF	30.17647883747888
PROT:sp|Q03769|ENT5_YEAST	sp|Q03769|ENT5_YEAST		ENT5	Epsin-5	0.00036938503	ENT5 — Epsin-5	search FASTA description + reference GFF	28.71098769863604
PROT:sp|Q03772|CWC15_YEAST	sp|Q03772|CWC15_YEAST		CWC15	Pre-mRNA-splicing factor CWC15	0.00054729363	CWC15 — Pre-mRNA-splicing factor CWC15	search FASTA description + reference GFF	26.31258960377702
PROT:sp|Q03774|TRM82_YEAST	sp|Q03774|TRM82_YEAST		TRM82	tRNA (guanine-N(7)-)-methyltransferase non-catalytic subunit TRM82	0.00035489036	TRM82 — tRNA (guanine-N(7)-)-methyltransferase non-catalytic subunit TRM82	search FASTA description + reference GFF	28.24813788734944
PROT:sp|Q03784|TRS23_YEAST	sp|Q03784|TRS23_YEAST		TRS23	Trafficking protein particle complex subunit 23	0.00035489036	TRS23 — Trafficking protein particle complex subunit 23	search FASTA description + reference GFF	27.66220712269478
PROT:sp|Q03786|GNTK_YEAST	sp|Q03786|GNTK_YEAST		YDR248C	Probable gluconokinase	0.00035489036	YDR248C — Probable gluconokinase	search FASTA description + reference GFF	29.894454505874336
PROT:sp|Q03790|NUP53_YEAST	sp|Q03790|NUP53_YEAST		NUP53	Nucleoporin NUP53	0.00035489036	NUP53 — Nucleoporin NUP53	search FASTA description + reference GFF	28.118398982684308
PROT:sp|Q03798|AIM36_YEAST	sp|Q03798|AIM36_YEAST		AIM36	Altered inheritance of mitochondria protein 36, mitochondrial	0.00035489036	AIM36 — Altered inheritance of mitochondria protein 36, mitochondrial	search FASTA description + reference GFF	25.854700993956207
PROT:sp|Q03799|RT08_YEAST	sp|Q03799|RT08_YEAST		MRPS8	Small ribosomal subunit protein uS8m	0.00035489036	MRPS8 — Small ribosomal subunit protein uS8m	search FASTA description + reference GFF	29.03588020115573
PROT:sp|Q03862|ARX1_YEAST	sp|Q03862|ARX1_YEAST		ARX1	Probable metalloprotease ARX1	0.00035489036	ARX1 — Probable metalloprotease ARX1	search FASTA description + reference GFF	31.788189857896324
PROT:sp|Q03868|SPO71_YEAST	sp|Q03868|SPO71_YEAST		SPO71	Prospore membrane adapter protein SPO71	0.008398093	SPO71 — Prospore membrane adapter protein SPO71	search FASTA description + reference GFF	27.780418678707004
PROT:sp|Q03880|PKR1_YEAST	sp|Q03880|PKR1_YEAST		PKR1	V-type ATPase assembly factor PKR1	0.00035489036	PKR1 — V-type ATPase assembly factor PKR1	search FASTA description + reference GFF	23.234285425140957
PROT:sp|Q03897|WDR59_YEAST	sp|Q03897|WDR59_YEAST		MTC5	Maintenance of telomere capping protein 5	0.00035489036	MTC5 — Maintenance of telomere capping protein 5	search FASTA description + reference GFF	25.23604431384739
PROT:sp|Q03899|YD131_YEAST	sp|Q03899|YD131_YEAST		YDR131C	F-box protein YDR131C	0.00035489036	YDR131C — F-box protein YDR131C	search FASTA description + reference GFF	23.02446380860447
PROT:sp|Q03921|DOP1_YEAST	sp|Q03921|DOP1_YEAST		DOP1	Protein DOP1	0.00035489036	DOP1 — Protein DOP1	search FASTA description + reference GFF	26.571171426822637
PROT:sp|Q03940|RUVB1_YEAST	sp|Q03940|RUVB1_YEAST		RVB1	RuvB-like protein 1	0.00035489036	RVB1 — RuvB-like protein 1	search FASTA description + reference GFF	33.42535885032886
PROT:sp|Q03941|CAB5_YEAST	sp|Q03941|CAB5_YEAST		CAB5	Dephospho-CoA kinase CAB5	0.00035489036	CAB5 — Dephospho-CoA kinase CAB5	search FASTA description + reference GFF	26.637725913256624
PROT:sp|Q03956|RAV2_YEAST	sp|Q03956|RAV2_YEAST		RAV2	Regulator of V-ATPase in vacuolar membrane protein 2	0.00035489036	RAV2 — Regulator of V-ATPase in vacuolar membrane protein 2	search FASTA description + reference GFF	24.939681614383492
PROT:sp|Q03973|HMO1_YEAST	sp|Q03973|HMO1_YEAST		HMO1	High mobility group protein 1	0.00035489036	HMO1 — High mobility group protein 1	search FASTA description + reference GFF	31.270855804673825
PROT:sp|Q03976|RT24_YEAST	sp|Q03976|RT24_YEAST		RSM24	Small ribosomal subunit protein mS35	0.00035489036	RSM24 — Small ribosomal subunit protein mS35	search FASTA description + reference GFF	29.521100510780684
PROT:sp|Q03981|CSN9_YEAST	sp|Q03981|CSN9_YEAST		CSN9	COP9 signalosome complex subunit 9	0.00035489036	CSN9 — COP9 signalosome complex subunit 9	search FASTA description + reference GFF	25.4175729089885
PROT:sp|Q04007|SND1_YEAST	sp|Q04007|SND1_YEAST		SND1	SRP-independent targeting protein 1	0.00035489036	SND1 — SRP-independent targeting protein 1	search FASTA description + reference GFF	25.71027013871836
PROT:sp|Q04013|YHM2_YEAST	sp|Q04013|YHM2_YEAST		YHM2	Citrate/oxoglutarate carrier protein	0.00035489036	YHM2 — Citrate/oxoglutarate carrier protein	search FASTA description + reference GFF	33.35987781351048
PROT:sp|Q04031|RRP17_YEAST	sp|Q04031|RRP17_YEAST		RRP17	Ribosomal RNA-processing protein 17	0.00035489036	RRP17 — Ribosomal RNA-processing protein 17	search FASTA description + reference GFF	29.25229919229661
PROT:sp|Q04053|SNX41_YEAST	sp|Q04053|SNX41_YEAST		SNX41	Sorting nexin-41	0.00045627443	SNX41 — Sorting nexin-41	search FASTA description + reference GFF	25.104295863892663
PROT:sp|Q04062|RPN9_YEAST	sp|Q04062|RPN9_YEAST		RPN9	26S proteasome regulatory subunit RPN9	0.00035489036	RPN9 — 26S proteasome regulatory subunit RPN9	search FASTA description + reference GFF	33.79470112811448
PROT:sp|Q04066|KFA_YEAST	sp|Q04066|KFA_YEAST		BNA7	Kynurenine formamidase	0.00035489036	BNA7 — Kynurenine formamidase	search FASTA description + reference GFF	26.56754928195081
PROT:sp|Q04067|EIF3G_YEAST	sp|Q04067|EIF3G_YEAST		TIF35	Eukaryotic translation initiation factor 3 subunit G	0.00035489036	TIF35 — Eukaryotic translation initiation factor 3 subunit G	search FASTA description + reference GFF	28.516579638371063
PROT:sp|Q04080|GPI17_YEAST	sp|Q04080|GPI17_YEAST		GPI17	GPI transamidase component GPI17	0.00035489036	GPI17 — GPI transamidase component GPI17	search FASTA description + reference GFF	25.5299688933979
PROT:sp|Q04081|LCMT1_YEAST	sp|Q04081|LCMT1_YEAST		PPM1	Leucine carboxyl methyltransferase 1	0.00035489036	PPM1 — Leucine carboxyl methyltransferase 1	search FASTA description + reference GFF	26.30350569726698
PROT:sp|Q04119|PPN1_YEAST	sp|Q04119|PPN1_YEAST		PPN1	Endopolyphosphatase	0.00035489036	PPN1 — Endopolyphosphatase	search FASTA description + reference GFF	28.906566413845685
PROT:sp|Q04120|TSA2_YEAST	sp|Q04120|TSA2_YEAST		TSA2	Peroxiredoxin TSA2	0.00035489036	TSA2 — Peroxiredoxin TSA2	search FASTA description + reference GFF	29.367708892819103
PROT:sp|Q04175|SXM1_YEAST	sp|Q04175|SXM1_YEAST		SXM1	Importin beta SMX1	0.00035489036	SXM1 — Importin beta SMX1	search FASTA description + reference GFF	29.095160021578685
PROT:sp|Q04177|UTP5_YEAST	sp|Q04177|UTP5_YEAST		UTP5	U3 small nucleolar RNA-associated protein 5	0.00035489036	UTP5 — U3 small nucleolar RNA-associated protein 5	search FASTA description + reference GFF	25.744000049698133
PROT:sp|Q04178|HPRT_YEAST	sp|Q04178|HPRT_YEAST		HPT1	Hypoxanthine-guanine phosphoribosyltransferase	0.00035489036	HPT1 — Hypoxanthine-guanine phosphoribosyltransferase	search FASTA description + reference GFF	33.41413537986047
PROT:sp|Q04199|CAF1B_YEAST	sp|Q04199|CAF1B_YEAST		CAC2	Chromatin assembly factor 1 subunit B	0.00036839163	CAC2 — Chromatin assembly factor 1 subunit B	search FASTA description + reference GFF	25.10710612761907
PROT:sp|Q04201|CUE4_YEAST	sp|Q04201|CUE4_YEAST		CUE4	CUE domain-containing protein CUE4	0.00035489036	CUE4 — CUE domain-containing protein CUE4	search FASTA description + reference GFF	29.1966545602663
PROT:sp|Q04212|ARA2_YEAST	sp|Q04212|ARA2_YEAST		ARA2	D-arabinose 1-dehydrogenase	0.00035489036	ARA2 — D-arabinose 1-dehydrogenase	search FASTA description + reference GFF	27.86936321723083
PROT:sp|Q04225|RRB1_YEAST	sp|Q04225|RRB1_YEAST		RRB1	Ribosome assembly protein RRB1	0.00035489036	RRB1 — Ribosome assembly protein RRB1	search FASTA description + reference GFF	29.9506522752876
PROT:sp|Q04228|UBX2_YEAST	sp|Q04228|UBX2_YEAST		UBX2	UBX domain-containing protein 2	0.00035489036	UBX2 — UBX domain-containing protein 2	search FASTA description + reference GFF	25.8463072917104
PROT:sp|Q04279|SEG1_YEAST	sp|Q04279|SEG1_YEAST		SEG1	Eisosome protein SEG1	0.00035489036	SEG1 — Eisosome protein SEG1	search FASTA description + reference GFF	26.73872115687317
PROT:sp|Q04304|YMY0_YEAST	sp|Q04304|YMY0_YEAST		YMR090W	UPF0659 protein YMR090W	0.00035489036	YMR090W — UPF0659 protein YMR090W	search FASTA description + reference GFF	32.75482684824161
PROT:sp|Q04305|UTP15_YEAST	sp|Q04305|UTP15_YEAST		UTP15	U3 small nucleolar RNA-associated protein 15	0.00035489036	UTP15 — U3 small nucleolar RNA-associated protein 15	search FASTA description + reference GFF	28.34888517214758
PROT:sp|Q04311|VMS1_YEAST	sp|Q04311|VMS1_YEAST		VMS1	tRNA endonuclease VMS1	0.00035836556	VMS1 — tRNA endonuclease VMS1	search FASTA description + reference GFF	23.663703680175416
PROT:sp|Q04336|YM54_YEAST	sp|Q04336|YM54_YEAST		YMR196W	Uncharacterized protein YMR196W	0.00035489036	YMR196W — Uncharacterized protein YMR196W	search FASTA description + reference GFF	31.749045552126965
PROT:sp|Q04338|VTI1_YEAST	sp|Q04338|VTI1_YEAST		VTI1	t-SNARE VTI1	0.00035489036	VTI1 — t-SNARE VTI1	search FASTA description + reference GFF	28.9820318821858
PROT:sp|Q04341|MIX14_YEAST	sp|Q04341|MIX14_YEAST		MIX14	Mitochondrial intermembrane space cysteine motif-containing protein MIX14	0.0010748161	MIX14 — Mitochondrial intermembrane space cysteine motif-containing protein MIX14	search FASTA description + reference GFF	26.72912766118442
PROT:sp|Q04344|HNT1_YEAST	sp|Q04344|HNT1_YEAST		HNT1	Adenosine 5'-monophosphoramidase HNT1	0.00035489036	HNT1 — Adenosine 5'-monophosphoramidase HNT1	search FASTA description + reference GFF	33.560056488571874
PROT:sp|Q04347|BUD22_YEAST	sp|Q04347|BUD22_YEAST		BUD22	Bud site selection protein 22	0.00035489036	BUD22 — Bud site selection protein 22	search FASTA description + reference GFF	26.125561043945503
PROT:sp|Q04368|CSI1_YEAST	sp|Q04368|CSI1_YEAST		CSI1	Cop9 signalosome-interactor 1	0.00035489036	CSI1 — Cop9 signalosome-interactor 1	search FASTA description + reference GFF	25.697305088360835
PROT:sp|Q04370|PEX12_YEAST	sp|Q04370|PEX12_YEAST		PEX12	Peroxisome assembly protein 12	0.00085128495	PEX12 — Peroxisome assembly protein 12	search FASTA description + reference GFF	24.283439253567305
PROT:sp|Q04371|ARMT1_YEAST	sp|Q04371|ARMT1_YEAST		YMR027W	Damage-control phosphatase YMR027W	0.00035489036	YMR027W — Damage-control phosphatase YMR027W	search FASTA description + reference GFF	31.633345495043187
PROT:sp|Q04372|TAP42_YEAST	sp|Q04372|TAP42_YEAST		TAP42	Type 2A phosphatase-associated protein 42	0.00035489036	TAP42 — Type 2A phosphatase-associated protein 42	search FASTA description + reference GFF	27.25821251722401
PROT:sp|Q04373|PUF6_YEAST	sp|Q04373|PUF6_YEAST		PUF6	Pumilio homology domain family member 6	0.00035489036	PUF6 — Pumilio homology domain family member 6	search FASTA description + reference GFF	31.84082157071871
PROT:sp|Q04401|SDHF3_YEAST	sp|Q04401|SDHF3_YEAST		SDH7	Succinate dehydrogenase assembly factor 3, mitochondrial	0.00035489036	SDH7 — Succinate dehydrogenase assembly factor 3, mitochondrial	search FASTA description + reference GFF	30.704522574472016
PROT:sp|Q04406|EMI1_YEAST	sp|Q04406|EMI1_YEAST		EMI1	Early meiotic induction protein 1	0.00035489036	EMI1 — Early meiotic induction protein 1	search FASTA description + reference GFF	27.581075177854835
PROT:sp|Q04409|EMI2_YEAST	sp|Q04409|EMI2_YEAST		EMI2	Putative glucokinase-2	0.00035489036	EMI2 — Putative glucokinase-2	search FASTA description + reference GFF	31.85020473766746
PROT:sp|Q04410|GRH1_YEAST	sp|Q04410|GRH1_YEAST		GRH1	GRASP65 homolog protein 1	0.00035489036	GRH1 — GRASP65 homolog protein 1	search FASTA description + reference GFF	28.53620852850218
PROT:sp|Q04418|RBA50_YEAST	sp|Q04418|RBA50_YEAST		RBA50	RNA polymerase II-associated protein RBA50	0.00035489036	RBA50 — RNA polymerase II-associated protein RBA50	search FASTA description + reference GFF	26.382018725457357
PROT:sp|Q04430|PANK_YEAST	sp|Q04430|PANK_YEAST		CAB1	Pantothenate kinase CAB1	0.00035489036	CAB1 — Pantothenate kinase CAB1	search FASTA description + reference GFF	29.98862519914596
PROT:sp|Q04432|HSP31_YEAST	sp|Q04432|HSP31_YEAST		HSP31	Glutathione-independent glyoxalase HSP31	0.00035489036	HSP31 — Glutathione-independent glyoxalase HSP31	search FASTA description + reference GFF	32.61890967554027
PROT:sp|Q04438|SPG4_YEAST	sp|Q04438|SPG4_YEAST		SPG4	Stationary phase protein 4	0.00035489036	SPG4 — Stationary phase protein 4	search FASTA description + reference GFF	32.19403258503715
PROT:sp|Q04439|MYO5_YEAST	sp|Q04439|MYO5_YEAST		MYO5	Myosin-5	0.00035489036	MYO5 — Myosin-5	search FASTA description + reference GFF	30.203249900310745
PROT:sp|Q04458|HFD1_YEAST	sp|Q04458|HFD1_YEAST		HFD1	Fatty aldehyde dehydrogenase HFD1	0.00035489036	HFD1 — Fatty aldehyde dehydrogenase HFD1	search FASTA description + reference GFF	33.18919715405232
PROT:sp|Q04471|YM04_YEAST	sp|Q04471|YM04_YEAST		YMR114C	Abasic site processing protein YMR114C	0.00035489036	YMR114C — Abasic site processing protein YMR114C	search FASTA description + reference GFF	28.761153161153945
PROT:sp|Q04472|MGR3_YEAST	sp|Q04472|MGR3_YEAST		MGR3	Mitochondrial inner membrane i-AAA protease supercomplex subunit MGR3	0.00035489036	MGR3 — Mitochondrial inner membrane i-AAA protease supercomplex subunit MGR3	search FASTA description + reference GFF	26.86633350301445
PROT:sp|Q04491|SEC13_YEAST	sp|Q04491|SEC13_YEAST		SEC13	Protein transport protein SEC13	0.00035489036	SEC13 — Protein transport protein SEC13	search FASTA description + reference GFF	33.187830159903896
PROT:sp|Q04493|PFD5_YEAST	sp|Q04493|PFD5_YEAST		GIM5	Prefoldin subunit 5	0.00035489036	GIM5 — Prefoldin subunit 5	search FASTA description + reference GFF	30.119001344521816
PROT:sp|Q04562|TMN2_YEAST	sp|Q04562|TMN2_YEAST		TMN2	Transmembrane 9 superfamily member 2	0.0003560772	TMN2 — Transmembrane 9 superfamily member 2	search FASTA description + reference GFF	23.036698777356857
PROT:sp|Q04585|YDR09_YEAST	sp|Q04585|YDR09_YEAST		YDR109C	D-ribulokinase YDR109C	0.00035489036	YDR109C — D-ribulokinase YDR109C	search FASTA description + reference GFF	26.564170007647604
PROT:sp|Q04598|RM34_YEAST	sp|Q04598|RM34_YEAST		YDR115W	Large ribosomal subunit protein bL34m	0.00035489036	YDR115W — Large ribosomal subunit protein bL34m	search FASTA description + reference GFF	28.424286299526734
PROT:sp|Q04599|RM01_YEAST	sp|Q04599|RM01_YEAST		MRPL1	Large ribosomal subunit protein uL1m	0.00035489036	MRPL1 — Large ribosomal subunit protein uL1m	search FASTA description + reference GFF	30.939635531566868
PROT:sp|Q04600|TMA64_YEAST	sp|Q04600|TMA64_YEAST		TMA64	Translation machinery-associated protein 64	0.00035489036	TMA64 — Translation machinery-associated protein 64	search FASTA description + reference GFF	26.345748402854497
PROT:sp|Q04603|DPB4_YEAST	sp|Q04603|DPB4_YEAST		DPB4	DNA polymerase epsilon subunit D	0.00035489036	DPB4 — DNA polymerase epsilon subunit D	search FASTA description + reference GFF	28.23667832615268
PROT:sp|Q04632|COG8_YEAST	sp|Q04632|COG8_YEAST		COG8	Conserved oligomeric Golgi complex subunit 8	0.00035489036	COG8 — Conserved oligomeric Golgi complex subunit 8	search FASTA description + reference GFF	25.07002534190608
PROT:sp|Q04636|POB3_YEAST	sp|Q04636|POB3_YEAST		POB3	FACT complex subunit POB3	0.00035489036	POB3 — FACT complex subunit POB3	search FASTA description + reference GFF	32.08402403908005
PROT:sp|Q04660|ERB1_YEAST	sp|Q04660|ERB1_YEAST		ERB1	Ribosome biogenesis protein ERB1	0.00035489036	ERB1 — Ribosome biogenesis protein ERB1	search FASTA description + reference GFF	30.854534452116496
PROT:sp|Q04689|AIM32_YEAST	sp|Q04689|AIM32_YEAST		AIM32	Altered inheritance of mitochondria protein 32	0.00047520603	AIM32 — Altered inheritance of mitochondria protein 32	search FASTA description + reference GFF	26.834394566748006
PROT:sp|Q04693|RSE1_YEAST	sp|Q04693|RSE1_YEAST		RSE1	Pre-mRNA-splicing factor RSE1	0.00035489036	RSE1 — Pre-mRNA-splicing factor RSE1	search FASTA description + reference GFF	27.017969632710624
PROT:sp|Q04697|GSF2_YEAST	sp|Q04697|GSF2_YEAST		GSF2	Glucose-signaling factor 2	0.00035489036	GSF2 — Glucose-signaling factor 2	search FASTA description + reference GFF	33.33357866718232
PROT:sp|Q04728|ARGJ_YEAST	sp|Q04728|ARGJ_YEAST		ARG7	Arginine biosynthesis bifunctional protein ArgJ, mitochondrial	0.00035489036	ARG7 — Arginine biosynthesis bifunctional protein ArgJ, mitochondrial	search FASTA description + reference GFF	33.90007229274693
PROT:sp|Q04739|GAL83_YEAST	sp|Q04739|GAL83_YEAST		GAL83	SNF1 protein kinase subunit beta-3	0.00035489036	GAL83 — SNF1 protein kinase subunit beta-3	search FASTA description + reference GFF	27.8321718917737
PROT:sp|Q04772|IRC21_YEAST	sp|Q04772|IRC21_YEAST		IRC21	Increased recombination centers protein 21	0.00035489036	IRC21 — Increased recombination centers protein 21	search FASTA description + reference GFF	27.725919482575097
PROT:sp|Q04773|YMW4_YEAST	sp|Q04773|YMW4_YEAST		YMR074C	Uncharacterized protein YMR074C	0.00035489036	YMR074C — Uncharacterized protein YMR074C	search FASTA description + reference GFF	31.613169612380297
PROT:sp|Q04792|DCE_YEAST	sp|Q04792|DCE_YEAST		GAD1	Glutamate decarboxylase	0.00035489036	GAD1 — Glutamate decarboxylase	search FASTA description + reference GFF	30.52989145384689
PROT:sp|Q04847|ROY1_YEAST	sp|Q04847|ROY1_YEAST		ROY1	Non-SCF-type F-box protein ROY1	0.0017987107	ROY1 — Non-SCF-type F-box protein ROY1	search FASTA description + reference GFF	25.85789101846426
PROT:sp|Q04869|YM94_YEAST	sp|Q04869|YM94_YEAST		YMR315W	Uncharacterized protein YMR315W	0.00035489036	YMR315W — Uncharacterized protein YMR315W	search FASTA description + reference GFF	33.59408234044627
PROT:sp|Q04894|ADH6_YEAST	sp|Q04894|ADH6_YEAST		ADH6	NADP-dependent alcohol dehydrogenase 6	0.00035489036	ADH6 — NADP-dependent alcohol dehydrogenase 6	search FASTA description + reference GFF	33.7063878227726
PROT:sp|Q04934|IVY1_YEAST	sp|Q04934|IVY1_YEAST		IVY1	Protein IVY1	0.00035489036	IVY1 — Protein IVY1	search FASTA description + reference GFF	27.457389599436997
PROT:sp|Q04935|COX20_YEAST	sp|Q04935|COX20_YEAST		COX20	Cytochrome c oxidase assembly protein COX20, mitochondrial	0.00035489036	COX20 — Cytochrome c oxidase assembly protein COX20, mitochondrial	search FASTA description + reference GFF	28.385213259341175
PROT:sp|Q04947|RTN1_YEAST	sp|Q04947|RTN1_YEAST		RTN1	Reticulon-like protein 1	0.00035489036	RTN1 — Reticulon-like protein 1	search FASTA description + reference GFF	34.91934182846745
PROT:sp|Q04951|SCW10_YEAST	sp|Q04951|SCW10_YEAST		SCW10	Probable family 17 glucosidase SCW10	0.00035489036	SCW10 — Probable family 17 glucosidase SCW10	search FASTA description + reference GFF	29.677420838192734
PROT:sp|Q04969|SPC2_YEAST	sp|Q04969|SPC2_YEAST		SPC2	Signal peptidase complex subunit 2	0.00035489036	SPC2 — Signal peptidase complex subunit 2	search FASTA description + reference GFF	28.96864277000113
PROT:sp|Q05016|YM71_YEAST	sp|Q05016|YM71_YEAST		YMR226C	NADP-dependent 3-hydroxy acid dehydrogenase	0.00035489036	YMR226C — NADP-dependent 3-hydroxy acid dehydrogenase	search FASTA description + reference GFF	33.8216051477089
PROT:sp|Q05022|RRP5_YEAST	sp|Q05022|RRP5_YEAST		RRP5	rRNA biogenesis protein RRP5	0.00035489036	RRP5 — rRNA biogenesis protein RRP5	search FASTA description + reference GFF	32.1777738898606
PROT:sp|Q05029|BCH1_YEAST	sp|Q05029|BCH1_YEAST		BCH1	Protein BCH1	0.00035489036	BCH1 — Protein BCH1	search FASTA description + reference GFF	29.518546136458685
PROT:sp|Q05040|FAR8_YEAST	sp|Q05040|FAR8_YEAST		FAR8	Factor arrest protein 8	0.00035489036	FAR8 — Factor arrest protein 8	search FASTA description + reference GFF	29.961526734805343
PROT:sp|Q05050|EIS1_YEAST	sp|Q05050|EIS1_YEAST		EIS1	Eisosome protein 1	0.00035489036	EIS1 — Eisosome protein 1	search FASTA description + reference GFF	33.96325643759571
PROT:sp|Q05123|ARP9_YEAST	sp|Q05123|ARP9_YEAST		ARP9	Actin-like protein ARP9	0.00035489036	ARP9 — Actin-like protein ARP9	search FASTA description + reference GFF	29.02860820988561
PROT:sp|Q05166|NUP59_YEAST	sp|Q05166|NUP59_YEAST		ASM4	Nucleoporin ASM4	0.00035489036	ASM4 — Nucleoporin ASM4	search FASTA description + reference GFF	22.2675854805252
PROT:sp|Q05359|ERP1_YEAST	sp|Q05359|ERP1_YEAST		ERP1	Protein ERP1	0.00035489036	ERP1 — Protein ERP1	search FASTA description + reference GFF	29.77908458132656
PROT:sp|Q05506|SYRC_YEAST	sp|Q05506|SYRC_YEAST		YDR341C	Arginine--tRNA ligase, cytoplasmic	0.00035489036	YDR341C — Arginine--tRNA ligase, cytoplasmic	search FASTA description + reference GFF	34.41484010200657
PROT:sp|Q05515|SVF1_YEAST	sp|Q05515|SVF1_YEAST		SVF1	Ceramide-binding protein SVF1	0.00035489036	SVF1 — Ceramide-binding protein SVF1	search FASTA description + reference GFF	31.639226731285707
PROT:sp|Q05518|PAL1_YEAST	sp|Q05518|PAL1_YEAST		PAL1	Protein PAL1	0.00036380943	PAL1 — Protein PAL1	search FASTA description + reference GFF	22.510007087966937
PROT:sp|Q05533|INM2_YEAST	sp|Q05533|INM2_YEAST		INM2	Inositol monophosphatase 2	0.00035489036	INM2 — Inositol monophosphatase 2	search FASTA description + reference GFF	26.37638265954756
PROT:sp|Q05543|RT103_YEAST	sp|Q05543|RT103_YEAST		RTT103	Regulator of Ty1 transposition protein 103	0.00035489036	RTT103 — Regulator of Ty1 transposition protein 103	search FASTA description + reference GFF	28.805719413017982
PROT:sp|Q05567|SGPL_YEAST	sp|Q05567|SGPL_YEAST		DPL1	Sphingosine-1-phosphate lyase	0.00035489036	DPL1 — Sphingosine-1-phosphate lyase	search FASTA description + reference GFF	31.51917213544936
PROT:sp|Q05583|CIAO1_YEAST	sp|Q05583|CIAO1_YEAST		CIA1	Cytosolic iron-sulfur protein assembly protein 1	0.00035489036	CIA1 — Cytosolic iron-sulfur protein assembly protein 1	search FASTA description + reference GFF	25.327527539179048
PROT:sp|Q05584|GLO2_YEAST	sp|Q05584|GLO2_YEAST		GLO2	Hydroxyacylglutathione hydrolase, cytoplasmic isozyme	0.00035489036	GLO2 — Hydroxyacylglutathione hydrolase, cytoplasmic isozyme	search FASTA description + reference GFF	29.655915824518093
PROT:sp|Q05636|RRP45_YEAST	sp|Q05636|RRP45_YEAST		RRP45	Exosome complex component RRP45	0.00035489036	RRP45 — Exosome complex component RRP45	search FASTA description + reference GFF	27.967857634364517
PROT:sp|Q05775|EIF3J_YEAST	sp|Q05775|EIF3J_YEAST		HCR1	Eukaryotic translation initiation factor 3 subunit J	0.00035489036	HCR1 — Eukaryotic translation initiation factor 3 subunit J	search FASTA description + reference GFF	33.102374258485874
PROT:sp|Q05778|POC1_YEAST	sp|Q05778|POC1_YEAST		PBA1	Proteasome chaperone 1	0.00035489036	PBA1 — Proteasome chaperone 1	search FASTA description + reference GFF	28.07453137633538
PROT:sp|Q05788|PNPH_YEAST	sp|Q05788|PNPH_YEAST		PNP1	Purine nucleoside phosphorylase	0.00035489036	PNP1 — Purine nucleoside phosphorylase	search FASTA description + reference GFF	28.982971329454305
PROT:sp|Q05791|CD123_YEAST	sp|Q05791|CD123_YEAST		CDC123	Translation initiation factor eIF2 assembly protein	0.00035489036	CDC123 — Translation initiation factor eIF2 assembly protein	search FASTA description + reference GFF	25.243673637574812
PROT:sp|Q05812|MSC3_YEAST	sp|Q05812|MSC3_YEAST		MSC3	Meiotic sister-chromatid recombination protein 3	0.00035489036	MSC3 — Meiotic sister-chromatid recombination protein 3	search FASTA description + reference GFF	32.31158180667469
PROT:sp|Q05871|ECI1_YEAST	sp|Q05871|ECI1_YEAST		ECI1	3,2-trans-enoyl-CoA isomerase	0.00035489036	ECI1 — 3,2-trans-enoyl-CoA isomerase	search FASTA description + reference GFF	28.392133407354816
PROT:sp|Q05874|EFM7_YEAST	sp|Q05874|EFM7_YEAST		NNT1	Protein N-terminal and lysine N-methyltransferase EFM7	0.00035489036	NNT1 — Protein N-terminal and lysine N-methyltransferase EFM7	search FASTA description + reference GFF	29.74550219541221
PROT:sp|Q05881|YL287_YEAST	sp|Q05881|YL287_YEAST		YLR287C	Uncharacterized protein YLR287C	0.00035489036	YLR287C — Uncharacterized protein YLR287C	search FASTA description + reference GFF	28.578732928470533
PROT:sp|Q05892|COQ11_YEAST	sp|Q05892|COQ11_YEAST		COQ11	MIOREX complex component 2	0.00035489036	COQ11 — MIOREX complex component 2	search FASTA description + reference GFF	28.40642947312184
PROT:sp|Q05900|RU1C_YEAST	sp|Q05900|RU1C_YEAST		YHC1	U1 small nuclear ribonucleoprotein C	0.0023757552	YHC1 — U1 small nuclear ribonucleoprotein C	search FASTA description + reference GFF	32.00446615618724
PROT:sp|Q05905|HRI1_YEAST	sp|Q05905|HRI1_YEAST		HRI1	Protein HRI1	0.00035489036	HRI1 — Protein HRI1	search FASTA description + reference GFF	33.15394644481051
PROT:sp|Q05911|PUR8_YEAST	sp|Q05911|PUR8_YEAST		ADE13	Adenylosuccinate lyase	0.00035489036	ADE13 — Adenylosuccinate lyase	search FASTA description + reference GFF	35.48031880950718
PROT:sp|Q05926|GLRX8_YEAST	sp|Q05926|GLRX8_YEAST		GRX8	Glutaredoxin-8	0.00035489036	GRX8 — Glutaredoxin-8	search FASTA description + reference GFF	32.2607877495065
PROT:sp|Q05931|HSP7Q_YEAST	sp|Q05931|HSP7Q_YEAST		SSQ1	Iron-sulfur cluster biogenesis chaperone, mitochondrial	0.00035489036	SSQ1 — Iron-sulfur cluster biogenesis chaperone, mitochondrial	search FASTA description + reference GFF	30.6100038996539
PROT:sp|Q05933|ARPC3_YEAST	sp|Q05933|ARPC3_YEAST		ARC18	Actin-related protein 2/3 complex subunit 3	0.00035489036	ARC18 — Actin-related protein 2/3 complex subunit 3	search FASTA description + reference GFF	26.33310335473176
PROT:sp|Q05934|VID22_YEAST	sp|Q05934|VID22_YEAST		VID22	Vacuolar import and degradation protein 22	0.00035489036	VID22 — Vacuolar import and degradation protein 22	search FASTA description + reference GFF	26.491323187218224
PROT:sp|Q05942|RSA3_YEAST	sp|Q05942|RSA3_YEAST		RSA3	Ribosome assembly protein 3	0.00035489036	RSA3 — Ribosome assembly protein 3	search FASTA description + reference GFF	27.56489738127185
PROT:sp|Q05946|UTP13_YEAST	sp|Q05946|UTP13_YEAST		UTP13	U3 small nucleolar RNA-associated protein 13	0.00035489036	UTP13 — U3 small nucleolar RNA-associated protein 13	search FASTA description + reference GFF	28.518842393252
PROT:sp|Q05948|YL225_YEAST	sp|Q05948|YL225_YEAST		YLR225C	Uncharacterized SVF1-like protein YLR225C	0.00035489036	YLR225C — Uncharacterized SVF1-like protein YLR225C	search FASTA description + reference GFF	28.745776612246438
PROT:sp|Q05949|BUR2_YEAST	sp|Q05949|BUR2_YEAST		BUR2	Protein BUR2	0.00035489036	BUR2 — Protein BUR2	search FASTA description + reference GFF	25.041554320136036
PROT:sp|Q05979|KYNU_YEAST	sp|Q05979|KYNU_YEAST		BNA5	Kynureninase	0.00035489036	BNA5 — Kynureninase	search FASTA description + reference GFF	30.28319097948321
PROT:sp|Q05998|THI7_YEAST	sp|Q05998|THI7_YEAST		THI7	Thiamine transporter	0.0004418238	THI7 — Thiamine transporter	search FASTA description + reference GFF	27.131289443680817
PROT:sp|Q06005|LIPB_YEAST	sp|Q06005|LIPB_YEAST		LIP2	Octanoyltransferase, mitochondrial	0.00035596776	LIP2 — Octanoyltransferase, mitochondrial	search FASTA description + reference GFF	26.402679636042883
PROT:sp|Q06010|STE23_YEAST	sp|Q06010|STE23_YEAST		STE23	A-factor-processing enzyme	0.00035489036	STE23 — A-factor-processing enzyme	search FASTA description + reference GFF	29.79719643548029
PROT:sp|Q06053|DUS3_YEAST	sp|Q06053|DUS3_YEAST		DUS3	tRNA-dihydrouridine(47) synthase	0.00035489036	DUS3 — tRNA-dihydrouridine(47) synthase	search FASTA description + reference GFF	27.145170045635467
PROT:sp|Q06078|UTP21_YEAST	sp|Q06078|UTP21_YEAST		UTP21	U3 small nucleolar RNA-associated protein 21	0.00035489036	UTP21 — U3 small nucleolar RNA-associated protein 21	search FASTA description + reference GFF	25.98512553812767
PROT:sp|Q06089|YP098_YEAST	sp|Q06089|YP098_YEAST		YPR098C	Uncharacterized mitochondrial outer membrane protein YPR098C	0.00035489036	YPR098C — Uncharacterized mitochondrial outer membrane protein YPR098C	search FASTA description + reference GFF	28.996643376548363
PROT:sp|Q06090|RM51_YEAST	sp|Q06090|RM51_YEAST		MRPL51	Large ribosomal subunit protein mL43	0.00035489036	MRPL51 — Large ribosomal subunit protein mL43	search FASTA description + reference GFF	28.689963936977907
PROT:sp|Q06091|SN309_YEAST	sp|Q06091|SN309_YEAST		SNT309	Pre-mRNA-splicing factor SNT309	0.0011988897	SNT309 — Pre-mRNA-splicing factor SNT309	search FASTA description + reference GFF	23.33749963962139
PROT:sp|Q06096|COG4_YEAST	sp|Q06096|COG4_YEAST		COG4	Conserved oligomeric Golgi complex subunit 4	0.00035489036	COG4 — Conserved oligomeric Golgi complex subunit 4	search FASTA description + reference GFF	25.30394998908998
PROT:sp|Q06103|RPN7_YEAST	sp|Q06103|RPN7_YEAST		RPN7	26S proteasome regulatory subunit RPN7	0.00035489036	RPN7 — 26S proteasome regulatory subunit RPN7	search FASTA description + reference GFF	33.7546468197905
PROT:sp|Q06106|MRD1_YEAST	sp|Q06106|MRD1_YEAST		MRD1	Multiple RNA-binding domain-containing protein 1	0.00035489036	MRD1 — Multiple RNA-binding domain-containing protein 1	search FASTA description + reference GFF	27.902619734565143
PROT:sp|Q06107|YP114_YEAST	sp|Q06107|YP114_YEAST		YPR114W	Uncharacterized TLC domain-containing protein YPR114W	0.00035489036	YPR114W — Uncharacterized TLC domain-containing protein YPR114W	search FASTA description + reference GFF	25.92057273303665
PROT:sp|Q06137|YL345_YEAST	sp|Q06137|YL345_YEAST		YLR345W	Putative 6-phosphofructo-2-kinase/fructose-2,6-bisphosphatase YLR345W	0.00035489036	YLR345W — Putative 6-phosphofructo-2-kinase/fructose-2,6-bisphosphatase YLR345W	search FASTA description + reference GFF	27.832340789896808
PROT:sp|Q06142|IMB1_YEAST	sp|Q06142|IMB1_YEAST		KAP95	Importin subunit beta-1	0.00035489036	KAP95 — Importin subunit beta-1	search FASTA description + reference GFF	30.93696207677495
PROT:sp|Q06143|DIC1_YEAST	sp|Q06143|DIC1_YEAST		DIC1	Mitochondrial dicarboxylate transporter	0.00035489036	DIC1 — Mitochondrial dicarboxylate transporter	search FASTA description + reference GFF	30.332094999946623
PROT:sp|Q06146|YL257_YEAST	sp|Q06146|YL257_YEAST		YLR257W	Uncharacterized protein YLR257W	0.00035489036	YLR257W — Uncharacterized protein YLR257W	search FASTA description + reference GFF	29.937393851793463
PROT:sp|Q06151|DCPS_YEAST	sp|Q06151|DCPS_YEAST		DCS1	m7GpppX diphosphatase	0.00035489036	DCS1 — m7GpppX diphosphatase	search FASTA description + reference GFF	33.83355690652833
PROT:sp|Q06168|SFH1_YEAST	sp|Q06168|SFH1_YEAST		SFH1	Chromatin structure-remodeling complex subunit SFH1	0.00035489036	SFH1 — Chromatin structure-remodeling complex subunit SFH1	search FASTA description + reference GFF	28.155528185653456
PROT:sp|Q06169|PEX30_YEAST	sp|Q06169|PEX30_YEAST		PEX30	Peroxisomal membrane protein PEX30	0.00035489036	PEX30 — Peroxisomal membrane protein PEX30	search FASTA description + reference GFF	25.825847092722206
PROT:sp|Q06177|TMA10_YEAST	sp|Q06177|TMA10_YEAST		TMA10	Translation machinery-associated protein 10	0.00035489036	TMA10 — Translation machinery-associated protein 10	search FASTA description + reference GFF	32.30283854042271
PROT:sp|Q06178|NMA1_YEAST	sp|Q06178|NMA1_YEAST		NMA1	Nicotinamide/nicotinic acid mononucleotide adenylyltransferase 1	0.00035489036	NMA1 — Nicotinamide/nicotinic acid mononucleotide adenylyltransferase 1	search FASTA description + reference GFF	26.21659358455829
PROT:sp|Q06179|FMP27_YEAST	sp|Q06179|FMP27_YEAST		FMP27	Protein FMP27, mitochondrial	0.00036456366	FMP27 — Protein FMP27, mitochondrial	search FASTA description + reference GFF	24.11503251549674
PROT:sp|Q06214|JIP5_YEAST	sp|Q06214|JIP5_YEAST		JIP5	WD repeat-containing protein JIP5	0.00035489036	JIP5 — WD repeat-containing protein JIP5	search FASTA description + reference GFF	24.433171142712467
PROT:sp|Q06218|DBP9_YEAST	sp|Q06218|DBP9_YEAST		DBP9	ATP-dependent RNA helicase DBP9	0.00035489036	DBP9 — ATP-dependent RNA helicase DBP9	search FASTA description + reference GFF	29.41773088279304
PROT:sp|Q06245|SEC10_YEAST	sp|Q06245|SEC10_YEAST		SEC10	Exocyst complex component SEC10	0.0015011859	SEC10 — Exocyst complex component SEC10	search FASTA description + reference GFF	28.87796193934379
PROT:sp|Q06252|YL179_YEAST	sp|Q06252|YL179_YEAST		YLR179C	Uncharacterized protein YLR179C	0.00035489036	YLR179C — Uncharacterized protein YLR179C	search FASTA description + reference GFF	32.42571210324975
PROT:sp|Q06263|VTA1_YEAST	sp|Q06263|VTA1_YEAST		VTA1	Vacuolar protein sorting-associated protein VTA1	0.00035489036	VTA1 — Vacuolar protein sorting-associated protein VTA1	search FASTA description + reference GFF	30.042934130181955
PROT:sp|Q06287|NEP1_YEAST	sp|Q06287|NEP1_YEAST		EMG1	Ribosomal RNA small subunit methyltransferase NEP1	0.00035489036	EMG1 — Ribosomal RNA small subunit methyltransferase NEP1	search FASTA description + reference GFF	30.92154687997684
PROT:sp|Q06336|GGA1_YEAST	sp|Q06336|GGA1_YEAST		GGA1	ADP-ribosylation factor-binding protein GGA1	0.00035489036	GGA1 — ADP-ribosylation factor-binding protein GGA1	search FASTA description + reference GFF	30.807269122240605
PROT:sp|Q06338|BCP1_YEAST	sp|Q06338|BCP1_YEAST		BCP1	Protein BCP1	0.00035489036	BCP1 — Protein BCP1	search FASTA description + reference GFF	30.59968810416288
PROT:sp|Q06344|ESF1_YEAST	sp|Q06344|ESF1_YEAST		ESF1	Pre-rRNA-processing protein ESF1	0.00035489036	ESF1 — Pre-rRNA-processing protein ESF1	search FASTA description + reference GFF	29.062490620571733
PROT:sp|Q06350|CHI2_YEAST	sp|Q06350|CHI2_YEAST		CTS2	Sporulation-specific chitinase 2	0.00035945	CTS2 — Sporulation-specific chitinase 2	search FASTA description + reference GFF	25.35350846135569
PROT:sp|Q06385|VPS74_YEAST	sp|Q06385|VPS74_YEAST		VPS74	Vacuolar protein sorting-associated protein 74	0.00035489036	VPS74 — Vacuolar protein sorting-associated protein 74	search FASTA description + reference GFF	29.122055092347345
PROT:sp|Q06405|ATPK_YEAST	sp|Q06405|ATPK_YEAST		ATP17	ATP synthase subunit f, mitochondrial	0.00035489036	ATP17 — ATP synthase subunit f, mitochondrial	search FASTA description + reference GFF	34.39906030306876
PROT:sp|Q06406|LSM6_YEAST	sp|Q06406|LSM6_YEAST		LSM6	LSM complex subunit LSM6	0.00035489036	LSM6 — LSM complex subunit LSM6	search FASTA description + reference GFF	27.562017587358632
PROT:sp|Q06407|RGA2_YEAST	sp|Q06407|RGA2_YEAST		RGA2	Rho-type GTPase-activating protein 2	0.00035489036	RGA2 — Rho-type GTPase-activating protein 2	search FASTA description + reference GFF	25.162611435726927
PROT:sp|Q06408|ARO10_YEAST	sp|Q06408|ARO10_YEAST		ARO10	Transaminated amino acid decarboxylase	0.00035489036	ARO10 — Transaminated amino acid decarboxylase	search FASTA description + reference GFF	24.48708618003075
PROT:sp|Q06436|MAG2_YEAST	sp|Q06436|MAG2_YEAST		MAG2	E3 ubiquitin-protein ligase MAG2	0.00035489036	MAG2 — E3 ubiquitin-protein ligase MAG2	search FASTA description + reference GFF	24.949098294123004
PROT:sp|Q06440|CORO_YEAST	sp|Q06440|CORO_YEAST		CRN1	Coronin-like protein	0.00035489036	CRN1 — Coronin-like protein	search FASTA description + reference GFF	32.81012444582051
PROT:sp|Q06449|PIN3_YEAST	sp|Q06449|PIN3_YEAST		PIN3	[PSI+] inducibility protein 3	0.00035489036	PIN3 — [PSI+] inducibility protein 3	search FASTA description + reference GFF	25.758569643248048
PROT:sp|Q06451|TPO3_YEAST	sp|Q06451|TPO3_YEAST		TPO3	Polyamine transporter 3	0.00035489036	TPO3 — Polyamine transporter 3	search FASTA description + reference GFF	27.2602948809087
PROT:sp|Q06488|RSC2_YEAST	sp|Q06488|RSC2_YEAST		RSC2	Chromatin structure-remodeling complex subunit RSC2	0.00035489036	RSC2 — Chromatin structure-remodeling complex subunit RSC2	search FASTA description + reference GFF	26.67260698118004
PROT:sp|Q06489|MTNA_YEAST	sp|Q06489|MTNA_YEAST		MRI1	Methylthioribose-1-phosphate isomerase	0.00035489036	MRI1 — Methylthioribose-1-phosphate isomerase	search FASTA description + reference GFF	30.233482960627327
PROT:sp|Q06493|YLH47_YEAST	sp|Q06493|YLH47_YEAST		YLH47	LETM1 domain-containing protein YLH47, mitochondrial	0.00035489036	YLH47 — LETM1 domain-containing protein YLH47, mitochondrial	search FASTA description + reference GFF	29.230589049405225
PROT:sp|Q06494|PLR1_YEAST	sp|Q06494|PLR1_YEAST		YPR127W	Putative pyridoxal reductase	0.00035489036	YPR127W — Putative pyridoxal reductase	search FASTA description + reference GFF	33.26972532347145
PROT:sp|Q06497|ANT1_YEAST	sp|Q06497|ANT1_YEAST		ANT1	Peroxisomal adenine nucleotide transporter 1	0.00035489036	ANT1 — Peroxisomal adenine nucleotide transporter 1	search FASTA description + reference GFF	27.25623014498098
PROT:sp|Q06504|NAT3_YEAST	sp|Q06504|NAT3_YEAST		NAT3	N-terminal acetyltransferase B complex catalytic subunit NAT3	0.00035489036	NAT3 — N-terminal acetyltransferase B complex catalytic subunit NAT3	search FASTA description + reference GFF	24.150024136851687
PROT:sp|Q06505|IWS1_YEAST	sp|Q06505|IWS1_YEAST		SPN1	Transcription factor SPN1	0.00035489036	SPN1 — Transcription factor SPN1	search FASTA description + reference GFF	29.84152819114368
PROT:sp|Q06506|RRP9_YEAST	sp|Q06506|RRP9_YEAST		RRP9	Ribosomal RNA-processing protein 9	0.00035489036	RRP9 — Ribosomal RNA-processing protein 9	search FASTA description + reference GFF	25.82871042432924
PROT:sp|Q06508|LOA1_YEAST	sp|Q06508|LOA1_YEAST		LOA1	Lysophosphatidic acid:oleoyl-CoA acyltransferase 1	0.00035489036	LOA1 — Lysophosphatidic acid:oleoyl-CoA acyltransferase 1	search FASTA description + reference GFF	23.62421038247539
PROT:sp|Q06523|YP148_YEAST	sp|Q06523|YP148_YEAST		YPR148C	Uncharacterized protein YPR148C	0.00035489036	YPR148C — Uncharacterized protein YPR148C	search FASTA description + reference GFF	30.66159235306006
PROT:sp|Q06538|CSC1_YEAST	sp|Q06538|CSC1_YEAST		CSC1	Calcium permeable stress-gated cation channel 1	0.00035489036	CSC1 — Calcium permeable stress-gated cation channel 1	search FASTA description + reference GFF	28.06287068513563
PROT:sp|Q06608|PDXH_YEAST	sp|Q06608|PDXH_YEAST		YPR172W	Pyridoxamine 5'-phosphate oxidase homolog	0.00035489036	YPR172W — Pyridoxamine 5'-phosphate oxidase homolog	search FASTA description + reference GFF	29.98437573831332
PROT:sp|Q06624|RHC31_YEAST	sp|Q06624|RHC31_YEAST		AOS1	DNA damage tolerance protein RHC31	0.00035489036	AOS1 — DNA damage tolerance protein RHC31	search FASTA description + reference GFF	27.29167534295068
PROT:sp|Q06625|GDE_YEAST	sp|Q06625|GDE_YEAST		GDB1	Glycogen debranching enzyme	0.00035489036	GDB1 — Glycogen debranching enzyme	search FASTA description + reference GFF	31.456283739699145
PROT:sp|Q06630|MHR1_YEAST	sp|Q06630|MHR1_YEAST		MHR1	Large ribosomal subunit protein mL67	0.00035489036	MHR1 — Large ribosomal subunit protein mL67	search FASTA description + reference GFF	30.56226393715588
PROT:sp|Q06631|BFR2_YEAST	sp|Q06631|BFR2_YEAST		BFR2	Protein BFR2	0.00035489036	BFR2 — Protein BFR2	search FASTA description + reference GFF	29.054910466433988
PROT:sp|Q06632|CFT1_YEAST	sp|Q06632|CFT1_YEAST		CFT1	Protein CFT1	0.00035489036	CFT1 — Protein CFT1	search FASTA description + reference GFF	24.820251741624563
PROT:sp|Q06651|PIB1_YEAST	sp|Q06651|PIB1_YEAST		PIB1	E3 ubiquitin-protein ligase PIB1	0.0024191425	PIB1 — E3 ubiquitin-protein ligase PIB1	search FASTA description + reference GFF	24.6871437165911
PROT:sp|Q06671|ATG23_YEAST	sp|Q06671|ATG23_YEAST		ATG23	Autophagy-related protein 23	0.00035489036	ATG23 — Autophagy-related protein 23	search FASTA description + reference GFF	28.256348934121
PROT:sp|Q06672|TSR2_YEAST	sp|Q06672|TSR2_YEAST		TSR2	Pre-rRNA-processing protein TSR2	0.00035489036	TSR2 — Pre-rRNA-processing protein TSR2	search FASTA description + reference GFF	28.02052043212784
PROT:sp|Q06677|SWA2_YEAST	sp|Q06677|SWA2_YEAST		SWA2	Auxilin-like clathrin uncoating factor SWA2	0.00035489036	SWA2 — Auxilin-like clathrin uncoating factor SWA2	search FASTA description + reference GFF	25.42172600972507
PROT:sp|Q06678|RM35_YEAST	sp|Q06678|RM35_YEAST		MRPL35	Large ribosomal subunit protein mL38	0.00035489036	MRPL35 — Large ribosomal subunit protein mL38	search FASTA description + reference GFF	29.78063271387186
PROT:sp|Q06679|UTP4_YEAST	sp|Q06679|UTP4_YEAST		UTP4	U3 small nucleolar RNA-associated protein 4	0.00035489036	UTP4 — U3 small nucleolar RNA-associated protein 4	search FASTA description + reference GFF	29.30184350322885
PROT:sp|Q06682|UBX5_YEAST	sp|Q06682|UBX5_YEAST		UBX5	UBX domain-containing protein 5	0.00035489036	UBX5 — UBX domain-containing protein 5	search FASTA description + reference GFF	26.79881170490877
PROT:sp|Q06685|VIP1_YEAST	sp|Q06685|VIP1_YEAST		VIP1	Inositol hexakisphosphate and diphosphoinositol-pentakisphosphate kinase	0.00035489036	VIP1 — Inositol hexakisphosphate and diphosphoinositol-pentakisphosphate kinase	search FASTA description + reference GFF	29.707320925623552
PROT:sp|Q06686|CTR3_YEAST	sp|Q06686|CTR3_YEAST		CTR3	Copper transport protein CTR3	0.00035489036	CTR3 — Copper transport protein CTR3	search FASTA description + reference GFF	28.281879357599724
PROT:sp|Q06697|CDC73_YEAST	sp|Q06697|CDC73_YEAST		CDC73	Cell division control protein 73	0.00035489036	CDC73 — Cell division control protein 73	search FASTA description + reference GFF	28.008475671830613
PROT:sp|Q06698|YL419_YEAST	sp|Q06698|YL419_YEAST		YLR419W	Putative ATP-dependent RNA helicase YLR419W	0.00035489036	YLR419W — Putative ATP-dependent RNA helicase YLR419W	search FASTA description + reference GFF	26.125876543244438
PROT:sp|Q06704|IMH1_YEAST	sp|Q06704|IMH1_YEAST		IMH1	Golgin IMH1	0.00035489036	IMH1 — Golgin IMH1	search FASTA description + reference GFF	25.40457649385249
PROT:sp|Q06705|CSR1_YEAST	sp|Q06705|CSR1_YEAST		CSR1	Phosphatidylinositol transfer protein CSR1	0.00035489036	CSR1 — Phosphatidylinositol transfer protein CSR1	search FASTA description + reference GFF	30.135086133700444
PROT:sp|Q06706|ELP1_YEAST	sp|Q06706|ELP1_YEAST		IKI3	Elongator complex protein 1	0.00035489036	IKI3 — Elongator complex protein 1	search FASTA description + reference GFF	29.193910113636107
PROT:sp|Q06707|SWC7_YEAST	sp|Q06707|SWC7_YEAST		SWC7	SWR1-complex protein 7	0.0055952473	SWC7 — SWR1-complex protein 7	search FASTA description + reference GFF	23.999221671704795
PROT:sp|Q06708|VAC14_YEAST	sp|Q06708|VAC14_YEAST		VAC14	Vacuole morphology and inheritance protein 14	0.00035489036	VAC14 — Vacuole morphology and inheritance protein 14	search FASTA description + reference GFF	26.91846014766647
PROT:sp|Q06709|REH1_YEAST	sp|Q06709|REH1_YEAST		REH1	Cytoplasmic 60S subunit biogenesis factor REH1	0.00035489036	REH1 — Cytoplasmic 60S subunit biogenesis factor REH1	search FASTA description + reference GFF	29.524715027669973
PROT:sp|Q06833|NVJ2_YEAST	sp|Q06833|NVJ2_YEAST		NVJ2	Nucleus-vacuole junction protein 2	0.00035489036	NVJ2 — Nucleus-vacuole junction protein 2	search FASTA description + reference GFF	25.574067517713367
PROT:sp|Q06839|LEC1_YEAST	sp|Q06839|LEC1_YEAST		LEC1	PX domain-containing protein LEC1	0.00035489036	LEC1 — PX domain-containing protein LEC1	search FASTA description + reference GFF	26.67903549896129
PROT:sp|Q06892|POS5_YEAST	sp|Q06892|POS5_YEAST		POS5	NADH kinase POS5, mitochondrial	0.00035489036	POS5 — NADH kinase POS5, mitochondrial	search FASTA description + reference GFF	29.422005060169127
PROT:sp|Q07350|PRP11_YEAST	sp|Q07350|PRP11_YEAST		PRP11	Pre-mRNA-splicing factor PRP11	0.0053588557	PRP11 — Pre-mRNA-splicing factor PRP11	search FASTA description + reference GFF	24.673327140549556
PROT:sp|Q07362|PBP4_YEAST	sp|Q07362|PBP4_YEAST		PBP4	Protein PBP4	0.00035489036	PBP4 — Protein PBP4	search FASTA description + reference GFF	28.842096890340688
PROT:sp|Q07381|TSR1_YEAST	sp|Q07381|TSR1_YEAST		TSR1	Ribosome biogenesis protein TSR1	0.00035489036	TSR1 — Ribosome biogenesis protein TSR1	search FASTA description + reference GFF	28.425082645915783
PROT:sp|Q07418|PEX19_YEAST	sp|Q07418|PEX19_YEAST		PEX19	Peroxisomal membrane protein import receptor PEX19	0.00035489036	PEX19 — Peroxisomal membrane protein import receptor PEX19	search FASTA description + reference GFF	24.213927845734048
PROT:sp|Q07451|YET3_YEAST	sp|Q07451|YET3_YEAST		YET3	Endoplasmic reticulum transmembrane protein 3	0.00035489036	YET3 — Endoplasmic reticulum transmembrane protein 3	search FASTA description + reference GFF	31.360337292425665
PROT:sp|Q07457|BRE1_YEAST	sp|Q07457|BRE1_YEAST		BRE1	E3 ubiquitin-protein ligase BRE1	0.00035489036	BRE1 — E3 ubiquitin-protein ligase BRE1	search FASTA description + reference GFF	26.76267890161868
PROT:sp|Q07468|VAM6_YEAST	sp|Q07468|VAM6_YEAST		VAM6	Vacuolar morphogenesis protein 6	0.00035489036	VAM6 — Vacuolar morphogenesis protein 6	search FASTA description + reference GFF	26.291453797344044
PROT:sp|Q07478|SUB2_YEAST	sp|Q07478|SUB2_YEAST		SUB2	ATP-dependent RNA helicase SUB2	0.00035489036	SUB2 — ATP-dependent RNA helicase SUB2	search FASTA description + reference GFF	34.43345079684714
PROT:sp|Q07500|NDH2_YEAST	sp|Q07500|NDH2_YEAST		NDE2	External NADH-ubiquinone oxidoreductase 2, mitochondrial	0.00035489036	NDE2 — External NADH-ubiquinone oxidoreductase 2, mitochondrial	search FASTA description + reference GFF	31.57080887490556
PROT:sp|Q07505|DLHH_YEAST	sp|Q07505|DLHH_YEAST		YDL086W	Putative carboxymethylenebutenolidase	0.00035489036	YDL086W — Putative carboxymethylenebutenolidase	search FASTA description + reference GFF	30.815929570976177
PROT:sp|Q07527|TRM3_YEAST	sp|Q07527|TRM3_YEAST		TRM3	tRNA (guanosine(18)-2'-O)-methyltransferase	0.00035489036	TRM3 — tRNA (guanosine(18)-2'-O)-methyltransferase	search FASTA description + reference GFF	29.731106465204803
PROT:sp|Q07528|ATG20_YEAST	sp|Q07528|ATG20_YEAST		ATG20	Autophagy-related protein 20	0.00035489036	ATG20 — Autophagy-related protein 20	search FASTA description + reference GFF	27.40271481715377
PROT:sp|Q07532|IWR1_YEAST	sp|Q07532|IWR1_YEAST		IWR1	RNA polymerase II nuclear localization protein IWR1	0.00035489036	IWR1 — RNA polymerase II nuclear localization protein IWR1	search FASTA description + reference GFF	27.090668110997
PROT:sp|Q07534|S2538_YEAST	sp|Q07534|S2538_YEAST		HEM25	Mitochondrial glycine transporter	0.00035489036	HEM25 — Mitochondrial glycine transporter	search FASTA description + reference GFF	25.04532500503057
PROT:sp|Q07541|EXP1_YEAST	sp|Q07541|EXP1_YEAST		EXP1	ER export of PMA1 protein 1	0.00035489036	EXP1 — ER export of PMA1 protein 1	search FASTA description + reference GFF	29.300363340545463
PROT:sp|Q07551|KAR_YEAST	sp|Q07551|KAR_YEAST		YDL124W	NADPH-dependent alpha-keto amide reductase	0.00035489036	YDL124W — NADPH-dependent alpha-keto amide reductase	search FASTA description + reference GFF	34.87010811571171
PROT:sp|Q07589|YD144_YEAST	sp|Q07589|YD144_YEAST		YDL144C	Uncharacterized protein YDL144C	0.00035489036	YDL144C — Uncharacterized protein YDL144C	search FASTA description + reference GFF	30.478360099936303
PROT:sp|Q07623|NOP6_YEAST	sp|Q07623|NOP6_YEAST		NOP6	Nucleolar protein 6	0.00035489036	NOP6 — Nucleolar protein 6	search FASTA description + reference GFF	26.67152188887721
PROT:sp|Q07629|YD218_YEAST	sp|Q07629|YD218_YEAST		YDL218W	Uncharacterized membrane protein YDL218W	0.00035489036	YDL218W — Uncharacterized membrane protein YDL218W	search FASTA description + reference GFF	23.713597973942843
PROT:sp|Q07648|DTD_YEAST	sp|Q07648|DTD_YEAST		DTD1	D-aminoacyl-tRNA deacylase	0.00035489036	DTD1 — D-aminoacyl-tRNA deacylase	search FASTA description + reference GFF	28.560350631685974
PROT:sp|Q07651|FMP45_YEAST	sp|Q07651|FMP45_YEAST		FMP45	SUR7 family protein FMP45	0.00035489036	FMP45 — SUR7 family protein FMP45	search FASTA description + reference GFF	29.507091256292483
PROT:sp|Q07653|HBT1_YEAST	sp|Q07653|HBT1_YEAST		HBT1	Protein HBT1	0.00035489036	HBT1 — Protein HBT1	search FASTA description + reference GFF	33.620427216427736
PROT:sp|Q07655|WHI4_YEAST	sp|Q07655|WHI4_YEAST		WHI4	Protein WHI4	0.00035489036	WHI4 — Protein WHI4	search FASTA description + reference GFF	24.582323519527552
PROT:sp|Q07657|SHS1_YEAST	sp|Q07657|SHS1_YEAST		SHS1	Seventh homolog of septin 1	0.00035489036	SHS1 — Seventh homolog of septin 1	search FASTA description + reference GFF	29.819995324853974
PROT:sp|Q07688|YPD1_YEAST	sp|Q07688|YPD1_YEAST		YPD1	Phosphorelay intermediate protein YPD1	0.00035489036	YPD1 — Phosphorelay intermediate protein YPD1	search FASTA description + reference GFF	29.925444610029206
PROT:sp|Q07716|AIM6_YEAST	sp|Q07716|AIM6_YEAST		AIM6	Altered inheritance of mitochondria protein 6	0.00035489036	AIM6 — Altered inheritance of mitochondria protein 6	search FASTA description + reference GFF	29.588533670615497
PROT:sp|Q07732|ADY3_YEAST	sp|Q07732|ADY3_YEAST		ADY3	Accumulates dyads protein 3	0.0024414773	ADY3 — Accumulates dyads protein 3	search FASTA description + reference GFF	30.66909732339679
PROT:sp|Q07800|PSR1_YEAST	sp|Q07800|PSR1_YEAST		PSR1	Phosphatase PSR1	0.00035489036	PSR1 — Phosphatase PSR1	search FASTA description + reference GFF	22.708142948678148
PROT:sp|Q07807|PUF3_YEAST	sp|Q07807|PUF3_YEAST		PUF3	mRNA-binding protein PUF3	0.00035489036	PUF3 — mRNA-binding protein PUF3	search FASTA description + reference GFF	27.694249468929364
PROT:sp|Q07821|ISA1_YEAST	sp|Q07821|ISA1_YEAST		ISA1	Iron-sulfur assembly protein 1	0.00035489036	ISA1 — Iron-sulfur assembly protein 1	search FASTA description + reference GFF	22.01182372653945
PROT:sp|Q07825|FRA1_YEAST	sp|Q07825|FRA1_YEAST		FRA1	Putative Xaa-Pro aminopeptidase FRA1	0.00035489036	FRA1 — Putative Xaa-Pro aminopeptidase FRA1	search FASTA description + reference GFF	30.17050746286145
PROT:sp|Q07830|GPI13_YEAST	sp|Q07830|GPI13_YEAST		GPI13	GPI ethanolamine phosphate transferase 3	0.0004176496	GPI13 — GPI ethanolamine phosphate transferase 3	search FASTA description + reference GFF	25.18510915133757
PROT:sp|Q07844|RIX7_YEAST	sp|Q07844|RIX7_YEAST		RIX7	Ribosome biogenesis ATPase RIX7	0.00035489036	RIX7 — Ribosome biogenesis ATPase RIX7	search FASTA description + reference GFF	25.99865893792437
PROT:sp|Q07878|VPS13_YEAST	sp|Q07878|VPS13_YEAST		VPS13	Intermembrane lipid transfer protein VPS13	0.00035489036	VPS13 — Intermembrane lipid transfer protein VPS13	search FASTA description + reference GFF	29.007274129211595
PROT:sp|Q07895|YL001_YEAST	sp|Q07895|YL001_YEAST		YLR001C	FAS1 domain-containing protein YLR001C	0.00035489036	YLR001C — FAS1 domain-containing protein YLR001C	search FASTA description + reference GFF	29.604398498782224
PROT:sp|Q07896|NOC3_YEAST	sp|Q07896|NOC3_YEAST		NOC3	Nucleolar complex-associated protein 3	0.00035489036	NOC3 — Nucleolar complex-associated protein 3	search FASTA description + reference GFF	24.421851364587475
PROT:sp|Q07897|CMS1_YEAST	sp|Q07897|CMS1_YEAST		CMS1	Protein CMS1	0.00035489036	CMS1 — Protein CMS1	search FASTA description + reference GFF	31.18488889601669
PROT:sp|Q07914|TIM14_YEAST	sp|Q07914|TIM14_YEAST		PAM18	Mitochondrial import inner membrane translocase subunit TIM14	0.00035489036	PAM18 — Mitochondrial import inner membrane translocase subunit TIM14	search FASTA description + reference GFF	29.856073310520465
PROT:sp|Q07923|LOT6_YEAST	sp|Q07923|LOT6_YEAST		LOT6	NAD(P)H-dependent FMN reductase LOT6	0.00035489036	LOT6 — NAD(P)H-dependent FMN reductase LOT6	search FASTA description + reference GFF	28.579662065300244
PROT:sp|Q07938|MTAP_YEAST	sp|Q07938|MTAP_YEAST		MEU1	S-methyl-5'-thioadenosine phosphorylase	0.00035489036	MEU1 — S-methyl-5'-thioadenosine phosphorylase	search FASTA description + reference GFF	31.109088864056503
PROT:sp|Q07951|POC3_YEAST	sp|Q07951|POC3_YEAST		IRC25	Proteasome chaperone 3	0.00035489036	IRC25 — Proteasome chaperone 3	search FASTA description + reference GFF	27.28784938960445
PROT:sp|Q07953|SDO1_YEAST	sp|Q07953|SDO1_YEAST		SDO1	Ribosome maturation protein SDO1	0.00035489036	SDO1 — Ribosome maturation protein SDO1	search FASTA description + reference GFF	27.0475589316346
PROT:sp|Q07979|RSC58_YEAST	sp|Q07979|RSC58_YEAST		RSC58	Chromatin structure-remodeling complex protein RSC58	0.00035489036	RSC58 — Chromatin structure-remodeling complex protein RSC58	search FASTA description + reference GFF	29.26859294160453
PROT:sp|Q08004|BUD20_YEAST	sp|Q08004|BUD20_YEAST		BUD20	Bud site selection protein 20	0.00035489036	BUD20 — Bud site selection protein 20	search FASTA description + reference GFF	27.41532214529857
PROT:sp|Q08023|FMP25_YEAST	sp|Q08023|FMP25_YEAST		FMP25	Protein FMP25, mitochondrial	0.00035489036	FMP25 — Protein FMP25, mitochondrial	search FASTA description + reference GFF	23.54123279766361
PROT:sp|Q08096|RCL1_YEAST	sp|Q08096|RCL1_YEAST		RCL1	rRNA processing protein RCL1	0.00035489036	RCL1 — rRNA processing protein RCL1	search FASTA description + reference GFF	28.567174977370573
PROT:sp|Q08162|RRP44_YEAST	sp|Q08162|RRP44_YEAST		DIS3	Exosome complex exonuclease DIS3	0.00035489036	DIS3 — Exosome complex exonuclease DIS3	search FASTA description + reference GFF	27.406324638370783
PROT:sp|Q08179|MDM38_YEAST	sp|Q08179|MDM38_YEAST		MDM38	Mitochondrial distribution and morphology protein 38	0.00035489036	MDM38 — Mitochondrial distribution and morphology protein 38	search FASTA description + reference GFF	32.06549429531755
PROT:sp|Q08193|GAS5_YEAST	sp|Q08193|GAS5_YEAST		GAS5	1,3-beta-glucanosyltransferase GAS5	0.00035489036	GAS5 — 1,3-beta-glucanosyltransferase GAS5	search FASTA description + reference GFF	29.829225505970747
PROT:sp|Q08202|OPI10_YEAST	sp|Q08202|OPI10_YEAST		OPI10	Protein OPI10	0.00035489036	OPI10 — Protein OPI10	search FASTA description + reference GFF	29.24611850452173
PROT:sp|Q08208|NOP12_YEAST	sp|Q08208|NOP12_YEAST		NOP12	Nucleolar protein 12	0.00035489036	NOP12 — Nucleolar protein 12	search FASTA description + reference GFF	29.886482153197207
PROT:sp|Q08220|GSHB_YEAST	sp|Q08220|GSHB_YEAST		GSH2	Glutathione synthetase GSH2	0.00035489036	GSH2 — Glutathione synthetase GSH2	search FASTA description + reference GFF	31.037939746518163
PROT:sp|Q08223|AIM39_YEAST	sp|Q08223|AIM39_YEAST		AIM39	Altered inheritance of mitochondria protein 39, mitochondrial	0.00035489036	AIM39 — Altered inheritance of mitochondria protein 39, mitochondrial	search FASTA description + reference GFF	26.576007609766577
PROT:sp|Q08225|DPP3_YEAST	sp|Q08225|DPP3_YEAST		YOL057W	Probable dipeptidyl peptidase 3	0.00035489036	YOL057W — Probable dipeptidyl peptidase 3	search FASTA description + reference GFF	30.890039316366448
PROT:sp|Q08229|NBA1_YEAST	sp|Q08229|NBA1_YEAST		NBA1	Protein NBA1	0.00035489036	NBA1 — Protein NBA1	search FASTA description + reference GFF	25.789621177269066
PROT:sp|Q08230|SDHF2_YEAST	sp|Q08230|SDHF2_YEAST		SDH5	Succinate dehydrogenase assembly factor 2, mitochondrial	0.00035489036	SDH5 — Succinate dehydrogenase assembly factor 2, mitochondrial	search FASTA description + reference GFF	30.571150813078624
PROT:sp|Q08235|BRX1_YEAST	sp|Q08235|BRX1_YEAST		BRX1	Ribosome biogenesis protein BRX1	0.00035489036	BRX1 — Ribosome biogenesis protein BRX1	search FASTA description + reference GFF	31.281552517510853
PROT:sp|Q08245|ZEO1_YEAST	sp|Q08245|ZEO1_YEAST		ZEO1	Protein ZEO1	0.00035489036	ZEO1 — Protein ZEO1	search FASTA description + reference GFF	35.965145294780456
PROT:sp|Q08285|RRP40_YEAST	sp|Q08285|RRP40_YEAST		RRP40	Exosome complex component RRP40	0.00035489036	RRP40 — Exosome complex component RRP40	search FASTA description + reference GFF	29.975033396404736
PROT:sp|Q08412|CUE5_YEAST	sp|Q08412|CUE5_YEAST		CUE5	Ubiquitin-binding protein CUE5	0.00035489036	CUE5 — Ubiquitin-binding protein CUE5	search FASTA description + reference GFF	30.9402710761483
PROT:sp|Q08421|ETT1_YEAST	sp|Q08421|ETT1_YEAST		ETT1	Enhancer of translation termination 1	0.00035489036	ETT1 — Enhancer of translation termination 1	search FASTA description + reference GFF	30.44317555335365
PROT:sp|Q08438|VHS3_YEAST	sp|Q08438|VHS3_YEAST		VHS3	Phosphopantothenoylcysteine decarboxylase subunit VHS3	0.00035489036	VHS3 — Phosphopantothenoylcysteine decarboxylase subunit VHS3	search FASTA description + reference GFF	28.169789644771694
PROT:sp|Q08444|NOB1_YEAST	sp|Q08444|NOB1_YEAST		NOB1	20S-pre-rRNA D-site endonuclease NOB1	0.00035489036	NOB1 — 20S-pre-rRNA D-site endonuclease NOB1	search FASTA description + reference GFF	27.97503752945372
PROT:sp|Q08446|SGT1_YEAST	sp|Q08446|SGT1_YEAST		SGT1	Protein SGT1	0.00035489036	SGT1 — Protein SGT1	search FASTA description + reference GFF	28.591313693331124
PROT:sp|Q08448|LPL1_YEAST	sp|Q08448|LPL1_YEAST		LPL1	Lipid droplet phospholipase 1	0.00035489036	LPL1 — Lipid droplet phospholipase 1	search FASTA description + reference GFF	27.72766080969424
PROT:sp|Q08492|UTP16_YEAST	sp|Q08492|UTP16_YEAST		BUD21	U3 small nucleolar RNA-associated protein 16	0.00035489036	BUD21 — U3 small nucleolar RNA-associated protein 16	search FASTA description + reference GFF	26.28547896367437
PROT:sp|Q08548|ALE1_YEAST	sp|Q08548|ALE1_YEAST		ALE1	Lysophospholipid acyltransferase	0.00035489036	ALE1 — Lysophospholipid acyltransferase	search FASTA description + reference GFF	27.44626424854128
PROT:sp|Q08558|DCI1_YEAST	sp|Q08558|DCI1_YEAST		DCI1	Delta(3,5)-Delta(2,4)-dienoyl-CoA isomerase	0.00035489036	DCI1 — Delta(3,5)-Delta(2,4)-dienoyl-CoA isomerase	search FASTA description + reference GFF	28.195080024121552
PROT:sp|Q08601|MCA1_YEAST	sp|Q08601|MCA1_YEAST		MCA1	Metacaspase-1	0.00035489036	MCA1 — Metacaspase-1	search FASTA description + reference GFF	30.26171783732395
PROT:sp|Q08634|YO238_YEAST	sp|Q08634|YO238_YEAST		YOR238W	Uncharacterized protein YOR238W	0.00042678136	YOR238W — Uncharacterized protein YOR238W	search FASTA description + reference GFF	24.840023535330022
PROT:sp|Q08641|AB140_YEAST	sp|Q08641|AB140_YEAST		ABP140	tRNA(Thr) (cytosine(32)-N(3))-methyltransferase	0.00035489036	ABP140 — tRNA(Thr) (cytosine(32)-N(3))-methyltransferase	search FASTA description + reference GFF	27.46381213723572
PROT:sp|Q08645|FOLE_YEAST	sp|Q08645|FOLE_YEAST		MET7	Folylpolyglutamate synthase	0.00035489036	MET7 — Folylpolyglutamate synthase	search FASTA description + reference GFF	31.125008492707323
PROT:sp|Q08647|PUS7_YEAST	sp|Q08647|PUS7_YEAST		PUS7	Multisubstrate pseudouridine synthase 7	0.00035489036	PUS7 — Multisubstrate pseudouridine synthase 7	search FASTA description + reference GFF	29.31629840598395
PROT:sp|Q08685|CLP1_YEAST	sp|Q08685|CLP1_YEAST		CLP1	mRNA cleavage and polyadenylation factor CLP1	0.00035489036	CLP1 — mRNA cleavage and polyadenylation factor CLP1	search FASTA description + reference GFF	28.075590322921965
PROT:sp|Q08686|THTR_YEAST	sp|Q08686|THTR_YEAST		TUM1	Sulfurtransferase TUM1	0.00035489036	TUM1 — Sulfurtransferase TUM1	search FASTA description + reference GFF	29.481425384461897
PROT:sp|Q08689|NAT5_YEAST	sp|Q08689|NAT5_YEAST		NAT5	N-alpha-acetyltransferase NAT5	0.00035489036	NAT5 — N-alpha-acetyltransferase NAT5	search FASTA description + reference GFF	28.106601371154845
PROT:sp|Q08723|RPN8_YEAST	sp|Q08723|RPN8_YEAST		RPN8	26S proteasome regulatory subunit RPN8	0.00035489036	RPN8 — 26S proteasome regulatory subunit RPN8	search FASTA description + reference GFF	33.91456903116468
PROT:sp|Q08732|HRK1_YEAST	sp|Q08732|HRK1_YEAST		HRK1	Serine/threonine-protein kinase HRK1	0.00035489036	HRK1 — Serine/threonine-protein kinase HRK1	search FASTA description + reference GFF	26.485958610236697
PROT:sp|Q08742|RDL2_YEAST	sp|Q08742|RDL2_YEAST		RDL2	Thiosulfate sulfurtransferase RDL2, mitochondrial	0.00035489036	RDL2 — Thiosulfate sulfurtransferase RDL2, mitochondrial	search FASTA description + reference GFF	32.38071001615027
PROT:sp|Q08746|RRS1_YEAST	sp|Q08746|RRS1_YEAST		RRS1	Regulator of ribosome biosynthesis	0.00035489036	RRS1 — Regulator of ribosome biosynthesis	search FASTA description + reference GFF	27.99748359188044
PROT:sp|Q08816|TFB6_YEAST	sp|Q08816|TFB6_YEAST		TFB6	General transcription and DNA repair factor IIH subunit TFB6	0.00035489036	TFB6 — General transcription and DNA repair factor IIH subunit TFB6	search FASTA description + reference GFF	27.9087813522017
PROT:sp|Q08818|MSC6_YEAST	sp|Q08818|MSC6_YEAST		MSC6	Meiotic sister-chromatid recombination protein 6, mitochondrial	0.00035489036	MSC6 — Meiotic sister-chromatid recombination protein 6, mitochondrial	search FASTA description + reference GFF	30.069464588876645
PROT:sp|Q08822|ETFD_YEAST	sp|Q08822|ETFD_YEAST		CIR2	Probable electron transfer flavoprotein-ubiquinone oxidoreductase, mitochondrial	0.00035489036	CIR2 — Probable electron transfer flavoprotein-ubiquinone oxidoreductase, mitochondrial	search FASTA description + reference GFF	32.044523583395545
PROT:sp|Q08826|SNX3_YEAST	sp|Q08826|SNX3_YEAST		SNX3	Sorting nexin-3	0.00035489036	SNX3 — Sorting nexin-3	search FASTA description + reference GFF	26.97282681974248
PROT:sp|Q08911|FDH1_YEAST	sp|Q08911|FDH1_YEAST		FDH1	Formate dehydrogenase 1	0.00035489036	FDH1 — Formate dehydrogenase 1	search FASTA description + reference GFF	35.6588183227853
PROT:sp|Q08920|NCBP2_YEAST	sp|Q08920|NCBP2_YEAST		CBC2	Nuclear cap-binding protein subunit 2	0.00035489036	CBC2 — Nuclear cap-binding protein subunit 2	search FASTA description + reference GFF	28.212560203276706
PROT:sp|Q08921|TCO89_YEAST	sp|Q08921|TCO89_YEAST		TCO89	Target of rapamycin complex 1 subunit TCO89	0.00035489036	TCO89 — Target of rapamycin complex 1 subunit TCO89	search FASTA description + reference GFF	25.28089436148521
PROT:sp|Q08923|CTI6_YEAST	sp|Q08923|CTI6_YEAST		CTI6	Histone deacetylase complex subunit CTI6	0.00041472685	CTI6 — Histone deacetylase complex subunit CTI6	search FASTA description + reference GFF	24.6693661740177
PROT:sp|Q08924|WDR6_YEAST	sp|Q08924|WDR6_YEAST		RTT10	tRNA (34-2'-O)-methyltransferase regulator RTT10	0.002005088	RTT10 — tRNA (34-2'-O)-methyltransferase regulator RTT10	search FASTA description + reference GFF	26.64469006430664
PROT:sp|Q08925|MRN1_YEAST	sp|Q08925|MRN1_YEAST		MRN1	RNA-binding protein MRN1	0.00035489036	MRN1 — RNA-binding protein MRN1	search FASTA description + reference GFF	26.382843037254197
PROT:sp|Q08926|UIP4_YEAST	sp|Q08926|UIP4_YEAST		UIP4	ULP1-interacting protein 4	0.00035489036	UIP4 — ULP1-interacting protein 4	search FASTA description + reference GFF	31.080979817253244
PROT:sp|Q08951|AP3D_YEAST	sp|Q08951|AP3D_YEAST		APL5	AP-3 complex subunit delta	0.00035489036	APL5 — AP-3 complex subunit delta	search FASTA description + reference GFF	27.20304331468469
PROT:sp|Q08954|NBR9_YEAST	sp|Q08954|NBR9_YEAST		NBR9	Endonuclease NBR9	0.00044531593	NBR9 — Endonuclease NBR9	search FASTA description + reference GFF	28.429265050966755
PROT:sp|Q08959|PGC1_YEAST	sp|Q08959|PGC1_YEAST		PGC1	Phosphatidylglycerol phospholipase C	0.00035489036	PGC1 — Phosphatidylglycerol phospholipase C	search FASTA description + reference GFF	24.42964927721489
PROT:sp|Q08960|TYW1_YEAST	sp|Q08960|TYW1_YEAST		TYW1	S-adenosyl-L-methionine-dependent tRNA 4-demethylwyosine synthase	0.00035489036	TYW1 — S-adenosyl-L-methionine-dependent tRNA 4-demethylwyosine synthase	search FASTA description + reference GFF	26.908546491620555
PROT:sp|Q08962|NIP7_YEAST	sp|Q08962|NIP7_YEAST		NIP7	60S ribosome subunit biogenesis protein NIP7	0.00035489036	NIP7 — 60S ribosome subunit biogenesis protein NIP7	search FASTA description + reference GFF	30.983927571748737
PROT:sp|Q08965|BMS1_YEAST	sp|Q08965|BMS1_YEAST		BMS1	Ribosome biogenesis protein BMS1	0.00035489036	BMS1 — Ribosome biogenesis protein BMS1	search FASTA description + reference GFF	28.22913238203226
PROT:sp|Q08968|SELO_YEAST	sp|Q08968|SELO_YEAST		FMP40	Protein adenylyltransferase SelO, mitochondrial	0.00035489036	FMP40 — Protein adenylyltransferase SelO, mitochondrial	search FASTA description + reference GFF	30.650088314321664
PROT:sp|Q08969|GRE1_YEAST	sp|Q08969|GRE1_YEAST		GRE1	Protein GRE1	0.00035489036	GRE1 — Protein GRE1	search FASTA description + reference GFF	28.42172927963305
PROT:sp|Q08971|YP225_YEAST	sp|Q08971|YP225_YEAST		YPL225W	Protein PBDC1 homolog	0.00035489036	YPL225W — Protein PBDC1 homolog	search FASTA description + reference GFF	34.05900658010192
PROT:sp|Q08972|NEW1_YEAST	sp|Q08972|NEW1_YEAST		NEW1	[NU+] prion formation protein 1	0.00035489036	NEW1 — [NU+] prion formation protein 1	search FASTA description + reference GFF	33.01987739585083
PROT:sp|Q08977|CUB1_YEAST	sp|Q08977|CUB1_YEAST		CUB1	Cu(2+) suppressing and bleomycin sensitive protein 1	0.00035489036	CUB1 — Cu(2+) suppressing and bleomycin sensitive protein 1	search FASTA description + reference GFF	32.85164716247454
PROT:sp|Q08986|SAM3_YEAST	sp|Q08986|SAM3_YEAST		SAM3	S-adenosylmethionine permease SAM3	0.00035489036	SAM3 — S-adenosylmethionine permease SAM3	search FASTA description + reference GFF	24.82019114367889
PROT:sp|Q10740|LKHA4_YEAST	sp|Q10740|LKHA4_YEAST		LAP2	Leucine aminopeptidase 2	0.00035489036	LAP2 — Leucine aminopeptidase 2	search FASTA description + reference GFF	31.46203490894125
PROT:sp|Q12000|TMA46_YEAST	sp|Q12000|TMA46_YEAST		TMA46	Translation machinery-associated protein 46	0.00035489036	TMA46 — Translation machinery-associated protein 46	search FASTA description + reference GFF	29.9206459088166
PROT:sp|Q12008|PMG2_YEAST	sp|Q12008|PMG2_YEAST		GPM2	Phosphoglycerate mutase 2	0.00035489036	GPM2 — Phosphoglycerate mutase 2	search FASTA description + reference GFF	27.29184923176142
PROT:sp|Q12009|TRMB_YEAST	sp|Q12009|TRMB_YEAST		TRM8	tRNA (guanine-N(7)-)-methyltransferase	0.00035489036	TRM8 — tRNA (guanine-N(7)-)-methyltransferase	search FASTA description + reference GFF	29.90703209760933
PROT:sp|Q12012|YO289_YEAST	sp|Q12012|YO289_YEAST		YOR289W	Uncharacterized protein YOR289W	0.00035489036	YOR289W — Uncharacterized protein YOR289W	search FASTA description + reference GFF	30.559690255960472
PROT:sp|Q12017|PLP2_YEAST	sp|Q12017|PLP2_YEAST		PLP2	Phosducin-like protein 2	0.00035489036	PLP2 — Phosducin-like protein 2	search FASTA description + reference GFF	29.787610304127277
PROT:sp|Q12018|CDC53_YEAST	sp|Q12018|CDC53_YEAST		CDC53	Cell division control protein 53	0.00035489036	CDC53 — Cell division control protein 53	search FASTA description + reference GFF	31.65980899506605
PROT:sp|Q12019|MDN1_YEAST	sp|Q12019|MDN1_YEAST		MDN1	Midasin	0.00035489036	MDN1 — Midasin	search FASTA description + reference GFF	27.33253172441837
PROT:sp|Q12024|YTM1_YEAST	sp|Q12024|YTM1_YEAST		YTM1	Ribosome biogenesis protein YTM1	0.00035489036	YTM1 — Ribosome biogenesis protein YTM1	search FASTA description + reference GFF	30.65451100225492
PROT:sp|Q12025|EMC10_YEAST	sp|Q12025|EMC10_YEAST		EMC10	Endoplasmic reticulum membrane protein complex subunit 10	0.00035489036	EMC10 — Endoplasmic reticulum membrane protein complex subunit 10	search FASTA description + reference GFF	22.15204897214666
PROT:sp|Q12028|AP1G1_YEAST	sp|Q12028|AP1G1_YEAST		APL4	AP-1 complex subunit gamma-1	0.0006903761	APL4 — AP-1 complex subunit gamma-1	search FASTA description + reference GFF	27.40664696874432
PROT:sp|Q12029|FSF1_YEAST	sp|Q12029|FSF1_YEAST		FSF1	Sideroflexin FSF1	0.00035489036	FSF1 — Sideroflexin FSF1	search FASTA description + reference GFF	30.87295053640764
PROT:sp|Q12030|TAF10_YEAST	sp|Q12030|TAF10_YEAST		TAF10	SAGA complex/transcription factor TFIID complex subunit TAF10	0.00035489036	TAF10 — SAGA complex/transcription factor TFIID complex subunit TAF10	search FASTA description + reference GFF	26.56602649785095
PROT:sp|Q12031|ACEB_YEAST	sp|Q12031|ACEB_YEAST		ICL2	Mitochondrial 2-methylisocitrate lyase ICL2	0.00035489036	ICL2 — Mitochondrial 2-methylisocitrate lyase ICL2	search FASTA description + reference GFF	33.42797285841712
PROT:sp|Q12032|AIM41_YEAST	sp|Q12032|AIM41_YEAST		AIM41	Altered inheritance of mitochondria protein 41, mitochondrial	0.00035489036	AIM41 — Altered inheritance of mitochondria protein 41, mitochondrial	search FASTA description + reference GFF	32.78999439949449
PROT:sp|Q12034|SLF1_YEAST	sp|Q12034|SLF1_YEAST		SLF1	Protein SLF1	0.00035489036	SLF1 — Protein SLF1	search FASTA description + reference GFF	29.900806715007427
PROT:sp|Q12044|RCN2_YEAST	sp|Q12044|RCN2_YEAST		RCN2	Regulator of calcineurin 2	0.00035489036	RCN2 — Regulator of calcineurin 2	search FASTA description + reference GFF	29.772874052547987
PROT:sp|Q12068|GRE2_YEAST	sp|Q12068|GRE2_YEAST		GRE2	NADPH-dependent methylglyoxal reductase GRE2	0.00035489036	GRE2 — NADPH-dependent methylglyoxal reductase GRE2	search FASTA description + reference GFF	31.751152053807683
PROT:sp|Q12072|IOC2_YEAST	sp|Q12072|IOC2_YEAST		IOC2	ISWI one complex protein 2	0.00035489036	IOC2 — ISWI one complex protein 2	search FASTA description + reference GFF	26.256911453328083
PROT:sp|Q12074|SPEE_YEAST	sp|Q12074|SPEE_YEAST		SPE3	Spermidine synthase SPE3	0.00035489036	SPE3 — Spermidine synthase SPE3	search FASTA description + reference GFF	33.72980727100766
PROT:sp|Q12078|SMF3_YEAST	sp|Q12078|SMF3_YEAST		SMF3	Iron transporter SMF3	0.000970417	SMF3 — Iron transporter SMF3	search FASTA description + reference GFF	25.999044973603176
PROT:sp|Q12080|NOP53_YEAST	sp|Q12080|NOP53_YEAST		NOP53	Ribosome biogenesis protein NOP53	0.00035489036	NOP53 — Ribosome biogenesis protein NOP53	search FASTA description + reference GFF	28.03392012010645
PROT:sp|Q12082|DMO2_YEAST	sp|Q12082|DMO2_YEAST		DMO2	Mitochondrial protein-disulfide reductase DMO2	0.00035489036	DMO2 — Mitochondrial protein-disulfide reductase DMO2	search FASTA description + reference GFF	27.70969828835799
PROT:sp|Q12090|REXO3_YEAST	sp|Q12090|REXO3_YEAST		REX3	RNA exonuclease 3	0.00035489036	REX3 — RNA exonuclease 3	search FASTA description + reference GFF	22.42552440589592
PROT:sp|Q12091|DAP1_YEAST	sp|Q12091|DAP1_YEAST		DAP1	Damage response protein 1	0.00035489036	DAP1 — Damage response protein 1	search FASTA description + reference GFF	29.197636103910977
PROT:sp|Q12094|TSR3_YEAST	sp|Q12094|TSR3_YEAST		TSR3	18S rRNA aminocarboxypropyltransferase	0.0017823877	TSR3 — 18S rRNA aminocarboxypropyltransferase	search FASTA description + reference GFF	25.53061255535584
PROT:sp|Q12109|SYWC_YEAST	sp|Q12109|SYWC_YEAST		WRS1	Tryptophan--tRNA ligase, cytoplasmic	0.00035489036	WRS1 — Tryptophan--tRNA ligase, cytoplasmic	search FASTA description + reference GFF	32.61645209141543
PROT:sp|Q12114|CHS5_YEAST	sp|Q12114|CHS5_YEAST		CHS5	Chitin biosynthesis protein CHS5	0.00035489036	CHS5 — Chitin biosynthesis protein CHS5	search FASTA description + reference GFF	31.683715157503592
PROT:sp|Q12117|MRH1_YEAST	sp|Q12117|MRH1_YEAST		MRH1	Protein MRH1	0.00035489036	MRH1 — Protein MRH1	search FASTA description + reference GFF	31.56466209605316
PROT:sp|Q12118|SGT2_YEAST	sp|Q12118|SGT2_YEAST		SGT2	Small glutamine-rich tetratricopeptide repeat-containing protein 2	0.00035489036	SGT2 — Small glutamine-rich tetratricopeptide repeat-containing protein 2	search FASTA description + reference GFF	35.13993450792746
PROT:sp|Q12122|HOSM_YEAST	sp|Q12122|HOSM_YEAST		LYS21	Homocitrate synthase, mitochondrial	0.00035489036	LYS21 — Homocitrate synthase, mitochondrial	search FASTA description + reference GFF	30.71876799176801
PROT:sp|Q12123|DCS2_YEAST	sp|Q12123|DCS2_YEAST		DCS2	Inactive diphosphatase DCS2	0.00035489036	DCS2 — Inactive diphosphatase DCS2	search FASTA description + reference GFF	32.8474550320541
PROT:sp|Q12125|GET4_YEAST	sp|Q12125|GET4_YEAST		GET4	Golgi to ER traffic protein 4	0.00035489036	GET4 — Golgi to ER traffic protein 4	search FASTA description + reference GFF	27.750180509437214
PROT:sp|Q12127|CCW12_YEAST	sp|Q12127|CCW12_YEAST		CCW12	Covalently-linked cell wall protein 12	0.0003788022	CCW12 — Covalently-linked cell wall protein 12	search FASTA description + reference GFF	23.73757830621433
PROT:sp|Q12133|SPC3_YEAST	sp|Q12133|SPC3_YEAST		SPC3	Signal peptidase complex subunit 3	0.00035489036	SPC3 — Signal peptidase complex subunit 3	search FASTA description + reference GFF	29.157375188997804
PROT:sp|Q12134|HUA2_YEAST	sp|Q12134|HUA2_YEAST		HUA2	Protein HUA2	0.00035489036	HUA2 — Protein HUA2	search FASTA description + reference GFF	25.66256576676719
PROT:sp|Q12136|SAS10_YEAST	sp|Q12136|SAS10_YEAST		SAS10	Something about silencing protein 10	0.00035489036	SAS10 — Something about silencing protein 10	search FASTA description + reference GFF	30.641876855250327
PROT:sp|Q12142|ATG9_YEAST	sp|Q12142|ATG9_YEAST		ATG9	Autophagy-related protein 9	0.00035489036	ATG9 — Autophagy-related protein 9	search FASTA description + reference GFF	22.64778490392828
PROT:sp|Q12149|RRP6_YEAST	sp|Q12149|RRP6_YEAST		RRP6	Exosome complex exonuclease RRP6	0.00035489036	RRP6 — Exosome complex exonuclease RRP6	search FASTA description + reference GFF	27.20435098449561
PROT:sp|Q12154|GET3_YEAST	sp|Q12154|GET3_YEAST		GET3	ATPase GET3	0.00035489036	GET3 — ATPase GET3	search FASTA description + reference GFF	33.22732776520698
PROT:sp|Q12156|AIM7_YEAST	sp|Q12156|AIM7_YEAST		AIM7	Protein AIM7	0.00035489036	AIM7 — Protein AIM7	search FASTA description + reference GFF	27.196508752253724
PROT:sp|Q12159|YRA1_YEAST	sp|Q12159|YRA1_YEAST		YRA1	RNA annealing protein YRA1	0.00035489036	YRA1 — RNA annealing protein YRA1	search FASTA description + reference GFF	33.39868549742151
PROT:sp|Q12160|YP063_YEAST	sp|Q12160|YP063_YEAST		YPR063C	Uncharacterized protein YPR063C	0.00035489036	YPR063C — Uncharacterized protein YPR063C	search FASTA description + reference GFF	30.15610010319269
PROT:sp|Q12161|PSH1_YEAST	sp|Q12161|PSH1_YEAST		PSH1	RING finger protein PSH1	0.00035857677	PSH1 — RING finger protein PSH1	search FASTA description + reference GFF	22.856236877960686
PROT:sp|Q12163|NBP2_YEAST	sp|Q12163|NBP2_YEAST		NBP2	NAP1-binding protein 2	0.00035489036	NBP2 — NAP1-binding protein 2	search FASTA description + reference GFF	26.78469402952869
PROT:sp|Q12164|POM33_YEAST	sp|Q12164|POM33_YEAST		POM33	Pore membrane protein of 33 kDa	0.00038927703	POM33 — Pore membrane protein of 33 kDa	search FASTA description + reference GFF	31.05032377803366
PROT:sp|Q12165|ATPD_YEAST	sp|Q12165|ATPD_YEAST		ATP16	ATP synthase subunit delta, mitochondrial	0.00035489036	ATP16 — ATP synthase subunit delta, mitochondrial	search FASTA description + reference GFF	32.21233771582369
PROT:sp|Q12166|LEU9_YEAST	sp|Q12166|LEU9_YEAST		LEU9	2-isopropylmalate synthase 2, mitochondrial	0.00035489036	LEU9 — 2-isopropylmalate synthase 2, mitochondrial	search FASTA description + reference GFF	28.720781391033796
PROT:sp|Q12168|ENG2_YEAST	sp|Q12168|ENG2_YEAST		ACF2	Glucan endo-1,3-beta-D-glucosidase 2	0.00035489036	ACF2 — Glucan endo-1,3-beta-D-glucosidase 2	search FASTA description + reference GFF	26.41019245678
PROT:sp|Q12176|MAK21_YEAST	sp|Q12176|MAK21_YEAST		MAK21	Ribosome biogenesis protein MAK21	0.00035489036	MAK21 — Ribosome biogenesis protein MAK21	search FASTA description + reference GFF	29.42567868710681
PROT:sp|Q12178|FCY1_YEAST	sp|Q12178|FCY1_YEAST		FCY1	Cytosine deaminase	0.00035489036	FCY1 — Cytosine deaminase	search FASTA description + reference GFF	29.576316361425807
PROT:sp|Q12181|NDOR1_YEAST	sp|Q12181|NDOR1_YEAST		TAH18	NADPH-dependent diflavin oxidoreductase 1	0.00035489036	TAH18 — NADPH-dependent diflavin oxidoreductase 1	search FASTA description + reference GFF	26.77733817745457
PROT:sp|Q12184|ADRX_YEAST	sp|Q12184|ADRX_YEAST		YAH1	Adrenodoxin homolog, mitochondrial	0.00035489036	YAH1 — Adrenodoxin homolog, mitochondrial	search FASTA description + reference GFF	29.26776489086238
PROT:sp|Q12189|RPIA_YEAST	sp|Q12189|RPIA_YEAST		RKI1	Ribose-5-phosphate isomerase	0.00035489036	RKI1 — Ribose-5-phosphate isomerase	search FASTA description + reference GFF	31.33937334029291
PROT:sp|Q12191|BUG1_YEAST	sp|Q12191|BUG1_YEAST		BUG1	Binder of USO1 and GRH1 protein 1	0.00035489036	BUG1 — Binder of USO1 and GRH1 protein 1	search FASTA description + reference GFF	26.492544291718303
PROT:sp|Q12196|RIO1_YEAST	sp|Q12196|RIO1_YEAST		RIO1	Serine/threonine-protein kinase RIO1	0.0018323842	RIO1 — Serine/threonine-protein kinase RIO1	search FASTA description + reference GFF	24.502239442357148
PROT:sp|Q12206|WTM2_YEAST	sp|Q12206|WTM2_YEAST		WTM2	Transcriptional modulator WTM2	0.00035489036	WTM2 — Transcriptional modulator WTM2	search FASTA description + reference GFF	27.52047628684273
PROT:sp|Q12207|NCE2_YEAST	sp|Q12207|NCE2_YEAST		NCE102	Non-classical export protein 2	0.00042362977	NCE102 — Non-classical export protein 2	search FASTA description + reference GFF	34.65505681247906
PROT:sp|Q12211|PUS1_YEAST	sp|Q12211|PUS1_YEAST		PUS1	tRNA pseudouridine synthase 1	0.00035489036	PUS1 — tRNA pseudouridine synthase 1	search FASTA description + reference GFF	30.30012941065282
PROT:sp|Q12213|RL7B_YEAST	sp|Q12213|RL7B_YEAST		RPL7B	Large ribosomal subunit protein uL30B	0.00035489036	RPL7B — Large ribosomal subunit protein uL30B	search FASTA description + reference GFF	31.96664650664763
PROT:sp|Q12220|UTP12_YEAST	sp|Q12220|UTP12_YEAST		DIP2	U3 small nucleolar RNA-associated protein 12	0.00035490296	DIP2 — U3 small nucleolar RNA-associated protein 12	search FASTA description + reference GFF	27.47709309217936
PROT:sp|Q12229|UBX3_YEAST	sp|Q12229|UBX3_YEAST		UBX3	UBX domain-containing protein 3	0.00035489036	UBX3 — UBX domain-containing protein 3	search FASTA description + reference GFF	28.710363818612382
PROT:sp|Q12230|LSP1_YEAST	sp|Q12230|LSP1_YEAST		LSP1	Sphingolipid long chain base-responsive protein LSP1	0.00035489036	LSP1 — Sphingolipid long chain base-responsive protein LSP1	search FASTA description + reference GFF	36.67894716362303
PROT:sp|Q12233|ATPN_YEAST	sp|Q12233|ATPN_YEAST		ATP20	ATP synthase subunit g, mitochondrial	0.00035489036	ATP20 — ATP synthase subunit g, mitochondrial	search FASTA description + reference GFF	33.24248721826637
PROT:sp|Q12234|RUD3_YEAST	sp|Q12234|RUD3_YEAST		RUD3	GRIP domain-containing protein RUD3	0.00035489036	RUD3 — GRIP domain-containing protein RUD3	search FASTA description + reference GFF	27.391070153780824
PROT:sp|Q12236|PKH2_YEAST	sp|Q12236|PKH2_YEAST		PKH2	Serine/threonine-protein kinase PKH2	0.000519261	PKH2 — Serine/threonine-protein kinase PKH2	search FASTA description + reference GFF	26.044664386449277
PROT:sp|Q12242|RUP1_YEAST	sp|Q12242|RUP1_YEAST		RUP1	UBA domain-containing protein RUP1	0.00035489036	RUP1 — UBA domain-containing protein RUP1	search FASTA description + reference GFF	27.988329435419107
PROT:sp|Q12246|LCB4_YEAST	sp|Q12246|LCB4_YEAST		LCB4	Sphingoid long chain base kinase 4	0.00035489036	LCB4 — Sphingoid long chain base kinase 4	search FASTA description + reference GFF	26.787592129602853
PROT:sp|Q12250|RPN5_YEAST	sp|Q12250|RPN5_YEAST		RPN5	26S proteasome regulatory subunit RPN5	0.00035489036	RPN5 — 26S proteasome regulatory subunit RPN5	search FASTA description + reference GFF	33.62605806519704
PROT:sp|Q12252|PHM7_YEAST	sp|Q12252|PHM7_YEAST		PHM7	Phosphate metabolism protein 7	0.00035489036	PHM7 — Phosphate metabolism protein 7	search FASTA description + reference GFF	24.19871657298137
PROT:sp|Q12255|NYV1_YEAST	sp|Q12255|NYV1_YEAST		NYV1	Vacuolar v-SNARE NYV1	0.00035489036	NYV1 — Vacuolar v-SNARE NYV1	search FASTA description + reference GFF	29.236970661705246
PROT:sp|Q12263|GIN4_YEAST	sp|Q12263|GIN4_YEAST		GIN4	Serine/threonine-protein kinase GIN4	0.00035489036	GIN4 — Serine/threonine-protein kinase GIN4	search FASTA description + reference GFF	28.7262483653533
PROT:sp|Q12265|KPR5_YEAST	sp|Q12265|KPR5_YEAST		PRS5	Ribose-phosphate pyrophosphokinase 5	0.00035489036	PRS5 — Ribose-phosphate pyrophosphokinase 5	search FASTA description + reference GFF	31.970999971984263
PROT:sp|Q12270|RBD2_YEAST	sp|Q12270|RBD2_YEAST		RBD2	Rhomboid-type serine protease 2	0.00035489036	RBD2 — Rhomboid-type serine protease 2	search FASTA description + reference GFF	28.65121178915557
PROT:sp|Q12271|INP53_YEAST	sp|Q12271|INP53_YEAST		INP53	Polyphosphatidylinositol phosphatase INP53	0.00035489036	INP53 — Polyphosphatidylinositol phosphatase INP53	search FASTA description + reference GFF	25.88172530639915
PROT:sp|Q12276|HER1_YEAST	sp|Q12276|HER1_YEAST		HER1	HMG2-induced ER-remodeling protein 1	0.00035489036	HER1 — HMG2-induced ER-remodeling protein 1	search FASTA description + reference GFF	27.93305016187732
PROT:sp|Q12277|RRP42_YEAST	sp|Q12277|RRP42_YEAST		RRP42	Exosome complex component RRP42	0.00035548734	RRP42 — Exosome complex component RRP42	search FASTA description + reference GFF	27.59752188544181
PROT:sp|Q12284|ERV2_YEAST	sp|Q12284|ERV2_YEAST		ERV2	FAD-linked sulfhydryl oxidase ERV2	0.00035489036	ERV2 — FAD-linked sulfhydryl oxidase ERV2	search FASTA description + reference GFF	26.602274378358462
PROT:sp|Q12285|MDY2_YEAST	sp|Q12285|MDY2_YEAST		MDY2	Ubiquitin-like protein MDY2	0.00035489036	MDY2 — Ubiquitin-like protein MDY2	search FASTA description + reference GFF	30.998725783082755
PROT:sp|Q12289|CRC1_YEAST	sp|Q12289|CRC1_YEAST		CRC1	Mitochondrial carnitine carrier	0.00035489036	CRC1 — Mitochondrial carnitine carrier	search FASTA description + reference GFF	31.529093852306133
PROT:sp|Q12298|YD061_YEAST	sp|Q12298|YD061_YEAST		YDR061W	Uncharacterized ABC transporter ATP-binding protein YDR061W	0.00035489036	YDR061W — Uncharacterized ABC transporter ATP-binding protein YDR061W	search FASTA description + reference GFF	30.01420209217974
PROT:sp|Q12305|RDL1_YEAST	sp|Q12305|RDL1_YEAST		RDL1	Thiosulfate:glutathione sulfurtransferase	0.00035489036	RDL1 — Thiosulfate:glutathione sulfurtransferase	search FASTA description + reference GFF	34.34409642491546
PROT:sp|Q12306|SUMO_YEAST	sp|Q12306|SUMO_YEAST		SMT3	Small ubiquitin-related modifier	0.00035489036	SMT3 — Small ubiquitin-related modifier	search FASTA description + reference GFF	32.36839749964085
PROT:sp|Q12314|SFM1_YEAST	sp|Q12314|SFM1_YEAST		SFM1	Protein arginine N-methyltransferase SFM1	0.00035489036	SFM1 — Protein arginine N-methyltransferase SFM1	search FASTA description + reference GFF	32.727557083180635
PROT:sp|Q12320|GLO4_YEAST	sp|Q12320|GLO4_YEAST		GLO4	Hydroxyacylglutathione hydrolase, mitochondrial	0.00047291914	GLO4 — Hydroxyacylglutathione hydrolase, mitochondrial	search FASTA description + reference GFF	26.09641037252042
PROT:sp|Q12321|MED1_YEAST	sp|Q12321|MED1_YEAST		MED1	Mediator of RNA polymerase II transcription subunit 1	0.00035489036	MED1 — Mediator of RNA polymerase II transcription subunit 1	search FASTA description + reference GFF	25.53609243127444
PROT:sp|Q12324|YVC1_YEAST	sp|Q12324|YVC1_YEAST		YVC1	Calcium channel YVC1	0.00035489036	YVC1 — Calcium channel YVC1	search FASTA description + reference GFF	28.12896311724064
PROT:sp|Q12326|PMG3_YEAST	sp|Q12326|PMG3_YEAST		GPM3	Phosphoglycerate mutase 3	0.0005717225	GPM3 — Phosphoglycerate mutase 3	search FASTA description + reference GFF	27.34143947559267
PROT:sp|Q12329|HSP42_YEAST	sp|Q12329|HSP42_YEAST		HSP42	Heat shock protein 42	0.00035489036	HSP42 — Heat shock protein 42	search FASTA description + reference GFF	34.332197222652056
PROT:sp|Q12331|YFAS1_YEAST	sp|Q12331|YFAS1_YEAST		YDR262W	FAS1 domain-containing protein YDR262W	0.00035489036	YDR262W — FAS1 domain-containing protein YDR262W	search FASTA description + reference GFF	27.72369716530888
PROT:sp|Q12335|PST2_YEAST	sp|Q12335|PST2_YEAST		PST2	Protoplast secreted protein 2	0.00035489036	PST2 — Protoplast secreted protein 2	search FASTA description + reference GFF	35.00785472430141
PROT:sp|Q12339|UTP23_YEAST	sp|Q12339|UTP23_YEAST		UTP23	rRNA-processing protein UTP23	0.00035489036	UTP23 — rRNA-processing protein UTP23	search FASTA description + reference GFF	27.330079206153968
PROT:sp|Q12341|HAT1_YEAST	sp|Q12341|HAT1_YEAST		HAT1	Histone acetyltransferase type B catalytic subunit	0.00035489036	HAT1 — Histone acetyltransferase type B catalytic subunit	search FASTA description + reference GFF	27.50986742408313
PROT:sp|Q12349|ATP14_YEAST	sp|Q12349|ATP14_YEAST		ATP14	ATP synthase subunit H, mitochondrial	0.00035489036	ATP14 — ATP synthase subunit H, mitochondrial	search FASTA description + reference GFF	24.85736355295048
PROT:sp|Q12354|APTH1_YEAST	sp|Q12354|APTH1_YEAST		YLR118C	Acyl-protein thioesterase 1	0.00035489036	YLR118C — Acyl-protein thioesterase 1	search FASTA description + reference GFF	28.942106971514136
PROT:sp|Q12355|PST1_YEAST	sp|Q12355|PST1_YEAST		PST1	Cell wall mannoprotein PST1	0.00035489036	PST1 — Cell wall mannoprotein PST1	search FASTA description + reference GFF	29.91668772914633
PROT:sp|Q12362|RIB2_YEAST	sp|Q12362|RIB2_YEAST		RIB2	Bifunctional protein RIB2	0.00035489036	RIB2 — Bifunctional protein RIB2	search FASTA description + reference GFF	25.865213313468644
PROT:sp|Q12363|WTM1_YEAST	sp|Q12363|WTM1_YEAST		WTM1	Transcriptional modulator WTM1	0.00035489036	WTM1 — Transcriptional modulator WTM1	search FASTA description + reference GFF	35.907142151182754
PROT:sp|Q12373|HIF1_YEAST	sp|Q12373|HIF1_YEAST		HIF1	HAT1-interacting factor 1	0.00035489036	HIF1 — HAT1-interacting factor 1	search FASTA description + reference GFF	29.14867375346429
PROT:sp|Q12374|NCA2_YEAST	sp|Q12374|NCA2_YEAST		NCA2	Nuclear control of ATPase protein 2	0.00035489036	NCA2 — Nuclear control of ATPase protein 2	search FASTA description + reference GFF	28.62510747266084
PROT:sp|Q12377|RPN6_YEAST	sp|Q12377|RPN6_YEAST		RPN6	26S proteasome regulatory subunit RPN6	0.00035489036	RPN6 — 26S proteasome regulatory subunit RPN6	search FASTA description + reference GFF	33.39500656974292
PROT:sp|Q12386|ARP8_YEAST	sp|Q12386|ARP8_YEAST		ARP8	Actin-like protein ARP8	0.00035489036	ARP8 — Actin-like protein ARP8	search FASTA description + reference GFF	29.03024278544764
PROT:sp|Q12387|NAA25_YEAST	sp|Q12387|NAA25_YEAST		MDM20	N-terminal acetyltransferase B complex subunit MDM20	0.00035489036	MDM20 — N-terminal acetyltransferase B complex subunit MDM20	search FASTA description + reference GFF	25.021613396194983
PROT:sp|Q12389|DBP10_YEAST	sp|Q12389|DBP10_YEAST		DBP10	ATP-dependent RNA helicase DBP10	0.00035489036	DBP10 — ATP-dependent RNA helicase DBP10	search FASTA description + reference GFF	28.55493187954465
PROT:sp|Q12390|GST2_YEAST	sp|Q12390|GST2_YEAST		GTT2	Glutathione S-transferase 2	0.00035489036	GTT2 — Glutathione S-transferase 2	search FASTA description + reference GFF	26.65956635487902
PROT:sp|Q12396|EMP46_YEAST	sp|Q12396|EMP46_YEAST		EMP46	Protein EMP46	0.00035489036	EMP46 — Protein EMP46	search FASTA description + reference GFF	28.811782805894744
PROT:sp|Q12400|TRM10_YEAST	sp|Q12400|TRM10_YEAST		TRM10	tRNA (guanine(9)-N1)-methyltransferase	0.004195904	TRM10 — tRNA (guanine(9)-N1)-methyltransferase	search FASTA description + reference GFF	25.36331696805554
PROT:sp|Q12402|YOP1_YEAST	sp|Q12402|YOP1_YEAST		YOP1	Protein YOP1	0.00035489036	YOP1 — Protein YOP1	search FASTA description + reference GFF	32.57228121335225
PROT:sp|Q12404|MPD1_YEAST	sp|Q12404|MPD1_YEAST		MPD1	Protein disulfide-isomerase MPD1	0.00035796757	MPD1 — Protein disulfide-isomerase MPD1	search FASTA description + reference GFF	26.00826527083767
PROT:sp|Q12405|LPX1_YEAST	sp|Q12405|LPX1_YEAST		LPX1	Peroxisomal membrane protein LPX1	0.00035489036	LPX1 — Peroxisomal membrane protein LPX1	search FASTA description + reference GFF	27.29205789072681
PROT:sp|Q12406|ARP7_YEAST	sp|Q12406|ARP7_YEAST		ARP7	Actin-related protein 7	0.00035489036	ARP7 — Actin-related protein 7	search FASTA description + reference GFF	29.31538638190781
PROT:sp|Q12408|NPC2_YEAST	sp|Q12408|NPC2_YEAST		NPC2	Phosphatidylglycerol/phosphatidylinositol transfer protein	0.00035489036	NPC2 — Phosphatidylglycerol/phosphatidylinositol transfer protein	search FASTA description + reference GFF	31.52383603261148
PROT:sp|Q12425|ISA2_YEAST	sp|Q12425|ISA2_YEAST		ISA2	Iron-sulfur assembly protein 2	0.00035489036	ISA2 — Iron-sulfur assembly protein 2	search FASTA description + reference GFF	26.24336366531911
PROT:sp|Q12428|PRPD_YEAST	sp|Q12428|PRPD_YEAST		PDH1	Probable 2-methylcitrate dehydratase	0.00035489036	PDH1 — Probable 2-methylcitrate dehydratase	search FASTA description + reference GFF	34.168348006965786
PROT:sp|Q12434|GDIR_YEAST	sp|Q12434|GDIR_YEAST		RDI1	Rho GDP-dissociation inhibitor	0.00035489036	RDI1 — Rho GDP-dissociation inhibitor	search FASTA description + reference GFF	32.142969256024095
PROT:sp|Q12443|RTN2_YEAST	sp|Q12443|RTN2_YEAST		RTN2	Reticulon-like protein 2	0.00035489036	RTN2 — Reticulon-like protein 2	search FASTA description + reference GFF	32.64243570257481
PROT:sp|Q12445|POM34_YEAST	sp|Q12445|POM34_YEAST		POM34	Nucleoporin POM34	0.00035489036	POM34 — Nucleoporin POM34	search FASTA description + reference GFF	27.244879166654307
PROT:sp|Q12446|LAS17_YEAST	sp|Q12446|LAS17_YEAST		LAS17	Proline-rich protein LAS17	0.00035489036	LAS17 — Proline-rich protein LAS17	search FASTA description + reference GFF	26.863874191691824
PROT:sp|Q12447|PAA1_YEAST	sp|Q12447|PAA1_YEAST		PAA1	Polyamine N-acetyltransferase 1	0.00035489036	PAA1 — Polyamine N-acetyltransferase 1	search FASTA description + reference GFF	34.11484314992993
PROT:sp|Q12449|AHA1_YEAST	sp|Q12449|AHA1_YEAST		AHA1	Hsp90 co-chaperone AHA1	0.00035489036	AHA1 — Hsp90 co-chaperone AHA1	search FASTA description + reference GFF	35.05749389625082
PROT:sp|Q12451|OSH2_YEAST	sp|Q12451|OSH2_YEAST		OSH2	Oxysterol-binding protein homolog 2	0.00035489036	OSH2 — Oxysterol-binding protein homolog 2	search FASTA description + reference GFF	24.338142486778285
PROT:sp|Q12452|ERG27_YEAST	sp|Q12452|ERG27_YEAST		ERG27	3-keto-steroid reductase ERG27	0.00035489036	ERG27 — 3-keto-steroid reductase ERG27	search FASTA description + reference GFF	29.462512669626303
PROT:sp|Q12453|CEX1_YEAST	sp|Q12453|CEX1_YEAST		CEX1	Cytoplasmic export protein 1	0.00035489036	CEX1 — Cytoplasmic export protein 1	search FASTA description + reference GFF	27.49335894952654
PROT:sp|Q12455|SPSY_YEAST	sp|Q12455|SPSY_YEAST		SPE4	Spermine synthase SPE4	0.00035489036	SPE4 — Spermine synthase SPE4	search FASTA description + reference GFF	27.916952570637125
PROT:sp|Q12458|YPR1_YEAST	sp|Q12458|YPR1_YEAST		YPR1	Aldehyde reductase YPR1	0.00035489036	YPR1 — Aldehyde reductase YPR1	search FASTA description + reference GFF	33.29223952134093
PROT:sp|Q12460|NOP56_YEAST	sp|Q12460|NOP56_YEAST		NOP56	Nucleolar protein 56	0.00035489036	NOP56 — Nucleolar protein 56	search FASTA description + reference GFF	34.37487667443458
PROT:sp|Q12462|PEX11_YEAST	sp|Q12462|PEX11_YEAST		PEX11	Peroxisomal membrane protein PMP27	0.00035489036	PEX11 — Peroxisomal membrane protein PMP27	search FASTA description + reference GFF	26.92519065583293
PROT:sp|Q12464|RUVB2_YEAST	sp|Q12464|RUVB2_YEAST		RVB2	RuvB-like protein 2	0.00035489036	RVB2 — RuvB-like protein 2	search FASTA description + reference GFF	32.22627977075754
PROT:sp|Q12466|TCB1_YEAST	sp|Q12466|TCB1_YEAST		TCB1	Tricalbin-1	0.00035489036	TCB1 — Tricalbin-1	search FASTA description + reference GFF	28.995488513830804
PROT:sp|Q12480|ETFA_YEAST	sp|Q12480|ETFA_YEAST		AIM45	Electron transfer flavoprotein subunit alpha, mitochondrial	0.00035489036	AIM45 — Electron transfer flavoprotein subunit alpha, mitochondrial	search FASTA description + reference GFF	32.64845157009315
PROT:sp|Q12482|AGC1_YEAST	sp|Q12482|AGC1_YEAST		AGC1	Mitochondrial aspartate-glutamate transporter AGC1	0.00035489036	AGC1 — Mitochondrial aspartate-glutamate transporter AGC1	search FASTA description + reference GFF	25.611130819924732
PROT:sp|Q12486|YOR31_YEAST	sp|Q12486|YOR31_YEAST		YOR131C	Uncharacterized hydrolase YOR131C	0.00035489036	YOR131C — Uncharacterized hydrolase YOR131C	search FASTA description + reference GFF	29.9925817258527
PROT:sp|Q12487|RM23_YEAST	sp|Q12487|RM23_YEAST		MRPL23	Large ribosomal subunit protein uL13m	0.00035489036	MRPL23 — Large ribosomal subunit protein uL13m	search FASTA description + reference GFF	30.021556154359757
PROT:sp|Q12494|KCS1_YEAST	sp|Q12494|KCS1_YEAST		KCS1	Inositol hexakisphosphate kinase 1	0.00045248563	KCS1 — Inositol hexakisphosphate kinase 1	search FASTA description + reference GFF	25.22427583883207
PROT:sp|Q12496|YO098_YEAST	sp|Q12496|YO098_YEAST		YOL098C	Uncharacterized protein YOL098C	0.00035489036	YOL098C — Uncharacterized protein YOL098C	search FASTA description + reference GFF	30.32035454304056
PROT:sp|Q12497|FMP16_YEAST	sp|Q12497|FMP16_YEAST		FMP16	Protein FMP16, mitochondrial	0.00035489036	FMP16 — Protein FMP16, mitochondrial	search FASTA description + reference GFF	26.33923282232394
PROT:sp|Q12499|NOP58_YEAST	sp|Q12499|NOP58_YEAST		NOP58	Nucleolar protein 58	0.00035489036	NOP58 — Nucleolar protein 58	search FASTA description + reference GFF	33.568308904354446
PROT:sp|Q12500|AVL9_YEAST	sp|Q12500|AVL9_YEAST		AVL9	Late secretory pathway protein AVL9	0.00035489036	AVL9 — Late secretory pathway protein AVL9	search FASTA description + reference GFF	27.668659362409485
PROT:sp|Q12509|ARP6_YEAST	sp|Q12509|ARP6_YEAST		ARP6	Actin-like protein ARP6	0.00035489036	ARP6 — Actin-like protein ARP6	search FASTA description + reference GFF	23.51073009957924
PROT:sp|Q12512|ZPS1_YEAST	sp|Q12512|ZPS1_YEAST		ZPS1	Protein ZPS1	0.00035489036	ZPS1 — Protein ZPS1	search FASTA description + reference GFF	28.258562390818213
PROT:sp|Q12513|TMA17_YEAST	sp|Q12513|TMA17_YEAST		TMA17	Translation machinery-associated protein 17	0.00035489036	TMA17 — Translation machinery-associated protein 17	search FASTA description + reference GFF	32.52975574412913
PROT:sp|Q12514|NOT5_YEAST	sp|Q12514|NOT5_YEAST		NOT5	General negative regulator of transcription subunit 5	0.00035489036	NOT5 — General negative regulator of transcription subunit 5	search FASTA description + reference GFF	28.400463190126743
PROT:sp|Q12515|PAR32_YEAST	sp|Q12515|PAR32_YEAST		PAR32	Protein PAR32	0.00035489036	PAR32 — Protein PAR32	search FASTA description + reference GFF	29.587931044443387
PROT:sp|Q12517|DCP1_YEAST	sp|Q12517|DCP1_YEAST		DCP1	mRNA-decapping enzyme subunit 1	0.00035489036	DCP1 — mRNA-decapping enzyme subunit 1	search FASTA description + reference GFF	29.09160327292057
PROT:sp|Q12518|ENT1_YEAST	sp|Q12518|ENT1_YEAST		ENT1	Epsin-1	0.00035489036	ENT1 — Epsin-1	search FASTA description + reference GFF	30.23474784066873
PROT:sp|Q12524|PCD1_YEAST	sp|Q12524|PCD1_YEAST		PCD1	Peroxisomal coenzyme A diphosphatase 1, peroxisomal	0.00035489036	PCD1 — Peroxisomal coenzyme A diphosphatase 1, peroxisomal	search FASTA description + reference GFF	28.394038391402184
PROT:sp|Q12525|MHT1_YEAST	sp|Q12525|MHT1_YEAST		MHT1	Homocysteine S-methyltransferase 1	0.00035489036	MHT1 — Homocysteine S-methyltransferase 1	search FASTA description + reference GFF	27.518802628702552
PROT:sp|Q12532|RQC2_YEAST	sp|Q12532|RQC2_YEAST		RQC2	Ribosome quality control complex subunit 2	0.00035489036	RQC2 — Ribosome quality control complex subunit 2	search FASTA description + reference GFF	28.63330298051032
PROT:sp|Q12676|FOLD_YEAST	sp|Q12676|FOLD_YEAST		FOL3	Dihydrofolate synthetase	0.00035489036	FOL3 — Dihydrofolate synthetase	search FASTA description + reference GFF	27.074776681974672
PROT:sp|Q12680|GLT1_YEAST	sp|Q12680|GLT1_YEAST		GLT1	Glutamate synthase	0.00035489036	GLT1 — Glutamate synthase	search FASTA description + reference GFF	33.32685240962341
PROT:sp|Q12690|RL13A_YEAST	sp|Q12690|RL13A_YEAST		RPL13A	Large ribosomal subunit protein eL13A	0.00035489036	RPL13A — Large ribosomal subunit protein eL13A	search FASTA description + reference GFF	30.35789304610584
PROT:sp|Q12692|H2AZ_YEAST	sp|Q12692|H2AZ_YEAST		HTZ1	Histone H2A.Z	0.00035489036	HTZ1 — Histone H2A.Z	search FASTA description + reference GFF	29.531416581007456
PROT:sp|Q12745|SEC39_YEAST	sp|Q12745|SEC39_YEAST		SEC39	Protein transport protein SEC39	0.00035489036	SEC39 — Protein transport protein SEC39	search FASTA description + reference GFF	27.490872402205987
PROT:sp|Q12746|PGA3_YEAST	sp|Q12746|PGA3_YEAST		PGA3	Plasma membrane-associated coenzyme Q6 reductase PGA3	0.00035489036	PGA3 — Plasma membrane-associated coenzyme Q6 reductase PGA3	search FASTA description + reference GFF	29.367666061379065
PROT:sp|Q12754|RRP12_YEAST	sp|Q12754|RRP12_YEAST		RRP12	Ribosomal RNA-processing protein 12	0.00035489036	RRP12 — Ribosomal RNA-processing protein 12	search FASTA description + reference GFF	29.851114276516235
PROT:sp|Q2V2P4|ATG44_YEAST	sp|Q2V2P4|ATG44_YEAST		ATG44	Mitofissin	0.00035489036	ATG44 — Mitofissin	search FASTA description + reference GFF	28.915944605853937
PROT:sp|Q3E6R5|YD381_YEAST	sp|Q3E6R5|YD381_YEAST		YDR381C-A	Uncharacterized mitochondrial outer membrane protein YDR381C-A	0.00035489036	YDR381C-A — Uncharacterized mitochondrial outer membrane protein YDR381C-A	search FASTA description + reference GFF	27.93233486881268
PROT:sp|Q3E756|YB029_YEAST	sp|Q3E756|YB029_YEAST		YBL029C-A	UPF0768 protein YBL029C-A	0.00035489036	YBL029C-A — UPF0768 protein YBL029C-A	search FASTA description + reference GFF	27.36728842512657
PROT:sp|Q3E764|TMA7_YEAST	sp|Q3E764|TMA7_YEAST		TMA7	Translation machinery-associated protein 7	0.00035489036	TMA7 — Translation machinery-associated protein 7	search FASTA description + reference GFF	32.944154274770995
PROT:sp|Q3E772|LSO2_YEAST	sp|Q3E772|LSO2_YEAST		LSO2	Protein LSO2	0.00035489036	LSO2 — Protein LSO2	search FASTA description + reference GFF	30.85760802898472
PROT:sp|Q3E776|YB255_YEAST	sp|Q3E776|YB255_YEAST		YBR255C-A	Uncharacterized protein YBR255C-A	0.00035489036	YBR255C-A — Uncharacterized protein YBR255C-A	search FASTA description + reference GFF	28.328539521704943
PROT:sp|Q3E785|SDHF1_YEAST	sp|Q3E785|SDHF1_YEAST		SDH6	Succinate dehydrogenase assembly factor 1, mitochondrial	0.00035489036	SDH6 — Succinate dehydrogenase assembly factor 1, mitochondrial	search FASTA description + reference GFF	29.68156945460353
PROT:sp|Q3E792|RS25A_YEAST	sp|Q3E792|RS25A_YEAST		RPS25A	Small ribosomal subunit protein eS25A	0.00035489036	RPS25A — Small ribosomal subunit protein eS25A	search FASTA description + reference GFF	33.383506926451446
PROT:sp|Q3E7A3|YJ133_YEAST	sp|Q3E7A3|YJ133_YEAST		YJL133C-A	Uncharacterized protein YJL133C-A	0.00035489036	YJL133C-A — Uncharacterized protein YJL133C-A	search FASTA description + reference GFF	28.940581680964247
PROT:sp|Q3E7A4|COXM2_YEAST	sp|Q3E7A4|COXM2_YEAST		CMC2	COX assembly mitochondrial protein 2	0.0003817549	CMC2 — COX assembly mitochondrial protein 2	search FASTA description + reference GFF	28.433147979495956
PROT:sp|Q3E7B2|COA3_YEAST	sp|Q3E7B2|COA3_YEAST		COA3	Cytochrome c oxidase assembly factor 3, mitochondrial	0.00035489036	COA3 — Cytochrome c oxidase assembly factor 3, mitochondrial	search FASTA description + reference GFF	27.757090989787702
PROT:sp|Q3E7B7|YD85C_YEAST	sp|Q3E7B7|YD85C_YEAST		YDL085C-A	SERF-like protein YDL085C-A	0.00035489036	YDL085C-A — SERF-like protein YDL085C-A	search FASTA description + reference GFF	28.300385135537464
PROT:sp|Q3E7X9|RS28A_YEAST	sp|Q3E7X9|RS28A_YEAST		RPS28A	Small ribosomal subunit protein eS28A	0.00035489036	RPS28A — Small ribosomal subunit protein eS28A	search FASTA description + reference GFF	30.72953349387025
PROT:sp|Q3E824|YO020_YEAST	sp|Q3E824|YO020_YEAST		YOR020W-A	Uncharacterized protein YOR020W-A	0.00035489036	YOR020W-A — Uncharacterized protein YOR020W-A	search FASTA description + reference GFF	28.904705698931583
PROT:sp|Q3E830|EGO2_YEAST	sp|Q3E830|EGO2_YEAST		EGO2	Protein EGO2	0.00035489036	EGO2 — Protein EGO2	search FASTA description + reference GFF	25.141783808484654
PROT:sp|Q3E841|YN034_YEAST	sp|Q3E841|YN034_YEAST		YNR034W-A	Uncharacterized protein YNR034W-A	0.00035489036	YNR034W-A — Uncharacterized protein YNR034W-A	search FASTA description + reference GFF	32.48229107125587
PROT:sp|Q3E846|COA6_YEAST	sp|Q3E846|COA6_YEAST		COA6	Cytochrome c oxidase assembly factor 6	0.00035489036	COA6 — Cytochrome c oxidase assembly factor 6	search FASTA description + reference GFF	28.810588074113834
PROT:sp|Q6Q547|NOP10_YEAST	sp|Q6Q547|NOP10_YEAST		NOP10	H/ACA ribonucleoprotein complex subunit NOP10	0.00035489036	NOP10 — H/ACA ribonucleoprotein complex subunit NOP10	search FASTA description + reference GFF	32.71019900889279
PROT:sp|Q6Q560|ISD11_YEAST	sp|Q6Q560|ISD11_YEAST		ISD11	Protein ISD11	0.00035489036	ISD11 — Protein ISD11	search FASTA description + reference GFF	29.9704561832132
PROT:sp|Q6WNK7|SUS1_YEAST	sp|Q6WNK7|SUS1_YEAST		SUS1	SAGA complex subunit SUS1	0.00035489036	SUS1 — SAGA complex subunit SUS1	search FASTA description + reference GFF	27.21301273335932
PROT:sp|Q86ZR7|YKD3A_YEAST	sp|Q86ZR7|YKD3A_YEAST		YKL033W-A	Probable pseudouridine-5'-phosphatase YKL033W-A	0.00035489036	YKL033W-A — Probable pseudouridine-5'-phosphatase YKL033W-A	search FASTA description + reference GFF	29.5750057964372
PROT:sp|Q8J0M4|YCB2_YEAST	sp|Q8J0M4|YCB2_YEAST		YCL012C	UPF0357 protein YCL012C	0.00041913814	YCL012C — UPF0357 protein YCL012C	search FASTA description + reference GFF	26.217588615188397
PROT:sp|Q92317|NCB2_YEAST	sp|Q92317|NCB2_YEAST		NCB2	Negative cofactor 2 complex subunit beta	0.00035489036	NCB2 — Negative cofactor 2 complex subunit beta	search FASTA description + reference GFF	26.18736307746725
PROT:sp|Q92325|LAG2_YEAST	sp|Q92325|LAG2_YEAST		LAG2	Cullin-associated NEDD8-dissociated protein 1 homolog	0.0011881989	LAG2 — Cullin-associated NEDD8-dissociated protein 1 homolog	search FASTA description + reference GFF	27.934204875659297
PROT:sp|Q96VH4|HBN1_YEAST	sp|Q96VH4|HBN1_YEAST		HBN1	Putative nitroreductase HBN1	0.00035489036	HBN1 — Putative nitroreductase HBN1	search FASTA description + reference GFF	30.76943676372261
PROT:sp|Q99190|TECR_YEAST	sp|Q99190|TECR_YEAST		TSC13	Very-long-chain enoyl-CoA reductase	0.00035489036	TSC13 — Very-long-chain enoyl-CoA reductase	search FASTA description + reference GFF	30.184461046151245
PROT:sp|Q99207|NOP14_YEAST	sp|Q99207|NOP14_YEAST		NOP14	Nucleolar complex protein 14	0.00035489036	NOP14 — Nucleolar complex protein 14	search FASTA description + reference GFF	27.201024681807738
PROT:sp|Q99216|PNO1_YEAST	sp|Q99216|PNO1_YEAST		PNO1	Pre-rRNA-processing protein PNO1	0.00035489036	PNO1 — Pre-rRNA-processing protein PNO1	search FASTA description + reference GFF	30.37387756269132
PROT:sp|Q99247|DUF1_YEAST	sp|Q99247|DUF1_YEAST		DUF1	DUB-associated factor 1	0.00035489036	DUF1 — DUB-associated factor 1	search FASTA description + reference GFF	26.40801974801299
PROT:sp|Q99257|MEX67_YEAST	sp|Q99257|MEX67_YEAST		MEX67	mRNA export factor MEX67	0.00035489036	MEX67 — mRNA export factor MEX67	search FASTA description + reference GFF	29.121995501074828
PROT:sp|Q99258|RIB3_YEAST	sp|Q99258|RIB3_YEAST		RIB3	3,4-dihydroxy-2-butanone 4-phosphate synthase	0.00035489036	RIB3 — 3,4-dihydroxy-2-butanone 4-phosphate synthase	search FASTA description + reference GFF	31.02566610253722
PROT:sp|Q99260|YPT6_YEAST	sp|Q99260|YPT6_YEAST		YPT6	GTP-binding protein YPT6	0.00035489036	YPT6 — GTP-binding protein YPT6	search FASTA description + reference GFF	30.074300325637456
PROT:sp|Q99287|SEY1_YEAST	sp|Q99287|SEY1_YEAST		SEY1	Protein SEY1	0.00035489036	SEY1 — Protein SEY1	search FASTA description + reference GFF	29.30408034414181
PROT:sp|Q99288|DET1_YEAST	sp|Q99288|DET1_YEAST		DET1	Broad-range acid phosphatase DET1	0.00035489036	DET1 — Broad-range acid phosphatase DET1	search FASTA description + reference GFF	29.854230178345976
PROT:sp|Q99297|ODC2_YEAST	sp|Q99297|ODC2_YEAST		ODC2	Mitochondrial 2-oxodicarboxylate carrier 2	0.00035489036	ODC2 — Mitochondrial 2-oxodicarboxylate carrier 2	search FASTA description + reference GFF	30.754343574886743
PROT:sp|Q99312|ISN1_YEAST	sp|Q99312|ISN1_YEAST		ISN1	IMP-specific 5'-nucleotidase 1	0.00035489036	ISN1 — IMP-specific 5'-nucleotidase 1	search FASTA description + reference GFF	30.146539538705746
PROT:sp|Q99316|MPD2_YEAST	sp|Q99316|MPD2_YEAST		MPD2	Protein disulfide isomerase MPD2	0.00035489036	MPD2 — Protein disulfide isomerase MPD2	search FASTA description + reference GFF	29.44385977045529
PROT:sp|Q99369|FSH3_YEAST	sp|Q99369|FSH3_YEAST		FSH3	Family of serine hydrolases 3	0.00035489036	FSH3 — Family of serine hydrolases 3	search FASTA description + reference GFF	27.91290456656311
PROT:sp|Q99383|HRP1_YEAST	sp|Q99383|HRP1_YEAST		HRP1	Nuclear polyadenylated RNA-binding protein 4	0.00035489036	HRP1 — Nuclear polyadenylated RNA-binding protein 4	search FASTA description + reference GFF	32.13279917037379
