reported_result_id	study_accession	source_sample_id	showcase_sample_id	metabolite_name	reported_abundance	source_identification_label	database_identifier	chemical_formula	smiles	inchi	pubchem_id	kegg_id	hmdb_id	method	is_internal_standard	result_layer	mapping_to_reprocessed_feature	annotation_source
MTBLS697:ROW:0003	MTBLS697	CHAL-00035	YEAST-CENPK-LOWGROWTH	1,2-dilinoleoyl-GPC (18:2/18:2)	248534.0	1,2-dilinoleoyl-GPC (18:2/18:2)					5288075		HMDB08138	Method 2	False	publisher-reported processed metabolite result	not available: source MAF omits m/z and retention time	MetaboLights MTBLS697 MAF: m_MTBLS697_metabolite_profiling_mass_spectrometry_v2_maf.tsv
MTBLS697:ROW:0005	MTBLS697	CHAL-00035	YEAST-CENPK-LOWGROWTH	1,2-dioleoyl-GPC (18:1/18:1)	322673952.0	1,2-dioleoyl-GPC (18:1/18:1)					10350317			Method 2	False	publisher-reported processed metabolite result	not available: source MAF omits m/z and retention time	MetaboLights MTBLS697 MAF: m_MTBLS697_metabolite_profiling_mass_spectrometry_v2_maf.tsv
MTBLS697:ROW:0006	MTBLS697	CHAL-00035	YEAST-CENPK-LOWGROWTH	1,2-dioleoyl-GPE (18:1/18:1)	45593692.0	1,2-dioleoyl-GPE (18:1/18:1)					9546757			Method 2	False	publisher-reported processed metabolite result	not available: source MAF omits m/z and retention time	MetaboLights MTBLS697 MAF: m_MTBLS697_metabolite_profiling_mass_spectrometry_v2_maf.tsv
MTBLS697:ROW:0007	MTBLS697	CHAL-00035	YEAST-CENPK-LOWGROWTH	1,2-dioleoyl-GPI (18:1/18:1)	11150221.0	1,2-dioleoyl-GPI (18:1/18:1)							HMDB09837	Method 2	False	publisher-reported processed metabolite result	not available: source MAF omits m/z and retention time	MetaboLights MTBLS697 MAF: m_MTBLS697_metabolite_profiling_mass_spectrometry_v2_maf.tsv
MTBLS697:ROW:0008	MTBLS697	CHAL-00035	YEAST-CENPK-LOWGROWTH	1,2-dioleoyl-GPS (18:1/18:1)	4223578.0	1,2-dioleoyl-GPS (18:1/18:1)					6438639			Method 2	False	publisher-reported processed metabolite result	not available: source MAF omits m/z and retention time	MetaboLights MTBLS697 MAF: m_MTBLS697_metabolite_profiling_mass_spectrometry_v2_maf.tsv
MTBLS697:ROW:0009	MTBLS697	CHAL-00035	YEAST-CENPK-LOWGROWTH	1,2-dipalmitoleoyl-GPC (16:1/16:1)*	1438753280.0	1,2-dipalmitoleoyl-GPC (16:1/16:1)*								Method 2	False	publisher-reported processed metabolite result	not available: source MAF omits m/z and retention time	MetaboLights MTBLS697 MAF: m_MTBLS697_metabolite_profiling_mass_spectrometry_v2_maf.tsv
MTBLS697:ROW:0010	MTBLS697	CHAL-00035	YEAST-CENPK-LOWGROWTH	1,2-dipalmitoleoyl-GPE (16:1/16:1)*	354011712.0	1,2-dipalmitoleoyl-GPE (16:1/16:1)*					9546809		HMDB05342	Method 2	False	publisher-reported processed metabolite result	not available: source MAF omits m/z and retention time	MetaboLights MTBLS697 MAF: m_MTBLS697_metabolite_profiling_mass_spectrometry_v2_maf.tsv
MTBLS697:ROW:0011	MTBLS697	CHAL-00035	YEAST-CENPK-LOWGROWTH	1,2-dipalmitoleoyl-GPI (16:1/16:1)*	51364636.0	1,2-dipalmitoleoyl-GPI (16:1/16:1)*								Method 2	False	publisher-reported processed metabolite result	not available: source MAF omits m/z and retention time	MetaboLights MTBLS697 MAF: m_MTBLS697_metabolite_profiling_mass_spectrometry_v2_maf.tsv
MTBLS697:ROW:0012	MTBLS697	CHAL-00035	YEAST-CENPK-LOWGROWTH	1,2-dipalmitoyl-GPC (16:0/16:0)	6075788.0	1,2-dipalmitoyl-GPC (16:0/16:0)					452110	D03585	HMDB00564	Method 2	False	publisher-reported processed metabolite result	not available: source MAF omits m/z and retention time	MetaboLights MTBLS697 MAF: m_MTBLS697_metabolite_profiling_mass_spectrometry_v2_maf.tsv
MTBLS697:ROW:0014	MTBLS697	CHAL-00035	YEAST-CENPK-LOWGROWTH	10-heptadecenoate (17:1n7)	197721568.0	10-heptadecenoate (17:1n7)					5312435		HMDB60038	Method 3	False	publisher-reported processed metabolite result	not available: source MAF omits m/z and retention time	MetaboLights MTBLS697 MAF: m_MTBLS697_metabolite_profiling_mass_spectrometry_v2_maf.tsv
MTBLS697:ROW:0015	MTBLS697	CHAL-00035	YEAST-CENPK-LOWGROWTH	10-nonadecenoate (19:1n9)	2301117.0	10-nonadecenoate (19:1n9)					5312513		HMDB13622	Method 3	False	publisher-reported processed metabolite result	not available: source MAF omits m/z and retention time	MetaboLights MTBLS697 MAF: m_MTBLS697_metabolite_profiling_mass_spectrometry_v2_maf.tsv
MTBLS697:ROW:0017	MTBLS697	CHAL-00035	YEAST-CENPK-LOWGROWTH	1-arachidonoyl-GPC (20:4n6)*	2081773.0	1-arachidonoyl-GPC (20:4n6)*						C05208	HMDB10395	Method 2	False	publisher-reported processed metabolite result	not available: source MAF omits m/z and retention time	MetaboLights MTBLS697 MAF: m_MTBLS697_metabolite_profiling_mass_spectrometry_v2_maf.tsv
MTBLS697:ROW:0018	MTBLS697	CHAL-00035	YEAST-CENPK-LOWGROWTH	1-linoleoyl-GPC (18:2)	365638.0	1-linoleoyl-GPC (18:2)	CHEBI:28733	C26H50NO7P	CCCCC\C=C/C\C=C/CCCCCCCC(=O)OC[C@@H](O)COP([O-])(=O)OCC[N+](C)(C)C	InChI=1S/C26H50NO7P/c1-5-6-7-8-9-10-11-12-13-14-15-16-17-18-19-20-26(29)32-23-25(28)24-34-35(30,31)33-22-21-27(2,3)4/h9-10,12-13,25,28H,5-8,11,14-24H2,1-4H3/b10-9-,13-12-/t25-/m1/s1	11988421	C04100	HMDB10386	Method 2	False	publisher-reported processed metabolite result	not available: source MAF omits m/z and retention time	MetaboLights MTBLS697 MAF: m_MTBLS697_metabolite_profiling_mass_spectrometry_v2_maf.tsv
MTBLS697:ROW:0019	MTBLS697	CHAL-00035	YEAST-CENPK-LOWGROWTH	1-linoleoyl-GPE (18:2)*	164335.0	1-linoleoyl-GPE (18:2)*	CHEBI:83058	C23H44NO7P	CCCCC\C=C/C\C=C/CCCCCCCC(=O)OC[C@@H](O)COP(O)(=O)OCCN	InChI=1S/C23H44NO7P/c1-2-3-4-5-6-7-8-9-10-11-12-13-14-15-16-17-23(26)29-20-22(25)21-31-32(27,28)30-19-18-24/h6-7,9-10,22,25H,2-5,8,11-21,24H2,1H3,(H,27,28)/b7-6-,10-9-/t22-/m1/s1	52925130		HMDB11507	Method 2	False	publisher-reported processed metabolite result	not available: source MAF omits m/z and retention time	MetaboLights MTBLS697 MAF: m_MTBLS697_metabolite_profiling_mass_spectrometry_v2_maf.tsv
MTBLS697:ROW:0020	MTBLS697	CHAL-00035	YEAST-CENPK-LOWGROWTH	1-methyladenine	76680128.0	1-methyladenine	CHEBI:18083	C6H7N5	Cn1cnc2ncnc2c1N	InChI=1S/C6H7N5/c1-11-3-10-6-4(5(11)7)8-2-9-6/h2-3H,7H2,1H3	78821	C02216	HMDB11599	Method 1	False	publisher-reported processed metabolite result	not available: source MAF omits m/z and retention time	MetaboLights MTBLS697 MAF: m_MTBLS697_metabolite_profiling_mass_spectrometry_v2_maf.tsv
MTBLS697:ROW:0021	MTBLS697	CHAL-00035	YEAST-CENPK-LOWGROWTH	N1-methyladenosine	17618860.0	N1-methyladenosine	CHEBI:16020	C11H15N5O4	Cn1cnc2n(cnc2c1=N)[C@@H]1O[C@H](CO)[C@@H](O)[C@H]1O	InChI=1S/C11H15N5O4/c1-15-3-14-10-6(9(15)12)13-4-16(10)11-8(19)7(18)5(2-17)20-11/h3-5,7-8,11-12,17-19H,2H2,1H3/t5-,7-,8-,11-/m1/s1	27476	C02494	HMDB03331	Method 1	False	publisher-reported processed metabolite result	not available: source MAF omits m/z and retention time	MetaboLights MTBLS697 MAF: m_MTBLS697_metabolite_profiling_mass_spectrometry_v2_maf.tsv
MTBLS697:ROW:0022	MTBLS697	CHAL-00035	YEAST-CENPK-LOWGROWTH	1-methylhistidine	1506031.0	1-methylhistidine	CHEBI:70958	C7H11N3O2	Cn1cnc(CC(N)C(O)=O)c1	InChI=1S/C7H11N3O2/c1-10-3-5(9-4-10)2-6(8)7(11)12/h3-4,6H,2,8H2,1H3,(H,11,12)	92105	C01152	HMDB00001	Method 1	False	publisher-reported processed metabolite result	not available: source MAF omits m/z and retention time	MetaboLights MTBLS697 MAF: m_MTBLS697_metabolite_profiling_mass_spectrometry_v2_maf.tsv
MTBLS697:ROW:0023	MTBLS697	CHAL-00035	YEAST-CENPK-LOWGROWTH	1-oleoyl-2-arachidonoyl-GPE (18:1/20:4)*	10008884.0	1-oleoyl-2-arachidonoyl-GPE (18:1/20:4)*							HMDB09069	Method 2	False	publisher-reported processed metabolite result	not available: source MAF omits m/z and retention time	MetaboLights MTBLS697 MAF: m_MTBLS697_metabolite_profiling_mass_spectrometry_v2_maf.tsv
MTBLS697:ROW:0024	MTBLS697	CHAL-00035	YEAST-CENPK-LOWGROWTH	1-oleoyl-2-linoleoyl-GPC (18:1/18:2)*	4232985.0	1-oleoyl-2-linoleoyl-GPC (18:1/18:2)*	CHEBI:74670	C44H82NO8P	CCCCCCCC\C=C/CCCCCCCC(=O)OC[C@H](COP([O-])(=O)OCC[N+](C)(C)C)OC(=O)CCCCCCC\C=C/C\C=C/CCCCC	InChI=1S/C44H82NO8P/c1-6-8-10-12-14-16-18-20-22-24-26-28-30-32-34-36-43(46)50-40-42(41-52-54(48,49)51-39-38-45(3,4)5)53-44(47)37-35-33-31-29-27-25-23-21-19-17-15-13-11-9-7-2/h15,17,20-23,42H,6-14,16,18-19,24-41H2,1-5H3/b17-15-,22-20-,23-21-/t42-/m1/s1				Method 2	False	publisher-reported processed metabolite result	not available: source MAF omits m/z and retention time	MetaboLights MTBLS697 MAF: m_MTBLS697_metabolite_profiling_mass_spectrometry_v2_maf.tsv
MTBLS697:ROW:0025	MTBLS697	CHAL-00035	YEAST-CENPK-LOWGROWTH	1-oleoyl-GPC (18:1)	15007058.0	1-oleoyl-GPC (18:1)					16081932		HMDB02815	Method 3	False	publisher-reported processed metabolite result	not available: source MAF omits m/z and retention time	MetaboLights MTBLS697 MAF: m_MTBLS697_metabolite_profiling_mass_spectrometry_v2_maf.tsv
MTBLS697:ROW:0026	MTBLS697	CHAL-00035	YEAST-CENPK-LOWGROWTH	1-oleoyl-GPE (18:1)	41422044.0	1-oleoyl-GPE (18:1)					9547071		HMDB11506	Method 3	False	publisher-reported processed metabolite result	not available: source MAF omits m/z and retention time	MetaboLights MTBLS697 MAF: m_MTBLS697_metabolite_profiling_mass_spectrometry_v2_maf.tsv
MTBLS697:ROW:0027	MTBLS697	CHAL-00035	YEAST-CENPK-LOWGROWTH	1-oleoyl-GPI (18:1)*	19833252.0	1-oleoyl-GPI (18:1)*	CHEBI:82753	C27H51O12P	CCCCCCCC\C=C/CCCCCCCC(=O)OC[C@@H](O)COP(O)(=O)O[C@H]1[C@H](O)[C@@H](O)[C@H](O)[C@@H](O)[C@H]1O	InChI=1S/C27H51O12P/c1-2-3-4-5-6-7-8-9-10-11-12-13-14-15-16-17-21(29)37-18-20(28)19-38-40(35,36)39-27-25(33)23(31)22(30)24(32)26(27)34/h9-10,20,22-28,30-34H,2-8,11-19H2,1H3,(H,35,36)/b10-9-/t20-,22-,23-,24+,25-,26-,27-/m1/s1				Method 3	False	publisher-reported processed metabolite result	not available: source MAF omits m/z and retention time	MetaboLights MTBLS697 MAF: m_MTBLS697_metabolite_profiling_mass_spectrometry_v2_maf.tsv
MTBLS697:ROW:0028	MTBLS697	CHAL-00035	YEAST-CENPK-LOWGROWTH	1-oleoyl-GPS (18:1)	13733205.0	1-oleoyl-GPS (18:1)					9547099		HMDB61694	Method 3	False	publisher-reported processed metabolite result	not available: source MAF omits m/z and retention time	MetaboLights MTBLS697 MAF: m_MTBLS697_metabolite_profiling_mass_spectrometry_v2_maf.tsv
MTBLS697:ROW:0029	MTBLS697	CHAL-00035	YEAST-CENPK-LOWGROWTH	1-palmitoleoyl-2-oleoyl-GPC (16:1/18:1)*	1275625984.0	1-palmitoleoyl-2-oleoyl-GPC (16:1/18:1)*								Method 2	False	publisher-reported processed metabolite result	not available: source MAF omits m/z and retention time	MetaboLights MTBLS697 MAF: m_MTBLS697_metabolite_profiling_mass_spectrometry_v2_maf.tsv
MTBLS697:ROW:0030	MTBLS697	CHAL-00035	YEAST-CENPK-LOWGROWTH	1-palmitoleoyl-2-oleoyl-GPE (16:1/18:1)*	463194528.0	1-palmitoleoyl-2-oleoyl-GPE (16:1/18:1)*								Method 2	False	publisher-reported processed metabolite result	not available: source MAF omits m/z and retention time	MetaboLights MTBLS697 MAF: m_MTBLS697_metabolite_profiling_mass_spectrometry_v2_maf.tsv
MTBLS697:ROW:0031	MTBLS697	CHAL-00035	YEAST-CENPK-LOWGROWTH	1-palmitoleoyl-2-oleoyl-GPI (16:1/18:1)*	58260168.0	1-palmitoleoyl-2-oleoyl-GPI (16:1/18:1)*								Method 2	False	publisher-reported processed metabolite result	not available: source MAF omits m/z and retention time	MetaboLights MTBLS697 MAF: m_MTBLS697_metabolite_profiling_mass_spectrometry_v2_maf.tsv
MTBLS697:ROW:0032	MTBLS697	CHAL-00035	YEAST-CENPK-LOWGROWTH	1-palmitoleoyl-GPC (16:1)*	19896088.0	1-palmitoleoyl-GPC (16:1)*					24779461		HMDB10383	Method 3	False	publisher-reported processed metabolite result	not available: source MAF omits m/z and retention time	MetaboLights MTBLS697 MAF: m_MTBLS697_metabolite_profiling_mass_spectrometry_v2_maf.tsv
MTBLS697:ROW:0033	MTBLS697	CHAL-00035	YEAST-CENPK-LOWGROWTH	1-palmitoyl-2-arachidonoyl-GPC (16:0/20:4n6)	373714.0	1-palmitoyl-2-arachidonoyl-GPC (16:0/20:4n6)					10747814		HMDB07982	Method 2	False	publisher-reported processed metabolite result	not available: source MAF omits m/z and retention time	MetaboLights MTBLS697 MAF: m_MTBLS697_metabolite_profiling_mass_spectrometry_v2_maf.tsv
MTBLS697:ROW:0034	MTBLS697	CHAL-00035	YEAST-CENPK-LOWGROWTH	1-palmitoyl-2-oleoyl-GPC (16:0/18:1)	757371328.0	1-palmitoyl-2-oleoyl-GPC (16:0/18:1)	CHEBI:73001	C42H82NO8P	C(OP(=O)(OCC[N+](C)(C)C)[O-])[C@@H](COC(CCCCCCCCCCCCCCC)=O)OC(CCCCCCC/C=C\CCCCCCCC)=O	InChI=1S/C42H82NO8P/c1-6-8-10-12-14-16-18-20-21-23-25-27-29-31-33-35-42(45)51-40(39-50-52(46,47)49-37-36-43(3,4)5)38-48-41(44)34-32-30-28-26-24-22-19-17-15-13-11-9-7-2/h20-21,40H,6-19,22-39H2,1-5H3/b21-20-/t40-/m1/s1	6436017		HMDB07972	Method 2	False	publisher-reported processed metabolite result	not available: source MAF omits m/z and retention time	MetaboLights MTBLS697 MAF: m_MTBLS697_metabolite_profiling_mass_spectrometry_v2_maf.tsv
MTBLS697:ROW:0035	MTBLS697	CHAL-00035	YEAST-CENPK-LOWGROWTH	1-palmitoyl-2-oleoyl-GPE (16:0/18:1)	61411728.0	1-palmitoyl-2-oleoyl-GPE (16:0/18:1)					5283496		HMDB05320	Method 2	False	publisher-reported processed metabolite result	not available: source MAF omits m/z and retention time	MetaboLights MTBLS697 MAF: m_MTBLS697_metabolite_profiling_mass_spectrometry_v2_maf.tsv
MTBLS697:ROW:0036	MTBLS697	CHAL-00035	YEAST-CENPK-LOWGROWTH	1-palmitoyl-2-oleoyl-GPG (16:0/18:1)	1000981.0	1-palmitoyl-2-oleoyl-GPG (16:0/18:1)					5283509			Method 2	False	publisher-reported processed metabolite result	not available: source MAF omits m/z and retention time	MetaboLights MTBLS697 MAF: m_MTBLS697_metabolite_profiling_mass_spectrometry_v2_maf.tsv
MTBLS697:ROW:0037	MTBLS697	CHAL-00035	YEAST-CENPK-LOWGROWTH	1-palmitoyl-2-oleoyl-GPI (16:0/18:1)*	328026560.0	1-palmitoyl-2-oleoyl-GPI (16:0/18:1)*							HMDB09783	Method 2	False	publisher-reported processed metabolite result	not available: source MAF omits m/z and retention time	MetaboLights MTBLS697 MAF: m_MTBLS697_metabolite_profiling_mass_spectrometry_v2_maf.tsv
MTBLS697:ROW:0038	MTBLS697	CHAL-00035	YEAST-CENPK-LOWGROWTH	1-palmitoyl-2-oleoyl-GPS (16:0/18:1)	108170608.0	1-palmitoyl-2-oleoyl-GPS (16:0/18:1)					5283499	C13880	HMDB12357	Method 2	False	publisher-reported processed metabolite result	not available: source MAF omits m/z and retention time	MetaboLights MTBLS697 MAF: m_MTBLS697_metabolite_profiling_mass_spectrometry_v2_maf.tsv
MTBLS697:ROW:0039	MTBLS697	CHAL-00035	YEAST-CENPK-LOWGROWTH	1-palmitoyl-2-palmitoleoyl-GPC (16:0/16:1)*	608847296.0	1-palmitoyl-2-palmitoleoyl-GPC (16:0/16:1)*	CHEBI:74000	C40H78NO8P	O(C(=O)CCCCCCC/C=C\CCCCCC)[C@H](COC(CCCCCCCCCCCCCCC)=O)COP(=O)([O-])OCC[N+](C)(C)C	InChI=1S/C40H78NO8P/c1-6-8-10-12-14-16-18-20-22-24-26-28-30-32-39(42)46-36-38(37-48-50(44,45)47-35-34-41(3,4)5)49-40(43)33-31-29-27-25-23-21-19-17-15-13-11-9-7-2/h17,19,38H,6-16,18,20-37H2,1-5H3/b19-17-/t38-/m1/s1			HMDB07969	Method 2	False	publisher-reported processed metabolite result	not available: source MAF omits m/z and retention time	MetaboLights MTBLS697 MAF: m_MTBLS697_metabolite_profiling_mass_spectrometry_v2_maf.tsv
MTBLS697:ROW:0040	MTBLS697	CHAL-00035	YEAST-CENPK-LOWGROWTH	1-palmitoyl-2-stearoyl-GPC (16:0/18:0)	1384537.0	1-palmitoyl-2-stearoyl-GPC (16:0/18:0)	CHEBI:73000	C42H84NO8P	[H][C@@](COC(=O)CCCCCCCCCCCCCCC)(COP([O-])(=O)OCC[N+](C)(C)C)OC(=O)CCCCCCCCCCCCCCCCC	InChI=1S/C42H84NO8P/c1-6-8-10-12-14-16-18-20-21-23-25-27-29-31-33-35-42(45)51-40(39-50-52(46,47)49-37-36-43(3,4)5)38-48-41(44)34-32-30-28-26-24-22-19-17-15-13-11-9-7-2/h40H,6-39H2,1-5H3/t40-/m1/s1			HMDB07970	Method 2	False	publisher-reported processed metabolite result	not available: source MAF omits m/z and retention time	MetaboLights MTBLS697 MAF: m_MTBLS697_metabolite_profiling_mass_spectrometry_v2_maf.tsv
MTBLS697:ROW:0041	MTBLS697	CHAL-00035	YEAST-CENPK-LOWGROWTH	1-palmitoyl-GPC (16:0)	54497484.0	1-palmitoyl-GPC (16:0)	CHEBI:72998	C24H50NO7P	[C@@H](COC(=O)CCCCCCCCCCCCCCC)(COP(OCC[N+](C)(C)C)(=O)[O-])O	InChI=1S/C24H50NO7P/c1-5-6-7-8-9-10-11-12-13-14-15-16-17-18-24(27)30-21-23(26)22-32-33(28,29)31-20-19-25(2,3)4/h23,26H,5-22H2,1-4H3/t23-/m1/s1	86554		HMDB10382	Method 2	False	publisher-reported processed metabolite result	not available: source MAF omits m/z and retention time	MetaboLights MTBLS697 MAF: m_MTBLS697_metabolite_profiling_mass_spectrometry_v2_maf.tsv
MTBLS697:ROW:0042	MTBLS697	CHAL-00035	YEAST-CENPK-LOWGROWTH	1-palmitoyl-GPE (16:0)	3991511.0	1-palmitoyl-GPE (16:0)	CHEBI:73004	C21H44NO7P	[C@@H](COC(=O)CCCCCCCCCCCCCCC)(COP(OCC[NH3+])(=O)[O-])O	InChI=1S/C21H44NO7P/c1-2-3-4-5-6-7-8-9-10-11-12-13-14-15-21(24)27-18-20(23)19-29-30(25,26)28-17-16-22/h20,23H,2-19,22H2,1H3,(H,25,26)/t20-/m1/s1	9547069		HMDB11503	Method 2	False	publisher-reported processed metabolite result	not available: source MAF omits m/z and retention time	MetaboLights MTBLS697 MAF: m_MTBLS697_metabolite_profiling_mass_spectrometry_v2_maf.tsv
MTBLS697:ROW:0043	MTBLS697	CHAL-00035	YEAST-CENPK-LOWGROWTH	1-palmitoyl-GPI (16:0)	15367048.0	1-palmitoyl-GPI (16:0)	CHEBI:73218	C25H49O12P	CCCCCCCCCCCCCCCC(=O)OC[C@@H](O)COP(O)(=O)O[C@H]1[C@H](O)[C@@H](O)[C@H](O)[C@@H](O)[C@H]1O	InChI=1S/C25H49O12P/c1-2-3-4-5-6-7-8-9-10-11-12-13-14-15-19(27)35-16-18(26)17-36-38(33,34)37-25-23(31)21(29)20(28)22(30)24(25)32/h18,20-26,28-32H,2-17H2,1H3,(H,33,34)/t18-,20-,21-,22+,23-,24-,25-/m1/s1			HMDB61695	Method 3	False	publisher-reported processed metabolite result	not available: source MAF omits m/z and retention time	MetaboLights MTBLS697 MAF: m_MTBLS697_metabolite_profiling_mass_spectrometry_v2_maf.tsv
MTBLS697:ROW:0044	MTBLS697	CHAL-00035	YEAST-CENPK-LOWGROWTH	1-palmitoyl-GPS (16:0)*	6276227.0	1-palmitoyl-GPS (16:0)*					9547100			Method 2	False	publisher-reported processed metabolite result	not available: source MAF omits m/z and retention time	MetaboLights MTBLS697 MAF: m_MTBLS697_metabolite_profiling_mass_spectrometry_v2_maf.tsv
MTBLS697:ROW:0045	MTBLS697	CHAL-00035	YEAST-CENPK-LOWGROWTH	1-stearoyl-2-arachidonoyl-GPC (18:0/20:4)	461459.0	1-stearoyl-2-arachidonoyl-GPC (18:0/20:4)	CHEBI:74965	C46H84NO8P	O=C(CCC/C=C\C/C=C\C/C=C\C/C=C\CCCCC)O[C@@H](COP(OCC[N+](C)(C)C)(=O)[O-])COC(=O)CCCCCCCCCCCCCCCCC	InChI=1S/C46H84NO8P/c1-6-8-10-12-14-16-18-20-22-23-25-27-29-31-33-35-37-39-46(49)55-44(43-54-56(50,51)53-41-40-47(3,4)5)42-52-45(48)38-36-34-32-30-28-26-24-21-19-17-15-13-11-9-7-2/h14,16,20,22,25,27,31,33,44H,6-13,15,17-19,21,23-24,26,28-30,32,34-43H2,1-5H3/b16-14-,22-20-,27-25-,33-31-/t44-/m1/s1	16219824		HMDB08048	Method 2	False	publisher-reported processed metabolite result	not available: source MAF omits m/z and retention time	MetaboLights MTBLS697 MAF: m_MTBLS697_metabolite_profiling_mass_spectrometry_v2_maf.tsv
MTBLS697:ROW:0046	MTBLS697	CHAL-00035	YEAST-CENPK-LOWGROWTH	1-stearoyl-2-oleoyl-GPC (18:0/18:1)	159885344.0	1-stearoyl-2-oleoyl-GPC (18:0/18:1)	CHEBI:75034	C44H86NO8P	O(P(OC[C@@H](COC(CCCCCCCCCCCCCCCCC)=O)OC(CCCCCCC/C=C\CCCCCCCC)=O)(=O)[O-])CC[N+](C)(C)C	InChI=1S/C44H86NO8P/c1-6-8-10-12-14-16-18-20-22-24-26-28-30-32-34-36-43(46)50-40-42(41-52-54(48,49)51-39-38-45(3,4)5)53-44(47)37-35-33-31-29-27-25-23-21-19-17-15-13-11-9-7-2/h21,23,42H,6-20,22,24-41H2,1-5H3/b23-21-/t42-/m1/s1			HMDB08038	Method 2	False	publisher-reported processed metabolite result	not available: source MAF omits m/z and retention time	MetaboLights MTBLS697 MAF: m_MTBLS697_metabolite_profiling_mass_spectrometry_v2_maf.tsv
MTBLS697:ROW:0047	MTBLS697	CHAL-00035	YEAST-CENPK-LOWGROWTH	1-stearoyl-2-oleoyl-GPE (18:0/18:1)	3773211.0	1-stearoyl-2-oleoyl-GPE (18:0/18:1)	CHEBI:75038	C41H80NO8P	CCCCCCCCCCCCCCCCCC(=O)OC[C@H](COP([O-])(=O)OCC[NH3+])OC(=O)CCCCCCC\C=C/CCCCCCCC	InChI=1S/C41H80NO8P/c1-3-5-7-9-11-13-15-17-19-21-23-25-27-29-31-33-40(43)47-37-39(38-49-51(45,46)48-36-35-42)50-41(44)34-32-30-28-26-24-22-20-18-16-14-12-10-8-6-4-2/h18,20,39H,3-17,19,21-38,42H2,1-2H3,(H,45,46)/b20-18-/t39-/m1/s1			HMDB08993	Method 2	False	publisher-reported processed metabolite result	not available: source MAF omits m/z and retention time	MetaboLights MTBLS697 MAF: m_MTBLS697_metabolite_profiling_mass_spectrometry_v2_maf.tsv
MTBLS697:ROW:0048	MTBLS697	CHAL-00035	YEAST-CENPK-LOWGROWTH	1-stearoyl-2-oleoyl-GPI (18:0/18:1)*	94848672.0	1-stearoyl-2-oleoyl-GPI (18:0/18:1)*								Method 2	False	publisher-reported processed metabolite result	not available: source MAF omits m/z and retention time	MetaboLights MTBLS697 MAF: m_MTBLS697_metabolite_profiling_mass_spectrometry_v2_maf.tsv
MTBLS697:ROW:0049	MTBLS697	CHAL-00035	YEAST-CENPK-LOWGROWTH	1-stearoyl-GPC (18:0)	22508556.0	1-stearoyl-GPC (18:0)					497299		HMDB10384	Method 2	False	publisher-reported processed metabolite result	not available: source MAF omits m/z and retention time	MetaboLights MTBLS697 MAF: m_MTBLS697_metabolite_profiling_mass_spectrometry_v2_maf.tsv
MTBLS697:ROW:0050	MTBLS697	CHAL-00035	YEAST-CENPK-LOWGROWTH	1-stearoyl-GPE (18:0)	413669.0	1-stearoyl-GPE (18:0)					9547068		HMDB11130	Method 2	False	publisher-reported processed metabolite result	not available: source MAF omits m/z and retention time	MetaboLights MTBLS697 MAF: m_MTBLS697_metabolite_profiling_mass_spectrometry_v2_maf.tsv
MTBLS697:ROW:0051	MTBLS697	CHAL-00035	YEAST-CENPK-LOWGROWTH	1-stearoyl-GPI (18:0)	7121496.0	1-stearoyl-GPI (18:0)							HMDB61696	Method 3	False	publisher-reported processed metabolite result	not available: source MAF omits m/z and retention time	MetaboLights MTBLS697 MAF: m_MTBLS697_metabolite_profiling_mass_spectrometry_v2_maf.tsv
MTBLS697:ROW:0052	MTBLS697	CHAL-00035	YEAST-CENPK-LOWGROWTH	2,3-dihydroxy-2-methylbutyrate	117395936.0	2,3-dihydroxy-2-methylbutyrate					301941		HMDB29576	Method 4	False	publisher-reported processed metabolite result	not available: source MAF omits m/z and retention time	MetaboLights MTBLS697 MAF: m_MTBLS697_metabolite_profiling_mass_spectrometry_v2_maf.tsv
MTBLS697:ROW:0053	MTBLS697	CHAL-00035	YEAST-CENPK-LOWGROWTH	2,3-dihydroxyisovalerate	39957528.0	2,3-dihydroxyisovalerate	CHEBI:15689	C5H10O4	CC(C)(O)C(O)C(O)=O	InChI=1S/C5H10O4/c1-5(2,9)3(6)4(7)8/h3,6,9H,1-2H3,(H,7,8)	677	C04039	HMDB12141	Method 4	False	publisher-reported processed metabolite result	not available: source MAF omits m/z and retention time	MetaboLights MTBLS697 MAF: m_MTBLS697_metabolite_profiling_mass_spectrometry_v2_maf.tsv
MTBLS697:ROW:0054	MTBLS697	CHAL-00035	YEAST-CENPK-LOWGROWTH	2-aminoadipate	284038.0	2-aminoadipate	CHEBI:37024	C6H11NO4	NC(CCCC(O)=O)C(O)=O	InChI=1S/C6H11NO4/c7-4(6(10)11)2-1-3-5(8)9/h4H,1-3,7H2,(H,8,9)(H,10,11)	469	C00956	HMDB00510	Method 4	False	publisher-reported processed metabolite result	not available: source MAF omits m/z and retention time	MetaboLights MTBLS697 MAF: m_MTBLS697_metabolite_profiling_mass_spectrometry_v2_maf.tsv
MTBLS697:ROW:0055	MTBLS697	CHAL-00035	YEAST-CENPK-LOWGROWTH	adenosine 2'-monophosphate (2'-AMP)	314640.0	adenosine 2'-monophosphate (2'-AMP)					94136	C00946	HMDB11617	Method 3	False	publisher-reported processed metabolite result	not available: source MAF omits m/z and retention time	MetaboLights MTBLS697 MAF: m_MTBLS697_metabolite_profiling_mass_spectrometry_v2_maf.tsv
MTBLS697:ROW:0056	MTBLS697	CHAL-00035	YEAST-CENPK-LOWGROWTH	2'-deoxyadenosine	56655016.0	2'-deoxyadenosine	CHEBI:17256	C10H13N5O3	Nc1ncnc2n(cnc12)[C@H]1C[C@H](O)[C@@H](CO)O1	InChI=1S/C10H13N5O3/c11-9-8-10(13-3-12-9)15(4-14-8)7-1-5(17)6(2-16)18-7/h3-7,16-17H,1-2H2,(H2,11,12,13)/t5-,6+,7+/m0/s1	13730	C00559	HMDB00101	Method 1	False	publisher-reported processed metabolite result	not available: source MAF omits m/z and retention time	MetaboLights MTBLS697 MAF: m_MTBLS697_metabolite_profiling_mass_spectrometry_v2_maf.tsv
MTBLS697:ROW:0057	MTBLS697	CHAL-00035	YEAST-CENPK-LOWGROWTH	2'-deoxyadenosine 5'-monophosphate	1269998.0	2'-deoxyadenosine 5'-monophosphate	CHEBI:17713	C10H14N5O6P	Nc1ncnc2n(cnc12)[C@H]1C[C@H](O)[C@@H](COP(O)(O)=O)O1	InChI=1S/C10H14N5O6P/c11-9-8-10(13-3-12-9)15(4-14-8)7-1-5(16)6(21-7)2-20-22(17,18)19/h3-7,16H,1-2H2,(H2,11,12,13)(H2,17,18,19)/t5-,6+,7+/m0/s1	12599	C00360	HMDB00905	Method 3	False	publisher-reported processed metabolite result	not available: source MAF omits m/z and retention time	MetaboLights MTBLS697 MAF: m_MTBLS697_metabolite_profiling_mass_spectrometry_v2_maf.tsv
MTBLS697:ROW:0058	MTBLS697	CHAL-00035	YEAST-CENPK-LOWGROWTH	2'-deoxycytidine	1020604.0	2'-deoxycytidine	CHEBI:15698	C9H13N3O4	Nc1ccn([C@H]2C[C@H](O)[C@@H](CO)O2)c(=O)n1	InChI=1S/C9H13N3O4/c10-7-1-2-12(9(15)11-7)8-3-5(14)6(4-13)16-8/h1-2,5-6,8,13-14H,3-4H2,(H2,10,11,15)/t5-,6+,8+/m0/s1	13711	C00881	HMDB00014	Method 1	False	publisher-reported processed metabolite result	not available: source MAF omits m/z and retention time	MetaboLights MTBLS697 MAF: m_MTBLS697_metabolite_profiling_mass_spectrometry_v2_maf.tsv
MTBLS697:ROW:0059	MTBLS697	CHAL-00035	YEAST-CENPK-LOWGROWTH	2'-deoxyguanosine	1628472.0	2'-deoxyguanosine	CHEBI:17172	C10H13N5O4	Nc1nc2n(cnc2c(=O)[nH]1)[C@H]1C[C@H](O)[C@@H](CO)O1	InChI=1S/C10H13N5O4/c11-10-13-8-7(9(18)14-10)12-3-15(8)6-1-4(17)5(2-16)19-6/h3-6,16-17H,1-2H2,(H3,11,13,14,18)/t4-,5+,6+/m0/s1	187790	C00330	HMDB00085	Method 3	False	publisher-reported processed metabolite result	not available: source MAF omits m/z and retention time	MetaboLights MTBLS697 MAF: m_MTBLS697_metabolite_profiling_mass_spectrometry_v2_maf.tsv
MTBLS697:ROW:0060	MTBLS697	CHAL-00035	YEAST-CENPK-LOWGROWTH	2'-deoxyguanosine 5'-monophosphate (dGMP)	659086.0	2'-deoxyguanosine 5'-monophosphate (dGMP)					65059	C00362	HMDB01044	Method 1	False	publisher-reported processed metabolite result	not available: source MAF omits m/z and retention time	MetaboLights MTBLS697 MAF: m_MTBLS697_metabolite_profiling_mass_spectrometry_v2_maf.tsv
MTBLS697:ROW:0061	MTBLS697	CHAL-00035	YEAST-CENPK-LOWGROWTH	2'-deoxyuridine	163118.0	2'-deoxyuridine	CHEBI:16450	C9H12N2O5	OC[C@H]1O[C@H](C[C@@H]1O)n1ccc(=O)[nH]c1=O	InChI=1S/C9H12N2O5/c12-4-6-5(13)3-8(16-6)11-2-1-7(14)10-9(11)15/h1-2,5-6,8,12-13H,3-4H2,(H,10,14,15)/t5-,6+,8+/m0/s1	13712	C00526	HMDB00012	Method 3	False	publisher-reported processed metabolite result	not available: source MAF omits m/z and retention time	MetaboLights MTBLS697 MAF: m_MTBLS697_metabolite_profiling_mass_spectrometry_v2_maf.tsv
MTBLS697:ROW:0062	MTBLS697	CHAL-00035	YEAST-CENPK-LOWGROWTH	2-hydroxy-3-methylvalerate	786267.0	2-hydroxy-3-methylvalerate	CHEBI:89228	C6H12O3	O[C@H]([C@@H](CC)C)C(O)=O	InChI=1S/C6H12O3/c1-3-4(2)5(7)6(8)9/h4-5,7H,3H2,1-2H3,(H,8,9)/t4-,5-/m1/s1	164623		HMDB00317	Method 3	False	publisher-reported processed metabolite result	not available: source MAF omits m/z and retention time	MetaboLights MTBLS697 MAF: m_MTBLS697_metabolite_profiling_mass_spectrometry_v2_maf.tsv
MTBLS697:ROW:0063	MTBLS697	CHAL-00035	YEAST-CENPK-LOWGROWTH	2-hydroxyadipate	4179057.0	2-hydroxyadipate	CHEBI:17023	C6H10O5	OC(CCCC(O)=O)C(O)=O	InChI=1S/C6H10O5/c7-4(6(10)11)2-1-3-5(8)9/h4,7H,1-3H2,(H,8,9)(H,10,11)	193530	C02360	HMDB00321	Method 4	False	publisher-reported processed metabolite result	not available: source MAF omits m/z and retention time	MetaboLights MTBLS697 MAF: m_MTBLS697_metabolite_profiling_mass_spectrometry_v2_maf.tsv
MTBLS697:ROW:0065	MTBLS697	CHAL-00035	YEAST-CENPK-LOWGROWTH	2-hydroxyglutarate	1118308.0	2-hydroxyglutarate	CHEBI:17084	C5H8O5	OC(CCC(O)=O)C(O)=O	InChI=1S/C5H8O5/c6-3(5(9)10)1-2-4(7)8/h3,6H,1-2H2,(H,7,8)(H,9,10)	43	C02630	HMDB00606	Method 1	False	publisher-reported processed metabolite result	not available: source MAF omits m/z and retention time	MetaboLights MTBLS697 MAF: m_MTBLS697_metabolite_profiling_mass_spectrometry_v2_maf.tsv
MTBLS697:ROW:0066	MTBLS697	CHAL-00035	YEAST-CENPK-LOWGROWTH	2-isopropylmalate	84496200.0	2-isopropylmalate	CHEBI:28635	C7H12O5	C(C(=O)O)C(C(=O)O)(O)C(C)C	InChI=1S/C7H12O5/c1-4(2)7(12,6(10)11)3-5(8)9/h4,12H,3H2,1-2H3,(H,8,9)(H,10,11)	77	C02504	HMDB00402	Method 4	False	publisher-reported processed metabolite result	not available: source MAF omits m/z and retention time	MetaboLights MTBLS697 MAF: m_MTBLS697_metabolite_profiling_mass_spectrometry_v2_maf.tsv
MTBLS697:ROW:0067	MTBLS697	CHAL-00035	YEAST-CENPK-LOWGROWTH	2-methylcitrate	12473631.0	2-methylcitrate	CHEBI:30835	C7H10O7	CC(C(O)=O)C(O)(CC(O)=O)C(O)=O	InChI=1S/C7H10O7/c1-3(5(10)11)7(14,6(12)13)2-4(8)9/h3,14H,2H2,1H3,(H,8,9)(H,10,11)(H,12,13)	439681	C02225	HMDB00379	Method 4	False	publisher-reported processed metabolite result	not available: source MAF omits m/z and retention time	MetaboLights MTBLS697 MAF: m_MTBLS697_metabolite_profiling_mass_spectrometry_v2_maf.tsv
MTBLS697:ROW:0068	MTBLS697	CHAL-00035	YEAST-CENPK-LOWGROWTH	2'-O-methyladenosine	13402993.0	2'-O-methyladenosine	CHEBI:69426	C11H15N5O4	CO[C@@H]1[C@H](O)[C@@H](CO)O[C@H]1n1cnc2c(N)ncnc12	InChI=1S/C11H15N5O4/c1-19-8-7(18)5(2-17)20-11(8)16-4-15-6-9(12)13-3-14-10(6)16/h3-5,7-8,11,17-18H,2H2,1H3,(H2,12,13,14)/t5-,7-,8-,11-/m1/s1	102213			Method 1	False	publisher-reported processed metabolite result	not available: source MAF omits m/z and retention time	MetaboLights MTBLS697 MAF: m_MTBLS697_metabolite_profiling_mass_spectrometry_v2_maf.tsv
MTBLS697:ROW:0069	MTBLS697	CHAL-00035	YEAST-CENPK-LOWGROWTH	2'-O-methylcytidine	1217872.0	2'-O-methylcytidine	CHEBI:19228	C10H15N3O5	CO[C@@H]1[C@H](O)[C@@H](CO)O[C@H]1n1ccc(N)nc1=O	InChI=1S/C10H15N3O5/c1-17-8-7(15)5(4-14)18-9(8)13-3-2-6(11)12-10(13)16/h2-3,5,7-9,14-15H,4H2,1H3,(H2,11,12,16)/t5-,7-,8-,9-/m1/s1	150971			Method 1	False	publisher-reported processed metabolite result	not available: source MAF omits m/z and retention time	MetaboLights MTBLS697 MAF: m_MTBLS697_metabolite_profiling_mass_spectrometry_v2_maf.tsv
MTBLS697:ROW:0070	MTBLS697	CHAL-00035	YEAST-CENPK-LOWGROWTH	2'-O-methylguanosine	1156486.0	2'-O-methylguanosine	CHEBI:19229	C11H15N5O5	CO[C@@H]1[C@H](O)[C@@H](CO)O[C@H]1n1cnc2c1nc(N)[nH]c2=O	InChI=1S/C11H15N5O5/c1-20-7-6(18)4(2-17)21-10(7)16-3-13-5-8(16)14-11(12)15-9(5)19/h3-4,6-7,10,17-18H,2H2,1H3,(H3,12,14,15,19)/t4-,6-,7-,10-/m1/s1		C04545		Method 3	False	publisher-reported processed metabolite result	not available: source MAF omits m/z and retention time	MetaboLights MTBLS697 MAF: m_MTBLS697_metabolite_profiling_mass_spectrometry_v2_maf.tsv
MTBLS697:ROW:0071	MTBLS697	CHAL-00035	YEAST-CENPK-LOWGROWTH	2'-O-methyluridine	630150.0	2'-O-methyluridine	CHEBI:19227	C10H14N2O6	CO[C@@H]1[C@H](O)[C@@H](CO)O[C@H]1n1ccc(=O)[nH]c1=O	InChI=1S/C10H14N2O6/c1-17-8-7(15)5(4-13)18-9(8)12-3-2-6(14)11-10(12)16/h2-3,5,7-9,13,15H,4H2,1H3,(H,11,14,16)/t5-,7-,8-,9-/m1/s1	102212			Method 3	False	publisher-reported processed metabolite result	not available: source MAF omits m/z and retention time	MetaboLights MTBLS697 MAF: m_MTBLS697_metabolite_profiling_mass_spectrometry_v2_maf.tsv
MTBLS697:ROW:0072	MTBLS697	CHAL-00035	YEAST-CENPK-LOWGROWTH	2-oxoadipate	167528.0	2-oxoadipate	CHEBI:15753	C6H8O5	OC(=O)CCCC(=O)C(O)=O	InChI=1S/C6H8O5/c7-4(6(10)11)2-1-3-5(8)9/h1-3H2,(H,8,9)(H,10,11)	71	C00322	HMDB00225	Method 4	False	publisher-reported processed metabolite result	not available: source MAF omits m/z and retention time	MetaboLights MTBLS697 MAF: m_MTBLS697_metabolite_profiling_mass_spectrometry_v2_maf.tsv
MTBLS697:ROW:0073	MTBLS697	CHAL-00035	YEAST-CENPK-LOWGROWTH	2-oxoarginine*	821529.0	2-oxoarginine*	CHEBI:28116	C6H11N3O3	OC(=O)C(CCCNC(=N)N)=O	InChI=1S/C6H11N3O3/c7-6(8)9-3-1-2-4(10)5(11)12/h1-3H2,(H,11,12)(H4,7,8,9)	558	C03771	HMDB04225	Method 1	False	publisher-reported processed metabolite result	not available: source MAF omits m/z and retention time	MetaboLights MTBLS697 MAF: m_MTBLS697_metabolite_profiling_mass_spectrometry_v2_maf.tsv
MTBLS697:ROW:0074	MTBLS697	CHAL-00035	YEAST-CENPK-LOWGROWTH	2-palmitoleoyl-GPC (16:1)*	199342032.0	2-palmitoleoyl-GPC (16:1)*	CHEBI:133515	C24H48NO7P	OC[C@H](COP(OCC[N+](C)(C)C)(=O)[O-])OC(=O)CCCCCCC/C=C\CCCCCC	InChI=1S/C24H48NO7P/c1-5-6-7-8-9-10-11-12-13-14-15-16-17-18-24(27)32-23(21-26)22-31-33(28,29)30-20-19-25(2,3)4/h10-11,23,26H,5-9,12-22H2,1-4H3/b11-10-/t23-/m1/s1			HMDB10383	Method 2	False	publisher-reported processed metabolite result	not available: source MAF omits m/z and retention time	MetaboLights MTBLS697 MAF: m_MTBLS697_metabolite_profiling_mass_spectrometry_v2_maf.tsv
MTBLS697:ROW:0075	MTBLS697	CHAL-00035	YEAST-CENPK-LOWGROWTH	2-palmitoyl-GPC (16:0)*	1435881.0	2-palmitoyl-GPC (16:0)*					15061532		HMDB61702	Method 3	False	publisher-reported processed metabolite result	not available: source MAF omits m/z and retention time	MetaboLights MTBLS697 MAF: m_MTBLS697_metabolite_profiling_mass_spectrometry_v2_maf.tsv
MTBLS697:ROW:0076	MTBLS697	CHAL-00035	YEAST-CENPK-LOWGROWTH	2-phosphoglycerate	9465882.0	2-phosphoglycerate	CHEBI:24344	C3H7O7P	C(C(CO)OP(=O)(O)O)(O)=O	InChI=1S/C3H7O7P/c4-1-2(3(5)6)10-11(7,8)9/h2,4H,1H2,(H,5,6)(H2,7,8,9)	59	C00631	HMDB03391	Method 4	False	publisher-reported processed metabolite result	not available: source MAF omits m/z and retention time	MetaboLights MTBLS697 MAF: m_MTBLS697_metabolite_profiling_mass_spectrometry_v2_maf.tsv
MTBLS697:ROW:0077	MTBLS697	CHAL-00035	YEAST-CENPK-LOWGROWTH	3-(4-hydroxyphenyl)lactate	1569338.0	3-(4-hydroxyphenyl)lactate	CHEBI:17385	C9H10O4	OC(Cc1ccc(O)cc1)C(O)=O	InChI=1S/C9H10O4/c10-7-3-1-6(2-4-7)5-8(11)9(12)13/h1-4,8,10-11H,5H2,(H,12,13)	9378	C03672	HMDB00755	Method 3	False	publisher-reported processed metabolite result	not available: source MAF omits m/z and retention time	MetaboLights MTBLS697 MAF: m_MTBLS697_metabolite_profiling_mass_spectrometry_v2_maf.tsv
MTBLS697:ROW:0078	MTBLS697	CHAL-00035	YEAST-CENPK-LOWGROWTH	3-dephospho-acetyl-coenzyme A	164549.0	3-dephospho-acetyl-coenzyme A					193680			Method 3	False	publisher-reported processed metabolite result	not available: source MAF omits m/z and retention time	MetaboLights MTBLS697 MAF: m_MTBLS697_metabolite_profiling_mass_spectrometry_v2_maf.tsv
MTBLS697:ROW:0079	MTBLS697	CHAL-00035	YEAST-CENPK-LOWGROWTH	adenosine 3'-monophosphate (3'-AMP)	14229268.0	adenosine 3'-monophosphate (3'-AMP)					41211	C01367	HMDB03540	Method 3	False	publisher-reported processed metabolite result	not available: source MAF omits m/z and retention time	MetaboLights MTBLS697 MAF: m_MTBLS697_metabolite_profiling_mass_spectrometry_v2_maf.tsv
MTBLS697:ROW:0080	MTBLS697	CHAL-00035	YEAST-CENPK-LOWGROWTH	cytidine 3'-monophosphate (3'-CMP)	35002404.0	cytidine 3'-monophosphate (3'-CMP)					66535	C05822		Method 1	False	publisher-reported processed metabolite result	not available: source MAF omits m/z and retention time	MetaboLights MTBLS697 MAF: m_MTBLS697_metabolite_profiling_mass_spectrometry_v2_maf.tsv
MTBLS697:ROW:0081	MTBLS697	CHAL-00035	YEAST-CENPK-LOWGROWTH	3-deoxyoctulosonate	1201777.0	3-deoxyoctulosonate	CHEBI:32817	C8H14O8	OC[C@@H](O)[C@@H](O)[C@H](O)[C@H](O)CC(=O)C(O)=O	InChI=1S/C8H14O8/c9-2-5(12)7(14)6(13)3(10)1-4(11)8(15)16/h3,5-7,9-10,12-14H,1-2H2,(H,15,16)/t3-,5-,6-,7-/m1/s1	4636210			Method 4	False	publisher-reported processed metabolite result	not available: source MAF omits m/z and retention time	MetaboLights MTBLS697 MAF: m_MTBLS697_metabolite_profiling_mass_spectrometry_v2_maf.tsv
MTBLS697:ROW:0082	MTBLS697	CHAL-00035	YEAST-CENPK-LOWGROWTH	3'-dephosphocoenzyme A	744477.0	3'-dephosphocoenzyme A	CHEBI:190598	C21H33N7O13P2S.Li.Li	SCCNC(=O)CCNC(=O)C(O)C(COP(OP(OC[C@H]1O[C@@H](N2C3=NC=NC(N)=C3N=C2)[C@H](O)[C@@H]1O)([O-])=O)([O-])=O)(C)C.[Li+].[Li+]	InChI=1S/C21H35N7O13P2S.2Li/c1-21(2,16(32)19(33)24-4-3-12(29)23-5-6-44)8-39-43(36,37)41-42(34,35)38-7-11-14(30)15(31)20(40-11)28-10-27-13-17(22)25-9-26-18(13)28;;/h9-11,14-16,20,30-32,44H,3-8H2,1-2H3,(H,23,29)(H,24,33)(H,34,35)(H,36,37)(H2,22,25,26);;/q;2*+1/p-2/t11-,14-,15-,16?,20-;;/m1../s1	444485	C00882	HMDB01373	Method 3	False	publisher-reported processed metabolite result	not available: source MAF omits m/z and retention time	MetaboLights MTBLS697 MAF: m_MTBLS697_metabolite_profiling_mass_spectrometry_v2_maf.tsv
MTBLS697:ROW:0083	MTBLS697	CHAL-00035	YEAST-CENPK-LOWGROWTH	3-hydroxy-3-methylglutarate	489824384.0	3-hydroxy-3-methylglutarate	CHEBI:16831	C6H10O5	CC(O)(CC(O)=O)CC(O)=O	InChI=1S/C6H10O5/c1-6(11,2-4(7)8)3-5(9)10/h11H,2-3H2,1H3,(H,7,8)(H,9,10)	1662	C03761	HMDB00355	Method 4	False	publisher-reported processed metabolite result	not available: source MAF omits m/z and retention time	MetaboLights MTBLS697 MAF: m_MTBLS697_metabolite_profiling_mass_spectrometry_v2_maf.tsv
MTBLS697:ROW:0084	MTBLS697	CHAL-00035	YEAST-CENPK-LOWGROWTH	3-hydroxy-3-methylglutaryl CoA	1267783.0	3-hydroxy-3-methylglutaryl CoA	CHEBI:11814	C27H44N7O20P3S	CC(O)(CC(O)=O)CC(=O)SCCNC(=O)CCNC(=O)[C@H](O)C(C)(C)COP(O)(=O)OP(O)(=O)OC[C@H]1O[C@H]([C@H](O)[C@@H]1OP(O)(O)=O)n1cnc2c(N)ncnc12	InChI=1S/C27H44N7O20P3S/c1-26(2,21(40)24(41)30-5-4-15(35)29-6-7-58-17(38)9-27(3,42)8-16(36)37)11-51-57(48,49)54-56(46,47)50-10-14-20(53-55(43,44)45)19(39)25(52-14)34-13-33-18-22(28)31-12-32-23(18)34/h12-14,19-21,25,39-40,42H,4-11H2,1-3H3,(H,29,35)(H,30,41)(H,36,37)(H,46,47)(H,48,49)(H2,28,31,32)(H2,43,44,45)/t14-,19-,20-,21+,25-,27?/m1/s1	84	C00356	HMDB01375	Method 3	False	publisher-reported processed metabolite result	not available: source MAF omits m/z and retention time	MetaboLights MTBLS697 MAF: m_MTBLS697_metabolite_profiling_mass_spectrometry_v2_maf.tsv
MTBLS697:ROW:0085	MTBLS697	CHAL-00035	YEAST-CENPK-LOWGROWTH	3-hydroxyanthranilate	60101368.0	3-hydroxyanthranilate	CHEBI:15793	C7H7NO3	Nc1c(O)cccc1C(O)=O	InChI=1S/C7H7NO3/c8-6-4(7(10)11)2-1-3-5(6)9/h1-3,9H,8H2,(H,10,11)	86	C00632	HMDB01476	Method 1	False	publisher-reported processed metabolite result	not available: source MAF omits m/z and retention time	MetaboLights MTBLS697 MAF: m_MTBLS697_metabolite_profiling_mass_spectrometry_v2_maf.tsv
MTBLS697:ROW:0086	MTBLS697	CHAL-00035	YEAST-CENPK-LOWGROWTH	3-hydroxybutyrate (BHBA)	1373428.0	3-hydroxybutyrate (BHBA)					441	C01089	HMDB00357	Method 4	False	publisher-reported processed metabolite result	not available: source MAF omits m/z and retention time	MetaboLights MTBLS697 MAF: m_MTBLS697_metabolite_profiling_mass_spectrometry_v2_maf.tsv
MTBLS697:ROW:0090	MTBLS697	CHAL-00035	YEAST-CENPK-LOWGROWTH	3-hydroxykynurenine	4459309.0	3-hydroxykynurenine	CHEBI:1547	C10H12N2O4	NC(CC(=O)c1cccc(O)c1N)C(O)=O	InChI=1S/C10H12N2O4/c11-6(10(15)16)4-8(14)5-2-1-3-7(13)9(5)12/h1-3,6,13H,4,11-12H2,(H,15,16)	89	C02794	HMDB00732	Method 1	False	publisher-reported processed metabolite result	not available: source MAF omits m/z and retention time	MetaboLights MTBLS697 MAF: m_MTBLS697_metabolite_profiling_mass_spectrometry_v2_maf.tsv
MTBLS697:ROW:0095	MTBLS697	CHAL-00035	YEAST-CENPK-LOWGROWTH	3-ketosphinganine	1033341.0	3-ketosphinganine	CHEBI:46966	C18H37NO2	CCCCCCCCCCCCCCCC(=O)C(N)CO	InChI=1S/C18H37NO2/c1-2-3-4-5-6-7-8-9-10-11-12-13-14-15-18(21)17(19)16-20/h17,20H,2-16,19H2,1H3	631	C02934	HMDB01480	Method 2	False	publisher-reported processed metabolite result	not available: source MAF omits m/z and retention time	MetaboLights MTBLS697 MAF: m_MTBLS697_metabolite_profiling_mass_spectrometry_v2_maf.tsv
MTBLS697:ROW:0098	MTBLS697	CHAL-00035	YEAST-CENPK-LOWGROWTH	3-methylcytidine	598091.0	3-methylcytidine	CHEBI:20129	C10H15N3O5	Cn1c(=N)ccn([C@@H]2O[C@H](CO)[C@@H](O)[C@H]2O)c1=O	InChI=1S/C10H15N3O5/c1-12-6(11)2-3-13(10(12)17)9-8(16)7(15)5(4-14)18-9/h2-3,5,7-9,11,14-16H,4H2,1H3/t5-,7-,8-,9-/m1/s1	159649			Method 1	False	publisher-reported processed metabolite result	not available: source MAF omits m/z and retention time	MetaboLights MTBLS697 MAF: m_MTBLS697_metabolite_profiling_mass_spectrometry_v2_maf.tsv
MTBLS697:ROW:0099	MTBLS697	CHAL-00035	YEAST-CENPK-LOWGROWTH	3-methylhistidine	4881022.0	3-methylhistidine	CHEBI:70959	C7H11N3O2	Cn1cncc1CC(N)C(O)=O	InChI=1S/C7H11N3O2/c1-10-4-9-3-5(10)2-6(8)7(11)12/h3-4,6H,2,8H2,1H3,(H,11,12)	64969	C01152	HMDB00479	Method 1	False	publisher-reported processed metabolite result	not available: source MAF omits m/z and retention time	MetaboLights MTBLS697 MAF: m_MTBLS697_metabolite_profiling_mass_spectrometry_v2_maf.tsv
MTBLS697:ROW:0100	MTBLS697	CHAL-00035	YEAST-CENPK-LOWGROWTH	3-phosphoglycerate	51592776.0	3-phosphoglycerate	CHEBI:17050	C3H7O7P	OC(COP(O)(O)=O)C(O)=O	InChI=1S/C3H7O7P/c4-2(3(5)6)1-10-11(7,8)9/h2,4H,1H2,(H,5,6)(H2,7,8,9)	724	C00597	HMDB00807	Method 4	False	publisher-reported processed metabolite result	not available: source MAF omits m/z and retention time	MetaboLights MTBLS697 MAF: m_MTBLS697_metabolite_profiling_mass_spectrometry_v2_maf.tsv
MTBLS697:ROW:0103	MTBLS697	CHAL-00035	YEAST-CENPK-LOWGROWTH	4-hydroxyphenylacetate	687739.0	4-hydroxyphenylacetate	CHEBI:18101	C8H8O3	OC(=O)Cc1ccc(O)cc1	InChI=1S/C8H8O3/c9-7-3-1-6(2-4-7)5-8(10)11/h1-4,9H,5H2,(H,10,11)	127	C00642	HMDB00020	Method 3	False	publisher-reported processed metabolite result	not available: source MAF omits m/z and retention time	MetaboLights MTBLS697 MAF: m_MTBLS697_metabolite_profiling_mass_spectrometry_v2_maf.tsv
MTBLS697:ROW:0104	MTBLS697	CHAL-00035	YEAST-CENPK-LOWGROWTH	4-hydroxyphenylpyruvate	1269197.0	4-hydroxyphenylpyruvate	CHEBI:15999	C9H8O4	OC(=O)C(=O)CC1=CC=C(O)C=C1	InChI=1S/C9H8O4/c10-7-3-1-6(2-4-7)5-8(11)9(12)13/h1-4,10H,5H2,(H,12,13)	979	C01179	HMDB00707	Method 3	False	publisher-reported processed metabolite result	not available: source MAF omits m/z and retention time	MetaboLights MTBLS697 MAF: m_MTBLS697_metabolite_profiling_mass_spectrometry_v2_maf.tsv
MTBLS697:ROW:0107	MTBLS697	CHAL-00035	YEAST-CENPK-LOWGROWTH	guanosine 5'- monophosphate (5'-GMP)	25164752.0	guanosine 5'- monophosphate (5'-GMP)					6804	C00144	HMDB01397	Method 1	False	publisher-reported processed metabolite result	not available: source MAF omits m/z and retention time	MetaboLights MTBLS697 MAF: m_MTBLS697_metabolite_profiling_mass_spectrometry_v2_maf.tsv
MTBLS697:ROW:0109	MTBLS697	CHAL-00035	YEAST-CENPK-LOWGROWTH	5-aminolevulinate	1499095.0	5-aminolevulinate	CHEBI:17549	C5H9NO3	NCC(=O)CCC(O)=O	InChI=1S/C5H9NO3/c6-3-4(7)1-2-5(8)9/h1-3,6H2,(H,8,9)	137	C00430	HMDB01149	Method 1	False	publisher-reported processed metabolite result	not available: source MAF omits m/z and retention time	MetaboLights MTBLS697 MAF: m_MTBLS697_metabolite_profiling_mass_spectrometry_v2_maf.tsv
MTBLS697:ROW:0111	MTBLS697	CHAL-00035	YEAST-CENPK-LOWGROWTH	5-methylcytidine	3604653.0	5-methylcytidine	CHEBI:20607	C10H15N3O5	Cc1cn([C@@H]2O[C@H](CO)[C@@H](O)[C@H]2O)c(=O)nc1N	InChI=1S/C10H15N3O5/c1-4-2-13(10(17)12-8(4)11)9-7(16)6(15)5(3-14)18-9/h2,5-7,9,14-16H,3H2,1H3,(H2,11,12,17)/t5-,6-,7-,9-/m1/s1	92918		HMDB00982	Method 1	False	publisher-reported processed metabolite result	not available: source MAF omits m/z and retention time	MetaboLights MTBLS697 MAF: m_MTBLS697_metabolite_profiling_mass_spectrometry_v2_maf.tsv
MTBLS697:ROW:0112	MTBLS697	CHAL-00035	YEAST-CENPK-LOWGROWTH	5-methylthioadenosine (MTA)	3068237.0	5-methylthioadenosine (MTA)					439176	C00170	HMDB01173	Method 1	False	publisher-reported processed metabolite result	not available: source MAF omits m/z and retention time	MetaboLights MTBLS697 MAF: m_MTBLS697_metabolite_profiling_mass_spectrometry_v2_maf.tsv
MTBLS697:ROW:0113	MTBLS697	CHAL-00035	YEAST-CENPK-LOWGROWTH	5-methyluridine (ribothymidine)	269832.0	5-methyluridine (ribothymidine)					445408		HMDB00884	Method 3	False	publisher-reported processed metabolite result	not available: source MAF omits m/z and retention time	MetaboLights MTBLS697 MAF: m_MTBLS697_metabolite_profiling_mass_spectrometry_v2_maf.tsv
MTBLS697:ROW:0114	MTBLS697	CHAL-00035	YEAST-CENPK-LOWGROWTH	5-oxoproline	7298175.0	5-oxoproline	CHEBI:16010	C5H7NO3	OC(=O)C1CCC(=O)N1	InChI=1S/C5H7NO3/c7-4-2-1-3(6-4)5(8)9/h3H,1-2H2,(H,6,7)(H,8,9)	7405	C01879	HMDB00267	Method 3	False	publisher-reported processed metabolite result	not available: source MAF omits m/z and retention time	MetaboLights MTBLS697 MAF: m_MTBLS697_metabolite_profiling_mass_spectrometry_v2_maf.tsv
MTBLS697:ROW:0115	MTBLS697	CHAL-00035	YEAST-CENPK-LOWGROWTH	6-oxopiperidine-2-carboxylate	252551.0	6-oxopiperidine-2-carboxylate	CHEBI:87998	C6H9NO3	O=C(O)C1CCCC(=O)N1	InChI=1S/C6H9NO3/c8-5-3-1-2-4(7-5)6(9)10/h4H,1-3H2,(H,7,8)(H,9,10)	3014237		HMDB61705	Method 3	False	publisher-reported processed metabolite result	not available: source MAF omits m/z and retention time	MetaboLights MTBLS697 MAF: m_MTBLS697_metabolite_profiling_mass_spectrometry_v2_maf.tsv
MTBLS697:ROW:0116	MTBLS697	CHAL-00035	YEAST-CENPK-LOWGROWTH	6-phosphogluconate	215815.0	6-phosphogluconate	CHEBI:48928	C6H13O10P	O[C@H](COP(O)(O)=O)[C@@H](O)[C@H](O)[C@@H](O)C(O)=O	InChI=1S/C6H13O10P/c7-2(1-16-17(13,14)15)3(8)4(9)5(10)6(11)12/h2-5,7-10H,1H2,(H,11,12)(H2,13,14,15)/t2-,3-,4+,5-/m1/s1	91493	C00345	HMDB01316	Method 3	False	publisher-reported processed metabolite result	not available: source MAF omits m/z and retention time	MetaboLights MTBLS697 MAF: m_MTBLS697_metabolite_profiling_mass_spectrometry_v2_maf.tsv
MTBLS697:ROW:0117	MTBLS697	CHAL-00035	YEAST-CENPK-LOWGROWTH	7-methylguanine	8823501.0	7-methylguanine	CHEBI:2274	C6H7N5O			11361	C02242	HMDB00897	Method 1	False	publisher-reported processed metabolite result	not available: source MAF omits m/z and retention time	MetaboLights MTBLS697 MAF: m_MTBLS697_metabolite_profiling_mass_spectrometry_v2_maf.tsv
MTBLS697:ROW:0120	MTBLS697	CHAL-00035	YEAST-CENPK-LOWGROWTH	acetyl CoA	411604.0	acetyl CoA	CHEBI:15351	C23H38N7O17P3S	CC(=O)SCCNC(=O)CCNC(=O)[C@H](O)C(C)(C)COP(O)(=O)OP(O)(=O)OC[C@H]1O[C@H]([C@H](O)[C@@H]1OP(O)(O)=O)n1cnc2c(N)ncnc12	InChI=1S/C23H38N7O17P3S/c1-12(31)51-7-6-25-14(32)4-5-26-21(35)18(34)23(2,3)9-44-50(41,42)47-49(39,40)43-8-13-17(46-48(36,37)38)16(33)22(45-13)30-11-29-15-19(24)27-10-28-20(15)30/h10-11,13,16-18,22,33-34H,4-9H2,1-3H3,(H,25,32)(H,26,35)(H,39,40)(H,41,42)(H2,24,27,28)(H2,36,37,38)/t13-,16-,17-,18+,22-/m1/s1	444493	C00024	HMDB01206	Method 3	False	publisher-reported processed metabolite result	not available: source MAF omits m/z and retention time	MetaboLights MTBLS697 MAF: m_MTBLS697_metabolite_profiling_mass_spectrometry_v2_maf.tsv
MTBLS697:ROW:0121	MTBLS697	CHAL-00035	YEAST-CENPK-LOWGROWTH	acetylphosphate	2861959.0	acetylphosphate	CHEBI:15350	C2H5O5P	CC(=O)OP(O)(O)=O	InChI=1S/C2H5O5P/c1-2(3)7-8(4,5)6/h1H3,(H2,4,5,6)	186	C00227	HMDB01494	Method 4	False	publisher-reported processed metabolite result	not available: source MAF omits m/z and retention time	MetaboLights MTBLS697 MAF: m_MTBLS697_metabolite_profiling_mass_spectrometry_v2_maf.tsv
MTBLS697:ROW:0122	MTBLS697	CHAL-00035	YEAST-CENPK-LOWGROWTH	adenine	24475792.0	adenine	CHEBI:16708	C5H5N5	Nc1ncnc2[nH]cnc12	InChI=1S/C5H5N5/c6-4-3-5(9-1-7-3)10-2-8-4/h1-2H,(H3,6,7,8,9,10)	190	C00147	HMDB00034	Method 1	False	publisher-reported processed metabolite result	not available: source MAF omits m/z and retention time	MetaboLights MTBLS697 MAF: m_MTBLS697_metabolite_profiling_mass_spectrometry_v2_maf.tsv
MTBLS697:ROW:0123	MTBLS697	CHAL-00035	YEAST-CENPK-LOWGROWTH	adenosine	2507024128.0	adenosine	CHEBI:16335	C10H13N5O4	Nc1ncnc2n(cnc12)[C@@H]1O[C@H](CO)[C@@H](O)[C@H]1O	InChI=1S/C10H13N5O4/c11-8-5-9(13-2-12-8)15(3-14-5)10-7(18)6(17)4(1-16)19-10/h2-4,6-7,10,16-18H,1H2,(H2,11,12,13)/t4-,6-,7-,10-/m1/s1	60961	C00212	HMDB00050	Method 1	False	publisher-reported processed metabolite result	not available: source MAF omits m/z and retention time	MetaboLights MTBLS697 MAF: m_MTBLS697_metabolite_profiling_mass_spectrometry_v2_maf.tsv
MTBLS697:ROW:0125	MTBLS697	CHAL-00035	YEAST-CENPK-LOWGROWTH	adenosine-2',3'-cyclic monophosphate	1058358.0	adenosine-2',3'-cyclic monophosphate					2024	C02353	HMDB11616	Method 3	False	publisher-reported processed metabolite result	not available: source MAF omits m/z and retention time	MetaboLights MTBLS697 MAF: m_MTBLS697_metabolite_profiling_mass_spectrometry_v2_maf.tsv
MTBLS697:ROW:0127	MTBLS697	CHAL-00035	YEAST-CENPK-LOWGROWTH	adenosine 5'-diphosphate (ADP)	890363.0	adenosine 5'-diphosphate (ADP)					6022	C00008	HMDB01341	Method 3	False	publisher-reported processed metabolite result	not available: source MAF omits m/z and retention time	MetaboLights MTBLS697 MAF: m_MTBLS697_metabolite_profiling_mass_spectrometry_v2_maf.tsv
MTBLS697:ROW:0129	MTBLS697	CHAL-00035	YEAST-CENPK-LOWGROWTH	alanine	486774272.0	alanine	CHEBI:16449	C3H7NO2	CC(N)C(O)=O	InChI=1S/C3H7NO2/c1-2(4)3(5)6/h2H,4H2,1H3,(H,5,6)	5950	C00041	HMDB00161	Method 1	False	publisher-reported processed metabolite result	not available: source MAF omits m/z and retention time	MetaboLights MTBLS697 MAF: m_MTBLS697_metabolite_profiling_mass_spectrometry_v2_maf.tsv
MTBLS697:ROW:0130	MTBLS697	CHAL-00035	YEAST-CENPK-LOWGROWTH	alanylleucine	894144.0	alanylleucine	CHEBI:177395	C9H18N2O3	OC(=O)C(NC(=O)C(N)C)CC(C)C	InChI=1S/C9H18N2O3/c1-5(2)4-7(9(13)14)11-8(12)6(3)10/h5-7H,4,10H2,1-3H3,(H,11,12)(H,13,14)	259583		HMDB28691	Method 1	False	publisher-reported processed metabolite result	not available: source MAF omits m/z and retention time	MetaboLights MTBLS697 MAF: m_MTBLS697_metabolite_profiling_mass_spectrometry_v2_maf.tsv
MTBLS697:ROW:0133	MTBLS697	CHAL-00035	YEAST-CENPK-LOWGROWTH	alpha-hydroxyisocaproate	999205.0	alpha-hydroxyisocaproate	CHEBI:59783	C6H12O3	C(C(C(O)=O)O)C(C)C	InChI=1S/C6H12O3/c1-4(2)3-5(7)6(8)9/h4-5,7H,3H2,1-2H3,(H,8,9)	83697	C03264	HMDB00746	Method 3	False	publisher-reported processed metabolite result	not available: source MAF omits m/z and retention time	MetaboLights MTBLS697 MAF: m_MTBLS697_metabolite_profiling_mass_spectrometry_v2_maf.tsv
MTBLS697:ROW:0134	MTBLS697	CHAL-00035	YEAST-CENPK-LOWGROWTH	alpha-hydroxyisovalerate	14584518.0	alpha-hydroxyisovalerate	CHEBI:60645	C5H10O3	CC(C)C(O)C(O)=O	InChI=1S/C5H10O3/c1-3(2)4(6)5(7)8/h3-4,6H,1-2H3,(H,7,8)	99823		HMDB00407	Method 4	False	publisher-reported processed metabolite result	not available: source MAF omits m/z and retention time	MetaboLights MTBLS697 MAF: m_MTBLS697_metabolite_profiling_mass_spectrometry_v2_maf.tsv
MTBLS697:ROW:0135	MTBLS697	CHAL-00035	YEAST-CENPK-LOWGROWTH	alpha-ketoglutarate	95987136.0	alpha-ketoglutarate	CHEBI:30915	C5H6O5	OC(=O)CCC(=O)C(O)=O	InChI=1S/C5H6O5/c6-3(5(9)10)1-2-4(7)8/h1-2H2,(H,7,8)(H,9,10)	51	C00026	HMDB00208	Method 4	False	publisher-reported processed metabolite result	not available: source MAF omits m/z and retention time	MetaboLights MTBLS697 MAF: m_MTBLS697_metabolite_profiling_mass_spectrometry_v2_maf.tsv
MTBLS697:ROW:0136	MTBLS697	CHAL-00035	YEAST-CENPK-LOWGROWTH	adenosine 5'-monophosphate (AMP)	664257600.0	adenosine 5'-monophosphate (AMP)					6083	C00020	HMDB00045	Method 1	False	publisher-reported processed metabolite result	not available: source MAF omits m/z and retention time	MetaboLights MTBLS697 MAF: m_MTBLS697_metabolite_profiling_mass_spectrometry_v2_maf.tsv
MTBLS697:ROW:0137	MTBLS697	CHAL-00035	YEAST-CENPK-LOWGROWTH	anthranilate	371732.0	anthranilate	CHEBI:30754	C7H7NO2	Nc1ccccc1C(O)=O	InChI=1S/C7H7NO2/c8-6-4-2-1-3-5(6)7(9)10/h1-4H,8H2,(H,9,10)	227	C00108	HMDB01123	Method 1	False	publisher-reported processed metabolite result	not available: source MAF omits m/z and retention time	MetaboLights MTBLS697 MAF: m_MTBLS697_metabolite_profiling_mass_spectrometry_v2_maf.tsv
MTBLS697:ROW:0138	MTBLS697	CHAL-00035	YEAST-CENPK-LOWGROWTH	arabinose	766078.0	arabinose	CHEBI:22599	C5H10O5			66308	C00216	HMDB00646	Method 4	False	publisher-reported processed metabolite result	not available: source MAF omits m/z and retention time	MetaboLights MTBLS697 MAF: m_MTBLS697_metabolite_profiling_mass_spectrometry_v2_maf.tsv
MTBLS697:ROW:0139	MTBLS697	CHAL-00035	YEAST-CENPK-LOWGROWTH	arabitol/xylitol	329131.0	arabitol/xylitol	CHEBI:17151	C5H12O5	OC[C@H](O)[C@@H](O)[C@H](O)CO	InChI=1S/C5H12O5/c6-1-3(8)5(10)4(9)2-7/h3-10H,1-2H2/t3-,4+,5+	6912	C01904		Method 4	False	publisher-reported processed metabolite result	not available: source MAF omits m/z and retention time	MetaboLights MTBLS697 MAF: m_MTBLS697_metabolite_profiling_mass_spectrometry_v2_maf.tsv
MTBLS697:ROW:0140	MTBLS697	CHAL-00035	YEAST-CENPK-LOWGROWTH	arabonate/xylonate	30527516.0	arabonate/xylonate	CHEBI:48093	C5H10O6	OC[C@@H](O)[C@H](O)[C@@H](O)C(O)=O	InChI=1S/C5H10O6/c6-1-2(7)3(8)4(9)5(10)11/h2-4,6-9H,1H2,(H,10,11)/t2-,3+,4-/m1/s1				Method 4	False	publisher-reported processed metabolite result	not available: source MAF omits m/z and retention time	MetaboLights MTBLS697 MAF: m_MTBLS697_metabolite_profiling_mass_spectrometry_v2_maf.tsv
MTBLS697:ROW:0141	MTBLS697	CHAL-00035	YEAST-CENPK-LOWGROWTH	arachidate (20:0)	3833653.0	arachidate (20:0)					10467	C06425	HMDB02212	Method 3	False	publisher-reported processed metabolite result	not available: source MAF omits m/z and retention time	MetaboLights MTBLS697 MAF: m_MTBLS697_metabolite_profiling_mass_spectrometry_v2_maf.tsv
MTBLS697:ROW:0142	MTBLS697	CHAL-00035	YEAST-CENPK-LOWGROWTH	argininate*	3758391.0	argininate*	CHEBI:29016	C6H14N4O2	NC(CCCNC(N)=N)C(O)=O	InChI=1S/C6H14N4O2/c7-4(5(11)12)2-1-3-10-6(8)9/h4H,1-3,7H2,(H,11,12)(H4,8,9,10)	160437		HMDB03148	Method 1	False	publisher-reported processed metabolite result	not available: source MAF omits m/z and retention time	MetaboLights MTBLS697 MAF: m_MTBLS697_metabolite_profiling_mass_spectrometry_v2_maf.tsv
MTBLS697:ROW:0143	MTBLS697	CHAL-00035	YEAST-CENPK-LOWGROWTH	arginine	2012052224.0	arginine	CHEBI:29016	C6H14N4O2	NC(CCCNC(N)=N)C(O)=O	InChI=1S/C6H14N4O2/c7-4(5(11)12)2-1-3-10-6(8)9/h4H,1-3,7H2,(H,11,12)(H4,8,9,10)	232	C00062	HMDB00517	Method 1	False	publisher-reported processed metabolite result	not available: source MAF omits m/z and retention time	MetaboLights MTBLS697 MAF: m_MTBLS697_metabolite_profiling_mass_spectrometry_v2_maf.tsv
MTBLS697:ROW:0144	MTBLS697	CHAL-00035	YEAST-CENPK-LOWGROWTH	argininosuccinate	9894289.0	argininosuccinate	CHEBI:184023	C10H18N4O6	OC(=O)[C@@H](N)CCC/N=C(/N[C@@H](CC(O)=O)C(O)=O)\N	InChI=1S/C10H18N4O6/c11-5(8(17)18)2-1-3-13-10(12)14-6(9(19)20)4-7(15)16/h5-6H,1-4,11H2,(H,15,16)(H,17,18)(H,19,20)(H3,12,13,14)/t5-,6-/m0/s1	828	C03406	HMDB00052	Method 1	False	publisher-reported processed metabolite result	not available: source MAF omits m/z and retention time	MetaboLights MTBLS697 MAF: m_MTBLS697_metabolite_profiling_mass_spectrometry_v2_maf.tsv
MTBLS697:ROW:0145	MTBLS697	CHAL-00035	YEAST-CENPK-LOWGROWTH	asparagine	318601728.0	asparagine	CHEBI:22653	C4H8N2O3	NC(CC(N)=O)C(O)=O	InChI=1S/C4H8N2O3/c5-2(4(8)9)1-3(6)7/h2H,1,5H2,(H2,6,7)(H,8,9)	6267	C00152	HMDB00168	Method 1	False	publisher-reported processed metabolite result	not available: source MAF omits m/z and retention time	MetaboLights MTBLS697 MAF: m_MTBLS697_metabolite_profiling_mass_spectrometry_v2_maf.tsv
MTBLS697:ROW:0146	MTBLS697	CHAL-00035	YEAST-CENPK-LOWGROWTH	aspartate	560782528.0	aspartate	CHEBI:22660	C4H7NO4	NC(CC(O)=O)C(O)=O	InChI=1S/C4H7NO4/c5-2(4(8)9)1-3(6)7/h2H,1,5H2,(H,6,7)(H,8,9)	5960	C00049	HMDB00191	Method 1	False	publisher-reported processed metabolite result	not available: source MAF omits m/z and retention time	MetaboLights MTBLS697 MAF: m_MTBLS697_metabolite_profiling_mass_spectrometry_v2_maf.tsv
MTBLS697:ROW:0147	MTBLS697	CHAL-00035	YEAST-CENPK-LOWGROWTH	beta-hydroxyisovalerate	356801.0	beta-hydroxyisovalerate	CHEBI:37084	C5H10O3	CC(C)(O)CC(O)=O	InChI=1S/C5H10O3/c1-5(2,8)3-4(6)7/h8H,3H2,1-2H3,(H,6,7)	69362		HMDB00754	Method 4	False	publisher-reported processed metabolite result	not available: source MAF omits m/z and retention time	MetaboLights MTBLS697 MAF: m_MTBLS697_metabolite_profiling_mass_spectrometry_v2_maf.tsv
MTBLS697:ROW:0148	MTBLS697	CHAL-00035	YEAST-CENPK-LOWGROWTH	betaine	4453262.0	betaine	CHEBI:17750	C5H11NO2	C[N+](C)(C)CC([O-])=O	InChI=1S/C5H11NO2/c1-6(2,3)4-5(7)8/h4H2,1-3H3	247	C00719	HMDB00043	Method 1	False	publisher-reported processed metabolite result	not available: source MAF omits m/z and retention time	MetaboLights MTBLS697 MAF: m_MTBLS697_metabolite_profiling_mass_spectrometry_v2_maf.tsv
MTBLS697:ROW:0149	MTBLS697	CHAL-00035	YEAST-CENPK-LOWGROWTH	biliverdin	1691868.0	biliverdin	CHEBI:17033	C33H34N4O6	CC1=C(CCC(O)=O)\C(/N=C1/C=C1NC(=O)C(C=C)=C/1C)=C\c1[nH]c(\C=C2NC(=O)C(C)=C/2C=C)c(C)c1CCC(O)=O	InChI=1S/C33H34N4O6/c1-7-20-19(6)32(42)37-27(20)14-25-18(5)23(10-12-31(40)41)29(35-25)15-28-22(9-11-30(38)39)17(4)24(34-28)13-26-16(3)21(8-2)33(43)36-26/h7-8,13-15,35H,1-2,9-12H2,3-6H3,(H,36,43)(H,37,42)(H,38,39)(H,40,41)/b26-13-,27-14-,28-15-	5353439	C00500	HMDB01008	Method 2	False	publisher-reported processed metabolite result	not available: source MAF omits m/z and retention time	MetaboLights MTBLS697 MAF: m_MTBLS697_metabolite_profiling_mass_spectrometry_v2_maf.tsv
MTBLS697:ROW:0150	MTBLS697	CHAL-00035	YEAST-CENPK-LOWGROWTH	biotin	2874420.0	biotin	CHEBI:15956	C10H16N2O3S	[H][C@]12CS[C@@H](CCCCC(O)=O)[C@@]1([H])NC(=O)N2	InChI=1S/C10H16N2O3S/c13-8(14)4-2-1-3-7-9-6(5-16-7)11-10(15)12-9/h6-7,9H,1-5H2,(H,13,14)(H2,11,12,15)/t6-,7-,9-/m0/s1	171548	C00120	HMDB00030	Method 1	False	publisher-reported processed metabolite result	not available: source MAF omits m/z and retention time	MetaboLights MTBLS697 MAF: m_MTBLS697_metabolite_profiling_mass_spectrometry_v2_maf.tsv
MTBLS697:ROW:0151	MTBLS697	CHAL-00035	YEAST-CENPK-LOWGROWTH	butyryl/isobutyryl CoA	463851.0	butyryl/isobutyryl CoA	CHEBI:15479	C25H42N7O17P3S	CC(C)C(=O)SCCNC(=O)CCNC(=O)[C@H](O)C(C)(C)COP(O)(=O)OP(O)(=O)OC[C@H]1O[C@H]([C@H](O)[C@@H]1OP(O)(O)=O)n1cnc2c(N)ncnc12	InChI=1S/C25H42N7O17P3S/c1-13(2)24(37)53-8-7-27-15(33)5-6-28-22(36)19(35)25(3,4)10-46-52(43,44)49-51(41,42)45-9-14-18(48-50(38,39)40)17(34)23(47-14)32-12-31-16-20(26)29-11-30-21(16)32/h11-14,17-19,23,34-35H,5-10H2,1-4H3,(H,27,33)(H,28,36)(H,41,42)(H,43,44)(H2,26,29,30)(H2,38,39,40)/t14-,17-,18-,19+,23-/m1/s1				Method 3	False	publisher-reported processed metabolite result	not available: source MAF omits m/z and retention time	MetaboLights MTBLS697 MAF: m_MTBLS697_metabolite_profiling_mass_spectrometry_v2_maf.tsv
MTBLS697:ROW:0153	MTBLS697	CHAL-00035	YEAST-CENPK-LOWGROWTH	caprate (10:0)	3742502.0	caprate (10:0)					2969	C01571	HMDB00511	Method 3	False	publisher-reported processed metabolite result	not available: source MAF omits m/z and retention time	MetaboLights MTBLS697 MAF: m_MTBLS697_metabolite_profiling_mass_spectrometry_v2_maf.tsv
MTBLS697:ROW:0156	MTBLS697	CHAL-00035	YEAST-CENPK-LOWGROWTH	cytidine 5'-diphosphocholine	362758.0	cytidine 5'-diphosphocholine	CHEBI:16436	C14H26N4O11P2	C[N+](C)(C)CCOP([O-])(=O)OP(O)(=O)OC[C@H]1O[C@H]([C@H](O)[C@@H]1O)n1ccc(N)nc1=O	InChI=1S/C14H26N4O11P2/c1-18(2,3)6-7-26-30(22,23)29-31(24,25)27-8-9-11(19)12(20)13(28-9)17-5-4-10(15)16-14(17)21/h4-5,9,11-13,19-20H,6-8H2,1-3H3,(H3-,15,16,21,22,23,24,25)/t9-,11-,12-,13-/m1/s1	13804	C00307	HMDB01413	Method 1	False	publisher-reported processed metabolite result	not available: source MAF omits m/z and retention time	MetaboLights MTBLS697 MAF: m_MTBLS697_metabolite_profiling_mass_spectrometry_v2_maf.tsv
MTBLS697:ROW:0157	MTBLS697	CHAL-00035	YEAST-CENPK-LOWGROWTH	choline	73392080.0	choline	CHEBI:15354	C5H14NO+	C[N+](C)(C)CCO	InChI=1S/C5H14NO/c1-6(2,3)4-5-7/h7H,4-5H2,1-3H3/q+1	305	C00114	HMDB00097	Method 1	False	publisher-reported processed metabolite result	not available: source MAF omits m/z and retention time	MetaboLights MTBLS697 MAF: m_MTBLS697_metabolite_profiling_mass_spectrometry_v2_maf.tsv
MTBLS697:ROW:0158	MTBLS697	CHAL-00035	YEAST-CENPK-LOWGROWTH	citrate	215062352.0	citrate	CHEBI:30769	C6H8O7	OC(=O)CC(O)(CC(O)=O)C(O)=O	InChI=1S/C6H8O7/c7-3(8)1-6(13,5(11)12)2-4(9)10/h13H,1-2H2,(H,7,8)(H,9,10)(H,11,12)	311	C00158	HMDB00094	Method 3	False	publisher-reported processed metabolite result	not available: source MAF omits m/z and retention time	MetaboLights MTBLS697 MAF: m_MTBLS697_metabolite_profiling_mass_spectrometry_v2_maf.tsv
MTBLS697:ROW:0159	MTBLS697	CHAL-00035	YEAST-CENPK-LOWGROWTH	citrulline	29964448.0	citrulline	CHEBI:18211	C6H13N3O3	NC(CCCNC(N)=O)C(O)=O	InChI=1S/C6H13N3O3/c7-4(5(10)11)2-1-3-9-6(8)12/h4H,1-3,7H2,(H,10,11)(H3,8,9,12)	9750	C00327	HMDB00904	Method 1	False	publisher-reported processed metabolite result	not available: source MAF omits m/z and retention time	MetaboLights MTBLS697 MAF: m_MTBLS697_metabolite_profiling_mass_spectrometry_v2_maf.tsv
MTBLS697:ROW:0160	MTBLS697	CHAL-00035	YEAST-CENPK-LOWGROWTH	cytidine 5'-monophosphate (5'-CMP)	35249684.0	cytidine 5'-monophosphate (5'-CMP)					6131	C00055	HMDB00095	Method 1	False	publisher-reported processed metabolite result	not available: source MAF omits m/z and retention time	MetaboLights MTBLS697 MAF: m_MTBLS697_metabolite_profiling_mass_spectrometry_v2_maf.tsv
MTBLS697:ROW:0161	MTBLS697	CHAL-00035	YEAST-CENPK-LOWGROWTH	coenzyme A	2936871.0	coenzyme A	CHEBI:15346	C21H36N7O16P3S	CC(C)(COP(O)(=O)OP(O)(=O)OC[C@H]1O[C@H]([C@H](O)[C@@H]1OP(O)(O)=O)n1cnc2c(N)ncnc12)[C@@H](O)C(=O)NCCC(=O)NCCS	InChI=1S/C21H36N7O16P3S/c1-21(2,16(31)19(32)24-4-3-12(29)23-5-6-48)8-41-47(38,39)44-46(36,37)40-7-11-15(43-45(33,34)35)14(30)20(42-11)28-10-27-13-17(22)25-9-26-18(13)28/h9-11,14-16,20,30-31,48H,3-8H2,1-2H3,(H,23,29)(H,24,32)(H,36,37)(H,38,39)(H2,22,25,26)(H2,33,34,35)/t11-,14-,15-,16+,20-/m1/s1	317	C00010	HMDB01423	Method 3	False	publisher-reported processed metabolite result	not available: source MAF omits m/z and retention time	MetaboLights MTBLS697 MAF: m_MTBLS697_metabolite_profiling_mass_spectrometry_v2_maf.tsv
MTBLS697:ROW:0162	MTBLS697	CHAL-00035	YEAST-CENPK-LOWGROWTH	cystathionine	3013553.0	cystathionine	CHEBI:17755	C7H14N2O4S	NC(CCSCC(N)C(O)=O)C(O)=O	InChI=1S/C7H14N2O4S/c8-4(6(10)11)1-2-14-3-5(9)7(12)13/h4-5H,1-3,8-9H2,(H,10,11)(H,12,13)	439258	C02291	HMDB00099	Method 1	False	publisher-reported processed metabolite result	not available: source MAF omits m/z and retention time	MetaboLights MTBLS697 MAF: m_MTBLS697_metabolite_profiling_mass_spectrometry_v2_maf.tsv
MTBLS697:ROW:0163	MTBLS697	CHAL-00035	YEAST-CENPK-LOWGROWTH	cysteine	33174604.0	cysteine	CHEBI:15356	C3H7NO2S	NC(CS)C(O)=O	InChI=1S/C3H7NO2S/c4-2(1-7)3(5)6/h2,7H,1,4H2,(H,5,6)	5862	C00097	HMDB00574	Method 1	False	publisher-reported processed metabolite result	not available: source MAF omits m/z and retention time	MetaboLights MTBLS697 MAF: m_MTBLS697_metabolite_profiling_mass_spectrometry_v2_maf.tsv
MTBLS697:ROW:0164	MTBLS697	CHAL-00035	YEAST-CENPK-LOWGROWTH	cysteine-glutathione disulfide	1798886.0	cysteine-glutathione disulfide	CHEBI:143243	C13H22N4O8S2	S(SCC(N)C(O)=O)C[C@H](NC(=O)CC[C@H](N)C(O)=O)C(=O)NCC(O)=O	InChI=1S/C13H22N4O8S2/c14-6(12(22)23)1-2-9(18)17-8(11(21)16-3-10(19)20)5-27-26-4-7(15)13(24)25/h6-8H,1-5,14-15H2,(H,16,21)(H,17,18)(H,19,20)(H,22,23)(H,24,25)/t6-,7?,8-/m0/s1	4247235		HMDB00656	Method 1	False	publisher-reported processed metabolite result	not available: source MAF omits m/z and retention time	MetaboLights MTBLS697 MAF: m_MTBLS697_metabolite_profiling_mass_spectrometry_v2_maf.tsv
MTBLS697:ROW:0165	MTBLS697	CHAL-00035	YEAST-CENPK-LOWGROWTH	cysteinylglycine	31881398.0	cysteinylglycine	CHEBI:4047	C5H10N2O3S	N[C@@H](CS)C(=O)NCC(O)=O	InChI=1S/C5H10N2O3S/c6-3(2-11)5(10)7-1-4(8)9/h3,11H,1-2,6H2,(H,7,10)(H,8,9)/t3-/m0/s1	439498	C01419	HMDB00078	Method 1	False	publisher-reported processed metabolite result	not available: source MAF omits m/z and retention time	MetaboLights MTBLS697 MAF: m_MTBLS697_metabolite_profiling_mass_spectrometry_v2_maf.tsv
MTBLS697:ROW:0166	MTBLS697	CHAL-00035	YEAST-CENPK-LOWGROWTH	cytidine	7377270.0	cytidine	CHEBI:17562	C9H13N3O5	Nc1ccn([C@@H]2O[C@H](CO)[C@@H](O)[C@H]2O)c(=O)n1	InChI=1S/C9H13N3O5/c10-5-1-2-12(9(16)11-5)8-7(15)6(14)4(3-13)17-8/h1-2,4,6-8,13-15H,3H2,(H2,10,11,16)/t4-,6-,7-,8-/m1/s1	6175	C00475	HMDB00089	Method 3	False	publisher-reported processed metabolite result	not available: source MAF omits m/z and retention time	MetaboLights MTBLS697 MAF: m_MTBLS697_metabolite_profiling_mass_spectrometry_v2_maf.tsv
MTBLS697:ROW:0167	MTBLS697	CHAL-00035	YEAST-CENPK-LOWGROWTH	cytidine 2',3'-cyclic monophosphate	3109654.0	cytidine 2',3'-cyclic monophosphate	CHEBI:177258	C9H12N3O7P	P1(O[C@]2([C@@](O1)(C(O[C@@H]2CO)N3C=CC(=NC3=O)N)[H])[H])(O)=O	InChI=1S/C9H12N3O7P/c10-5-1-2-12(9(14)11-5)8-7-6(4(3-13)17-8)18-20(15,16)19-7/h1-2,4,6-8,13H,3H2,(H,15,16)(H2,10,11,14)/t4-,6-,7-,8?/m1/s1	417654	C02354	HMDB11691	Method 3	False	publisher-reported processed metabolite result	not available: source MAF omits m/z and retention time	MetaboLights MTBLS697 MAF: m_MTBLS697_metabolite_profiling_mass_spectrometry_v2_maf.tsv
MTBLS697:ROW:0169	MTBLS697	CHAL-00035	YEAST-CENPK-LOWGROWTH	2'-deoxycytidine 5'-monophosphate	834749.0	2'-deoxycytidine 5'-monophosphate	CHEBI:15918	C9H14N3O7P	Nc1ccn([C@H]2C[C@H](O)[C@@H](COP(O)(O)=O)O2)c(=O)n1	InChI=1S/C9H14N3O7P/c10-7-1-2-12(9(14)11-7)8-3-5(13)6(19-8)4-18-20(15,16)17/h1-2,5-6,8,13H,3-4H2,(H2,10,11,14)(H2,15,16,17)/t5-,6+,8+/m0/s1	13945	C00239	HMDB01202	Method 1	False	publisher-reported processed metabolite result	not available: source MAF omits m/z and retention time	MetaboLights MTBLS697 MAF: m_MTBLS697_metabolite_profiling_mass_spectrometry_v2_maf.tsv
MTBLS697:ROW:0171	MTBLS697	CHAL-00035	YEAST-CENPK-LOWGROWTH	diacetylchitobiose	1816883.0	diacetylchitobiose	CHEBI:28681	C16H28N2O11	CC(=O)N[C@H]1C(O)O[C@H](CO)[C@@H](O[C@@H]2O[C@H](CO)[C@@H](O)[C@H](O)[C@H]2NC(C)=O)[C@@H]1O	InChI=1S/C16H28N2O11/c1-5(21)17-9-13(25)14(8(4-20)27-15(9)26)29-16-10(18-6(2)22)12(24)11(23)7(3-19)28-16/h7-16,19-20,23-26H,3-4H2,1-2H3,(H,17,21)(H,18,22)/t7-,8-,9-,10-,11-,12-,13-,14-,15?,16+/m1/s1	439544	C01674	HMDB03556	Method 1	False	publisher-reported processed metabolite result	not available: source MAF omits m/z and retention time	MetaboLights MTBLS697 MAF: m_MTBLS697_metabolite_profiling_mass_spectrometry_v2_maf.tsv
MTBLS697:ROW:0172	MTBLS697	CHAL-00035	YEAST-CENPK-LOWGROWTH	diacylglycerol (14:0/18:1, 16:0/16:1) [2]*	281573.0	diacylglycerol (14:0/18:1, 16:0/16:1) [2]*								Method 2	False	publisher-reported processed metabolite result	not available: source MAF omits m/z and retention time	MetaboLights MTBLS697 MAF: m_MTBLS697_metabolite_profiling_mass_spectrometry_v2_maf.tsv
MTBLS697:ROW:0173	MTBLS697	CHAL-00035	YEAST-CENPK-LOWGROWTH	dihomo-linoleate (20:2n6)	388707.0	dihomo-linoleate (20:2n6)		C20H35O2-			6439848	C16525	HMDB05060	Method 3	False	publisher-reported processed metabolite result	not available: source MAF omits m/z and retention time	MetaboLights MTBLS697 MAF: m_MTBLS697_metabolite_profiling_mass_spectrometry_v2_maf.tsv
MTBLS697:ROW:0175	MTBLS697	CHAL-00035	YEAST-CENPK-LOWGROWTH	dihydroxyacetone phosphate (DHAP)	2807860.0	dihydroxyacetone phosphate (DHAP)					668	C00111	HMDB01473	Method 1	False	publisher-reported processed metabolite result	not available: source MAF omits m/z and retention time	MetaboLights MTBLS697 MAF: m_MTBLS697_metabolite_profiling_mass_spectrometry_v2_maf.tsv
MTBLS697:ROW:0176	MTBLS697	CHAL-00035	YEAST-CENPK-LOWGROWTH	dimethylarginine (SDMA + ADMA)	230816704.0	dimethylarginine (SDMA + ADMA)					123831	C03626	HMDB01539	Method 1	False	publisher-reported processed metabolite result	not available: source MAF omits m/z and retention time	MetaboLights MTBLS697 MAF: m_MTBLS697_metabolite_profiling_mass_spectrometry_v2_maf.tsv
MTBLS697:ROW:0177	MTBLS697	CHAL-00035	YEAST-CENPK-LOWGROWTH	eicosanoylsphingosine (d20:1)*	557009.0	eicosanoylsphingosine (d20:1)*								Method 2	False	publisher-reported processed metabolite result	not available: source MAF omits m/z and retention time	MetaboLights MTBLS697 MAF: m_MTBLS697_metabolite_profiling_mass_spectrometry_v2_maf.tsv
MTBLS697:ROW:0178	MTBLS697	CHAL-00035	YEAST-CENPK-LOWGROWTH	eicosenoate (20:1)	12190003.0	eicosenoate (20:1)					5282768	C16526	HMDB02231	Method 3	False	publisher-reported processed metabolite result	not available: source MAF omits m/z and retention time	MetaboLights MTBLS697 MAF: m_MTBLS697_metabolite_profiling_mass_spectrometry_v2_maf.tsv
MTBLS697:ROW:0179	MTBLS697	CHAL-00035	YEAST-CENPK-LOWGROWTH	ergosterol	61136088.0	ergosterol	CHEBI:16933	C28H44O	[H][C@@]1(CC[C@@]2([H])C3=CC=C4C[C@@H](O)CC[C@]4(C)[C@@]3([H])CC[C@]12C)[C@H](C)\C=C\[C@H](C)C(C)C	InChI=1S/C28H44O/c1-18(2)19(3)7-8-20(4)24-11-12-25-23-10-9-21-17-22(29)13-15-27(21,5)26(23)14-16-28(24,25)6/h7-10,18-20,22,24-26,29H,11-17H2,1-6H3/b8-7+/t19-,20+,22-,24+,25-,26-,27-,28+/m0/s1	444679	C01694	HMDB00878	Method 2	False	publisher-reported processed metabolite result	not available: source MAF omits m/z and retention time	MetaboLights MTBLS697 MAF: m_MTBLS697_metabolite_profiling_mass_spectrometry_v2_maf.tsv
MTBLS697:ROW:0180	MTBLS697	CHAL-00035	YEAST-CENPK-LOWGROWTH	erucate (22:1n9)	434338.0	erucate (22:1n9)					5281116	C08316	HMDB02068	Method 3	False	publisher-reported processed metabolite result	not available: source MAF omits m/z and retention time	MetaboLights MTBLS697 MAF: m_MTBLS697_metabolite_profiling_mass_spectrometry_v2_maf.tsv
MTBLS697:ROW:0181	MTBLS697	CHAL-00035	YEAST-CENPK-LOWGROWTH	erythro-imidazole-glycerol-phosphate	292123.0	erythro-imidazole-glycerol-phosphate	CHEBI:17805	C6H11N2O6P	O[C@H](COP(O)(O)=O)[C@@H](O)c1c[nH]cn1	InChI=1S/C6H11N2O6P/c9-5(2-14-15(11,12)13)6(10)4-1-7-3-8-4/h1,3,5-6,9-10H,2H2,(H,7,8)(H2,11,12,13)/t5-,6+/m1/s1	440431	C04666	HMDB12208	Method 1	False	publisher-reported processed metabolite result	not available: source MAF omits m/z and retention time	MetaboLights MTBLS697 MAF: m_MTBLS697_metabolite_profiling_mass_spectrometry_v2_maf.tsv
MTBLS697:ROW:0182	MTBLS697	CHAL-00035	YEAST-CENPK-LOWGROWTH	erythronate*	57960368.0	erythronate*	CHEBI:37654	C4H8O5			2781043		HMDB00613	Method 4	False	publisher-reported processed metabolite result	not available: source MAF omits m/z and retention time	MetaboLights MTBLS697 MAF: m_MTBLS697_metabolite_profiling_mass_spectrometry_v2_maf.tsv
MTBLS697:ROW:0183	MTBLS697	CHAL-00035	YEAST-CENPK-LOWGROWTH	flavin adenine dinucleotide (FAD)	321418.0	flavin adenine dinucleotide (FAD)					643975	C00016	HMDB01248	Method 3	False	publisher-reported processed metabolite result	not available: source MAF omits m/z and retention time	MetaboLights MTBLS697 MAF: m_MTBLS697_metabolite_profiling_mass_spectrometry_v2_maf.tsv
MTBLS697:ROW:0184	MTBLS697	CHAL-00035	YEAST-CENPK-LOWGROWTH	flavin mononucleotide (FMN)	1195571.0	flavin mononucleotide (FMN)					710	C00061	HMDB01520	Method 3	False	publisher-reported processed metabolite result	not available: source MAF omits m/z and retention time	MetaboLights MTBLS697 MAF: m_MTBLS697_metabolite_profiling_mass_spectrometry_v2_maf.tsv
MTBLS697:ROW:0185	MTBLS697	CHAL-00035	YEAST-CENPK-LOWGROWTH	fructose	3582600.0	fructose	CHEBI:28757	C6H12O6			5984	C00095	HMDB00660	Method 4	False	publisher-reported processed metabolite result	not available: source MAF omits m/z and retention time	MetaboLights MTBLS697 MAF: m_MTBLS697_metabolite_profiling_mass_spectrometry_v2_maf.tsv
MTBLS697:ROW:0186	MTBLS697	CHAL-00035	YEAST-CENPK-LOWGROWTH	fumarate	8342520.0	fumarate	CHEBI:18012	C4H4O4	OC(=O)\C=C\C(O)=O	InChI=1S/C4H4O4/c5-3(6)1-2-4(7)8/h1-2H,(H,5,6)(H,7,8)/b2-1+	444972	C00122	HMDB00134	Method 4	False	publisher-reported processed metabolite result	not available: source MAF omits m/z and retention time	MetaboLights MTBLS697 MAF: m_MTBLS697_metabolite_profiling_mass_spectrometry_v2_maf.tsv
MTBLS697:ROW:0187	MTBLS697	CHAL-00035	YEAST-CENPK-LOWGROWTH	gamma-glutamyl-2-aminobutyrate	35510496.0	gamma-glutamyl-2-aminobutyrate	CHEBI:133092	C9H16N2O5	NC(C(O)=O)CCC(=O)NC(C(=O)O)CC	InChI=1S/C9H16N2O5/c1-2-6(9(15)16)11-7(12)4-3-5(10)8(13)14/h5-6H,2-4,10H2,1H3,(H,11,12)(H,13,14)(H,15,16)				Method 1	False	publisher-reported processed metabolite result	not available: source MAF omits m/z and retention time	MetaboLights MTBLS697 MAF: m_MTBLS697_metabolite_profiling_mass_spectrometry_v2_maf.tsv
MTBLS697:ROW:0188	MTBLS697	CHAL-00035	YEAST-CENPK-LOWGROWTH	gamma-glutamylalanine	20253036.0	gamma-glutamylalanine	CHEBI:50621	C8H14N2O5	CC(NC(=O)CCC(N)C(O)=O)C(O)=O	InChI=1S/C8H14N2O5/c1-4(7(12)13)10-6(11)3-2-5(9)8(14)15/h4-5H,2-3,9H2,1H3,(H,10,11)(H,12,13)(H,14,15)	440103		HMDB29142	Method 1	False	publisher-reported processed metabolite result	not available: source MAF omits m/z and retention time	MetaboLights MTBLS697 MAF: m_MTBLS697_metabolite_profiling_mass_spectrometry_v2_maf.tsv
MTBLS697:ROW:0189	MTBLS697	CHAL-00035	YEAST-CENPK-LOWGROWTH	gamma-glutamyl-alpha-lysine	523010.0	gamma-glutamyl-alpha-lysine					65254			Method 1	False	publisher-reported processed metabolite result	not available: source MAF omits m/z and retention time	MetaboLights MTBLS697 MAF: m_MTBLS697_metabolite_profiling_mass_spectrometry_v2_maf.tsv
MTBLS697:ROW:0190	MTBLS697	CHAL-00035	YEAST-CENPK-LOWGROWTH	gamma-glutamylcysteine	84865648.0	gamma-glutamylcysteine	CHEBI:17515	C8H14N2O5S	N[C@@H](CCC(=O)N[C@@H](CS)C(O)=O)C(O)=O	InChI=1S/C8H14N2O5S/c9-4(7(12)13)1-2-6(11)10-5(3-16)8(14)15/h4-5,16H,1-3,9H2,(H,10,11)(H,12,13)(H,14,15)/t4-,5-/m0/s1	842	C00669	HMDB01049	Method 1	False	publisher-reported processed metabolite result	not available: source MAF omits m/z and retention time	MetaboLights MTBLS697 MAF: m_MTBLS697_metabolite_profiling_mass_spectrometry_v2_maf.tsv
MTBLS697:ROW:0192	MTBLS697	CHAL-00035	YEAST-CENPK-LOWGROWTH	gamma-glutamylglutamate	9947692.0	gamma-glutamylglutamate	CHEBI:73705	C10H16N2O7	N[C@@H](CCC(=O)N[C@@H](CCC(O)=O)C(O)=O)C(O)=O	InChI=1S/C10H16N2O7/c11-5(9(16)17)1-3-7(13)12-6(10(18)19)2-4-8(14)15/h5-6H,1-4,11H2,(H,12,13)(H,14,15)(H,16,17)(H,18,19)/t5-,6-/m0/s1	92865	C05282	HMDB11737	Method 1	False	publisher-reported processed metabolite result	not available: source MAF omits m/z and retention time	MetaboLights MTBLS697 MAF: m_MTBLS697_metabolite_profiling_mass_spectrometry_v2_maf.tsv
MTBLS697:ROW:0193	MTBLS697	CHAL-00035	YEAST-CENPK-LOWGROWTH	gamma-glutamylglutamine	39586760.0	gamma-glutamylglutamine	CHEBI:73707	C10H17N3O6	N[C@@H](CCC(=O)N[C@@H](CCC(N)=O)C(O)=O)C(O)=O	InChI=1S/C10H17N3O6/c11-5(9(16)17)1-4-8(15)13-6(10(18)19)2-3-7(12)14/h5-6H,1-4,11H2,(H2,12,14)(H,13,15)(H,16,17)(H,18,19)/t5-,6-/m0/s1	150914	C05283	HMDB11738	Method 1	False	publisher-reported processed metabolite result	not available: source MAF omits m/z and retention time	MetaboLights MTBLS697 MAF: m_MTBLS697_metabolite_profiling_mass_spectrometry_v2_maf.tsv
MTBLS697:ROW:0194	MTBLS697	CHAL-00035	YEAST-CENPK-LOWGROWTH	gamma-glutamylglycine	6705033.0	gamma-glutamylglycine					165527		HMDB11667	Method 1	False	publisher-reported processed metabolite result	not available: source MAF omits m/z and retention time	MetaboLights MTBLS697 MAF: m_MTBLS697_metabolite_profiling_mass_spectrometry_v2_maf.tsv
MTBLS697:ROW:0195	MTBLS697	CHAL-00035	YEAST-CENPK-LOWGROWTH	gamma-glutamylhistidine	2318732.0	gamma-glutamylhistidine	CHEBI:133032	C11H16N4O5	N[C@H](C(O)=O)CCC(=O)N[C@@H](CC=1N=CNC1)C(O)=O	InChI=1S/C11H16N4O5/c12-7(10(17)18)1-2-9(16)15-8(11(19)20)3-6-4-13-5-14-6/h4-5,7-8H,1-3,12H2,(H,13,14)(H,15,16)(H,17,18)(H,19,20)/t7-,8-/m0/s1	7017195			Method 1	False	publisher-reported processed metabolite result	not available: source MAF omits m/z and retention time	MetaboLights MTBLS697 MAF: m_MTBLS697_metabolite_profiling_mass_spectrometry_v2_maf.tsv
MTBLS697:ROW:0196	MTBLS697	CHAL-00035	YEAST-CENPK-LOWGROWTH	gamma-glutamylisoleucine*	3386660.0	gamma-glutamylisoleucine*	CHEBI:68434	C11H20N2O5	CC[C@H](C)[C@H](NC(=O)CC[C@H](N)C(O)=O)C(O)=O	InChI=1S/C11H20N2O5/c1-3-6(2)9(11(17)18)13-8(14)5-4-7(12)10(15)16/h6-7,9H,3-5,12H2,1-2H3,(H,13,14)(H,15,16)(H,17,18)/t6-,7-,9-/m0/s1	14253342		HMDB11170	Method 1	False	publisher-reported processed metabolite result	not available: source MAF omits m/z and retention time	MetaboLights MTBLS697 MAF: m_MTBLS697_metabolite_profiling_mass_spectrometry_v2_maf.tsv
MTBLS697:ROW:0197	MTBLS697	CHAL-00035	YEAST-CENPK-LOWGROWTH	gamma-glutamylleucine	2206685.0	gamma-glutamylleucine	CHEBI:68433	C11H20N2O5	CC(C)C[C@H](NC(=O)CC[C@H](N)C(O)=O)C(O)=O	InChI=1S/C11H20N2O5/c1-6(2)5-8(11(17)18)13-9(14)4-3-7(12)10(15)16/h6-8H,3-5,12H2,1-2H3,(H,13,14)(H,15,16)(H,17,18)/t7-,8-/m0/s1	151023		HMDB11171	Method 1	False	publisher-reported processed metabolite result	not available: source MAF omits m/z and retention time	MetaboLights MTBLS697 MAF: m_MTBLS697_metabolite_profiling_mass_spectrometry_v2_maf.tsv
MTBLS697:ROW:0198	MTBLS697	CHAL-00035	YEAST-CENPK-LOWGROWTH	gamma-glutamylmethionine	457857.0	gamma-glutamylmethionine	CHEBI:82965	C10H18N2O5S	C(=O)([C@@H](NC(=O)CC[C@@H](C(=O)O)N)CCSC)O	InChI=1S/C10H18N2O5S/c1-18-5-4-7(10(16)17)12-8(13)3-2-6(11)9(14)15/h6-7H,2-5,11H2,1H3,(H,12,13)(H,14,15)(H,16,17)/t6-,7-/m0/s1	7009567		HMDB29155	Method 1	False	publisher-reported processed metabolite result	not available: source MAF omits m/z and retention time	MetaboLights MTBLS697 MAF: m_MTBLS697_metabolite_profiling_mass_spectrometry_v2_maf.tsv
MTBLS697:ROW:0199	MTBLS697	CHAL-00035	YEAST-CENPK-LOWGROWTH	gamma-glutamylphenylalanine	1108615.0	gamma-glutamylphenylalanine	CHEBI:82966	C14H18N2O5	NC(CCC(=O)NC(Cc1ccccc1)C(O)=O)C(O)=O	InChI=1S/C14H18N2O5/c15-10(13(18)19)6-7-12(17)16-11(14(20)21)8-9-4-2-1-3-5-9/h1-5,10-11H,6-8,15H2,(H,16,17)(H,18,19)(H,20,21)	111299		HMDB00594	Method 1	False	publisher-reported processed metabolite result	not available: source MAF omits m/z and retention time	MetaboLights MTBLS697 MAF: m_MTBLS697_metabolite_profiling_mass_spectrometry_v2_maf.tsv
MTBLS697:ROW:0200	MTBLS697	CHAL-00035	YEAST-CENPK-LOWGROWTH	gamma-glutamylthreonine	2904301.0	gamma-glutamylthreonine	CHEBI:82968	C9H16N2O6	CC(O)C(NC(=O)CCC(N)C(O)=O)C(O)=O	InChI=1S/C9H16N2O6/c1-4(12)7(9(16)17)11-6(13)3-2-5(10)8(14)15/h4-5,7,12H,2-3,10H2,1H3,(H,11,13)(H,14,15)(H,16,17)	76078708		HMDB29159	Method 1	False	publisher-reported processed metabolite result	not available: source MAF omits m/z and retention time	MetaboLights MTBLS697 MAF: m_MTBLS697_metabolite_profiling_mass_spectrometry_v2_maf.tsv
MTBLS697:ROW:0201	MTBLS697	CHAL-00035	YEAST-CENPK-LOWGROWTH	gamma-glutamyltryptophan	148591.0	gamma-glutamyltryptophan	CHEBI:133028	C16H19N3O5	N[C@H](C(O)=O)CCC(=O)N[C@H](C(=O)O)CC1=CNC2=C1C=CC=C2	InChI=1S/C16H19N3O5/c17-11(15(21)22)5-6-14(20)19-13(16(23)24)7-9-8-18-12-4-2-1-3-10(9)12/h1-4,8,11,13,18H,5-7,17H2,(H,19,20)(H,21,22)(H,23,24)/t11-,13-/m0/s1	3989307		HMDB29160	Method 1	False	publisher-reported processed metabolite result	not available: source MAF omits m/z and retention time	MetaboLights MTBLS697 MAF: m_MTBLS697_metabolite_profiling_mass_spectrometry_v2_maf.tsv
MTBLS697:ROW:0202	MTBLS697	CHAL-00035	YEAST-CENPK-LOWGROWTH	gamma-glutamyltyrosine	1259939.0	gamma-glutamyltyrosine	CHEBI:82969	C14H18N2O6	C(=O)([C@@H](NC(=O)CC[C@@H](C(=O)O)N)CC=1C=CC(=CC1)O)O	InChI=1S/C14H18N2O6/c15-10(13(19)20)5-6-12(18)16-11(14(21)22)7-8-1-3-9(17)4-2-8/h1-4,10-11,17H,5-7,15H2,(H,16,18)(H,19,20)(H,21,22)/t10-,11-/m0/s1	94340		HMDB11741	Method 1	False	publisher-reported processed metabolite result	not available: source MAF omits m/z and retention time	MetaboLights MTBLS697 MAF: m_MTBLS697_metabolite_profiling_mass_spectrometry_v2_maf.tsv
MTBLS697:ROW:0203	MTBLS697	CHAL-00035	YEAST-CENPK-LOWGROWTH	gamma-glutamylvaline	15678206.0	gamma-glutamylvaline	CHEBI:68848	C10H18N2O5	CC(C)[C@H](NC(=O)CC[C@H](N)C(O)=O)C(O)=O	InChI=1S/C10H18N2O5/c1-5(2)8(10(16)17)12-7(13)4-3-6(11)9(14)15/h5-6,8H,3-4,11H2,1-2H3,(H,12,13)(H,14,15)(H,16,17)/t6-,8-/m0/s1	7015683		HMDB11172	Method 1	False	publisher-reported processed metabolite result	not available: source MAF omits m/z and retention time	MetaboLights MTBLS697 MAF: m_MTBLS697_metabolite_profiling_mass_spectrometry_v2_maf.tsv
MTBLS697:ROW:0204	MTBLS697	CHAL-00035	YEAST-CENPK-LOWGROWTH	gluconate	8340641.0	gluconate	CHEBI:24266	C6H11O7			10690	C00257	HMDB00625	Method 4	False	publisher-reported processed metabolite result	not available: source MAF omits m/z and retention time	MetaboLights MTBLS697 MAF: m_MTBLS697_metabolite_profiling_mass_spectrometry_v2_maf.tsv
MTBLS697:ROW:0205	MTBLS697	CHAL-00035	YEAST-CENPK-LOWGROWTH	glucose	467649472.0	glucose	CHEBI:17234	C6H12O6			79025	C00031	HMDB00122	Method 4	False	publisher-reported processed metabolite result	not available: source MAF omits m/z and retention time	MetaboLights MTBLS697 MAF: m_MTBLS697_metabolite_profiling_mass_spectrometry_v2_maf.tsv
MTBLS697:ROW:0206	MTBLS697	CHAL-00035	YEAST-CENPK-LOWGROWTH	glucose 6-phosphate	68710144.0	glucose 6-phosphate	CHEBI:4170	C6H13O9P	OC1O[C@H](COP(O)(O)=O)[C@@H](O)[C@H](O)[C@H]1O	InChI=1S/C6H13O9P/c7-3-2(1-14-16(11,12)13)15-6(10)5(9)4(3)8/h2-10H,1H2,(H2,11,12,13)/t2-,3-,4+,5-,6?/m1/s1	5958	C00668	HMDB01401	Method 4	False	publisher-reported processed metabolite result	not available: source MAF omits m/z and retention time	MetaboLights MTBLS697 MAF: m_MTBLS697_metabolite_profiling_mass_spectrometry_v2_maf.tsv
MTBLS697:ROW:0207	MTBLS697	CHAL-00035	YEAST-CENPK-LOWGROWTH	glutamate	6565671936.0	glutamate	CHEBI:18237	C5H9NO4	NC(CCC(O)=O)C(O)=O	InChI=1S/C5H9NO4/c6-3(5(9)10)1-2-4(7)8/h3H,1-2,6H2,(H,7,8)(H,9,10)	611	C00025	HMDB00148	Method 1	False	publisher-reported processed metabolite result	not available: source MAF omits m/z and retention time	MetaboLights MTBLS697 MAF: m_MTBLS697_metabolite_profiling_mass_spectrometry_v2_maf.tsv
MTBLS697:ROW:0208	MTBLS697	CHAL-00035	YEAST-CENPK-LOWGROWTH	glutamate, gamma-methyl ester	1447487232.0	glutamate, gamma-methyl ester	CHEBI:165860	C6H11NO4	O(C(=O)CCC(N)C(O)=O)C	InChI=1S/C6H11NO4/c1-11-5(8)3-2-4(7)6(9)10/h4H,2-3,7H2,1H3,(H,9,10)	68662		HMDB61715	Method 1	False	publisher-reported processed metabolite result	not available: source MAF omits m/z and retention time	MetaboLights MTBLS697 MAF: m_MTBLS697_metabolite_profiling_mass_spectrometry_v2_maf.tsv
MTBLS697:ROW:0209	MTBLS697	CHAL-00035	YEAST-CENPK-LOWGROWTH	glutamine	2545172224.0	glutamine	CHEBI:28300	C5H10N2O3	NC(CCC(N)=O)C(O)=O	InChI=1S/C5H10N2O3/c6-3(5(9)10)1-2-4(7)8/h3H,1-2,6H2,(H2,7,8)(H,9,10)	5961	C00064	HMDB00641	Method 1	False	publisher-reported processed metabolite result	not available: source MAF omits m/z and retention time	MetaboLights MTBLS697 MAF: m_MTBLS697_metabolite_profiling_mass_spectrometry_v2_maf.tsv
MTBLS697:ROW:0210	MTBLS697	CHAL-00035	YEAST-CENPK-LOWGROWTH	glutaminylleucine	85554.0	glutaminylleucine	CHEBI:141429	C11H21N3O4	N[C@H](C(=O)N[C@H](C(=O)O)CC(C)C)CCC(=O)N	InChI=1S/C11H21N3O4/c1-6(2)5-8(11(17)18)14-10(16)7(12)3-4-9(13)15/h6-8H,3-5,12H2,1-2H3,(H2,13,15)(H,14,16)(H,17,18)/t7-,8-/m0/s1	18218208		HMDB29153	Method 1	False	publisher-reported processed metabolite result	not available: source MAF omits m/z and retention time	MetaboLights MTBLS697 MAF: m_MTBLS697_metabolite_profiling_mass_spectrometry_v2_maf.tsv
MTBLS697:ROW:0211	MTBLS697	CHAL-00035	YEAST-CENPK-LOWGROWTH	glutarate (pentanedioate)	1508061.0	glutarate (pentanedioate)					743	C00489	HMDB00661	Method 4	False	publisher-reported processed metabolite result	not available: source MAF omits m/z and retention time	MetaboLights MTBLS697 MAF: m_MTBLS697_metabolite_profiling_mass_spectrometry_v2_maf.tsv
MTBLS697:ROW:0212	MTBLS697	CHAL-00035	YEAST-CENPK-LOWGROWTH	glutathione, oxidized (GSSG)	10324896.0	glutathione, oxidized (GSSG)					65359	C00127	HMDB03337	Method 1	False	publisher-reported processed metabolite result	not available: source MAF omits m/z and retention time	MetaboLights MTBLS697 MAF: m_MTBLS697_metabolite_profiling_mass_spectrometry_v2_maf.tsv
MTBLS697:ROW:0213	MTBLS697	CHAL-00035	YEAST-CENPK-LOWGROWTH	glutathione, reduced (GSH)	608524032.0	glutathione, reduced (GSH)					124886	C00051	HMDB00125	Method 1	False	publisher-reported processed metabolite result	not available: source MAF omits m/z and retention time	MetaboLights MTBLS697 MAF: m_MTBLS697_metabolite_profiling_mass_spectrometry_v2_maf.tsv
MTBLS697:ROW:0214	MTBLS697	CHAL-00035	YEAST-CENPK-LOWGROWTH	glycerate	107775400.0	glycerate	CHEBI:33508	C3H6O4	OCC(O)C(O)=O	InChI=1S/C3H6O4/c4-1-2(5)3(6)7/h2,4-5H,1H2,(H,6,7)	752	C00258	HMDB00139	Method 4	False	publisher-reported processed metabolite result	not available: source MAF omits m/z and retention time	MetaboLights MTBLS697 MAF: m_MTBLS697_metabolite_profiling_mass_spectrometry_v2_maf.tsv
MTBLS697:ROW:0215	MTBLS697	CHAL-00035	YEAST-CENPK-LOWGROWTH	glycerol	997202.0	glycerol	CHEBI:17754	C3H8O3	OCC(O)CO	InChI=1S/C3H8O3/c4-1-3(6)2-5/h3-6H,1-2H2	753	C00116	HMDB00131	Method 3	False	publisher-reported processed metabolite result	not available: source MAF omits m/z and retention time	MetaboLights MTBLS697 MAF: m_MTBLS697_metabolite_profiling_mass_spectrometry_v2_maf.tsv
MTBLS697:ROW:0216	MTBLS697	CHAL-00035	YEAST-CENPK-LOWGROWTH	glycerol 3-phosphate	2102757.0	glycerol 3-phosphate	CHEBI:15978	C3H9O6P	OC[C@@H](O)COP(O)(O)=O	InChI=1S/C3H9O6P/c4-1-3(5)2-9-10(6,7)8/h3-5H,1-2H2,(H2,6,7,8)/t3-/m1/s1	754	C00093	HMDB00126	Method 1	False	publisher-reported processed metabolite result	not available: source MAF omits m/z and retention time	MetaboLights MTBLS697 MAF: m_MTBLS697_metabolite_profiling_mass_spectrometry_v2_maf.tsv
MTBLS697:ROW:0217	MTBLS697	CHAL-00035	YEAST-CENPK-LOWGROWTH	glycerophosphoethanolamine	175261152.0	glycerophosphoethanolamine	CHEBI:36314	C7H15NO6PR			123874	C01233	HMDB00114	Method 1	False	publisher-reported processed metabolite result	not available: source MAF omits m/z and retention time	MetaboLights MTBLS697 MAF: m_MTBLS697_metabolite_profiling_mass_spectrometry_v2_maf.tsv
MTBLS697:ROW:0218	MTBLS697	CHAL-00035	YEAST-CENPK-LOWGROWTH	glycerophosphoglycerol	2059911.0	glycerophosphoglycerol	CHEBI:5457	C6H15O8P	OCC(O)COP(O)(=O)OCC(O)CO	InChI=1S/C6H15O8P/c7-1-5(9)3-13-15(11,12)14-4-6(10)2-8/h5-10H,1-4H2,(H,11,12)	439964	C03274		Method 1	False	publisher-reported processed metabolite result	not available: source MAF omits m/z and retention time	MetaboLights MTBLS697 MAF: m_MTBLS697_metabolite_profiling_mass_spectrometry_v2_maf.tsv
MTBLS697:ROW:0219	MTBLS697	CHAL-00035	YEAST-CENPK-LOWGROWTH	glycerophosphoinositol*	33875288.0	glycerophosphoinositol*	CHEBI:36315	C19H30NO18PR2			167572			Method 1	False	publisher-reported processed metabolite result	not available: source MAF omits m/z and retention time	MetaboLights MTBLS697 MAF: m_MTBLS697_metabolite_profiling_mass_spectrometry_v2_maf.tsv
MTBLS697:ROW:0220	MTBLS697	CHAL-00035	YEAST-CENPK-LOWGROWTH	glycerophosphorylcholine (GPC)	3746765056.0	glycerophosphorylcholine (GPC)					71920	C00670	HMDB00086	Method 1	False	publisher-reported processed metabolite result	not available: source MAF omits m/z and retention time	MetaboLights MTBLS697 MAF: m_MTBLS697_metabolite_profiling_mass_spectrometry_v2_maf.tsv
MTBLS697:ROW:0221	MTBLS697	CHAL-00035	YEAST-CENPK-LOWGROWTH	glycerophosphoserine*	62348032.0	glycerophosphoserine*	CHEBI:35766	C8H12NO10PR2			3081457			Method 1	False	publisher-reported processed metabolite result	not available: source MAF omits m/z and retention time	MetaboLights MTBLS697 MAF: m_MTBLS697_metabolite_profiling_mass_spectrometry_v2_maf.tsv
MTBLS697:ROW:0222	MTBLS697	CHAL-00035	YEAST-CENPK-LOWGROWTH	glycine	30567192.0	glycine	CHEBI:15428	C2H5NO2	NCC(O)=O	InChI=1S/C2H5NO2/c3-1-2(4)5/h1,3H2,(H,4,5)	750	C00037	HMDB00123	Method 1	False	publisher-reported processed metabolite result	not available: source MAF omits m/z and retention time	MetaboLights MTBLS697 MAF: m_MTBLS697_metabolite_profiling_mass_spectrometry_v2_maf.tsv
MTBLS697:ROW:0223	MTBLS697	CHAL-00035	YEAST-CENPK-LOWGROWTH	glycylisoleucine	387929.0	glycylisoleucine	CHEBI:73907	C8H16N2O3	CC[C@H](C)[C@H](NC(=O)CN)C(O)=O	InChI=1S/C8H16N2O3/c1-3-5(2)7(8(12)13)10-6(11)4-9/h5,7H,3-4,9H2,1-2H3,(H,10,11)(H,12,13)/t5-,7-/m0/s1	88079		HMDB28844	Method 1	False	publisher-reported processed metabolite result	not available: source MAF omits m/z and retention time	MetaboLights MTBLS697 MAF: m_MTBLS697_metabolite_profiling_mass_spectrometry_v2_maf.tsv
MTBLS697:ROW:0224	MTBLS697	CHAL-00035	YEAST-CENPK-LOWGROWTH	glycylleucine	490840.0	glycylleucine	CHEBI:73514	C8H16N2O3	CC(C)C[C@H](NC(=O)CN)C(O)=O	InChI=1S/C8H16N2O3/c1-5(2)3-6(8(12)13)10-7(11)4-9/h5-6H,3-4,9H2,1-2H3,(H,10,11)(H,12,13)/t6-/m0/s1	92843	C02155	HMDB00759	Method 1	False	publisher-reported processed metabolite result	not available: source MAF omits m/z and retention time	MetaboLights MTBLS697 MAF: m_MTBLS697_metabolite_profiling_mass_spectrometry_v2_maf.tsv
MTBLS697:ROW:0225	MTBLS697	CHAL-00035	YEAST-CENPK-LOWGROWTH	glycylvaline	1025433.0	glycylvaline	CHEBI:73922	C7H14N2O3	CC(C)[C@H](NC(=O)CN)C(O)=O	InChI=1S/C7H14N2O3/c1-4(2)6(7(11)12)9-5(10)3-8/h4,6H,3,8H2,1-2H3,(H,9,10)(H,11,12)/t6-/m0/s1	97417		HMDB28854	Method 1	False	publisher-reported processed metabolite result	not available: source MAF omits m/z and retention time	MetaboLights MTBLS697 MAF: m_MTBLS697_metabolite_profiling_mass_spectrometry_v2_maf.tsv
MTBLS697:ROW:0226	MTBLS697	CHAL-00035	YEAST-CENPK-LOWGROWTH	guanine	29878412.0	guanine	CHEBI:16235	C5H5N5O	C12=C(N=C(NC1=O)N)NC=N2	InChI=1S/C5H5N5O/c6-5-9-3-2(4(11)10-5)7-1-8-3/h1H,(H4,6,7,8,9,10,11)	764	C00242	HMDB00132	Method 1	False	publisher-reported processed metabolite result	not available: source MAF omits m/z and retention time	MetaboLights MTBLS697 MAF: m_MTBLS697_metabolite_profiling_mass_spectrometry_v2_maf.tsv
MTBLS697:ROW:0227	MTBLS697	CHAL-00035	YEAST-CENPK-LOWGROWTH	guanosine	49989944.0	guanosine	CHEBI:16750	C10H13N5O5	Nc1nc2n(cnc2c(=O)[nH]1)[C@@H]1O[C@H](CO)[C@@H](O)[C@H]1O	InChI=1S/C10H13N5O5/c11-10-13-7-4(8(19)14-10)12-2-15(7)9-6(18)5(17)3(1-16)20-9/h2-3,5-6,9,16-18H,1H2,(H3,11,13,14,19)/t3-,5-,6-,9-/m1/s1	6802	C00387	HMDB00133	Method 3	False	publisher-reported processed metabolite result	not available: source MAF omits m/z and retention time	MetaboLights MTBLS697 MAF: m_MTBLS697_metabolite_profiling_mass_spectrometry_v2_maf.tsv
MTBLS697:ROW:0228	MTBLS697	CHAL-00035	YEAST-CENPK-LOWGROWTH	guanosine 3'-monophosphate (3'-GMP)	1923289.0	guanosine 3'-monophosphate (3'-GMP)					3522			Method 3	False	publisher-reported processed metabolite result	not available: source MAF omits m/z and retention time	MetaboLights MTBLS697 MAF: m_MTBLS697_metabolite_profiling_mass_spectrometry_v2_maf.tsv
MTBLS697:ROW:0229	MTBLS697	CHAL-00035	YEAST-CENPK-LOWGROWTH	guanosine-2',3'-cyclic monophosphate	6001963.0	guanosine-2',3'-cyclic monophosphate	CHEBI:28181	C10H12N5O7P	Nc1nc2n(cnc2c(=O)[nH]1)[C@@H]1O[C@H](CO)[C@H]2OP(O)(=O)O[C@@H]12	InChI=1S/C10H12N5O7P/c11-10-13-7-4(8(17)14-10)12-2-15(7)9-6-5(3(1-16)20-9)21-23(18,19)22-6/h2-3,5-6,9,16H,1H2,(H,18,19)(H3,11,13,14,17)/t3-,5-,6-,9-/m1/s1	92823	C06194	HMDB11629	Method 3	False	publisher-reported processed metabolite result	not available: source MAF omits m/z and retention time	MetaboLights MTBLS697 MAF: m_MTBLS697_metabolite_profiling_mass_spectrometry_v2_maf.tsv
MTBLS697:ROW:0230	MTBLS697	CHAL-00035	YEAST-CENPK-LOWGROWTH	gulonate*	858723.0	gulonate*	CHEBI:24462	C6H12O7			9794176	C00257	HMDB03290	Method 4	False	publisher-reported processed metabolite result	not available: source MAF omits m/z and retention time	MetaboLights MTBLS697 MAF: m_MTBLS697_metabolite_profiling_mass_spectrometry_v2_maf.tsv
MTBLS697:ROW:0231	MTBLS697	CHAL-00035	YEAST-CENPK-LOWGROWTH	hexadecasphinganine (d16:0)*	320637.0	hexadecasphinganine (d16:0)*					656816	C13915		Method 2	False	publisher-reported processed metabolite result	not available: source MAF omits m/z and retention time	MetaboLights MTBLS697 MAF: m_MTBLS697_metabolite_profiling_mass_spectrometry_v2_maf.tsv
MTBLS697:ROW:0232	MTBLS697	CHAL-00035	YEAST-CENPK-LOWGROWTH	histidine	1137833472.0	histidine	CHEBI:27570	C6H9N3O2	NC(Cc1c[nH]cn1)C(O)=O	InChI=1S/C6H9N3O2/c7-5(6(10)11)1-4-2-8-3-9-4/h2-3,5H,1,7H2,(H,8,9)(H,10,11)	6274	C00135	HMDB00177	Method 1	False	publisher-reported processed metabolite result	not available: source MAF omits m/z and retention time	MetaboLights MTBLS697 MAF: m_MTBLS697_metabolite_profiling_mass_spectrometry_v2_maf.tsv
MTBLS697:ROW:0233	MTBLS697	CHAL-00035	YEAST-CENPK-LOWGROWTH	histidine methyl ester	3376182.0	histidine methyl ester	CHEBI:70961	C7H11N3O2	COC(=O)C(N)Cc1cnc[nH]1	InChI=1S/C7H11N3O2/c1-12-7(11)6(8)2-5-3-9-4-10-5/h3-4,6H,2,8H2,1H3,(H,9,10)	92893			Method 1	False	publisher-reported processed metabolite result	not available: source MAF omits m/z and retention time	MetaboLights MTBLS697 MAF: m_MTBLS697_metabolite_profiling_mass_spectrometry_v2_maf.tsv
MTBLS697:ROW:0234	MTBLS697	CHAL-00035	YEAST-CENPK-LOWGROWTH	histidinol	4395935.0	histidinol					165271	C00860	HMDB03431	Method 1	False	publisher-reported processed metabolite result	not available: source MAF omits m/z and retention time	MetaboLights MTBLS697 MAF: m_MTBLS697_metabolite_profiling_mass_spectrometry_v2_maf.tsv
MTBLS697:ROW:0235	MTBLS697	CHAL-00035	YEAST-CENPK-LOWGROWTH	histidylalanine	999717.0	histidylalanine	CHEBI:73924	C9H14N4O3	C[C@H](NC(=O)[C@@H](N)Cc1c[nH]cn1)C(O)=O	InChI=1S/C9H14N4O3/c1-5(9(15)16)13-8(14)7(10)2-6-3-11-4-12-6/h3-5,7H,2,10H2,1H3,(H,11,12)(H,13,14)(H,15,16)/t5-,7-/m0/s1	351667		HMDB28878	Method 1	False	publisher-reported processed metabolite result	not available: source MAF omits m/z and retention time	MetaboLights MTBLS697 MAF: m_MTBLS697_metabolite_profiling_mass_spectrometry_v2_maf.tsv
MTBLS697:ROW:0236	MTBLS697	CHAL-00035	YEAST-CENPK-LOWGROWTH	homocitrate	107950168.0	homocitrate	CHEBI:36458	C7H8O7			439459	C01251	HMDB03518	Method 4	False	publisher-reported processed metabolite result	not available: source MAF omits m/z and retention time	MetaboLights MTBLS697 MAF: m_MTBLS697_metabolite_profiling_mass_spectrometry_v2_maf.tsv
MTBLS697:ROW:0237	MTBLS697	CHAL-00035	YEAST-CENPK-LOWGROWTH	homocysteine	4254260.0	homocysteine	CHEBI:17230	C4H9NO2S	NC(CCS)C(O)=O	InChI=1S/C4H9NO2S/c5-3(1-2-8)4(6)7/h3,8H,1-2,5H2,(H,6,7)	778	C00155	HMDB00742	Method 1	False	publisher-reported processed metabolite result	not available: source MAF omits m/z and retention time	MetaboLights MTBLS697 MAF: m_MTBLS697_metabolite_profiling_mass_spectrometry_v2_maf.tsv
MTBLS697:ROW:0238	MTBLS697	CHAL-00035	YEAST-CENPK-LOWGROWTH	homoserine	753485.0	homoserine	CHEBI:30653	C4H9NO3	NC(CCO)C(O)=O	InChI=1S/C4H9NO3/c5-3(1-2-6)4(7)8/h3,6H,1-2,5H2,(H,7,8)	12647	C00263	HMDB00719	Method 4	False	publisher-reported processed metabolite result	not available: source MAF omits m/z and retention time	MetaboLights MTBLS697 MAF: m_MTBLS697_metabolite_profiling_mass_spectrometry_v2_maf.tsv
MTBLS697:ROW:0239	MTBLS697	CHAL-00035	YEAST-CENPK-LOWGROWTH	hydroxymethylpyrimidine	28837386.0	hydroxymethylpyrimidine	CHEBI:16892	C6H9N3O	Cc1ncc(CO)c(N)n1	InChI=1S/C6H9N3O/c1-4-8-2-5(3-10)6(7)9-4/h2,10H,3H2,1H3,(H2,7,8,9)	777	C01279		Method 1	False	publisher-reported processed metabolite result	not available: source MAF omits m/z and retention time	MetaboLights MTBLS697 MAF: m_MTBLS697_metabolite_profiling_mass_spectrometry_v2_maf.tsv
MTBLS697:ROW:0240	MTBLS697	CHAL-00035	YEAST-CENPK-LOWGROWTH	hypoxanthine	545404.0	hypoxanthine	CHEBI:17368	C5H4N4O	O=c1[nH]cnc2nc[nH]c12	InChI=1S/C5H4N4O/c10-5-3-4(7-1-6-3)8-2-9-5/h1-2H,(H2,6,7,8,9,10)	790	C00262	HMDB00157	Method 1	False	publisher-reported processed metabolite result	not available: source MAF omits m/z and retention time	MetaboLights MTBLS697 MAF: m_MTBLS697_metabolite_profiling_mass_spectrometry_v2_maf.tsv
MTBLS697:ROW:0241	MTBLS697	CHAL-00035	YEAST-CENPK-LOWGROWTH	imidazole lactate	84170032.0	imidazole lactate	CHEBI:27487	C6H8N2O3	C=1N=CNC1CC(C(=O)O)O	InChI=1S/C6H8N2O3/c9-5(6(10)11)1-4-2-7-3-8-4/h2-3,5,9H,1H2,(H,7,8)(H,10,11)	440129	C05568	HMDB02320	Method 1	False	publisher-reported processed metabolite result	not available: source MAF omits m/z and retention time	MetaboLights MTBLS697 MAF: m_MTBLS697_metabolite_profiling_mass_spectrometry_v2_maf.tsv
MTBLS697:ROW:0242	MTBLS697	CHAL-00035	YEAST-CENPK-LOWGROWTH	indoleacetate	137789.0	indoleacetate	CHEBI:16411	C10H9NO2	OC(=O)Cc1c[nH]c2ccccc12	InChI=1S/C10H9NO2/c12-10(13)5-7-6-11-9-4-2-1-3-8(7)9/h1-4,6,11H,5H2,(H,12,13)	802	C00954	HMDB00197	Method 3	False	publisher-reported processed metabolite result	not available: source MAF omits m/z and retention time	MetaboLights MTBLS697 MAF: m_MTBLS697_metabolite_profiling_mass_spectrometry_v2_maf.tsv
MTBLS697:ROW:0243	MTBLS697	CHAL-00035	YEAST-CENPK-LOWGROWTH	indolelactate	53709.0	indolelactate	CHEBI:24813	C11H11NO3	OC(Cc1c[nH]c2ccccc12)C(O)=O	InChI=1S/C11H11NO3/c13-10(11(14)15)5-7-6-12-9-4-2-1-3-8(7)9/h1-4,6,10,12-13H,5H2,(H,14,15)	92904	C02043	HMDB00671	Method 3	False	publisher-reported processed metabolite result	not available: source MAF omits m/z and retention time	MetaboLights MTBLS697 MAF: m_MTBLS697_metabolite_profiling_mass_spectrometry_v2_maf.tsv
MTBLS697:ROW:0244	MTBLS697	CHAL-00035	YEAST-CENPK-LOWGROWTH	inosine	1409630.0	inosine	CHEBI:17596	C10H12N4O5	OC[C@H]1O[C@H]([C@H](O)[C@@H]1O)n1cnc2c(O)ncnc12	InChI=1S/C10H12N4O5/c15-1-4-6(16)7(17)10(19-4)14-3-13-5-8(14)11-2-12-9(5)18/h2-4,6-7,10,15-17H,1H2,(H,11,12,18)/t4-,6-,7-,10-/m1/s1	6021	C00294	HMDB00195	Method 3	False	publisher-reported processed metabolite result	not available: source MAF omits m/z and retention time	MetaboLights MTBLS697 MAF: m_MTBLS697_metabolite_profiling_mass_spectrometry_v2_maf.tsv
MTBLS697:ROW:0245	MTBLS697	CHAL-00035	YEAST-CENPK-LOWGROWTH	inositol 1-phosphate (I1P)	3444114.0	inositol 1-phosphate (I1P)					440194	C01177	HMDB00213	Method 4	False	publisher-reported processed metabolite result	not available: source MAF omits m/z and retention time	MetaboLights MTBLS697 MAF: m_MTBLS697_metabolite_profiling_mass_spectrometry_v2_maf.tsv
MTBLS697:ROW:0246	MTBLS697	CHAL-00035	YEAST-CENPK-LOWGROWTH	Isobar: fructose 1,6-diphosphate, glucose 1,6-diphosphate, myo-inositol 1,4 or 1,3-diphosphate	1093833.0	Isobar: fructose 1,6-diphosphate, glucose 1,6-diphosphate, myo-inositol 1,4 or 1,3-diphosphate						C00354		Method 3	False	publisher-reported processed metabolite result	not available: source MAF omits m/z and retention time	MetaboLights MTBLS697 MAF: m_MTBLS697_metabolite_profiling_mass_spectrometry_v2_maf.tsv
MTBLS697:ROW:0247	MTBLS697	CHAL-00035	YEAST-CENPK-LOWGROWTH	isocitrate	17792058.0	isocitrate	CHEBI:30887	C6H8O7	OC(C(CC(O)=O)C(O)=O)C(O)=O	InChI=1S/C6H8O7/c7-3(8)1-2(5(10)11)4(9)6(12)13/h2,4,9H,1H2,(H,7,8)(H,10,11)(H,12,13)	1198	C00311	HMDB00193	Method 4	False	publisher-reported processed metabolite result	not available: source MAF omits m/z and retention time	MetaboLights MTBLS697 MAF: m_MTBLS697_metabolite_profiling_mass_spectrometry_v2_maf.tsv
MTBLS697:ROW:0249	MTBLS697	CHAL-00035	YEAST-CENPK-LOWGROWTH	isoleucine	781854976.0	isoleucine	CHEBI:24898	C6H13NO2			6306	C00407	HMDB00172	Method 1	False	publisher-reported processed metabolite result	not available: source MAF omits m/z and retention time	MetaboLights MTBLS697 MAF: m_MTBLS697_metabolite_profiling_mass_spectrometry_v2_maf.tsv
MTBLS697:ROW:0250	MTBLS697	CHAL-00035	YEAST-CENPK-LOWGROWTH	isoleucylglycine	71166.0	isoleucylglycine	CHEBI:74066	C8H16N2O3	CC[C@H](C)[C@H](N)C(=O)NCC(O)=O	InChI=1S/C8H16N2O3/c1-3-5(2)7(9)8(13)10-4-6(11)12/h5,7H,3-4,9H2,1-2H3,(H,10,13)(H,11,12)/t5-,7-/m0/s1	342532		HMDB28907	Method 3	False	publisher-reported processed metabolite result	not available: source MAF omits m/z and retention time	MetaboLights MTBLS697 MAF: m_MTBLS697_metabolite_profiling_mass_spectrometry_v2_maf.tsv
MTBLS697:ROW:0251	MTBLS697	CHAL-00035	YEAST-CENPK-LOWGROWTH	kynurenate	1350645.0	kynurenate	CHEBI:18344	C10H7NO3	OC(=O)c1cc(O)c2ccccc2n1	InChI=1S/C10H7NO3/c12-9-5-8(10(13)14)11-7-4-2-1-3-6(7)9/h1-5H,(H,11,12)(H,13,14)	3845	C01717	HMDB00715	Method 3	False	publisher-reported processed metabolite result	not available: source MAF omits m/z and retention time	MetaboLights MTBLS697 MAF: m_MTBLS697_metabolite_profiling_mass_spectrometry_v2_maf.tsv
MTBLS697:ROW:0252	MTBLS697	CHAL-00035	YEAST-CENPK-LOWGROWTH	kynurenine	2388772.0	kynurenine	CHEBI:28683	C10H12N2O3	NC(CC(=O)c1ccccc1N)C(O)=O	InChI=1S/C10H12N2O3/c11-7-4-2-1-3-6(7)9(13)5-8(12)10(14)15/h1-4,8H,5,11-12H2,(H,14,15)	161166	C00328	HMDB00684	Method 1	False	publisher-reported processed metabolite result	not available: source MAF omits m/z and retention time	MetaboLights MTBLS697 MAF: m_MTBLS697_metabolite_profiling_mass_spectrometry_v2_maf.tsv
MTBLS697:ROW:0253	MTBLS697	CHAL-00035	YEAST-CENPK-LOWGROWTH	lactate	905425.0	lactate	CHEBI:78320	C3H6O3	CC(O)C(O)=O	InChI=1S/C3H6O3/c1-2(4)3(5)6/h2,4H,1H3,(H,5,6)	612	C00186	HMDB00190	Method 4	False	publisher-reported processed metabolite result	not available: source MAF omits m/z and retention time	MetaboLights MTBLS697 MAF: m_MTBLS697_metabolite_profiling_mass_spectrometry_v2_maf.tsv
MTBLS697:ROW:0254	MTBLS697	CHAL-00035	YEAST-CENPK-LOWGROWTH	laurate (12:0)	23278020.0	laurate (12:0)					3893	C02679	HMDB00638	Method 3	False	publisher-reported processed metabolite result	not available: source MAF omits m/z and retention time	MetaboLights MTBLS697 MAF: m_MTBLS697_metabolite_profiling_mass_spectrometry_v2_maf.tsv
MTBLS697:ROW:0255	MTBLS697	CHAL-00035	YEAST-CENPK-LOWGROWTH	leucine	619397056.0	leucine	CHEBI:25017	C6H13NO2	CC(C)CC(N)C(O)=O	InChI=1S/C6H13NO2/c1-4(2)3-5(7)6(8)9/h4-5H,3,7H2,1-2H3,(H,8,9)	6106	C00123	HMDB00687	Method 1	False	publisher-reported processed metabolite result	not available: source MAF omits m/z and retention time	MetaboLights MTBLS697 MAF: m_MTBLS697_metabolite_profiling_mass_spectrometry_v2_maf.tsv
MTBLS697:ROW:0256	MTBLS697	CHAL-00035	YEAST-CENPK-LOWGROWTH	leucylglutamine*	466864.0	leucylglutamine*					4305457		HMDB28927	Method 1	False	publisher-reported processed metabolite result	not available: source MAF omits m/z and retention time	MetaboLights MTBLS697 MAF: m_MTBLS697_metabolite_profiling_mass_spectrometry_v2_maf.tsv
MTBLS697:ROW:0257	MTBLS697	CHAL-00035	YEAST-CENPK-LOWGROWTH	leucylglycine	197284.0	leucylglycine	CHEBI:74534	C8H16N2O3	CC(C)C[C@H](N)C(=O)NCC(O)=O	InChI=1S/C8H16N2O3/c1-5(2)3-6(9)8(13)10-4-7(11)12/h5-6H,3-4,9H2,1-2H3,(H,10,13)(H,11,12)/t6-/m0/s1	79070		HMDB28929	Method 1	False	publisher-reported processed metabolite result	not available: source MAF omits m/z and retention time	MetaboLights MTBLS697 MAF: m_MTBLS697_metabolite_profiling_mass_spectrometry_v2_maf.tsv
MTBLS697:ROW:0258	MTBLS697	CHAL-00035	YEAST-CENPK-LOWGROWTH	linoleate (18:2n6)	10044852.0	linoleate (18:2n6)					5280450	C01595	HMDB00673	Method 3	False	publisher-reported processed metabolite result	not available: source MAF omits m/z and retention time	MetaboLights MTBLS697 MAF: m_MTBLS697_metabolite_profiling_mass_spectrometry_v2_maf.tsv
MTBLS697:ROW:0259	MTBLS697	CHAL-00035	YEAST-CENPK-LOWGROWTH	linolenate [alpha or gamma; (18:3n3 or 6)]	91404.0	linolenate [alpha or gamma; (18:3n3 or 6)]					5280934	C06426	HMDB03073	Method 3	False	publisher-reported processed metabolite result	not available: source MAF omits m/z and retention time	MetaboLights MTBLS697 MAF: m_MTBLS697_metabolite_profiling_mass_spectrometry_v2_maf.tsv
MTBLS697:ROW:0261	MTBLS697	CHAL-00035	YEAST-CENPK-LOWGROWTH	lysine	435151232.0	lysine	CHEBI:25094	C6H14N2O2	NCCCCC(N)C(O)=O	InChI=1S/C6H14N2O2/c7-4-2-1-3-5(8)6(9)10/h5H,1-4,7-8H2,(H,9,10)	5962	C00047	HMDB00182	Method 1	False	publisher-reported processed metabolite result	not available: source MAF omits m/z and retention time	MetaboLights MTBLS697 MAF: m_MTBLS697_metabolite_profiling_mass_spectrometry_v2_maf.tsv
MTBLS697:ROW:0262	MTBLS697	CHAL-00035	YEAST-CENPK-LOWGROWTH	lysylleucine	708074.0	lysylleucine	CHEBI:74561	C12H25N3O3	CC(C)C[C@H](NC(=O)[C@@H](N)CCCCN)C(O)=O	InChI=1S/C12H25N3O3/c1-8(2)7-10(12(17)18)15-11(16)9(14)5-3-4-6-13/h8-10H,3-7,13-14H2,1-2H3,(H,15,16)(H,17,18)/t9-,10-/m0/s1	4682588		HMDB28955	Method 1	False	publisher-reported processed metabolite result	not available: source MAF omits m/z and retention time	MetaboLights MTBLS697 MAF: m_MTBLS697_metabolite_profiling_mass_spectrometry_v2_maf.tsv
MTBLS697:ROW:0263	MTBLS697	CHAL-00035	YEAST-CENPK-LOWGROWTH	malate	33556344.0	malate	CHEBI:6650	C4H6O5	OC(CC(O)=O)C(O)=O	InChI=1S/C4H6O5/c5-2(4(8)9)1-3(6)7/h2,5H,1H2,(H,6,7)(H,8,9)	525	C00149	HMDB00156	Method 3	False	publisher-reported processed metabolite result	not available: source MAF omits m/z and retention time	MetaboLights MTBLS697 MAF: m_MTBLS697_metabolite_profiling_mass_spectrometry_v2_maf.tsv
MTBLS697:ROW:0264	MTBLS697	CHAL-00035	YEAST-CENPK-LOWGROWTH	malonate	49123440.0	malonate	CHEBI:38083				867	C00383	HMDB00691	Method 4	False	publisher-reported processed metabolite result	not available: source MAF omits m/z and retention time	MetaboLights MTBLS697 MAF: m_MTBLS697_metabolite_profiling_mass_spectrometry_v2_maf.tsv
MTBLS697:ROW:0265	MTBLS697	CHAL-00035	YEAST-CENPK-LOWGROWTH	mannitol/sorbitol	13414851.0	mannitol/sorbitol	CHEBI:17924	C6H14O6	OC[C@H](O)[C@@H](O)[C@H](O)[C@H](O)CO	InChI=1S/C6H14O6/c7-1-3(9)5(11)6(12)4(10)2-8/h3-12H,1-2H2/t3-,4+,5-,6-/m1/s1	5780	C00794	HMDB00247	Method 4	False	publisher-reported processed metabolite result	not available: source MAF omits m/z and retention time	MetaboLights MTBLS697 MAF: m_MTBLS697_metabolite_profiling_mass_spectrometry_v2_maf.tsv
MTBLS697:ROW:0266	MTBLS697	CHAL-00035	YEAST-CENPK-LOWGROWTH	mannose	3103666.0	mannose	CHEBI:37684	C6H12O6			18950	C00159	HMDB00169	Method 4	False	publisher-reported processed metabolite result	not available: source MAF omits m/z and retention time	MetaboLights MTBLS697 MAF: m_MTBLS697_metabolite_profiling_mass_spectrometry_v2_maf.tsv
MTBLS697:ROW:0267	MTBLS697	CHAL-00035	YEAST-CENPK-LOWGROWTH	mannose-6-phosphate	10276245.0	mannose-6-phosphate	CHEBI:616988	C6H13O9P			439198	C00275	HMDB01078	Method 4	False	publisher-reported processed metabolite result	not available: source MAF omits m/z and retention time	MetaboLights MTBLS697 MAF: m_MTBLS697_metabolite_profiling_mass_spectrometry_v2_maf.tsv
MTBLS697:ROW:0268	MTBLS697	CHAL-00035	YEAST-CENPK-LOWGROWTH	margarate (17:0)	40935736.0	margarate (17:0)					10465		HMDB02259	Method 3	False	publisher-reported processed metabolite result	not available: source MAF omits m/z and retention time	MetaboLights MTBLS697 MAF: m_MTBLS697_metabolite_profiling_mass_spectrometry_v2_maf.tsv
MTBLS697:ROW:0269	MTBLS697	CHAL-00035	YEAST-CENPK-LOWGROWTH	methionine	117125672.0	methionine	CHEBI:16811	C5H11NO2S	CSCCC(N)C(O)=O	InChI=1S/C5H11NO2S/c1-9-3-2-4(6)5(7)8/h4H,2-3,6H2,1H3,(H,7,8)	6137	C00073	HMDB00696	Method 1	False	publisher-reported processed metabolite result	not available: source MAF omits m/z and retention time	MetaboLights MTBLS697 MAF: m_MTBLS697_metabolite_profiling_mass_spectrometry_v2_maf.tsv
MTBLS697:ROW:0270	MTBLS697	CHAL-00035	YEAST-CENPK-LOWGROWTH	methionine sulfoxide	2712400.0	methionine sulfoxide	CHEBI:49033	C5H11NO3S	CS(=O)CCC(N)C(O)=O	InChI=1S/C5H11NO3S/c1-10(9)3-2-4(6)5(7)8/h4H,2-3,6H2,1H3,(H,7,8)	158980	C02989	HMDB02005	Method 1	False	publisher-reported processed metabolite result	not available: source MAF omits m/z and retention time	MetaboLights MTBLS697 MAF: m_MTBLS697_metabolite_profiling_mass_spectrometry_v2_maf.tsv
MTBLS697:ROW:0271	MTBLS697	CHAL-00035	YEAST-CENPK-LOWGROWTH	methyl glucopyranoside (alpha + beta)	52036700.0	methyl glucopyranoside (alpha + beta)								Method 1	False	publisher-reported processed metabolite result	not available: source MAF omits m/z and retention time	MetaboLights MTBLS697 MAF: m_MTBLS697_metabolite_profiling_mass_spectrometry_v2_maf.tsv
MTBLS697:ROW:0272	MTBLS697	CHAL-00035	YEAST-CENPK-LOWGROWTH	methylmalonate (MMA)	861417.0	methylmalonate (MMA)					487	C02170	HMDB00202	Method 4	False	publisher-reported processed metabolite result	not available: source MAF omits m/z and retention time	MetaboLights MTBLS697 MAF: m_MTBLS697_metabolite_profiling_mass_spectrometry_v2_maf.tsv
MTBLS697:ROW:0273	MTBLS697	CHAL-00035	YEAST-CENPK-LOWGROWTH	methylphosphate	188617392.0	methylphosphate	CHEBI:340824	CH5O4P	COP(O)(O)=O	InChI=1S/CH5O4P/c1-5-6(2,3)4/h1H3,(H2,2,3,4)	13130		HMDB61711	Method 4	False	publisher-reported processed metabolite result	not available: source MAF omits m/z and retention time	MetaboLights MTBLS697 MAF: m_MTBLS697_metabolite_profiling_mass_spectrometry_v2_maf.tsv
MTBLS697:ROW:0274	MTBLS697	CHAL-00035	YEAST-CENPK-LOWGROWTH	methylsuccinate	238921.0	methylsuccinate	CHEBI:91315	C5H8O4	OC(=O)C(CC(O)=O)C	InChI=1S/C5H8O4/c1-3(5(8)9)2-4(6)7/h3H,2H2,1H3,(H,6,7)(H,8,9)	10349		HMDB01844	Method 4	False	publisher-reported processed metabolite result	not available: source MAF omits m/z and retention time	MetaboLights MTBLS697 MAF: m_MTBLS697_metabolite_profiling_mass_spectrometry_v2_maf.tsv
MTBLS697:ROW:0276	MTBLS697	CHAL-00035	YEAST-CENPK-LOWGROWTH	mevalonolactone	583934.0	mevalonolactone	CHEBI:95115	C6H10O3	CC1(CCOC(=O)C1)O	InChI=1S/C6H10O3/c1-6(8)2-3-9-5(7)4-6/h8H,2-4H2,1H3	10428		HMDB06024	Method 1	False	publisher-reported processed metabolite result	not available: source MAF omits m/z and retention time	MetaboLights MTBLS697 MAF: m_MTBLS697_metabolite_profiling_mass_spectrometry_v2_maf.tsv
MTBLS697:ROW:0277	MTBLS697	CHAL-00035	YEAST-CENPK-LOWGROWTH	myo-inositol	11101113.0	myo-inositol	CHEBI:17268	C6H12O6	O[C@H]1[C@H](O)[C@@H](O)[C@H](O)[C@H](O)[C@@H]1O	InChI=1S/C6H12O6/c7-1-2(8)4(10)6(12)5(11)3(1)9/h1-12H/t1-,2-,3-,4+,5-,6-	892	C00137	HMDB00211	Method 4	False	publisher-reported processed metabolite result	not available: source MAF omits m/z and retention time	MetaboLights MTBLS697 MAF: m_MTBLS697_metabolite_profiling_mass_spectrometry_v2_maf.tsv
MTBLS697:ROW:0278	MTBLS697	CHAL-00035	YEAST-CENPK-LOWGROWTH	myristate (14:0)	86829896.0	myristate (14:0)					11005	C06424	HMDB00806	Method 3	False	publisher-reported processed metabolite result	not available: source MAF omits m/z and retention time	MetaboLights MTBLS697 MAF: m_MTBLS697_metabolite_profiling_mass_spectrometry_v2_maf.tsv
MTBLS697:ROW:0279	MTBLS697	CHAL-00035	YEAST-CENPK-LOWGROWTH	myristoleate (14:1n5)	35714092.0	myristoleate (14:1n5)					5281119	C08322	HMDB02000	Method 3	False	publisher-reported processed metabolite result	not available: source MAF omits m/z and retention time	MetaboLights MTBLS697 MAF: m_MTBLS697_metabolite_profiling_mass_spectrometry_v2_maf.tsv
MTBLS697:ROW:0280	MTBLS697	CHAL-00035	YEAST-CENPK-LOWGROWTH	N('1)-acetylspermidine	554401.0	N('1)-acetylspermidine	CHEBI:17927	C9H21N3O	CC(=O)NCCCNCCCCN	InChI=1S/C9H21N3O/c1-9(13)12-8-4-7-11-6-3-2-5-10/h11H,2-8,10H2,1H3,(H,12,13)	496	C00612	HMDB01276	Method 1	False	publisher-reported processed metabolite result	not available: source MAF omits m/z and retention time	MetaboLights MTBLS697 MAF: m_MTBLS697_metabolite_profiling_mass_spectrometry_v2_maf.tsv
MTBLS697:ROW:0281	MTBLS697	CHAL-00035	YEAST-CENPK-LOWGROWTH	N(8)-acetylspermidine	5550664.0	N(8)-acetylspermidine	CHEBI:27911	C9H21N3O	CC(=O)NCCCCNCCCN	InChI=1S/C9H21N3O/c1-9(13)12-8-3-2-6-11-7-4-5-10/h11H,2-8,10H2,1H3,(H,12,13)	123689	C01029	HMDB02189	Method 1	False	publisher-reported processed metabolite result	not available: source MAF omits m/z and retention time	MetaboLights MTBLS697 MAF: m_MTBLS697_metabolite_profiling_mass_spectrometry_v2_maf.tsv
MTBLS697:ROW:0282	MTBLS697	CHAL-00035	YEAST-CENPK-LOWGROWTH	N2,N2-dimethylguanosine	2095462.0	N2,N2-dimethylguanosine	CHEBI:19289	C12H17N5O5	CN(C)c1nc2n(cnc2c(=O)[nH]1)[C@@H]1O[C@H](CO)[C@@H](O)[C@H]1O	InChI=1S/C12H17N5O5/c1-16(2)12-14-9-6(10(21)15-12)13-4-17(9)11-8(20)7(19)5(3-18)22-11/h4-5,7-8,11,18-20H,3H2,1-2H3,(H,14,15,21)/t5-,7-,8-,11-/m1/s1	92919		HMDB04824	Method 1	False	publisher-reported processed metabolite result	not available: source MAF omits m/z and retention time	MetaboLights MTBLS697 MAF: m_MTBLS697_metabolite_profiling_mass_spectrometry_v2_maf.tsv
MTBLS697:ROW:0283	MTBLS697	CHAL-00035	YEAST-CENPK-LOWGROWTH	N4-acetylcytidine	319313.0	N4-acetylcytidine	CHEBI:70989	C11H15N3O6	CC(=O)Nc1ccn([C@@H]2O[C@H](CO)[C@@H](O)[C@H]2O)c(=O)n1	InChI=1S/C11H15N3O6/c1-5(16)12-7-2-3-14(11(19)13-7)10-9(18)8(17)6(4-15)20-10/h2-3,6,8-10,15,17-18H,4H2,1H3,(H,12,13,16,19)/t6-,8-,9-,10-/m1/s1	107461		HMDB05923	Method 1	False	publisher-reported processed metabolite result	not available: source MAF omits m/z and retention time	MetaboLights MTBLS697 MAF: m_MTBLS697_metabolite_profiling_mass_spectrometry_v2_maf.tsv
MTBLS697:ROW:0284	MTBLS697	CHAL-00035	YEAST-CENPK-LOWGROWTH	N6,N6,N6-trimethyllysine	164302000.0	N6,N6,N6-trimethyllysine					440120	C03793	HMDB01325	Method 1	False	publisher-reported processed metabolite result	not available: source MAF omits m/z and retention time	MetaboLights MTBLS697 MAF: m_MTBLS697_metabolite_profiling_mass_spectrometry_v2_maf.tsv
MTBLS697:ROW:0285	MTBLS697	CHAL-00035	YEAST-CENPK-LOWGROWTH	N6-acetyllysine	1219346.0	N6-acetyllysine	CHEBI:17752	C8H16N2O3	CC(=O)NCCCC[C@H](N)C(O)=O	InChI=1S/C8H16N2O3/c1-6(11)10-5-3-2-4-7(9)8(12)13/h7H,2-5,9H2,1H3,(H,10,11)(H,12,13)/t7-/m0/s1	92832	C02727	HMDB00206	Method 4	False	publisher-reported processed metabolite result	not available: source MAF omits m/z and retention time	MetaboLights MTBLS697 MAF: m_MTBLS697_metabolite_profiling_mass_spectrometry_v2_maf.tsv
MTBLS697:ROW:0287	MTBLS697	CHAL-00035	YEAST-CENPK-LOWGROWTH	N6-succinyladenosine	1789631.0	N6-succinyladenosine	CHEBI:183825	C14H17N5O8	O1[C@H](N2C3=NC=NC(N[C@@H](CC(O)=O)C(O)=O)=C3N=C2)[C@H](O)[C@H](O)[C@H]1CO	InChI=1S/C14H17N5O8/c20-2-6-9(23)10(24)13(27-6)19-4-17-8-11(15-3-16-12(8)19)18-5(14(25)26)1-7(21)22/h3-6,9-10,13,20,23-24H,1-2H2,(H,21,22)(H,25,26)(H,15,16,18)/t5-,6+,9+,10+,13-/m0/s1	165243		HMDB00912	Method 1	False	publisher-reported processed metabolite result	not available: source MAF omits m/z and retention time	MetaboLights MTBLS697 MAF: m_MTBLS697_metabolite_profiling_mass_spectrometry_v2_maf.tsv
MTBLS697:ROW:0288	MTBLS697	CHAL-00035	YEAST-CENPK-LOWGROWTH	N-acetylalanine	791765.0	N-acetylalanine	CHEBI:40992	C5H9NO3	C[C@H](NC(C)=O)C(O)=O	InChI=1S/C5H9NO3/c1-3(5(8)9)6-4(2)7/h3H,1-2H3,(H,6,7)(H,8,9)/t3-/m0/s1	88064	C02847	HMDB00766	Method 4	False	publisher-reported processed metabolite result	not available: source MAF omits m/z and retention time	MetaboLights MTBLS697 MAF: m_MTBLS697_metabolite_profiling_mass_spectrometry_v2_maf.tsv
MTBLS697:ROW:0289	MTBLS697	CHAL-00035	YEAST-CENPK-LOWGROWTH	N-acetylarginine	335260.0	N-acetylarginine	CHEBI:40521	C8H16N4O3	CC(=O)N[C@@H](CCCNC(N)=N)C(O)=O	InChI=1S/C8H16N4O3/c1-5(13)12-6(7(14)15)3-2-4-11-8(9)10/h6H,2-4H2,1H3,(H,12,13)(H,14,15)(H4,9,10,11)/t6-/m0/s1	67427	C02562	HMDB04620	Method 1	False	publisher-reported processed metabolite result	not available: source MAF omits m/z and retention time	MetaboLights MTBLS697 MAF: m_MTBLS697_metabolite_profiling_mass_spectrometry_v2_maf.tsv
MTBLS697:ROW:0291	MTBLS697	CHAL-00035	YEAST-CENPK-LOWGROWTH	N-acetylaspartate (NAA)	712917.0	N-acetylaspartate (NAA)					65065	C01042	HMDB00812	Method 4	False	publisher-reported processed metabolite result	not available: source MAF omits m/z and retention time	MetaboLights MTBLS697 MAF: m_MTBLS697_metabolite_profiling_mass_spectrometry_v2_maf.tsv
MTBLS697:ROW:0292	MTBLS697	CHAL-00035	YEAST-CENPK-LOWGROWTH	N-acetyl-cadaverine	285320.0	N-acetyl-cadaverine	CHEBI:88824	C7H16N2O	N(CCCCCN)C(=O)C	InChI=1S/C7H16N2O/c1-7(10)9-6-4-2-3-5-8/h2-6,8H2,1H3,(H,9,10)	189087		HMDB02284	Method 1	False	publisher-reported processed metabolite result	not available: source MAF omits m/z and retention time	MetaboLights MTBLS697 MAF: m_MTBLS697_metabolite_profiling_mass_spectrometry_v2_maf.tsv
MTBLS697:ROW:0294	MTBLS697	CHAL-00035	YEAST-CENPK-LOWGROWTH	N-acetyl-glucosamine 1-phosphate	861490.0	N-acetyl-glucosamine 1-phosphate	CHEBI:7125	C8H16NO9P	CC(=O)N[C@@H]1[C@@H](O)[C@H](O)[C@@H](CO)OC1OP(O)(O)=O	InChI=1S/C8H16NO9P/c1-3(11)9-5-7(13)6(12)4(2-10)17-8(5)18-19(14,15)16/h4-8,10,12-13H,2H2,1H3,(H,9,11)(H2,14,15,16)/t4-,5-,6-,7-,8?/m1/s1	440364	C04256	HMDB01367	Method 4	False	publisher-reported processed metabolite result	not available: source MAF omits m/z and retention time	MetaboLights MTBLS697 MAF: m_MTBLS697_metabolite_profiling_mass_spectrometry_v2_maf.tsv
MTBLS697:ROW:0295	MTBLS697	CHAL-00035	YEAST-CENPK-LOWGROWTH	N-acetylglucosamine 6-phosphate	167870.0	N-acetylglucosamine 6-phosphate					439219	C00357	HMDB02817	Method 4	False	publisher-reported processed metabolite result	not available: source MAF omits m/z and retention time	MetaboLights MTBLS697 MAF: m_MTBLS697_metabolite_profiling_mass_spectrometry_v2_maf.tsv
MTBLS697:ROW:0296	MTBLS697	CHAL-00035	YEAST-CENPK-LOWGROWTH	N-acetylglucosamine/N-acetylgalactosamine	1917651.0	N-acetylglucosamine/N-acetylgalactosamine	CHEBI:28037	C8H15NO6	CC(=O)N[C@H]1C(O)O[C@H](CO)[C@H](O)[C@@H]1O	InChI=1S/C8H15NO6/c1-3(11)9-5-7(13)6(12)4(2-10)15-8(5)14/h4-8,10,12-14H,2H2,1H3,(H,9,11)/t4-,5-,6+,7-,8?/m1/s1	24139		HMDB00215	Method 1	False	publisher-reported processed metabolite result	not available: source MAF omits m/z and retention time	MetaboLights MTBLS697 MAF: m_MTBLS697_metabolite_profiling_mass_spectrometry_v2_maf.tsv
MTBLS697:ROW:0297	MTBLS697	CHAL-00035	YEAST-CENPK-LOWGROWTH	N-acetylglutamate	30034996.0	N-acetylglutamate	CHEBI:17533	C7H11NO5	CC(=O)N[C@@H](CCC(O)=O)C(O)=O	InChI=1S/C7H11NO5/c1-4(9)8-5(7(12)13)2-3-6(10)11/h5H,2-3H2,1H3,(H,8,9)(H,10,11)(H,12,13)/t5-/m0/s1	70914	C00624	HMDB01138	Method 1	False	publisher-reported processed metabolite result	not available: source MAF omits m/z and retention time	MetaboLights MTBLS697 MAF: m_MTBLS697_metabolite_profiling_mass_spectrometry_v2_maf.tsv
MTBLS697:ROW:0298	MTBLS697	CHAL-00035	YEAST-CENPK-LOWGROWTH	N-acetylglutamine	1565705.0	N-acetylglutamine	CHEBI:73685	C7H12N2O4	CC(=O)NC(CCC(N)=O)C(O)=O	InChI=1S/C7H12N2O4/c1-4(10)9-5(7(12)13)2-3-6(8)11/h5H,2-3H2,1H3,(H2,8,11)(H,9,10)(H,12,13)	182230	C02716	HMDB06029	Method 1	False	publisher-reported processed metabolite result	not available: source MAF omits m/z and retention time	MetaboLights MTBLS697 MAF: m_MTBLS697_metabolite_profiling_mass_spectrometry_v2_maf.tsv
MTBLS697:ROW:0299	MTBLS697	CHAL-00035	YEAST-CENPK-LOWGROWTH	N-acetylglycine	793487.0	N-acetylglycine	CHEBI:40410	C4H7NO3	CC(=O)NCC(O)=O	InChI=1S/C4H7NO3/c1-3(6)5-2-4(7)8/h2H2,1H3,(H,5,6)(H,7,8)	10972		HMDB00532	Method 4	False	publisher-reported processed metabolite result	not available: source MAF omits m/z and retention time	MetaboLights MTBLS697 MAF: m_MTBLS697_metabolite_profiling_mass_spectrometry_v2_maf.tsv
MTBLS697:ROW:0300	MTBLS697	CHAL-00035	YEAST-CENPK-LOWGROWTH	N-acetylhistidine	598127.0	N-acetylhistidine	CHEBI:86910	C8H11N3O3	C(=O)(C(CC=1NC=NC1)NC(=O)C)O	InChI=1S/C8H11N3O3/c1-5(12)11-7(8(13)14)2-6-3-9-4-10-6/h3-4,7H,2H2,1H3,(H,9,10)(H,11,12)(H,13,14)	75619	C02997	HMDB32055	Method 1	False	publisher-reported processed metabolite result	not available: source MAF omits m/z and retention time	MetaboLights MTBLS697 MAF: m_MTBLS697_metabolite_profiling_mass_spectrometry_v2_maf.tsv
MTBLS697:ROW:0301	MTBLS697	CHAL-00035	YEAST-CENPK-LOWGROWTH	N-acetylisoleucine	87591.0	N-acetylisoleucine	CHEBI:84056	C8H15NO3	CCC(C)C(NC(C)=O)C(O)=O	InChI=1S/C8H15NO3/c1-4-5(2)7(8(11)12)9-6(3)10/h5,7H,4H2,1-3H3,(H,9,10)(H,11,12)	2802421		HMDB61684	Method 3	False	publisher-reported processed metabolite result	not available: source MAF omits m/z and retention time	MetaboLights MTBLS697 MAF: m_MTBLS697_metabolite_profiling_mass_spectrometry_v2_maf.tsv
MTBLS697:ROW:0304	MTBLS697	CHAL-00035	YEAST-CENPK-LOWGROWTH	N-acetylmethionine	305880.0	N-acetylmethionine	CHEBI:21557	C7H13NO3S	CSCC[C@H](NC(C)=O)C(O)=O	InChI=1S/C7H13NO3S/c1-5(9)8-6(7(10)11)3-4-12-2/h6H,3-4H2,1-2H3,(H,8,9)(H,10,11)/t6-/m0/s1	448580	C02712	HMDB11745	Method 3	False	publisher-reported processed metabolite result	not available: source MAF omits m/z and retention time	MetaboLights MTBLS697 MAF: m_MTBLS697_metabolite_profiling_mass_spectrometry_v2_maf.tsv
MTBLS697:ROW:0306	MTBLS697	CHAL-00035	YEAST-CENPK-LOWGROWTH	N-acetylphenylalanine	82138.0	N-acetylphenylalanine	CHEBI:21626	C11H13NO3	CC(=O)NC(Cc1ccccc1)C(O)=O	InChI=1S/C11H13NO3/c1-8(13)12-10(11(14)15)7-9-5-3-2-4-6-9/h2-6,10H,7H2,1H3,(H,12,13)(H,14,15)	74839	C03519	HMDB00512	Method 3	False	publisher-reported processed metabolite result	not available: source MAF omits m/z and retention time	MetaboLights MTBLS697 MAF: m_MTBLS697_metabolite_profiling_mass_spectrometry_v2_maf.tsv
MTBLS697:ROW:0308	MTBLS697	CHAL-00035	YEAST-CENPK-LOWGROWTH	N-acetylputrescine	15364372.0	N-acetylputrescine	CHEBI:17768	C6H14N2O	CC(=O)NCCCCN	InChI=1S/C6H14N2O/c1-6(9)8-5-3-2-4-7/h2-5,7H2,1H3,(H,8,9)	122356	C02714	HMDB02064	Method 1	False	publisher-reported processed metabolite result	not available: source MAF omits m/z and retention time	MetaboLights MTBLS697 MAF: m_MTBLS697_metabolite_profiling_mass_spectrometry_v2_maf.tsv
MTBLS697:ROW:0309	MTBLS697	CHAL-00035	YEAST-CENPK-LOWGROWTH	N-acetylserine	2782808.0	N-acetylserine	CHEBI:45441	C5H9NO4	C([C@H](CO)NC(C)=O)(=O)O	InChI=1S/C5H9NO4/c1-3(8)6-4(2-7)5(9)10/h4,7H,2H2,1H3,(H,6,8)(H,9,10)/t4-/m0/s1	65249		HMDB02931	Method 4	False	publisher-reported processed metabolite result	not available: source MAF omits m/z and retention time	MetaboLights MTBLS697 MAF: m_MTBLS697_metabolite_profiling_mass_spectrometry_v2_maf.tsv
MTBLS697:ROW:0310	MTBLS697	CHAL-00035	YEAST-CENPK-LOWGROWTH	N-acetylthreonine	409339.0	N-acetylthreonine	CHEBI:45826	C6H11NO4	C[C@@H](O)[C@H](NC(C)=O)C(O)=O	InChI=1S/C6H11NO4/c1-3(8)5(6(10)11)7-4(2)9/h3,5,8H,1-2H3,(H,7,9)(H,10,11)/t3-,5+/m1/s1	152204			Method 3	False	publisher-reported processed metabolite result	not available: source MAF omits m/z and retention time	MetaboLights MTBLS697 MAF: m_MTBLS697_metabolite_profiling_mass_spectrometry_v2_maf.tsv
MTBLS697:ROW:0311	MTBLS697	CHAL-00035	YEAST-CENPK-LOWGROWTH	N-acetyltyrosine	78142.0	N-acetyltyrosine	CHEBI:68561	C11H13NO4	CC(=O)NC(Cc1ccc(O)cc1)C(O)=O	InChI=1S/C11H13NO4/c1-7(13)12-10(11(15)16)6-8-2-4-9(14)5-3-8/h2-5,10,14H,6H2,1H3,(H,12,13)(H,15,16)	68310		HMDB00866	Method 3	False	publisher-reported processed metabolite result	not available: source MAF omits m/z and retention time	MetaboLights MTBLS697 MAF: m_MTBLS697_metabolite_profiling_mass_spectrometry_v2_maf.tsv
MTBLS697:ROW:0312	MTBLS697	CHAL-00035	YEAST-CENPK-LOWGROWTH	N-acetylvaline	330275.0	N-acetylvaline	CHEBI:169985	C7H13NO3	OC(=O)C(NC(=O)C)C(C)C	InChI=1S/C7H13NO3/c1-4(2)6(7(10)11)8-5(3)9/h4,6H,1-3H3,(H,8,9)(H,10,11)	66789		HMDB11757	Method 3	False	publisher-reported processed metabolite result	not available: source MAF omits m/z and retention time	MetaboLights MTBLS697 MAF: m_MTBLS697_metabolite_profiling_mass_spectrometry_v2_maf.tsv
MTBLS697:ROW:0313	MTBLS697	CHAL-00035	YEAST-CENPK-LOWGROWTH	nicotinamide adenine dinucleotide (NAD+)	15802806.0	nicotinamide adenine dinucleotide (NAD+)	CHEBI:15846	C21H28N7O14P2	NC(=O)c1ccc[n+](c1)[C@@H]1O[C@H](COP(O)(=O)OP(O)(=O)OC[C@H]2O[C@H]([C@H](O)[C@@H]2O)n2cnc3c(N)ncnc23)[C@@H](O)[C@H]1O	InChI=1S/C21H27N7O14P2/c22-17-12-19(25-7-24-17)28(8-26-12)21-16(32)14(30)11(41-21)6-39-44(36,37)42-43(34,35)38-5-10-13(29)15(31)20(40-10)27-3-1-2-9(4-27)18(23)33/h1-4,7-8,10-11,13-16,20-21,29-32H,5-6H2,(H5-,22,23,24,25,33,34,35,36,37)/p+1/t10-,11-,13-,14-,15-,16-,20-,21-/m1/s1	5893	C00003	HMDB00902	Method 1	False	publisher-reported processed metabolite result	not available: source MAF omits m/z and retention time	MetaboLights MTBLS697 MAF: m_MTBLS697_metabolite_profiling_mass_spectrometry_v2_maf.tsv
MTBLS697:ROW:0315	MTBLS697	CHAL-00035	YEAST-CENPK-LOWGROWTH	N-alpha-acetylornithine	10749219.0	N-alpha-acetylornithine	CHEBI:16543	C7H14N2O3	C(CCN)[C@@H](C(O)=O)NC(=O)C	InChI=1S/C7H14N2O3/c1-5(10)9-6(7(11)12)3-2-4-8/h6H,2-4,8H2,1H3,(H,9,10)(H,11,12)/t6-/m0/s1	439232	C00437	HMDB03357	Method 1	False	publisher-reported processed metabolite result	not available: source MAF omits m/z and retention time	MetaboLights MTBLS697 MAF: m_MTBLS697_metabolite_profiling_mass_spectrometry_v2_maf.tsv
MTBLS697:ROW:0317	MTBLS697	CHAL-00035	YEAST-CENPK-LOWGROWTH	N-formylmethionine	183589.0	N-formylmethionine	CHEBI:16552	C6H11NO3S	[H]C(=O)N[C@@H](CCSC)C(O)=O	InChI=1S/C6H11NO3S/c1-11-3-2-5(6(9)10)7-4-8/h4-5H,2-3H2,1H3,(H,7,8)(H,9,10)/t5-/m0/s1	439750	C03145	HMDB01015	Method 3	False	publisher-reported processed metabolite result	not available: source MAF omits m/z and retention time	MetaboLights MTBLS697 MAF: m_MTBLS697_metabolite_profiling_mass_spectrometry_v2_maf.tsv
MTBLS697:ROW:0318	MTBLS697	CHAL-00035	YEAST-CENPK-LOWGROWTH	nicotinamide	28839222.0	nicotinamide	CHEBI:17154	C6H6N2O	NC(=O)c1cccnc1	InChI=1S/C6H6N2O/c7-6(9)5-2-1-3-8-4-5/h1-4H,(H2,7,9)	936	C00153	HMDB01406	Method 1	False	publisher-reported processed metabolite result	not available: source MAF omits m/z and retention time	MetaboLights MTBLS697 MAF: m_MTBLS697_metabolite_profiling_mass_spectrometry_v2_maf.tsv
MTBLS697:ROW:0319	MTBLS697	CHAL-00035	YEAST-CENPK-LOWGROWTH	nicotinamide ribonucleotide (NMN)	305465440.0	nicotinamide ribonucleotide (NMN)					14180	C00455	HMDB00229	Method 1	False	publisher-reported processed metabolite result	not available: source MAF omits m/z and retention time	MetaboLights MTBLS697 MAF: m_MTBLS697_metabolite_profiling_mass_spectrometry_v2_maf.tsv
MTBLS697:ROW:0320	MTBLS697	CHAL-00035	YEAST-CENPK-LOWGROWTH	nicotinamide riboside	916637184.0	nicotinamide riboside	CHEBI:15927	C11H15N2O5+	NC(=O)c1ccc[n+](c1)[C@@H]1O[C@H](CO)[C@@H](O)[C@H]1O	InChI=1S/C11H14N2O5/c12-10(17)6-2-1-3-13(4-6)11-9(16)8(15)7(5-14)18-11/h1-4,7-9,11,14-16H,5H2,(H-,12,17)/p+1/t7-,8-,9-,11-/m1/s1	439924	C03150	HMDB00855	Method 1	False	publisher-reported processed metabolite result	not available: source MAF omits m/z and retention time	MetaboLights MTBLS697 MAF: m_MTBLS697_metabolite_profiling_mass_spectrometry_v2_maf.tsv
MTBLS697:ROW:0321	MTBLS697	CHAL-00035	YEAST-CENPK-LOWGROWTH	nicotinate	5923291.0	nicotinate	CHEBI:15940	C6H5NO2	OC(=O)c1cccnc1	InChI=1S/C6H5NO2/c8-6(9)5-2-1-3-7-4-5/h1-4H,(H,8,9)	938	C00253	HMDB01488	Method 1	False	publisher-reported processed metabolite result	not available: source MAF omits m/z and retention time	MetaboLights MTBLS697 MAF: m_MTBLS697_metabolite_profiling_mass_spectrometry_v2_maf.tsv
MTBLS697:ROW:0322	MTBLS697	CHAL-00035	YEAST-CENPK-LOWGROWTH	nicotinate adenine dinucleotide (NAAD+)	1389701.0	nicotinate adenine dinucleotide (NAAD+)					25246170			Method 3	False	publisher-reported processed metabolite result	not available: source MAF omits m/z and retention time	MetaboLights MTBLS697 MAF: m_MTBLS697_metabolite_profiling_mass_spectrometry_v2_maf.tsv
MTBLS697:ROW:0323	MTBLS697	CHAL-00035	YEAST-CENPK-LOWGROWTH	nicotinate ribonucleoside	215763552.0	nicotinate ribonucleoside	CHEBI:58527	C11H13NO6	OC[C@H]1O[C@H]([C@H](O)[C@@H]1O)[n+]1cccc(c1)C([O-])=O	InChI=1S/C11H13NO6/c13-5-7-8(14)9(15)10(18-7)12-3-1-2-6(4-12)11(16)17/h1-4,7-10,13-15H,5H2/t7-,8-,9-,10-/m1/s1	161234	C05841	HMDB06809	Method 1	False	publisher-reported processed metabolite result	not available: source MAF omits m/z and retention time	MetaboLights MTBLS697 MAF: m_MTBLS697_metabolite_profiling_mass_spectrometry_v2_maf.tsv
MTBLS697:ROW:0324	MTBLS697	CHAL-00035	YEAST-CENPK-LOWGROWTH	nicotinic acid mononucleotide (NaMN)	3537827.0	nicotinic acid mononucleotide (NaMN)					5288991	C01185	HMDB01132	Method 1	False	publisher-reported processed metabolite result	not available: source MAF omits m/z and retention time	MetaboLights MTBLS697 MAF: m_MTBLS697_metabolite_profiling_mass_spectrometry_v2_maf.tsv
MTBLS697:ROW:0326	MTBLS697	CHAL-00035	YEAST-CENPK-LOWGROWTH	N-monomethylarginine	16391372.0	N-monomethylarginine					132862	C03884	HMDB29416	Method 1	False	publisher-reported processed metabolite result	not available: source MAF omits m/z and retention time	MetaboLights MTBLS697 MAF: m_MTBLS697_metabolite_profiling_mass_spectrometry_v2_maf.tsv
MTBLS697:ROW:0327	MTBLS697	CHAL-00035	YEAST-CENPK-LOWGROWTH	O-acetylhomoserine	183945040.0	O-acetylhomoserine	CHEBI:7671	C6H11NO4	CC(=O)OCCC(N)C(O)=O	InChI=1S/C6H11NO4/c1-4(8)11-3-2-5(7)6(9)10/h5H,2-3,7H2,1H3,(H,9,10)	439389	C01077		Method 1	False	publisher-reported processed metabolite result	not available: source MAF omits m/z and retention time	MetaboLights MTBLS697 MAF: m_MTBLS697_metabolite_profiling_mass_spectrometry_v2_maf.tsv
MTBLS697:ROW:0328	MTBLS697	CHAL-00035	YEAST-CENPK-LOWGROWTH	oleate/vaccenate (18:1)	2025852032.0	oleate/vaccenate (18:1)								Method 3	False	publisher-reported processed metabolite result	not available: source MAF omits m/z and retention time	MetaboLights MTBLS697 MAF: m_MTBLS697_metabolite_profiling_mass_spectrometry_v2_maf.tsv
MTBLS697:ROW:0329	MTBLS697	CHAL-00035	YEAST-CENPK-LOWGROWTH	oleoyl ethanolamide	219331.0	oleoyl ethanolamide	CHEBI:71466	C20H39NO2	CCCCCCCC\C=C/CCCCCCCC(=O)NCCO	InChI=1S/C20H39NO2/c1-2-3-4-5-6-7-8-9-10-11-12-13-14-15-16-17-20(23)21-18-19-22/h9-10,22H,2-8,11-19H2,1H3,(H,21,23)/b10-9-	5283454		HMDB02088	Method 3	False	publisher-reported processed metabolite result	not available: source MAF omits m/z and retention time	MetaboLights MTBLS697 MAF: m_MTBLS697_metabolite_profiling_mass_spectrometry_v2_maf.tsv
MTBLS697:ROW:0330	MTBLS697	CHAL-00035	YEAST-CENPK-LOWGROWTH	ophthalmate	119653216.0	ophthalmate	CHEBI:189750	C11H18N3O6	O=C(N[C@@H](CC)C(=O)NCC([O-])=O)CC[C@H]([NH3+])C([O-])=O	InChI=1S/C11H19N3O6/c1-2-7(10(18)13-5-9(16)17)14-8(15)4-3-6(12)11(19)20/h6-7H,2-5,12H2,1H3,(H,13,18)(H,14,15)(H,16,17)(H,19,20)/p-1/t6-,7-/m0/s1	7018721		HMDB05765	Method 1	False	publisher-reported processed metabolite result	not available: source MAF omits m/z and retention time	MetaboLights MTBLS697 MAF: m_MTBLS697_metabolite_profiling_mass_spectrometry_v2_maf.tsv
MTBLS697:ROW:0331	MTBLS697	CHAL-00035	YEAST-CENPK-LOWGROWTH	ornithine	230361344.0	ornithine	CHEBI:18257	C5H12N2O2	NCCCC(N)C(O)=O	InChI=1S/C5H12N2O2/c6-3-1-2-4(7)5(8)9/h4H,1-3,6-7H2,(H,8,9)	6262	C00077	HMDB03374	Method 1	False	publisher-reported processed metabolite result	not available: source MAF omits m/z and retention time	MetaboLights MTBLS697 MAF: m_MTBLS697_metabolite_profiling_mass_spectrometry_v2_maf.tsv
MTBLS697:ROW:0332	MTBLS697	CHAL-00035	YEAST-CENPK-LOWGROWTH	orotate	7480607.0	orotate	CHEBI:16742	C5H4N2O4	OC(=O)c1cc(=O)[nH]c(=O)[nH]1	InChI=1S/C5H4N2O4/c8-3-1-2(4(9)10)6-5(11)7-3/h1H,(H,9,10)(H2,6,7,8,11)	967	C00295	HMDB00226	Method 4	False	publisher-reported processed metabolite result	not available: source MAF omits m/z and retention time	MetaboLights MTBLS697 MAF: m_MTBLS697_metabolite_profiling_mass_spectrometry_v2_maf.tsv
MTBLS697:ROW:0333	MTBLS697	CHAL-00035	YEAST-CENPK-LOWGROWTH	orotidine	474037.0	orotidine	CHEBI:25722	C10H12N2O8	OC[C@H]1O[C@H]([C@H](O)[C@@H]1O)n1c(cc(=O)[nH]c1=O)C(O)=O	InChI=1S/C10H12N2O8/c13-2-4-6(15)7(16)8(20-4)12-3(9(17)18)1-5(14)11-10(12)19/h1,4,6-8,13,15-16H,2H2,(H,17,18)(H,11,14,19)/t4-,6-,7-,8-/m1/s1	92751		HMDB00788	Method 4	False	publisher-reported processed metabolite result	not available: source MAF omits m/z and retention time	MetaboLights MTBLS697 MAF: m_MTBLS697_metabolite_profiling_mass_spectrometry_v2_maf.tsv
MTBLS697:ROW:0334	MTBLS697	CHAL-00035	YEAST-CENPK-LOWGROWTH	orotidine 5'-phosphate	78688.0	orotidine 5'-phosphate	CHEBI:15842	C10H13N2O11P	O[C@@H]1[C@@H](COP(O)(O)=O)O[C@H]([C@@H]1O)n1c(cc(=O)[nH]c1=O)C(O)=O	InChI=1S/C10H13N2O11P/c13-5-1-3(9(16)17)12(10(18)11-5)8-7(15)6(14)4(23-8)2-22-24(19,20)21/h1,4,6-8,14-15H,2H2,(H,16,17)(H,11,13,18)(H2,19,20,21)/t4-,6-,7-,8-/m1/s1	160617	C01103	HMDB00218	Method 4	False	publisher-reported processed metabolite result	not available: source MAF omits m/z and retention time	MetaboLights MTBLS697 MAF: m_MTBLS697_metabolite_profiling_mass_spectrometry_v2_maf.tsv
MTBLS697:ROW:0335	MTBLS697	CHAL-00035	YEAST-CENPK-LOWGROWTH	palmitate (16:0)	1337370240.0	palmitate (16:0)					985	C00249	HMDB00220	Method 3	False	publisher-reported processed metabolite result	not available: source MAF omits m/z and retention time	MetaboLights MTBLS697 MAF: m_MTBLS697_metabolite_profiling_mass_spectrometry_v2_maf.tsv
MTBLS697:ROW:0336	MTBLS697	CHAL-00035	YEAST-CENPK-LOWGROWTH	palmitoleate (16:1n7)	5583305216.0	palmitoleate (16:1n7)					445638	C08362	HMDB03229	Method 3	False	publisher-reported processed metabolite result	not available: source MAF omits m/z and retention time	MetaboLights MTBLS697 MAF: m_MTBLS697_metabolite_profiling_mass_spectrometry_v2_maf.tsv
MTBLS697:ROW:0337	MTBLS697	CHAL-00035	YEAST-CENPK-LOWGROWTH	palmitoleoyl ethanolamide*	623930.0	palmitoleoyl ethanolamide*	CHEBI:71465	C18H35NO2	CCCCCC\C=C/CCCCCCCC(=O)NCCO	InChI=1S/C18H35NO2/c1-2-3-4-5-6-7-8-9-10-11-12-13-14-15-18(21)19-16-17-20/h7-8,20H,2-6,9-17H2,1H3,(H,19,21)/b8-7-	9835868		HMDB13648	Method 2	False	publisher-reported processed metabolite result	not available: source MAF omits m/z and retention time	MetaboLights MTBLS697 MAF: m_MTBLS697_metabolite_profiling_mass_spectrometry_v2_maf.tsv
MTBLS697:ROW:0338	MTBLS697	CHAL-00035	YEAST-CENPK-LOWGROWTH	palmitoyl ethanolamide	568628.0	palmitoyl ethanolamide	CHEBI:71464	C18H37NO2	CCCCCCCCCCCCCCCC(=O)NCCO	InChI=1S/C18H37NO2/c1-2-3-4-5-6-7-8-9-10-11-12-13-14-15-18(21)19-16-17-20/h20H,2-17H2,1H3,(H,19,21)	4671	C16512	HMDB02100	Method 3	False	publisher-reported processed metabolite result	not available: source MAF omits m/z and retention time	MetaboLights MTBLS697 MAF: m_MTBLS697_metabolite_profiling_mass_spectrometry_v2_maf.tsv
MTBLS697:ROW:0339	MTBLS697	CHAL-00035	YEAST-CENPK-LOWGROWTH	pantetheine	9438370.0	pantetheine	CHEBI:16753	C11H22N2O4S	CC(C)(CO)[C@@H](O)C(=O)NCCC(=O)NCCS	InChI=1S/C11H22N2O4S/c1-11(2,7-14)9(16)10(17)13-4-3-8(15)12-5-6-18/h9,14,16,18H,3-7H2,1-2H3,(H,12,15)(H,13,17)/t9-/m0/s1	439322	C00831		Method 1	False	publisher-reported processed metabolite result	not available: source MAF omits m/z and retention time	MetaboLights MTBLS697 MAF: m_MTBLS697_metabolite_profiling_mass_spectrometry_v2_maf.tsv
MTBLS697:ROW:0340	MTBLS697	CHAL-00035	YEAST-CENPK-LOWGROWTH	pantothenate	80488416.0	pantothenate	CHEBI:7916	C9H17NO5	CC(C)(CO)C(O)C(=O)NCCC(O)=O	InChI=1S/C9H17NO5/c1-9(2,5-11)7(14)8(15)10-4-3-6(12)13/h7,11,14H,3-5H2,1-2H3,(H,10,15)(H,12,13)	6613	C00864	HMDB00210	Method 1	False	publisher-reported processed metabolite result	not available: source MAF omits m/z and retention time	MetaboLights MTBLS697 MAF: m_MTBLS697_metabolite_profiling_mass_spectrometry_v2_maf.tsv
MTBLS697:ROW:0341	MTBLS697	CHAL-00035	YEAST-CENPK-LOWGROWTH	pentadecanoate (15:0)	74063680.0	pentadecanoate (15:0)					13849	C16537	HMDB00826	Method 3	False	publisher-reported processed metabolite result	not available: source MAF omits m/z and retention time	MetaboLights MTBLS697 MAF: m_MTBLS697_metabolite_profiling_mass_spectrometry_v2_maf.tsv
MTBLS697:ROW:0344	MTBLS697	CHAL-00035	YEAST-CENPK-LOWGROWTH	phenylalanine	427449792.0	phenylalanine	CHEBI:28044	C9H11NO2	NC(Cc1ccccc1)C(O)=O	InChI=1S/C9H11NO2/c10-8(9(11)12)6-7-4-2-1-3-5-7/h1-5,8H,6,10H2,(H,11,12)	6140	C00079	HMDB00159	Method 1	False	publisher-reported processed metabolite result	not available: source MAF omits m/z and retention time	MetaboLights MTBLS697 MAF: m_MTBLS697_metabolite_profiling_mass_spectrometry_v2_maf.tsv
MTBLS697:ROW:0346	MTBLS697	CHAL-00035	YEAST-CENPK-LOWGROWTH	phenyllactate (PLA)	2745552.0	phenyllactate (PLA)					3848	C05607	HMDB00779	Method 3	False	publisher-reported processed metabolite result	not available: source MAF omits m/z and retention time	MetaboLights MTBLS697 MAF: m_MTBLS697_metabolite_profiling_mass_spectrometry_v2_maf.tsv
MTBLS697:ROW:0347	MTBLS697	CHAL-00035	YEAST-CENPK-LOWGROWTH	phenylpyruvate	1300226.0	phenylpyruvate	CHEBI:26008	C9H8O3			997	C00166	HMDB00205	Method 4	False	publisher-reported processed metabolite result	not available: source MAF omits m/z and retention time	MetaboLights MTBLS697 MAF: m_MTBLS697_metabolite_profiling_mass_spectrometry_v2_maf.tsv
MTBLS697:ROW:0348	MTBLS697	CHAL-00035	YEAST-CENPK-LOWGROWTH	phosphate	840009856.0	phosphate	CHEBI:26078	H3O4P	[H]OP(=O)(O[H])O[H]	InChI=1S/H3O4P/c1-5(2,3)4/h(H3,1,2,3,4)	1061	C00009	HMDB01429	Method 1	False	publisher-reported processed metabolite result	not available: source MAF omits m/z and retention time	MetaboLights MTBLS697 MAF: m_MTBLS697_metabolite_profiling_mass_spectrometry_v2_maf.tsv
MTBLS697:ROW:0349	MTBLS697	CHAL-00035	YEAST-CENPK-LOWGROWTH	choline phosphate	13738932.0	choline phosphate	CHEBI:18132	C5H15NO4P	C[N+](C)(C)CCOP(O)(O)=O	InChI=1S/C5H14NO4P/c1-6(2,3)4-5-10-11(7,8)9/h4-5H2,1-3H3,(H-,7,8,9)/p+1	1014	C00588	HMDB01565	Method 1	False	publisher-reported processed metabolite result	not available: source MAF omits m/z and retention time	MetaboLights MTBLS697 MAF: m_MTBLS697_metabolite_profiling_mass_spectrometry_v2_maf.tsv
MTBLS697:ROW:0350	MTBLS697	CHAL-00035	YEAST-CENPK-LOWGROWTH	phosphoenolpyruvate (PEP)	11590802.0	phosphoenolpyruvate (PEP)					1005	C00074	HMDB00263	Method 3	False	publisher-reported processed metabolite result	not available: source MAF omits m/z and retention time	MetaboLights MTBLS697 MAF: m_MTBLS697_metabolite_profiling_mass_spectrometry_v2_maf.tsv
MTBLS697:ROW:0351	MTBLS697	CHAL-00035	YEAST-CENPK-LOWGROWTH	phosphopantetheine	6494899.0	phosphopantetheine	CHEBI:26073	C11H23N2O7PS			987	C01134	HMDB01416	Method 3	False	publisher-reported processed metabolite result	not available: source MAF omits m/z and retention time	MetaboLights MTBLS697 MAF: m_MTBLS697_metabolite_profiling_mass_spectrometry_v2_maf.tsv
MTBLS697:ROW:0352	MTBLS697	CHAL-00035	YEAST-CENPK-LOWGROWTH	phosphothreonine	1036309.0	phosphothreonine	CHEBI:37525	C4H10NO6P	C[C@@H](OP(O)(O)=O)[C@H](N)C(O)=O	InChI=1S/C4H10NO6P/c1-2(3(5)4(6)7)11-12(8,9)10/h2-3H,5H2,1H3,(H,6,7)(H2,8,9,10)/t2-,3+/m1/s1	1016	C12147		Method 1	False	publisher-reported processed metabolite result	not available: source MAF omits m/z and retention time	MetaboLights MTBLS697 MAF: m_MTBLS697_metabolite_profiling_mass_spectrometry_v2_maf.tsv
MTBLS697:ROW:0353	MTBLS697	CHAL-00035	YEAST-CENPK-LOWGROWTH	phytosphingosine	31396470.0	phytosphingosine	CHEBI:46961	C18H39NO3	CCCCCCCCCCCCCC[C@@H](O)[C@@H](O)[C@@H](N)CO	InChI=1S/C18H39NO3/c1-2-3-4-5-6-7-8-9-10-11-12-13-14-17(21)18(22)16(19)15-20/h16-18,20-22H,2-15,19H2,1H3/t16-,17+,18-/m0/s1	122121	C12144	HMDB04610	Method 2	False	publisher-reported processed metabolite result	not available: source MAF omits m/z and retention time	MetaboLights MTBLS697 MAF: m_MTBLS697_metabolite_profiling_mass_spectrometry_v2_maf.tsv
MTBLS697:ROW:0354	MTBLS697	CHAL-00035	YEAST-CENPK-LOWGROWTH	picolinate	1646451.0	picolinate	CHEBI:28747	C6H5NO2	OC(=O)c1ccccn1	InChI=1S/C6H5NO2/c8-6(9)5-3-1-2-4-7-5/h1-4H,(H,8,9)	1018	C10164	HMDB02243	Method 1	False	publisher-reported processed metabolite result	not available: source MAF omits m/z and retention time	MetaboLights MTBLS697 MAF: m_MTBLS697_metabolite_profiling_mass_spectrometry_v2_maf.tsv
MTBLS697:ROW:0355	MTBLS697	CHAL-00035	YEAST-CENPK-LOWGROWTH	pipecolate	10062921.0	pipecolate	CHEBI:17964	C6H11NO2	OC(=O)C1CCCCN1	InChI=1S/C6H11NO2/c8-6(9)5-3-1-2-4-7-5/h5,7H,1-4H2,(H,8,9)	849	C00408	HMDB00070	Method 1	False	publisher-reported processed metabolite result	not available: source MAF omits m/z and retention time	MetaboLights MTBLS697 MAF: m_MTBLS697_metabolite_profiling_mass_spectrometry_v2_maf.tsv
MTBLS697:ROW:0356	MTBLS697	CHAL-00035	YEAST-CENPK-LOWGROWTH	proline	474806752.0	proline	CHEBI:26271	C5H9NO2	OC(=O)C1CCCN1	InChI=1S/C5H9NO2/c7-5(8)4-2-1-3-6-4/h4,6H,1-3H2,(H,7,8)	145742	C00148	HMDB00162	Method 1	False	publisher-reported processed metabolite result	not available: source MAF omits m/z and retention time	MetaboLights MTBLS697 MAF: m_MTBLS697_metabolite_profiling_mass_spectrometry_v2_maf.tsv
MTBLS697:ROW:0357	MTBLS697	CHAL-00035	YEAST-CENPK-LOWGROWTH	prolylglycine	904013.0	prolylglycine	CHEBI:61695	C7H12N2O3	C([C@H]1NCCC1)(=O)NCC(O)=O	InChI=1S/C7H12N2O3/c10-6(11)4-9-7(12)5-2-1-3-8-5/h5,8H,1-4H2,(H,9,12)(H,10,11)/t5-/m0/s1	6426709		HMDB11178	Method 1	False	publisher-reported processed metabolite result	not available: source MAF omits m/z and retention time	MetaboLights MTBLS697 MAF: m_MTBLS697_metabolite_profiling_mass_spectrometry_v2_maf.tsv
MTBLS697:ROW:0358	MTBLS697	CHAL-00035	YEAST-CENPK-LOWGROWTH	propionyl CoA	57178.0	propionyl CoA	CHEBI:15539	C24H40N7O17P3S	CCC(=O)SCCNC(=O)CCNC(=O)[C@H](O)C(C)(C)COP(O)(=O)OP(O)(=O)OC[C@H]1O[C@H]([C@H](O)[C@@H]1OP(O)(O)=O)N1C=NC2=C1N=CN=C2N	InChI=1S/C24H40N7O17P3S/c1-4-15(33)52-8-7-26-14(32)5-6-27-22(36)19(35)24(2,3)10-45-51(42,43)48-50(40,41)44-9-13-18(47-49(37,38)39)17(34)23(46-13)31-12-30-16-20(25)28-11-29-21(16)31/h11-13,17-19,23,34-35H,4-10H2,1-3H3,(H,26,32)(H,27,36)(H,40,41)(H,42,43)(H2,25,28,29)(H2,37,38,39)/t13-,17-,18-,19+,23-/m1/s1	92753	C00100	HMDB01275	Method 3	False	publisher-reported processed metabolite result	not available: source MAF omits m/z and retention time	MetaboLights MTBLS697 MAF: m_MTBLS697_metabolite_profiling_mass_spectrometry_v2_maf.tsv
MTBLS697:ROW:0359	MTBLS697	CHAL-00035	YEAST-CENPK-LOWGROWTH	pseudouridine	8359007.0	pseudouridine	CHEBI:17802	C9H12N2O6	OC[C@H]1O[C@H]([C@H](O)[C@@H]1O)c1c[nH]c(=O)[nH]c1=O	InChI=1S/C9H12N2O6/c12-2-4-5(13)6(14)7(17-4)3-1-10-9(16)11-8(3)15/h1,4-7,12-14H,2H2,(H2,10,11,15,16)/t4-,5-,6-,7+/m1/s1	15047	C02067	HMDB00767	Method 3	False	publisher-reported processed metabolite result	not available: source MAF omits m/z and retention time	MetaboLights MTBLS697 MAF: m_MTBLS697_metabolite_profiling_mass_spectrometry_v2_maf.tsv
MTBLS697:ROW:0360	MTBLS697	CHAL-00035	YEAST-CENPK-LOWGROWTH	pterin	2238402.0	pterin	CHEBI:26374	C6H5N5O			73000	C00715	HMDB00802	Method 1	False	publisher-reported processed metabolite result	not available: source MAF omits m/z and retention time	MetaboLights MTBLS697 MAF: m_MTBLS697_metabolite_profiling_mass_spectrometry_v2_maf.tsv
MTBLS697:ROW:0362	MTBLS697	CHAL-00035	YEAST-CENPK-LOWGROWTH	pyridoxal	136444016.0	pyridoxal	CHEBI:17310	C8H9NO3	[H]C(=O)c1c(CO)cnc(C)c1O	InChI=1S/C8H9NO3/c1-5-8(12)7(4-11)6(3-10)2-9-5/h2,4,10,12H,3H2,1H3	1050	C00250	HMDB01545	Method 1	False	publisher-reported processed metabolite result	not available: source MAF omits m/z and retention time	MetaboLights MTBLS697 MAF: m_MTBLS697_metabolite_profiling_mass_spectrometry_v2_maf.tsv
MTBLS697:ROW:0363	MTBLS697	CHAL-00035	YEAST-CENPK-LOWGROWTH	pyridoxal phosphate	966838.0	pyridoxal phosphate	CHEBI:18405	C8H10NO6P	[H]C(=O)c1c(COP(O)(O)=O)cnc(C)c1O	InChI=1S/C8H10NO6P/c1-5-8(11)7(3-10)6(2-9-5)4-15-16(12,13)14/h2-3,11H,4H2,1H3,(H2,12,13,14)	1051	C00018	HMDB01491	Method 3	False	publisher-reported processed metabolite result	not available: source MAF omits m/z and retention time	MetaboLights MTBLS697 MAF: m_MTBLS697_metabolite_profiling_mass_spectrometry_v2_maf.tsv
MTBLS697:ROW:0364	MTBLS697	CHAL-00035	YEAST-CENPK-LOWGROWTH	pyridoxamine	59446712.0	pyridoxamine	CHEBI:16410	C8H12N2O2	Cc1ncc(CO)c(CN)c1O	InChI=1S/C8H12N2O2/c1-5-8(12)7(2-9)6(4-11)3-10-5/h3,11-12H,2,4,9H2,1H3	1052	C00534	HMDB01431	Method 1	False	publisher-reported processed metabolite result	not available: source MAF omits m/z and retention time	MetaboLights MTBLS697 MAF: m_MTBLS697_metabolite_profiling_mass_spectrometry_v2_maf.tsv
MTBLS697:ROW:0365	MTBLS697	CHAL-00035	YEAST-CENPK-LOWGROWTH	pyridoxamine phosphate	2326006.0	pyridoxamine phosphate	CHEBI:18335	C8H13N2O5P	Cc1ncc(COP(O)(O)=O)c(CN)c1O	InChI=1S/C8H13N2O5P/c1-5-8(11)7(2-9)6(3-10-5)4-15-16(12,13)14/h3,11H,2,4,9H2,1H3,(H2,12,13,14)	1053	C00647	HMDB01555	Method 1	False	publisher-reported processed metabolite result	not available: source MAF omits m/z and retention time	MetaboLights MTBLS697 MAF: m_MTBLS697_metabolite_profiling_mass_spectrometry_v2_maf.tsv
MTBLS697:ROW:0366	MTBLS697	CHAL-00035	YEAST-CENPK-LOWGROWTH	pyridoxate	87673.0	pyridoxate	CHEBI:132948	C8H9NO4			6723	C00847	HMDB00017	Method 4	False	publisher-reported processed metabolite result	not available: source MAF omits m/z and retention time	MetaboLights MTBLS697 MAF: m_MTBLS697_metabolite_profiling_mass_spectrometry_v2_maf.tsv
MTBLS697:ROW:0367	MTBLS697	CHAL-00035	YEAST-CENPK-LOWGROWTH	pyridoxine (Vitamin B6)	57475828.0	pyridoxine (Vitamin B6)					1054	C00314	HMDB02075	Method 1	False	publisher-reported processed metabolite result	not available: source MAF omits m/z and retention time	MetaboLights MTBLS697 MAF: m_MTBLS697_metabolite_profiling_mass_spectrometry_v2_maf.tsv
MTBLS697:ROW:0368	MTBLS697	CHAL-00035	YEAST-CENPK-LOWGROWTH	pyroglutamine*	7487556.0	pyroglutamine*	CHEBI:133469	C5H8N2O2	C1(NC(C(CC1)N)=O)=O	InChI=1S/C5H8N2O2/c6-3-1-2-4(8)7-5(3)9/h3H,1-2,6H2,(H,7,8,9)	134508			Method 1	False	publisher-reported processed metabolite result	not available: source MAF omits m/z and retention time	MetaboLights MTBLS697 MAF: m_MTBLS697_metabolite_profiling_mass_spectrometry_v2_maf.tsv
MTBLS697:ROW:0369	MTBLS697	CHAL-00035	YEAST-CENPK-LOWGROWTH	pyruvate	4875149.0	pyruvate	CHEBI:32816	C3H4O3	CC(=O)C(O)=O	InChI=1S/C3H4O3/c1-2(4)3(5)6/h1H3,(H,5,6)	1060	C00022	HMDB00243	Method 4	False	publisher-reported processed metabolite result	not available: source MAF omits m/z and retention time	MetaboLights MTBLS697 MAF: m_MTBLS697_metabolite_profiling_mass_spectrometry_v2_maf.tsv
MTBLS697:ROW:0370	MTBLS697	CHAL-00035	YEAST-CENPK-LOWGROWTH	quinate	886272.0	quinate	CHEBI:17521	C7H12O6	O[C@@H]1C[C@@](O)(C[C@@H](O)[C@H]1O)C(O)=O	InChI=1S/C7H12O6/c8-3-1-7(13,6(11)12)2-4(9)5(3)10/h3-5,8-10,13H,1-2H2,(H,11,12)/t3-,4-,5-,7+/m1/s1	6508	C00296	HMDB03072	Method 4	False	publisher-reported processed metabolite result	not available: source MAF omits m/z and retention time	MetaboLights MTBLS697 MAF: m_MTBLS697_metabolite_profiling_mass_spectrometry_v2_maf.tsv
MTBLS697:ROW:0371	MTBLS697	CHAL-00035	YEAST-CENPK-LOWGROWTH	quinolinate	1112664.0	quinolinate	CHEBI:16675	C7H5NO4	OC(=O)c1cccnc1C(O)=O	InChI=1S/C7H5NO4/c9-6(10)4-2-1-3-8-5(4)7(11)12/h1-3H,(H,9,10)(H,11,12)	1066	C03722	HMDB00232	Method 1	False	publisher-reported processed metabolite result	not available: source MAF omits m/z and retention time	MetaboLights MTBLS697 MAF: m_MTBLS697_metabolite_profiling_mass_spectrometry_v2_maf.tsv
MTBLS697:ROW:0372	MTBLS697	CHAL-00035	YEAST-CENPK-LOWGROWTH	ribitol	1141727.0	ribitol	CHEBI:15963	C5H12O5	OC[C@H](O)[C@H](O)[C@H](O)CO	InChI=1S/C5H12O5/c6-1-3(8)5(10)4(9)2-7/h3-10H,1-2H2/t3-,4+,5-	6912	C00474	HMDB00508	Method 4	False	publisher-reported processed metabolite result	not available: source MAF omits m/z and retention time	MetaboLights MTBLS697 MAF: m_MTBLS697_metabolite_profiling_mass_spectrometry_v2_maf.tsv
MTBLS697:ROW:0373	MTBLS697	CHAL-00035	YEAST-CENPK-LOWGROWTH	riboflavin (Vitamin B2)	12651007.0	riboflavin (Vitamin B2)	CHEBI:17015	C17H20N4O6	CC1=C(C)C=C2N(C[C@H](O)[C@H](O)[C@H](O)CO)C3=NC(=O)NC(=O)C3=NC2=C1	InChI=1S/C17H20N4O6/c1-7-3-9-10(4-8(7)2)21(5-11(23)14(25)12(24)6-22)15-13(18-9)16(26)20-17(27)19-15/h3-4,11-12,14,22-25H,5-6H2,1-2H3,(H,20,26,27)/t11-,12+,14-/m0/s1	493570	C00255	HMDB00244	Method 1	False	publisher-reported processed metabolite result	not available: source MAF omits m/z and retention time	MetaboLights MTBLS697 MAF: m_MTBLS697_metabolite_profiling_mass_spectrometry_v2_maf.tsv
MTBLS697:ROW:0374	MTBLS697	CHAL-00035	YEAST-CENPK-LOWGROWTH	ribonate	10826316.0	ribonate	CHEBI:33527	C5H10O6			5460677	C01685	HMDB00867	Method 4	False	publisher-reported processed metabolite result	not available: source MAF omits m/z and retention time	MetaboLights MTBLS697 MAF: m_MTBLS697_metabolite_profiling_mass_spectrometry_v2_maf.tsv
MTBLS697:ROW:0375	MTBLS697	CHAL-00035	YEAST-CENPK-LOWGROWTH	ribose	1447130.0	ribose	CHEBI:33942	C5H10O5			5779	C00121	HMDB00283	Method 4	False	publisher-reported processed metabolite result	not available: source MAF omits m/z and retention time	MetaboLights MTBLS697 MAF: m_MTBLS697_metabolite_profiling_mass_spectrometry_v2_maf.tsv
MTBLS697:ROW:0376	MTBLS697	CHAL-00035	YEAST-CENPK-LOWGROWTH	ribose 5-phosphate	1698773.0	ribose 5-phosphate	CHEBI:17797	C5H11O8P	O[C@H](COP(O)(O)=O)[C@@H](O)[C@@H](O)C=O	InChI=1S/C5H11O8P/c6-1-3(7)5(9)4(8)2-13-14(10,11)12/h1,3-5,7-9H,2H2,(H2,10,11,12)/t3-,4+,5-/m0/s1		C00117	HMDB01548	Method 4	False	publisher-reported processed metabolite result	not available: source MAF omits m/z and retention time	MetaboLights MTBLS697 MAF: m_MTBLS697_metabolite_profiling_mass_spectrometry_v2_maf.tsv
MTBLS697:ROW:0377	MTBLS697	CHAL-00035	YEAST-CENPK-LOWGROWTH	ribulose/xylulose	126584.0	ribulose/xylulose	CHEBI:17140	C5H10O5	C(O)C(=O)[C@@H](O)[C@H](O)CO	InChI=1S/C5H10O5/c6-1-3(8)5(10)4(9)2-7/h3,5-8,10H,1-2H2/t3-,5+/m1/s1	5289590			Method 4	False	publisher-reported processed metabolite result	not available: source MAF omits m/z and retention time	MetaboLights MTBLS697 MAF: m_MTBLS697_metabolite_profiling_mass_spectrometry_v2_maf.tsv
MTBLS697:ROW:0378	MTBLS697	CHAL-00035	YEAST-CENPK-LOWGROWTH	saccharopine	73884344.0	saccharopine	CHEBI:16927	C11H20N2O6	N[C@@H](CCCCN[C@@H](CCC(O)=O)C(O)=O)C(O)=O	InChI=1S/C11H20N2O6/c12-7(10(16)17)3-1-2-6-13-8(11(18)19)4-5-9(14)15/h7-8,13H,1-6,12H2,(H,14,15)(H,16,17)(H,18,19)/t7-,8-/m0/s1	160556	C00449	HMDB00279	Method 1	False	publisher-reported processed metabolite result	not available: source MAF omits m/z and retention time	MetaboLights MTBLS697 MAF: m_MTBLS697_metabolite_profiling_mass_spectrometry_v2_maf.tsv
MTBLS697:ROW:0379	MTBLS697	CHAL-00035	YEAST-CENPK-LOWGROWTH	S-adenosylhomocysteine (SAH)	1942525.0	S-adenosylhomocysteine (SAH)					439155	C00021	HMDB00939	Method 1	False	publisher-reported processed metabolite result	not available: source MAF omits m/z and retention time	MetaboLights MTBLS697 MAF: m_MTBLS697_metabolite_profiling_mass_spectrometry_v2_maf.tsv
MTBLS697:ROW:0380	MTBLS697	CHAL-00035	YEAST-CENPK-LOWGROWTH	S-adenosylmethionine (SAM)	1609735.0	S-adenosylmethionine (SAM)					34756	C00019	HMDB01185	Method 1	False	publisher-reported processed metabolite result	not available: source MAF omits m/z and retention time	MetaboLights MTBLS697 MAF: m_MTBLS697_metabolite_profiling_mass_spectrometry_v2_maf.tsv
MTBLS697:ROW:0381	MTBLS697	CHAL-00035	YEAST-CENPK-LOWGROWTH	sedoheptulose	8192578.0	sedoheptulose	CHEBI:16802	C7H14O7	OC[C@@H](O)[C@@H](O)[C@@H](O)[C@H](O)C(=O)CO	InChI=1S/C7H14O7/c8-1-3(10)5(12)7(14)6(13)4(11)2-9/h3,5-10,12-14H,1-2H2/t3-,5-,6-,7-/m1/s1	5459879		HMDB03219	Method 4	False	publisher-reported processed metabolite result	not available: source MAF omits m/z and retention time	MetaboLights MTBLS697 MAF: m_MTBLS697_metabolite_profiling_mass_spectrometry_v2_maf.tsv
MTBLS697:ROW:0382	MTBLS697	CHAL-00035	YEAST-CENPK-LOWGROWTH	sedoheptulose-7-phosphate	18520210.0	sedoheptulose-7-phosphate	CHEBI:15721	C7H15O10P	OCC(=O)[C@@H](O)[C@H](O)[C@H](O)[C@H](O)COP(O)(O)=O	InChI=1S/C7H15O10P/c8-1-3(9)5(11)7(13)6(12)4(10)2-17-18(14,15)16/h4-8,10-13H,1-2H2,(H2,14,15,16)/t4-,5-,6-,7+/m1/s1	616	C05382	HMDB01068	Method 1	False	publisher-reported processed metabolite result	not available: source MAF omits m/z and retention time	MetaboLights MTBLS697 MAF: m_MTBLS697_metabolite_profiling_mass_spectrometry_v2_maf.tsv
MTBLS697:ROW:0383	MTBLS697	CHAL-00035	YEAST-CENPK-LOWGROWTH	serine	55978968.0	serine	CHEBI:17822	C3H7NO3	NC(CO)C(O)=O	InChI=1S/C3H7NO3/c4-2(1-5)3(6)7/h2,5H,1,4H2,(H,6,7)	5951	C00065	HMDB00187	Method 1	False	publisher-reported processed metabolite result	not available: source MAF omits m/z and retention time	MetaboLights MTBLS697 MAF: m_MTBLS697_metabolite_profiling_mass_spectrometry_v2_maf.tsv
MTBLS697:ROW:0384	MTBLS697	CHAL-00035	YEAST-CENPK-LOWGROWTH	S-lactoylglutathione	1167147.0	S-lactoylglutathione	CHEBI:15694	C13H21N3O8S	C[C@@H](O)C(=O)SC[C@H](NC(=O)CC[C@H](N)C(O)=O)C(=O)NCC(O)=O	InChI=1S/C13H21N3O8S/c1-6(17)13(24)25-5-8(11(21)15-4-10(19)20)16-9(18)3-2-7(14)12(22)23/h6-8,17H,2-5,14H2,1H3,(H,15,21)(H,16,18)(H,19,20)(H,22,23)/t6-,7+,8+/m1/s1	440018	C03451	HMDB01066	Method 1	False	publisher-reported processed metabolite result	not available: source MAF omits m/z and retention time	MetaboLights MTBLS697 MAF: m_MTBLS697_metabolite_profiling_mass_spectrometry_v2_maf.tsv
MTBLS697:ROW:0385	MTBLS697	CHAL-00035	YEAST-CENPK-LOWGROWTH	S-methylglutathione	787218.0	S-methylglutathione	CHEBI:141472	C11H19N3O6S	OC([C@H](CCC(N[C@H](C(NCC(O)=O)=O)CSC)=O)N)=O	InChI=1S/C11H19N3O6S/c1-21-5-7(10(18)13-4-9(16)17)14-8(15)3-2-6(12)11(19)20/h6-7H,2-5,12H2,1H3,(H,13,18)(H,14,15)(H,16,17)(H,19,20)/t6-,7-/m0/s1	3605667	C11347		Method 1	False	publisher-reported processed metabolite result	not available: source MAF omits m/z and retention time	MetaboLights MTBLS697 MAF: m_MTBLS697_metabolite_profiling_mass_spectrometry_v2_maf.tsv
MTBLS697:ROW:0386	MTBLS697	CHAL-00035	YEAST-CENPK-LOWGROWTH	spermidine	3573826.0	spermidine	CHEBI:16610	C7H19N3	NCCCCNCCCN	InChI=1S/C7H19N3/c8-4-1-2-6-10-7-3-5-9/h10H,1-9H2	1102	C00315	HMDB01257	Method 1	False	publisher-reported processed metabolite result	not available: source MAF omits m/z and retention time	MetaboLights MTBLS697 MAF: m_MTBLS697_metabolite_profiling_mass_spectrometry_v2_maf.tsv
MTBLS697:ROW:0387	MTBLS697	CHAL-00035	YEAST-CENPK-LOWGROWTH	sphinganine	4717559.0	sphinganine	CHEBI:16566	C18H39NO2	CCCCCCCCCCCCCCC[C@@H](O)[C@@H](N)CO	InChI=1S/C18H39NO2/c1-2-3-4-5-6-7-8-9-10-11-12-13-14-15-18(21)17(19)16-20/h17-18,20-21H,2-16,19H2,1H3/t17-,18+/m0/s1	3126	C00836	HMDB00269	Method 2	False	publisher-reported processed metabolite result	not available: source MAF omits m/z and retention time	MetaboLights MTBLS697 MAF: m_MTBLS697_metabolite_profiling_mass_spectrometry_v2_maf.tsv
MTBLS697:ROW:0388	MTBLS697	CHAL-00035	YEAST-CENPK-LOWGROWTH	sphingosine	179135.0	sphingosine	CHEBI:16393	C18H37NO2	CCCCCCCCCCCCC\C=C\[C@@H](O)[C@@H](N)CO	InChI=1S/C18H37NO2/c1-2-3-4-5-6-7-8-9-10-11-12-13-14-15-18(21)17(19)16-20/h14-15,17-18,20-21H,2-13,16,19H2,1H3/b15-14+/t17-,18+/m0/s1	5353955	C00319	HMDB00252	Method 2	False	publisher-reported processed metabolite result	not available: source MAF omits m/z and retention time	MetaboLights MTBLS697 MAF: m_MTBLS697_metabolite_profiling_mass_spectrometry_v2_maf.tsv
MTBLS697:ROW:0389	MTBLS697	CHAL-00035	YEAST-CENPK-LOWGROWTH	stearate (18:0)	383290080.0	stearate (18:0)					5281	C01530	HMDB00827	Method 3	False	publisher-reported processed metabolite result	not available: source MAF omits m/z and retention time	MetaboLights MTBLS697 MAF: m_MTBLS697_metabolite_profiling_mass_spectrometry_v2_maf.tsv
MTBLS697:ROW:0390	MTBLS697	CHAL-00035	YEAST-CENPK-LOWGROWTH	succinate	50040608.0	succinate	CHEBI:26806	C4H5O4			1110	C00042	HMDB00254	Method 4	False	publisher-reported processed metabolite result	not available: source MAF omits m/z and retention time	MetaboLights MTBLS697 MAF: m_MTBLS697_metabolite_profiling_mass_spectrometry_v2_maf.tsv
MTBLS697:ROW:0391	MTBLS697	CHAL-00035	YEAST-CENPK-LOWGROWTH	succinimide	667921.0	succinimide	CHEBI:9307	C4H5NO2	O=C1CCC(=O)N1	InChI=1S/C4H5NO2/c6-3-1-2-4(7)5-3/h1-2H2,(H,5,6,7)	11439	C07273		Method 4	False	publisher-reported processed metabolite result	not available: source MAF omits m/z and retention time	MetaboLights MTBLS697 MAF: m_MTBLS697_metabolite_profiling_mass_spectrometry_v2_maf.tsv
MTBLS697:ROW:0392	MTBLS697	CHAL-00035	YEAST-CENPK-LOWGROWTH	sulfate*	504253792.0	sulfate*	CHEBI:26836	H2O4S	[H]OS(=O)(=O)O[H]	InChI=1S/H2O4S/c1-5(2,3)4/h(H2,1,2,3,4)	1118	C00059	HMDB01448	Method 4	False	publisher-reported processed metabolite result	not available: source MAF omits m/z and retention time	MetaboLights MTBLS697 MAF: m_MTBLS697_metabolite_profiling_mass_spectrometry_v2_maf.tsv
MTBLS697:ROW:0393	MTBLS697	CHAL-00035	YEAST-CENPK-LOWGROWTH	thiamin (Vitamin B1)	209220096.0	thiamin (Vitamin B1)					1130	C00378	HMDB00235	Method 1	False	publisher-reported processed metabolite result	not available: source MAF omits m/z and retention time	MetaboLights MTBLS697 MAF: m_MTBLS697_metabolite_profiling_mass_spectrometry_v2_maf.tsv
MTBLS697:ROW:0394	MTBLS697	CHAL-00035	YEAST-CENPK-LOWGROWTH	thiamin diphosphate	1796885.0	thiamin diphosphate	CHEBI:45931	C12H18N4O7P2S	CC1=C(CCOP(O)(=O)OP(O)([O-])=O)SC=[N+]1CC1=C(N)N=C(C)N=C1	InChI=1S/C12H18N4O7P2S/c1-8-11(3-4-22-25(20,21)23-24(17,18)19)26-7-16(8)6-10-5-14-9(2)15-12(10)13/h5,7H,3-4,6H2,1-2H3,(H4-,13,14,15,17,18,19,20,21)	1132	C00068	HMDB01372	Method 3	False	publisher-reported processed metabolite result	not available: source MAF omits m/z and retention time	MetaboLights MTBLS697 MAF: m_MTBLS697_metabolite_profiling_mass_spectrometry_v2_maf.tsv
MTBLS697:ROW:0395	MTBLS697	CHAL-00035	YEAST-CENPK-LOWGROWTH	thiamin monophosphate	13756310.0	thiamin monophosphate	CHEBI:37574	C12H17N4O4PS	Cc1ncc(C[n+]2csc(CCOP(O)([O-])=O)c2C)c(N)n1	InChI=1S/C12H17N4O4PS/c1-8-11(3-4-20-21(17,18)19)22-7-16(8)6-10-5-14-9(2)15-12(10)13/h5,7H,3-4,6H2,1-2H3,(H3-,13,14,15,17,18,19)	3382778	C01081	HMDB02666	Method 1	False	publisher-reported processed metabolite result	not available: source MAF omits m/z and retention time	MetaboLights MTBLS697 MAF: m_MTBLS697_metabolite_profiling_mass_spectrometry_v2_maf.tsv
MTBLS697:ROW:0396	MTBLS697	CHAL-00035	YEAST-CENPK-LOWGROWTH	thioproline	40517680.0	thioproline	CHEBI:64564	C4H7NO2S	OC(=O)C1CSCN1	InChI=1S/C4H7NO2S/c6-4(7)3-1-8-2-5-3/h3,5H,1-2H2,(H,6,7)	93176			Method 1	False	publisher-reported processed metabolite result	not available: source MAF omits m/z and retention time	MetaboLights MTBLS697 MAF: m_MTBLS697_metabolite_profiling_mass_spectrometry_v2_maf.tsv
MTBLS697:ROW:0397	MTBLS697	CHAL-00035	YEAST-CENPK-LOWGROWTH	threonine	153482304.0	threonine	CHEBI:26986	C4H9NO3			6288	C00188	HMDB00167	Method 1	False	publisher-reported processed metabolite result	not available: source MAF omits m/z and retention time	MetaboLights MTBLS697 MAF: m_MTBLS697_metabolite_profiling_mass_spectrometry_v2_maf.tsv
MTBLS697:ROW:0398	MTBLS697	CHAL-00035	YEAST-CENPK-LOWGROWTH	threonylphenylalanine	30319.0	threonylphenylalanine	CHEBI:74862	C13H18N2O4	C[C@@H](O)[C@H](N)C(=O)N[C@@H](Cc1ccccc1)C(O)=O	InChI=1S/C13H18N2O4/c1-8(16)11(14)12(17)15-10(13(18)19)7-9-5-3-2-4-6-9/h2-6,8,10-11,16H,7,14H2,1H3,(H,15,17)(H,18,19)/t8-,10+,11+/m1/s1	4099799		HMDB29068	Method 3	False	publisher-reported processed metabolite result	not available: source MAF omits m/z and retention time	MetaboLights MTBLS697 MAF: m_MTBLS697_metabolite_profiling_mass_spectrometry_v2_maf.tsv
MTBLS697:ROW:0399	MTBLS697	CHAL-00035	YEAST-CENPK-LOWGROWTH	thymidine	1012637.0	thymidine	CHEBI:17748	C10H14N2O5	Cc1cn([C@H]2C[C@H](O)[C@@H](CO)O2)c(=O)[nH]c1=O	InChI=1S/C10H14N2O5/c1-5-3-12(10(16)11-9(5)15)8-2-6(14)7(4-13)17-8/h3,6-8,13-14H,2,4H2,1H3,(H,11,15,16)/t6-,7+,8+/m0/s1	5789	C00214	HMDB00273	Method 3	False	publisher-reported processed metabolite result	not available: source MAF omits m/z and retention time	MetaboLights MTBLS697 MAF: m_MTBLS697_metabolite_profiling_mass_spectrometry_v2_maf.tsv
MTBLS697:ROW:0400	MTBLS697	CHAL-00035	YEAST-CENPK-LOWGROWTH	thymidine 5'-monophosphate	1323065.0	thymidine 5'-monophosphate	CHEBI:15245	C10H15N2O8P			9700	C00364	HMDB01227	Method 3	False	publisher-reported processed metabolite result	not available: source MAF omits m/z and retention time	MetaboLights MTBLS697 MAF: m_MTBLS697_metabolite_profiling_mass_spectrometry_v2_maf.tsv
MTBLS697:ROW:0401	MTBLS697	CHAL-00035	YEAST-CENPK-LOWGROWTH	trehalose	1008462976.0	trehalose	CHEBI:27082	C12H22O11	OC[C@H]1OC(OC2O[C@H](CO)[C@@H](O)[C@H](O)[C@H]2O)[C@H](O)[C@@H](O)[C@@H]1O	InChI=1S/C12H22O11/c13-1-3-5(15)7(17)9(19)11(21-3)23-12-10(20)8(18)6(16)4(2-14)22-12/h3-20H,1-2H2/t3-,4-,5-,6-,7+,8+,9-,10-,11?,12?/m1/s1	7427	C01083	HMDB00975	Method 4	False	publisher-reported processed metabolite result	not available: source MAF omits m/z and retention time	MetaboLights MTBLS697 MAF: m_MTBLS697_metabolite_profiling_mass_spectrometry_v2_maf.tsv
MTBLS697:ROW:0402	MTBLS697	CHAL-00035	YEAST-CENPK-LOWGROWTH	trehalose 6-phosphate	1609599.0	trehalose 6-phosphate	CHEBI:18283	C12H23O14P	OC[C@H]1O[C@H](O[C@H]2O[C@H](COP(O)(O)=O)[C@@H](O)[C@H](O)[C@H]2O)[C@H](O)[C@@H](O)[C@@H]1O	InChI=1S/C12H23O14P/c13-1-3-5(14)7(16)9(18)11(24-3)26-12-10(19)8(17)6(15)4(25-12)2-23-27(20,21)22/h3-19H,1-2H2,(H2,20,21,22)/t3-,4-,5-,6-,7+,8+,9-,10-,11-,12-/m1/s1	122336	C00689	HMDB01124	Method 4	False	publisher-reported processed metabolite result	not available: source MAF omits m/z and retention time	MetaboLights MTBLS697 MAF: m_MTBLS697_metabolite_profiling_mass_spectrometry_v2_maf.tsv
MTBLS697:ROW:0403	MTBLS697	CHAL-00035	YEAST-CENPK-LOWGROWTH	tryptophan	87338496.0	tryptophan	CHEBI:27897	C11H12N2O2	NC(Cc1c[nH]c2ccccc12)C(O)=O	InChI=1S/C11H12N2O2/c12-9(11(14)15)5-7-6-13-10-4-2-1-3-8(7)10/h1-4,6,9,13H,5,12H2,(H,14,15)	6305	C00078	HMDB00929	Method 1	False	publisher-reported processed metabolite result	not available: source MAF omits m/z and retention time	MetaboLights MTBLS697 MAF: m_MTBLS697_metabolite_profiling_mass_spectrometry_v2_maf.tsv
MTBLS697:ROW:0404	MTBLS697	CHAL-00035	YEAST-CENPK-LOWGROWTH	tryptophylglycine	91694.0	tryptophylglycine	CHEBI:74870	C13H15N3O3	N[C@@H](Cc1c[nH]c2ccccc12)C(=O)NCC(O)=O	InChI=1S/C13H15N3O3/c14-10(13(19)16-7-12(17)18)5-8-6-15-11-4-2-1-3-9(8)11/h1-4,6,10,15H,5,7,14H2,(H,16,19)(H,17,18)/t10-/m0/s1	263471		HMDB29083	Method 1	False	publisher-reported processed metabolite result	not available: source MAF omits m/z and retention time	MetaboLights MTBLS697 MAF: m_MTBLS697_metabolite_profiling_mass_spectrometry_v2_maf.tsv
MTBLS697:ROW:0405	MTBLS697	CHAL-00035	YEAST-CENPK-LOWGROWTH	tyrosine	196962928.0	tyrosine	CHEBI:18186	C9H11NO3	NC(Cc1ccc(O)cc1)C(O)=O	InChI=1S/C9H11NO3/c10-8(9(12)13)5-6-1-3-7(11)4-2-6/h1-4,8,11H,5,10H2,(H,12,13)	6057	C00082	HMDB00158	Method 1	False	publisher-reported processed metabolite result	not available: source MAF omits m/z and retention time	MetaboLights MTBLS697 MAF: m_MTBLS697_metabolite_profiling_mass_spectrometry_v2_maf.tsv
MTBLS697:ROW:0406	MTBLS697	CHAL-00035	YEAST-CENPK-LOWGROWTH	tyrosol	224160.0	tyrosol	CHEBI:1879	C8H10O2	OCCC1=CC=C(O)C=C1	InChI=1S/C8H10O2/c9-6-5-7-1-3-8(10)4-2-7/h1-4,9-10H,5-6H2	10393	C06044	HMDB04284	Method 3	False	publisher-reported processed metabolite result	not available: source MAF omits m/z and retention time	MetaboLights MTBLS697 MAF: m_MTBLS697_metabolite_profiling_mass_spectrometry_v2_maf.tsv
MTBLS697:ROW:0407	MTBLS697	CHAL-00035	YEAST-CENPK-LOWGROWTH	UDP-glucose/UDP-galactose	12522794.0	UDP-glucose/UDP-galactose						C00029	HMDB00286	Method 3	False	publisher-reported processed metabolite result	not available: source MAF omits m/z and retention time	MetaboLights MTBLS697 MAF: m_MTBLS697_metabolite_profiling_mass_spectrometry_v2_maf.tsv
MTBLS697:ROW:0408	MTBLS697	CHAL-00035	YEAST-CENPK-LOWGROWTH	UDP-N-acetylglucosamine/galactosamine	18031942.0	UDP-N-acetylglucosamine/galactosamine	CHEBI:60312	C6H13NO5	N[C@H]1C(O)O[C@H](CO)[C@H](O)[C@@H]1O	InChI=1S/C6H13NO5/c7-3-5(10)4(9)2(1-8)12-6(3)11/h2-6,8-11H,1,7H2/t2-,3-,4+,5-,6?/m1/s1				Method 4	False	publisher-reported processed metabolite result	not available: source MAF omits m/z and retention time	MetaboLights MTBLS697 MAF: m_MTBLS697_metabolite_profiling_mass_spectrometry_v2_maf.tsv
MTBLS697:ROW:0409	MTBLS697	CHAL-00035	YEAST-CENPK-LOWGROWTH	uridine 5'-monophosphate (UMP)	16314885.0	uridine 5'-monophosphate (UMP)					6030	C00105	HMDB00288	Method 1	False	publisher-reported processed metabolite result	not available: source MAF omits m/z and retention time	MetaboLights MTBLS697 MAF: m_MTBLS697_metabolite_profiling_mass_spectrometry_v2_maf.tsv
MTBLS697:ROW:0410	MTBLS697	CHAL-00035	YEAST-CENPK-LOWGROWTH	uracil	561792.0	uracil	CHEBI:17568	C4H4N2O2	O=c1cc[nH]c(=O)[nH]1	InChI=1S/C4H4N2O2/c7-3-1-2-5-4(8)6-3/h1-2H,(H2,5,6,7,8)	1174	C00106	HMDB00300	Method 4	False	publisher-reported processed metabolite result	not available: source MAF omits m/z and retention time	MetaboLights MTBLS697 MAF: m_MTBLS697_metabolite_profiling_mass_spectrometry_v2_maf.tsv
MTBLS697:ROW:0411	MTBLS697	CHAL-00035	YEAST-CENPK-LOWGROWTH	uridine	46725560.0	uridine	CHEBI:16704	C9H12N2O6	OC[C@H]1O[C@H]([C@H](O)[C@@H]1O)n1ccc(=O)[nH]c1=O	InChI=1S/C9H12N2O6/c12-3-4-6(14)7(15)8(17-4)11-2-1-5(13)10-9(11)16/h1-2,4,6-8,12,14-15H,3H2,(H,10,13,16)/t4-,6-,7-,8-/m1/s1	6029	C00299	HMDB00296	Method 3	False	publisher-reported processed metabolite result	not available: source MAF omits m/z and retention time	MetaboLights MTBLS697 MAF: m_MTBLS697_metabolite_profiling_mass_spectrometry_v2_maf.tsv
MTBLS697:ROW:0412	MTBLS697	CHAL-00035	YEAST-CENPK-LOWGROWTH	uridine 3'-monophosphate (3'-UMP)	4321269.0	uridine 3'-monophosphate (3'-UMP)					101543	C01368		Method 3	False	publisher-reported processed metabolite result	not available: source MAF omits m/z and retention time	MetaboLights MTBLS697 MAF: m_MTBLS697_metabolite_profiling_mass_spectrometry_v2_maf.tsv
MTBLS697:ROW:0413	MTBLS697	CHAL-00035	YEAST-CENPK-LOWGROWTH	uridine-2',3'-cyclic monophosphate	8844210.0	uridine-2',3'-cyclic monophosphate					439715	C02355	HMDB11640	Method 3	False	publisher-reported processed metabolite result	not available: source MAF omits m/z and retention time	MetaboLights MTBLS697 MAF: m_MTBLS697_metabolite_profiling_mass_spectrometry_v2_maf.tsv
MTBLS697:ROW:0414	MTBLS697	CHAL-00035	YEAST-CENPK-LOWGROWTH	valine	596484480.0	valine	CHEBI:27266	C5H11NO2	CC(C)C(N)C(O)=O	InChI=1S/C5H11NO2/c1-3(2)4(6)5(7)8/h3-4H,6H2,1-2H3,(H,7,8)	6287	C00183	HMDB00883	Method 1	False	publisher-reported processed metabolite result	not available: source MAF omits m/z and retention time	MetaboLights MTBLS697 MAF: m_MTBLS697_metabolite_profiling_mass_spectrometry_v2_maf.tsv
MTBLS697:ROW:0415	MTBLS697	CHAL-00035	YEAST-CENPK-LOWGROWTH	valylglutamine	1151629.0	valylglutamine	CHEBI:75010	C10H19N3O4	CC(C)[C@H](N)C(=O)N[C@@H](CCC(N)=O)C(O)=O	InChI=1S/C10H19N3O4/c1-5(2)8(12)9(15)13-6(10(16)17)3-4-7(11)14/h5-6,8H,3-4,12H2,1-2H3,(H2,11,14)(H,13,15)(H,16,17)/t6-,8-/m0/s1	5253209		HMDB29125	Method 1	False	publisher-reported processed metabolite result	not available: source MAF omits m/z and retention time	MetaboLights MTBLS697 MAF: m_MTBLS697_metabolite_profiling_mass_spectrometry_v2_maf.tsv
MTBLS697:ROW:0417	MTBLS697	CHAL-00035	YEAST-CENPK-LOWGROWTH	valylleucine	538730.0	valylleucine	CHEBI:75013	C11H22N2O3	CC(C)C[C@H](NC(=O)[C@@H](N)C(C)C)C(O)=O	InChI=1S/C11H22N2O3/c1-6(2)5-8(11(15)16)13-10(14)9(12)7(3)4/h6-9H,5,12H2,1-4H3,(H,13,14)(H,15,16)/t8-,9-/m0/s1	352039		HMDB29131	Method 1	False	publisher-reported processed metabolite result	not available: source MAF omits m/z and retention time	MetaboLights MTBLS697 MAF: m_MTBLS697_metabolite_profiling_mass_spectrometry_v2_maf.tsv
MTBLS697:ROW:0418	MTBLS697	CHAL-00035	YEAST-CENPK-LOWGROWTH	xanthine	198730.0	xanthine	CHEBI:15318	C5H4N4O2			1188	C00385	HMDB00292	Method 3	False	publisher-reported processed metabolite result	not available: source MAF omits m/z and retention time	MetaboLights MTBLS697 MAF: m_MTBLS697_metabolite_profiling_mass_spectrometry_v2_maf.tsv
MTBLS697:ROW:0419	MTBLS697	CHAL-00035	YEAST-CENPK-LOWGROWTH	xanthosine	95489.0	xanthosine	CHEBI:18107	C10H12N4O6	OC[C@H]1O[C@H]([C@H](O)[C@@H]1O)n1cnc2c1[nH]c(=O)[nH]c2=O	InChI=1S/C10H12N4O6/c15-1-3-5(16)6(17)9(20-3)14-2-11-4-7(14)12-10(19)13-8(4)18/h2-3,5-6,9,15-17H,1H2,(H2,12,13,18,19)/t3-,5-,6-,9-/m1/s1	64959	C01762	HMDB00299	Method 3	False	publisher-reported processed metabolite result	not available: source MAF omits m/z and retention time	MetaboLights MTBLS697 MAF: m_MTBLS697_metabolite_profiling_mass_spectrometry_v2_maf.tsv
MTBLS697:ROW:0420	MTBLS697	CHAL-00035	YEAST-CENPK-LOWGROWTH	xanthurenate	1851000.0	xanthurenate	CHEBI:10072	C10H7NO4	OC(=O)c1cc(O)c2cccc(O)c2n1	InChI=1S/C10H7NO4/c12-7-3-1-2-5-8(13)4-6(10(14)15)11-9(5)7/h1-4,12H,(H,11,13)(H,14,15)	5699	C02470	HMDB00881	Method 3	False	publisher-reported processed metabolite result	not available: source MAF omits m/z and retention time	MetaboLights MTBLS697 MAF: m_MTBLS697_metabolite_profiling_mass_spectrometry_v2_maf.tsv
