variant_id	host_id	chrom	position	ref	alt	qual	filter	depth	allele_fraction	genotype	ploidy	alt_allele_dosage	call_set	meets_min_alt_allele_fraction	gene_id	gene_name	gene_product	ortholog_or_alias	feature_context	nearest_gene_distance_bp	annotation_source	display_label	effect	impact	workflow_id
DNA:VAR:SC_CENPK_GCA000269885:CM001522.1:45707:gt:g	YEAST-CENPK-LOWGROWTH	CM001522.1	45707	gt	g	228.321	PASS	54.0	0.8518518518518519	1	1	1	passing	True	CENPK1137D_4998		Flc2p	YAL053W	intergenic	248.0	reference GFF: annotation.gff	CM001522.1:45707 gt>g — intergenic; nearest YAL053W (CENPK1137D_4998) — Flc2p (248 bp)			engineering-cell-consolidated:1.0.0
DNA:VAR:SC_CENPK_GCA000269885:CM001522.1:65718:AT:A	YEAST-CENPK-LOWGROWTH	CM001522.1	65718	AT	A	161.232	PASS	53.0	0.8113207547169812	1	1	1	passing	True	CENPK1137D_4939		Cln3p	YAL040C	intergenic	122.0	reference GFF: annotation.gff	CM001522.1:65718 AT>A — intergenic; nearest YAL040C (CENPK1137D_4939) — Cln3p (122 bp)			engineering-cell-consolidated:1.0.0
DNA:VAR:SC_CENPK_GCA000269885:CM001522.1:70241:GA:G	YEAST-CENPK-LOWGROWTH	CM001522.1	70241	GA	G	228.328	PASS	94.0	0.851063829787234	1	1	1	passing	True	CENPK1137D_4940		Cyc3p	YAL039C	intergenic	655.0	reference GFF: annotation.gff	CM001522.1:70241 GA>G — intergenic; nearest YAL039C (CENPK1137D_4940) — Cyc3p (655 bp)			engineering-cell-consolidated:1.0.0
DNA:VAR:SC_CENPK_GCA000269885:CM001522.1:139358:C:A	YEAST-CENPK-LOWGROWTH	CM001522.1	139358	C	A	228.401	PASS	64.0	0.9375	1	1	1	passing	True	CENPK1137D_4976		Erp2p	YAL007C	intergenic	853.0	reference GFF: annotation.gff	CM001522.1:139358 C>A — intergenic; nearest YAL007C (CENPK1137D_4976) — Erp2p (853 bp)			engineering-cell-consolidated:1.0.0
DNA:VAR:SC_CENPK_GCA000269885:CM001522.1:139359:C:T	YEAST-CENPK-LOWGROWTH	CM001522.1	139359	C	T	225.417	PASS	63.0	1.0	1	1	1	passing	True	CENPK1137D_4976		Erp2p	YAL007C	intergenic	854.0	reference GFF: annotation.gff	CM001522.1:139359 C>T — intergenic; nearest YAL007C (CENPK1137D_4976) — Erp2p (854 bp)			engineering-cell-consolidated:1.0.0
DNA:VAR:SC_CENPK_GCA000269885:CM001522.1:178369:gt:g	YEAST-CENPK-LOWGROWTH	CM001522.1	178369	gt	g	228.357	PASS	105.0	0.9142857142857143	1	1	1	passing	True	CENPK1137D_4990		hypothetical protein	YAR023C	intergenic	825.0	reference GFF: annotation.gff	CM001522.1:178369 gt>g — intergenic; nearest YAR023C (CENPK1137D_4990) — hypothetical protein (825 bp)			engineering-cell-consolidated:1.0.0
DNA:VAR:SC_CENPK_GCA000269885:CM001522.1:178383:CT:C	YEAST-CENPK-LOWGROWTH	CM001522.1	178383	CT	C	164.302	PASS	93.0	0.8924731182795699	1	1	1	passing	True	CENPK1137D_4990		hypothetical protein	YAR023C	intergenic	811.0	reference GFF: annotation.gff	CM001522.1:178383 CT>C — intergenic; nearest YAR023C (CENPK1137D_4990) — hypothetical protein (811 bp)			engineering-cell-consolidated:1.0.0
DNA:VAR:SC_CENPK_GCA000269885:CM001522.1:190276:C:G	YEAST-CENPK-LOWGROWTH	CM001522.1	190276	C	G	225.417	PASS	81.0	1.0	1	1	1	passing	True	CENPK1137D_4996		Swh1p	YAR042W	intergenic	2295.0	reference GFF: annotation.gff	CM001522.1:190276 C>G — intergenic; nearest YAR042W (CENPK1137D_4996) — Swh1p (2295 bp)			engineering-cell-consolidated:1.0.0
DNA:VAR:SC_CENPK_GCA000269885:CM001522.1:192502:A:C	YEAST-CENPK-LOWGROWTH	CM001522.1	192502	A	C	182.416	PASS	29.0	1.0	1	1	1	passing	True	CENPK1137D_4996		Swh1p	YAR042W	intergenic	69.0	reference GFF: annotation.gff	CM001522.1:192502 A>C — intergenic; nearest YAR042W (CENPK1137D_4996) — Swh1p (69 bp)			engineering-cell-consolidated:1.0.0
DNA:VAR:SC_CENPK_GCA000269885:CM001522.1:203626:T:A	YEAST-CENPK-LOWGROWTH	CM001522.1	203626	T	A	228.208	PASS	65.0	0.8769230769230769	1	1	1	passing	True	CENPK1137D_4996		Swh1p	YAR042W	intergenic	7483.0	reference GFF: annotation.gff	CM001522.1:203626 T>A — intergenic; nearest YAR042W (CENPK1137D_4996) — Swh1p (7483 bp)			engineering-cell-consolidated:1.0.0
DNA:VAR:SC_CENPK_GCA000269885:CM001523.1:53603:C:T	YEAST-CENPK-LOWGROWTH	CM001523.1	53603	C	T	225.417	PASS	143.0	1.0	1	1	1	passing	True	CENPK1137D_4643		Rpl23bp	YER117W	genic	0.0	reference GFF: annotation.gff	CM001523.1:53603 C>T — YER117W (CENPK1137D_4643) — Rpl23bp			engineering-cell-consolidated:1.0.0
DNA:VAR:SC_CENPK_GCA000269885:CM001523.1:99090:GT:G	YEAST-CENPK-LOWGROWTH	CM001523.1	99090	GT	G	228.279	PASS	117.0	0.811965811965812	1	1	1	passing	True	CENPK1137D_4860		Skt5p	YBL061C	intergenic	14.0	reference GFF: annotation.gff	CM001523.1:99090 GT>G — intergenic; nearest YBL061C (CENPK1137D_4860) — Skt5p (14 bp)			engineering-cell-consolidated:1.0.0
DNA:VAR:SC_CENPK_GCA000269885:CM001523.1:99108:CT:C	YEAST-CENPK-LOWGROWTH	CM001523.1	99108	CT	C	228.257	PASS	95.0	0.8	1	1	1	passing	True	CENPK1137D_4860		Skt5p	YBL061C	genic	0.0	reference GFF: annotation.gff	CM001523.1:99108 CT>C — YBL061C (CENPK1137D_4860) — Skt5p			engineering-cell-consolidated:1.0.0
DNA:VAR:SC_CENPK_GCA000269885:CM001523.1:131786:GT:G	YEAST-CENPK-LOWGROWTH	CM001523.1	131786	GT	G	228.336	PASS	77.0	0.8831168831168831	1	1	1	passing	True	CENPK1137D_4879		Fui1p	YBL042C	intergenic	313.0	reference GFF: annotation.gff	CM001523.1:131786 GT>G — intergenic; nearest YBL042C (CENPK1137D_4879) — Fui1p (313 bp)			engineering-cell-consolidated:1.0.0
DNA:VAR:SC_CENPK_GCA000269885:CM001523.1:153753:G:GT	YEAST-CENPK-LOWGROWTH	CM001523.1	153753	G	GT	228.312	PASS	81.0	0.8518518518518519	1	1	1	passing	True	CENPK1137D_4891		Hek2p	YBL032W	intergenic	197.0	reference GFF: annotation.gff	CM001523.1:153753 G>GT — intergenic; nearest YBL032W (CENPK1137D_4891) — Hek2p (197 bp)			engineering-cell-consolidated:1.0.0
DNA:VAR:SC_CENPK_GCA000269885:CM001523.1:161052:A:T	YEAST-CENPK-LOWGROWTH	CM001523.1	161052	A	T	228.392	PASS	59.0	0.8983050847457628	1	1	1	passing	True	CENPK1137D_4896		hypothetical protein	YBL029W	intergenic	23.0	reference GFF: annotation.gff	CM001523.1:161052 A>T — intergenic; nearest YBL029W (CENPK1137D_4896) — hypothetical protein (23 bp)			engineering-cell-consolidated:1.0.0
DNA:VAR:SC_CENPK_GCA000269885:CM001523.1:161742:A:C	YEAST-CENPK-LOWGROWTH	CM001523.1	161742	A	C	182.288	PASS	18.0	0.8888888888888888	1	1	1	passing	True	CENPK1137D_4897		hypothetical protein	YBL028C	intergenic	139.0	reference GFF: annotation.gff	CM001523.1:161742 A>C — intergenic; nearest YBL028C (CENPK1137D_4897) — hypothetical protein (139 bp)			engineering-cell-consolidated:1.0.0
DNA:VAR:SC_CENPK_GCA000269885:CM001523.1:235394:G:A	YEAST-CENPK-LOWGROWTH	CM001523.1	235394	G	A	225.417	PASS	141.0	1.0	1	1	1	passing	True	CENPK1137D_4924		Hta2p	YBL003C	genic	0.0	reference GFF: annotation.gff	CM001523.1:235394 G>A — YBL003C (CENPK1137D_4924) — Hta2p			engineering-cell-consolidated:1.0.0
DNA:VAR:SC_CENPK_GCA000269885:CM001523.1:235406:C:T	YEAST-CENPK-LOWGROWTH	CM001523.1	235406	C	T	225.422	PASS	147.0	0.9931972789115646	1	1	1	passing	True	CENPK1137D_4924		Hta2p	YBL003C	genic	0.0	reference GFF: annotation.gff	CM001523.1:235406 C>T — YBL003C (CENPK1137D_4924) — Hta2p			engineering-cell-consolidated:1.0.0
DNA:VAR:SC_CENPK_GCA000269885:CM001523.1:235415:C:T	YEAST-CENPK-LOWGROWTH	CM001523.1	235415	C	T	225.422	PASS	139.0	0.9928057553956835	1	1	1	passing	True	CENPK1137D_4924		Hta2p	YBL003C	genic	0.0	reference GFF: annotation.gff	CM001523.1:235415 C>T — YBL003C (CENPK1137D_4924) — Hta2p			engineering-cell-consolidated:1.0.0
DNA:VAR:SC_CENPK_GCA000269885:CM001523.1:256215:A:G	YEAST-CENPK-LOWGROWTH	CM001523.1	256215	A	G	225.417	PASS	117.0	1.0	1	1	1	passing	True	CENPK1137D_4554		Hht2p	YNL031C	genic	0.0	reference GFF: annotation.gff	CM001523.1:256215 A>G — YNL031C (CENPK1137D_4554) — Hht2p			engineering-cell-consolidated:1.0.0
DNA:VAR:SC_CENPK_GCA000269885:CM001523.1:287523:AT:A	YEAST-CENPK-LOWGROWTH	CM001523.1	287523	AT	A	228.383	PASS	96.0	0.9479166666666666	1	1	1	passing	True	CENPK1137D_4572		Etr1p	YBR026C	genic	0.0	reference GFF: annotation.gff	CM001523.1:287523 AT>A — YBR026C (CENPK1137D_4572) — Etr1p			engineering-cell-consolidated:1.0.0
DNA:VAR:SC_CENPK_GCA000269885:CM001523.1:293798:GA:G	YEAST-CENPK-LOWGROWTH	CM001523.1	293798	GA	G	203.417	PASS	20.0	1.0	1	1	1	passing	True	CENPK1137D_4575		Rkm3p	YBR030W	intergenic	109.0	reference GFF: annotation.gff	CM001523.1:293798 GA>G — intergenic; nearest YBR030W (CENPK1137D_4575) — Rkm3p (109 bp)			engineering-cell-consolidated:1.0.0
DNA:VAR:SC_CENPK_GCA000269885:CM001523.1:363563:GT:G	YEAST-CENPK-LOWGROWTH	CM001523.1	363563	GT	G	225.417	PASS	37.0	1.0	1	1	1	passing	True	CENPK1137D_4608		Ecm2p	YBR065C	intergenic	123.0	reference GFF: annotation.gff	CM001523.1:363563 GT>G — intergenic; nearest YBR065C (CENPK1137D_4608) — Ecm2p (123 bp)			engineering-cell-consolidated:1.0.0
DNA:VAR:SC_CENPK_GCA000269885:CM001523.1:368636:CGG:C	YEAST-CENPK-LOWGROWTH	CM001523.1	368636	CGG	C	228.339	PASS	91.0	0.8241758241758241	1	1	1	passing	True	CENPK1137D_4613		Bap2p	YBR068C	genic	0.0	reference GFF: annotation.gff	CM001523.1:368636 CGG>C — YBR068C (CENPK1137D_4613) — Bap2p			engineering-cell-consolidated:1.0.0
DNA:VAR:SC_CENPK_GCA000269885:CM001523.1:401492:T:C	YEAST-CENPK-LOWGROWTH	CM001523.1	401492	T	C	228.387	PASS	52.0	0.9615384615384616	1	1	1	passing	True	CENPK1137D_4627		Ubc4p	YBR082C	intergenic	565.0	reference GFF: annotation.gff	CM001523.1:401492 T>C — intergenic; nearest YBR082C (CENPK1137D_4627) — Ubc4p (565 bp)			engineering-cell-consolidated:1.0.0
DNA:VAR:SC_CENPK_GCA000269885:CM001523.1:473059:A:T	YEAST-CENPK-LOWGROWTH	CM001523.1	473059	A	T	115.244	PASS	32.0	0.875	1	1	1	passing	True	CENPK1137D_4665		Mud1p	YBR119W	intergenic	51.0	reference GFF: annotation.gff	CM001523.1:473059 A>T — intergenic; nearest YBR119W (CENPK1137D_4665) — Mud1p (51 bp)			engineering-cell-consolidated:1.0.0
DNA:VAR:SC_CENPK_GCA000269885:CM001523.1:493115:ta:t	YEAST-CENPK-LOWGROWTH	CM001523.1	493115	ta	t	166.371	PASS	13.0	0.8461538461538461	1	1	1	passing	True	CENPK1137D_4680		Ccz1p	YBR131W	intergenic	69.0	reference GFF: annotation.gff	CM001523.1:493115 ta>t — intergenic; nearest YBR131W (CENPK1137D_4680) — Ccz1p (69 bp)			engineering-cell-consolidated:1.0.0
DNA:VAR:SC_CENPK_GCA000269885:CM001523.1:545454:A:AT	YEAST-CENPK-LOWGROWTH	CM001523.1	545454	A	AT	228.312	PASS	109.0	0.8348623853211009	1	1	1	passing	True	CENPK1137D_4707		Sli15p	YBR156C	intergenic	131.0	reference GFF: annotation.gff	CM001523.1:545454 A>AT — intergenic; nearest YBR156C (CENPK1137D_4707) — Sli15p (131 bp)			engineering-cell-consolidated:1.0.0
DNA:VAR:SC_CENPK_GCA000269885:CM001523.1:545589:gT:g	YEAST-CENPK-LOWGROWTH	CM001523.1	545589	gT	g	228.42	PASS	72.0	0.9861111111111112	1	1	1	passing	True	CENPK1137D_4707		Sli15p	YBR156C	genic	0.0	reference GFF: annotation.gff	CM001523.1:545589 gT>g — YBR156C (CENPK1137D_4707) — Sli15p			engineering-cell-consolidated:1.0.0
DNA:VAR:SC_CENPK_GCA000269885:CM001523.1:611078:C:T	YEAST-CENPK-LOWGROWTH	CM001523.1	611078	C	T	167.121	PASS	127.0	0.8582677165354331	1	1	1	passing	True	CENPK1137D_4750		Taf5p	YBR198C	genic	0.0	reference GFF: annotation.gff	CM001523.1:611078 C>T — YBR198C (CENPK1137D_4750) — Taf5p			engineering-cell-consolidated:1.0.0
DNA:VAR:SC_CENPK_GCA000269885:CM001523.1:611079:T:C	YEAST-CENPK-LOWGROWTH	CM001523.1	611079	T	C	225.417	PASS	113.0	0.9911504424778761	1	1	1	passing	True	CENPK1137D_4750		Taf5p	YBR198C	genic	0.0	reference GFF: annotation.gff	CM001523.1:611079 T>C — YBR198C (CENPK1137D_4750) — Taf5p			engineering-cell-consolidated:1.0.0
DNA:VAR:SC_CENPK_GCA000269885:CM001523.1:611111:C:T	YEAST-CENPK-LOWGROWTH	CM001523.1	611111	C	T	188.176	PASS	104.0	0.8942307692307693	1	1	1	passing	True	CENPK1137D_4750		Taf5p	YBR198C	genic	0.0	reference GFF: annotation.gff	CM001523.1:611111 C>T — YBR198C (CENPK1137D_4750) — Taf5p			engineering-cell-consolidated:1.0.0
DNA:VAR:SC_CENPK_GCA000269885:CM001523.1:611113:T:C	YEAST-CENPK-LOWGROWTH	CM001523.1	611113	T	C	228.38	PASS	96.0	0.9791666666666666	1	1	1	passing	True	CENPK1137D_4750		Taf5p	YBR198C	genic	0.0	reference GFF: annotation.gff	CM001523.1:611113 T>C — YBR198C (CENPK1137D_4750) — Taf5p			engineering-cell-consolidated:1.0.0
DNA:VAR:SC_CENPK_GCA000269885:CM001523.1:622346:T:G	YEAST-CENPK-LOWGROWTH	CM001523.1	622346	T	G	174.064	PASS	42.0	0.8095238095238095	1	1	1	passing	True	CENPK1137D_4756		Mcm7p	YBR202W	intergenic	263.0	reference GFF: annotation.gff	CM001523.1:622346 T>G — intergenic; nearest YBR202W (CENPK1137D_4756) — Mcm7p (263 bp)			engineering-cell-consolidated:1.0.0
DNA:VAR:SC_CENPK_GCA000269885:CM001523.1:656357:A:T	YEAST-CENPK-LOWGROWTH	CM001523.1	656357	A	T	228.419	PASS	70.0	0.9857142857142858	1	1	1	passing	True	CENPK1137D_4775		hypothetical protein	YBR220C	intergenic	418.0	reference GFF: annotation.gff	CM001523.1:656357 A>T — intergenic; nearest YBR220C (CENPK1137D_4775) — hypothetical protein (418 bp)			engineering-cell-consolidated:1.0.0
DNA:VAR:SC_CENPK_GCA000269885:CM001523.1:674087:GA:G	YEAST-CENPK-LOWGROWTH	CM001523.1	674087	GA	G	228.37	PASS	89.0	0.9325842696629213	1	1	1	passing	True	CENPK1137D_4785		hypothetical protein	YBR230W-A	intergenic	54.0	reference GFF: annotation.gff	CM001523.1:674087 GA>G — intergenic; nearest YBR230W-A (CENPK1137D_4785) — hypothetical protein (54 bp)			engineering-cell-consolidated:1.0.0
DNA:VAR:SC_CENPK_GCA000269885:CM001523.1:674132:A:G	YEAST-CENPK-LOWGROWTH	CM001523.1	674132	A	G	228.417	PASS	51.0	0.9607843137254902	1	1	1	passing	True	CENPK1137D_4785		hypothetical protein	YBR230W-A	intergenic	9.0	reference GFF: annotation.gff	CM001523.1:674132 A>G — intergenic; nearest YBR230W-A (CENPK1137D_4785) — hypothetical protein (9 bp)			engineering-cell-consolidated:1.0.0
DNA:VAR:SC_CENPK_GCA000269885:CM001523.1:678633:gt:g	YEAST-CENPK-LOWGROWTH	CM001523.1	678633	gt	g	228.351	PASS	41.0	0.8536585365853658	1	1	1	passing	True	CENPK1137D_4789		Dad3p	YBR233W-A	intergenic	122.0	reference GFF: annotation.gff	CM001523.1:678633 gt>g — intergenic; nearest YBR233W-A (CENPK1137D_4789) — Dad3p (122 bp)			engineering-cell-consolidated:1.0.0
DNA:VAR:SC_CENPK_GCA000269885:CM001523.1:693940:ct:c	YEAST-CENPK-LOWGROWTH	CM001523.1	693940	ct	c	221.307	PASS	26.0	0.8076923076923077	1	1	1	passing	True	CENPK1137D_4795		Ert1p	YBR239C	intergenic	224.0	reference GFF: annotation.gff	CM001523.1:693940 ct>c — intergenic; nearest YBR239C (CENPK1137D_4795) — Ert1p (224 bp)			engineering-cell-consolidated:1.0.0
DNA:VAR:SC_CENPK_GCA000269885:CM001523.1:698354:A:T	YEAST-CENPK-LOWGROWTH	CM001523.1	698354	A	T	96.9972	PASS	22.0	0.8181818181818182	1	1	1	passing	True	CENPK1137D_4798		hypothetical protein	YBR242W	intergenic	229.0	reference GFF: annotation.gff	CM001523.1:698354 A>T — intergenic; nearest YBR242W (CENPK1137D_4798) — hypothetical protein (229 bp)			engineering-cell-consolidated:1.0.0
DNA:VAR:SC_CENPK_GCA000269885:CM001523.1:745133:A:T	YEAST-CENPK-LOWGROWTH	CM001523.1	745133	A	T	225.417	PASS	28.0	1.0	1	1	1	passing	True	CENPK1137D_4833		Chk1p	YBR274W	intergenic	56.0	reference GFF: annotation.gff	CM001523.1:745133 A>T — intergenic; nearest YBR274W (CENPK1137D_4833) — Chk1p (56 bp)			engineering-cell-consolidated:1.0.0
DNA:VAR:SC_CENPK_GCA000269885:CM001523.1:771821:gt:g	YEAST-CENPK-LOWGROWTH	CM001523.1	771821	gt	g	228.379	PASS	49.0	0.9183673469387755	1	1	1	passing	True	CENPK1137D_4846		hypothetical protein	YBR287W	intergenic	68.0	reference GFF: annotation.gff	CM001523.1:771821 gt>g — intergenic; nearest YBR287W (CENPK1137D_4846) — hypothetical protein (68 bp)			engineering-cell-consolidated:1.0.0
DNA:VAR:SC_CENPK_GCA000269885:CM001524.1:41602:T:A	YEAST-CENPK-LOWGROWTH	CM001524.1	41602	T	A	58.2781	PASS	37.0	0.9459459459459459	1	1	1	passing	True	CENPK1137D_4451		Sps22p	YCL048W	intergenic	133.0	reference GFF: annotation.gff	CM001524.1:41602 T>A — intergenic; nearest YCL048W (CENPK1137D_4451) — Sps22p (133 bp)			engineering-cell-consolidated:1.0.0
DNA:VAR:SC_CENPK_GCA000269885:CM001524.1:59408:G:GA	YEAST-CENPK-LOWGROWTH	CM001524.1	59408	G	GA	228.335	PASS	138.0	0.8768115942028986	1	1	1	passing	True	CENPK1137D_4461		Gfd2p	YCL036W	genic	0.0	reference GFF: annotation.gff	CM001524.1:59408 G>GA — YCL036W (CENPK1137D_4461) — Gfd2p			engineering-cell-consolidated:1.0.0
DNA:VAR:SC_CENPK_GCA000269885:CM001524.1:84045:T:A	YEAST-CENPK-LOWGROWTH	CM001524.1	84045	T	A	132.416	PASS	62.0	1.0	1	1	1	passing	True	CENPK1137D_4478		hypothetical protein	YCL021W-A	intergenic	584.0	reference GFF: annotation.gff	CM001524.1:84045 T>A — intergenic; nearest YCL021W-A (CENPK1137D_4478) — hypothetical protein (584 bp)			engineering-cell-consolidated:1.0.0
DNA:VAR:SC_CENPK_GCA000269885:CM001524.1:144643:A:T	YEAST-CENPK-LOWGROWTH	CM001524.1	144643	A	T	203.417	PASS	21.0	1.0	1	1	1	passing	True	CENPK1137D_4510		Pol4p	YCR014C	genic	0.0	reference GFF: annotation.gff	CM001524.1:144643 A>T — YCR014C (CENPK1137D_4510) — Pol4p			engineering-cell-consolidated:1.0.0
DNA:VAR:SC_CENPK_GCA000269885:CM001524.1:154690:A:G	YEAST-CENPK-LOWGROWTH	CM001524.1	154690	A	G	200.207	PASS	55.0	0.8727272727272727	1	1	1	passing	True	CENPK1137D_4514		Mak31p	YCR020C-A	intergenic	111.0	reference GFF: annotation.gff	CM001524.1:154690 A>G — intergenic; nearest YCR020C-A (CENPK1137D_4514) — Mak31p (111 bp)			engineering-cell-consolidated:1.0.0
DNA:VAR:SC_CENPK_GCA000269885:CM001524.1:180798:TTA:T	YEAST-CENPK-LOWGROWTH	CM001524.1	180798	TTA	T	225.417	PASS	58.0	1.0	1	1	1	passing	True	CENPK1137D_4527		Bph1p	YCR032W	intergenic	237.0	reference GFF: annotation.gff	CM001524.1:180798 TTA>T — intergenic; nearest YCR032W (CENPK1137D_4527) — Bph1p (237 bp)			engineering-cell-consolidated:1.0.0
DNA:VAR:SC_CENPK_GCA000269885:CM001524.1:210921:ta:t	YEAST-CENPK-LOWGROWTH	CM001524.1	210921	ta	t	228.291	PASS	85.0	0.8352941176470589	1	1	1	passing	True	CENPK1137D_4404		Are1p	YCR048W	intergenic	208.0	reference GFF: annotation.gff	CM001524.1:210921 ta>t — intergenic; nearest YCR048W (CENPK1137D_4404) — Are1p (208 bp)			engineering-cell-consolidated:1.0.0
DNA:VAR:SC_CENPK_GCA000269885:CM001524.1:210938:A:T	YEAST-CENPK-LOWGROWTH	CM001524.1	210938	A	T	82.3061	PASS	49.0	0.9795918367346939	1	1	1	passing	True	CENPK1137D_4404		Are1p	YCR048W	intergenic	191.0	reference GFF: annotation.gff	CM001524.1:210938 A>T — intergenic; nearest YCR048W (CENPK1137D_4404) — Are1p (191 bp)			engineering-cell-consolidated:1.0.0
DNA:VAR:SC_CENPK_GCA000269885:CM001524.1:228180:gt:g	YEAST-CENPK-LOWGROWTH	CM001524.1	228180	gt	g	225.417	PASS	42.0	1.0	1	1	1	passing	True	CENPK1137D_4414		Bud31p	YCR063W	intergenic	190.0	reference GFF: annotation.gff	CM001524.1:228180 gt>g — intergenic; nearest YCR063W (CENPK1137D_4414) — Bud31p (190 bp)			engineering-cell-consolidated:1.0.0
DNA:VAR:SC_CENPK_GCA000269885:CM001524.1:236064:T:C	YEAST-CENPK-LOWGROWTH	CM001524.1	236064	T	C	216.189	PASS	47.0	0.8936170212765957	1	1	1	passing	True	CENPK1137D_4418		Atg15p	YCR068W	intergenic	397.0	reference GFF: annotation.gff	CM001524.1:236064 T>C — intergenic; nearest YCR068W (CENPK1137D_4418) — Atg15p (397 bp)			engineering-cell-consolidated:1.0.0
DNA:VAR:SC_CENPK_GCA000269885:CM001524.1:259198:a:aG	YEAST-CENPK-LOWGROWTH	CM001524.1	259198	a	aG	120.397	PASS	13.0	0.9230769230769231	1	1	1	passing	True	CENPK1137D_4431		Trx3p	YCR083W	intergenic	40.0	reference GFF: annotation.gff	CM001524.1:259198 a>aG — intergenic; nearest YCR083W (CENPK1137D_4431) — Trx3p (40 bp)			engineering-cell-consolidated:1.0.0
DNA:VAR:SC_CENPK_GCA000269885:CM001525.1:109566:A:G	YEAST-CENPK-LOWGROWTH	CM001525.1	109566	A	G	151.416	PASS	73.0	1.0	1	1	1	passing	True	CENPK1137D_4097		Sec31p	YDL195W	genic	0.0	reference GFF: annotation.gff	CM001525.1:109566 A>G — YDL195W (CENPK1137D_4097) — Sec31p			engineering-cell-consolidated:1.0.0
DNA:VAR:SC_CENPK_GCA000269885:CM001525.1:109568:AGGGG:A	YEAST-CENPK-LOWGROWTH	CM001525.1	109568	AGGGG	A	228.357	PASS	63.0	0.8253968253968254	1	1	1	passing	True	CENPK1137D_4097		Sec31p	YDL195W	genic	0.0	reference GFF: annotation.gff	CM001525.1:109568 AGGGG>A — YDL195W (CENPK1137D_4097) — Sec31p			engineering-cell-consolidated:1.0.0
DNA:VAR:SC_CENPK_GCA000269885:CM001525.1:109583:TA:T	YEAST-CENPK-LOWGROWTH	CM001525.1	109583	TA	T	228.388	PASS	54.0	0.9259259259259259	1	1	1	passing	True	CENPK1137D_4097		Sec31p	YDL195W	genic	0.0	reference GFF: annotation.gff	CM001525.1:109583 TA>T — YDL195W (CENPK1137D_4097) — Sec31p			engineering-cell-consolidated:1.0.0
DNA:VAR:SC_CENPK_GCA000269885:CM001525.1:308088:T:C	YEAST-CENPK-LOWGROWTH	CM001525.1	308088	T	C	225.417	PASS	131.0	1.0	1	1	1	passing	True	CENPK1137D_3745		Rpl13ap	YDL082W	genic	0.0	reference GFF: annotation.gff	CM001525.1:308088 T>C — YDL082W (CENPK1137D_3745) — Rpl13ap			engineering-cell-consolidated:1.0.0
DNA:VAR:SC_CENPK_GCA000269885:CM001525.1:422344:ta:t	YEAST-CENPK-LOWGROWTH	CM001525.1	422344	ta	t	228.37	PASS	84.0	0.8928571428571429	1	1	1	passing	True	CENPK1137D_3808		Cdc7p	YDL017W	intergenic	728.0	reference GFF: annotation.gff	CM001525.1:422344 ta>t — intergenic; nearest YDL017W (CENPK1137D_3808) — Cdc7p (728 bp)			engineering-cell-consolidated:1.0.0
DNA:VAR:SC_CENPK_GCA000269885:CM001525.1:435079:ct:c	YEAST-CENPK-LOWGROWTH	CM001525.1	435079	ct	c	228.389	PASS	46.0	0.9347826086956522	1	1	1	passing	True	CENPK1137D_3816		hypothetical protein	YDL007C-A	intergenic	351.0	reference GFF: annotation.gff	CM001525.1:435079 ct>c — intergenic; nearest YDL007C-A (CENPK1137D_3816) — hypothetical protein (351 bp)			engineering-cell-consolidated:1.0.0
DNA:VAR:SC_CENPK_GCA000269885:CM001525.1:714656:ta:t	YEAST-CENPK-LOWGROWTH	CM001525.1	714656	ta	t	228.313	PASS	32.0	0.84375	1	1	1	passing	True	CENPK1137D_3958		Ccw12p	YLR110C	intergenic	739.0	reference GFF: annotation.gff	CM001525.1:714656 ta>t — intergenic; nearest YLR110C (CENPK1137D_3958) — Ccw12p (739 bp)			engineering-cell-consolidated:1.0.0
DNA:VAR:SC_CENPK_GCA000269885:CM001525.1:803618:T:C	YEAST-CENPK-LOWGROWTH	CM001525.1	803618	T	C	225.417	PASS	106.0	1.0	1	1	1	passing	True	CENPK1137D_3993		Sec7p	YDR170C	intergenic	755.0	reference GFF: annotation.gff	CM001525.1:803618 T>C — intergenic; nearest YDR170C (CENPK1137D_3993) — Sec7p (755 bp)			engineering-cell-consolidated:1.0.0
DNA:VAR:SC_CENPK_GCA000269885:CM001525.1:803623:A:G	YEAST-CENPK-LOWGROWTH	CM001525.1	803623	A	G	225.422	PASS	95.0	0.9894736842105263	1	1	1	passing	True	CENPK1137D_3993		Sec7p	YDR170C	intergenic	760.0	reference GFF: annotation.gff	CM001525.1:803623 A>G — intergenic; nearest YDR170C (CENPK1137D_3993) — Sec7p (760 bp)			engineering-cell-consolidated:1.0.0
DNA:VAR:SC_CENPK_GCA000269885:CM001525.1:803624:C:T	YEAST-CENPK-LOWGROWTH	CM001525.1	803624	C	T	225.417	PASS	96.0	1.0	1	1	1	passing	True	CENPK1137D_3993		Sec7p	YDR170C	intergenic	761.0	reference GFF: annotation.gff	CM001525.1:803624 C>T — intergenic; nearest YDR170C (CENPK1137D_3993) — Sec7p (761 bp)			engineering-cell-consolidated:1.0.0
DNA:VAR:SC_CENPK_GCA000269885:CM001525.1:803665:ct:c	YEAST-CENPK-LOWGROWTH	CM001525.1	803665	ct	c	228.215	PASS	93.0	0.8279569892473119	1	1	1	passing	True	CENPK1137D_3993		Sec7p	YDR170C	intergenic	802.0	reference GFF: annotation.gff	CM001525.1:803665 ct>c — intergenic; nearest YDR170C (CENPK1137D_3993) — Sec7p (802 bp)			engineering-cell-consolidated:1.0.0
DNA:VAR:SC_CENPK_GCA000269885:CM001525.1:803689:C:T	YEAST-CENPK-LOWGROWTH	CM001525.1	803689	C	T	228.271	PASS	99.0	0.9292929292929293	1	1	1	passing	True	CENPK1137D_3993		Sec7p	YDR170C	intergenic	826.0	reference GFF: annotation.gff	CM001525.1:803689 C>T — intergenic; nearest YDR170C (CENPK1137D_3993) — Sec7p (826 bp)			engineering-cell-consolidated:1.0.0
DNA:VAR:SC_CENPK_GCA000269885:CM001525.1:926781:G:GT	YEAST-CENPK-LOWGROWTH	CM001525.1	926781	G	GT	228.307	PASS	129.0	0.8062015503875969	1	1	1	passing	True	CENPK1137D_4055		Hem1p	YDR232W	genic	0.0	reference GFF: annotation.gff	CM001525.1:926781 G>GT — YDR232W (CENPK1137D_4055) — Hem1p			engineering-cell-consolidated:1.0.0
DNA:VAR:SC_CENPK_GCA000269885:CM001525.1:929825:GT:G	YEAST-CENPK-LOWGROWTH	CM001525.1	929825	GT	G	114.389	PASS	22.0	0.9545454545454546	1	1	1	passing	True	CENPK1137D_4058		Lys4p	YDR234W	intergenic	234.0	reference GFF: annotation.gff	CM001525.1:929825 GT>G — intergenic; nearest YDR234W (CENPK1137D_4058) — Lys4p (234 bp)			engineering-cell-consolidated:1.0.0
DNA:VAR:SC_CENPK_GCA000269885:CM001525.1:929846:GT:G	YEAST-CENPK-LOWGROWTH	CM001525.1	929846	GT	G	145.377	PASS	27.0	0.9259259259259259	1	1	1	passing	True	CENPK1137D_4058		Lys4p	YDR234W	intergenic	213.0	reference GFF: annotation.gff	CM001525.1:929846 GT>G — intergenic; nearest YDR234W (CENPK1137D_4058) — Lys4p (213 bp)			engineering-cell-consolidated:1.0.0
DNA:VAR:SC_CENPK_GCA000269885:CM001525.1:973612:GT:G	YEAST-CENPK-LOWGROWTH	CM001525.1	973612	GT	G	228.407	PASS	31.0	0.967741935483871	1	1	1	passing	True	CENPK1137D_4083		Yap6p	YDR259C	genic	0.0	reference GFF: annotation.gff	CM001525.1:973612 GT>G — YDR259C (CENPK1137D_4083) — Yap6p			engineering-cell-consolidated:1.0.0
DNA:VAR:SC_CENPK_GCA000269885:CM001525.1:1088768:CA:C	YEAST-CENPK-LOWGROWTH	CM001525.1	1088768	CA	C	145.199	PASS	56.0	0.8214285714285714	1	1	1	passing	True	CENPK1137D_4138		Pib1p	YDR313C	intergenic	51.0	reference GFF: annotation.gff	CM001525.1:1088768 CA>C — intergenic; nearest YDR313C (CENPK1137D_4138) — Pib1p (51 bp)			engineering-cell-consolidated:1.0.0
DNA:VAR:SC_CENPK_GCA000269885:CM001525.1:1145896:T:G	YEAST-CENPK-LOWGROWTH	CM001525.1	1145896	T	G	203.079	PASS	44.0	0.8409090909090909	1	1	1	passing	True	CENPK1137D_4166		Mrps28p	YDR337W	intergenic	66.0	reference GFF: annotation.gff	CM001525.1:1145896 T>G — intergenic; nearest YDR337W (CENPK1137D_4166) — Mrps28p (66 bp)			engineering-cell-consolidated:1.0.0
DNA:VAR:SC_CENPK_GCA000269885:CM001525.1:1176992:ct:c	YEAST-CENPK-LOWGROWTH	CM001525.1	1176992	ct	c	205.304	PASS	48.0	0.8541666666666666	1	1	1	passing	True	CENPK1137D_4176		Atp22p	YDR350C	intergenic	171.0	reference GFF: annotation.gff	CM001525.1:1176992 ct>c — intergenic; nearest YDR350C (CENPK1137D_4176) — Atp22p (171 bp)			engineering-cell-consolidated:1.0.0
DNA:VAR:SC_CENPK_GCA000269885:CM001525.1:1176993:T:C	YEAST-CENPK-LOWGROWTH	CM001525.1	1176993	T	C	86.2075	PASS	11.0	0.8181818181818182	1	1	1	passing	True	CENPK1137D_4176		Atp22p	YDR350C	intergenic	172.0	reference GFF: annotation.gff	CM001525.1:1176993 T>C — intergenic; nearest YDR350C (CENPK1137D_4176) — Atp22p (172 bp)			engineering-cell-consolidated:1.0.0
DNA:VAR:SC_CENPK_GCA000269885:CM001525.1:1250910:A:AAT	YEAST-CENPK-LOWGROWTH	CM001525.1	1250910	A	AAT	228.402	PASS	87.0	0.8735632183908046	1	1	1	passing	True	CENPK1137D_4217		Sac7p	YDR389W	intergenic	288.0	reference GFF: annotation.gff	CM001525.1:1250910 A>AAT — intergenic; nearest YDR389W (CENPK1137D_4217) — Sac7p (288 bp)			engineering-cell-consolidated:1.0.0
DNA:VAR:SC_CENPK_GCA000269885:CM001525.1:1264932:T:G	YEAST-CENPK-LOWGROWTH	CM001525.1	1264932	T	G	203.417	PASS	28.0	1.0	1	1	1	passing	True	CENPK1137D_4225		Ncb2p	YDR397C	intergenic	97.0	reference GFF: annotation.gff	CM001525.1:1264932 T>G — intergenic; nearest YDR397C (CENPK1137D_4225) — Ncb2p (97 bp)			engineering-cell-consolidated:1.0.0
DNA:VAR:SC_CENPK_GCA000269885:CM001525.1:1313910:ta:t	YEAST-CENPK-LOWGROWTH	CM001525.1	1313910	ta	t	228.302	PASS	77.0	0.8181818181818182	1	1	1	passing	True	CENPK1137D_4250		Sip1p	YDR422C	intergenic	84.0	reference GFF: annotation.gff	CM001525.1:1313910 ta>t — intergenic; nearest YDR422C (CENPK1137D_4250) — Sip1p (84 bp)			engineering-cell-consolidated:1.0.0
DNA:VAR:SC_CENPK_GCA000269885:CM001525.1:1313952:ta:t	YEAST-CENPK-LOWGROWTH	CM001525.1	1313952	ta	t	228.359	PASS	80.0	0.9125	1	1	1	passing	True	CENPK1137D_4250		Sip1p	YDR422C	intergenic	42.0	reference GFF: annotation.gff	CM001525.1:1313952 ta>t — intergenic; nearest YDR422C (CENPK1137D_4250) — Sip1p (42 bp)			engineering-cell-consolidated:1.0.0
DNA:VAR:SC_CENPK_GCA000269885:CM001525.1:1359193:G:A	YEAST-CENPK-LOWGROWTH	CM001525.1	1359193	G	A	225.417	PASS	132.0	1.0	1	1	1	passing	True	CENPK1137D_4276		Rps18ap	YDR450W	genic	0.0	reference GFF: annotation.gff	CM001525.1:1359193 G>A — YDR450W (CENPK1137D_4276) — Rps18ap			engineering-cell-consolidated:1.0.0
DNA:VAR:SC_CENPK_GCA000269885:CM001525.1:1465109:ct:c	YEAST-CENPK-LOWGROWTH	CM001525.1	1465109	ct	c	228.325	PASS	60.0	0.8666666666666667	1	1	1	passing	True	CENPK1137D_4336		Gnp1p	YDR508C	intergenic	37.0	reference GFF: annotation.gff	CM001525.1:1465109 ct>c — intergenic; nearest YDR508C (CENPK1137D_4336) — Gnp1p (37 bp)			engineering-cell-consolidated:1.0.0
DNA:VAR:SC_CENPK_GCA000269885:CM001525.1:1493106:GA:G	YEAST-CENPK-LOWGROWTH	CM001525.1	1493106	GA	G	228.313	PASS	55.0	0.8181818181818182	1	1	1	passing	True	CENPK1137D_4356		Hlr1p	YDR528W	intergenic	157.0	reference GFF: annotation.gff	CM001525.1:1493106 GA>G — intergenic; nearest YDR528W (CENPK1137D_4356) — Hlr1p (157 bp)			engineering-cell-consolidated:1.0.0
DNA:VAR:SC_CENPK_GCA000269885:CM001525.1:1494792:T:C	YEAST-CENPK-LOWGROWTH	CM001525.1	1494792	T	C	228.384	PASS	54.0	0.9629629629629629	1	1	1	passing	True	CENPK1137D_4357		Qcr7p	YDR529C	intergenic	48.0	reference GFF: annotation.gff	CM001525.1:1494792 T>C — intergenic; nearest YDR529C (CENPK1137D_4357) — Qcr7p (48 bp)			engineering-cell-consolidated:1.0.0
DNA:VAR:SC_CENPK_GCA000269885:CM001526.1:82727:ta:t	YEAST-CENPK-LOWGROWTH	CM001526.1	82727	ta	t	228.37	PASS	62.0	0.9032258064516129	1	1	1	passing	True	CENPK1137D_3620		Anp1p	YEL036C	intergenic	350.0	reference GFF: annotation.gff	CM001526.1:82727 ta>t — intergenic; nearest YEL036C (CENPK1137D_3620) — Anp1p (350 bp)			engineering-cell-consolidated:1.0.0
DNA:VAR:SC_CENPK_GCA000269885:CM001526.1:82747:A:G	YEAST-CENPK-LOWGROWTH	CM001526.1	82747	A	G	228.332	PASS	62.0	0.9516129032258065	1	1	1	passing	True	CENPK1137D_3620		Anp1p	YEL036C	intergenic	370.0	reference GFF: annotation.gff	CM001526.1:82747 A>G — intergenic; nearest YEL036C (CENPK1137D_3620) — Anp1p (370 bp)			engineering-cell-consolidated:1.0.0
DNA:VAR:SC_CENPK_GCA000269885:CM001526.1:136118:TA:T	YEAST-CENPK-LOWGROWTH	CM001526.1	136118	TA	T	228.301	PASS	133.0	0.9097744360902256	1	1	1	passing	True	CENPK1137D_3647		Gcn4p	YEL009C	intergenic	627.0	reference GFF: annotation.gff	CM001526.1:136118 TA>T — intergenic; nearest YEL009C (CENPK1137D_3647) — Gcn4p (627 bp)			engineering-cell-consolidated:1.0.0
DNA:VAR:SC_CENPK_GCA000269885:CM001526.1:239771:A:G	YEAST-CENPK-LOWGROWTH	CM001526.1	239771	A	G	228.284	PASS	54.0	0.9074074074074074	1	1	1	passing	True	CENPK1137D_3447		Aca1p	YER045C	intergenic	77.0	reference GFF: annotation.gff	CM001526.1:239771 A>G — intergenic; nearest YER045C (CENPK1137D_3447) — Aca1p (77 bp)			engineering-cell-consolidated:1.0.0
DNA:VAR:SC_CENPK_GCA000269885:CM001526.1:259345:T:A	YEAST-CENPK-LOWGROWTH	CM001526.1	259345	T	A	41.8632	PASS	26.0	0.8076923076923077	1	1	1	passing	True	CENPK1137D_3458		Gip2p	YER054C	intergenic	571.0	reference GFF: annotation.gff	CM001526.1:259345 T>A — intergenic; nearest YER054C (CENPK1137D_3458) — Gip2p (571 bp)			engineering-cell-consolidated:1.0.0
DNA:VAR:SC_CENPK_GCA000269885:CM001526.1:380067:C:T	YEAST-CENPK-LOWGROWTH	CM001526.1	380067	C	T	113.42	PASS	31.0	0.967741935483871	1	1	1	passing	True	CENPK1137D_3522		Kap123p	YER110C	intergenic	214.0	reference GFF: annotation.gff	CM001526.1:380067 C>T — intergenic; nearest YER110C (CENPK1137D_3522) — Kap123p (214 bp)			engineering-cell-consolidated:1.0.0
DNA:VAR:SC_CENPK_GCA000269885:CM001526.1:398725:T:C	YEAST-CENPK-LOWGROWTH	CM001526.1	398725	T	C	228.362	PASS	90.0	0.9555555555555556	1	1	1	passing	True	CENPK1137D_3532		Avt6p	YER119C	intergenic	146.0	reference GFF: annotation.gff	CM001526.1:398725 T>C — intergenic; nearest YER119C (CENPK1137D_3532) — Avt6p (146 bp)			engineering-cell-consolidated:1.0.0
DNA:VAR:SC_CENPK_GCA000269885:CM001526.1:454521:C:T	YEAST-CENPK-LOWGROWTH	CM001526.1	454521	C	T	228.251	PASS	52.0	0.8846153846153846	1	1	1	passing	True	CENPK1137D_3556		Ddi1p	YER143W	genic	0.0	reference GFF: annotation.gff	CM001526.1:454521 C>T — YER143W (CENPK1137D_3556) — Ddi1p			engineering-cell-consolidated:1.0.0
DNA:VAR:SC_CENPK_GCA000269885:CM001526.1:508096:ta:t	YEAST-CENPK-LOWGROWTH	CM001526.1	508096	ta	t	192.286	PASS	77.0	0.8181818181818182	1	1	1	passing	True	CENPK1137D_3579		Pab1p	YER165W	intergenic	48.0	reference GFF: annotation.gff	CM001526.1:508096 ta>t — intergenic; nearest YER165W (CENPK1137D_3579) — Pab1p (48 bp)			engineering-cell-consolidated:1.0.0
DNA:VAR:SC_CENPK_GCA000269885:CM001526.1:508110:ta:t	YEAST-CENPK-LOWGROWTH	CM001526.1	508110	ta	t	61.1671	PASS	64.0	0.828125	1	1	1	passing	True	CENPK1137D_3579		Pab1p	YER165W	intergenic	34.0	reference GFF: annotation.gff	CM001526.1:508110 ta>t — intergenic; nearest YER165W (CENPK1137D_3579) — Pab1p (34 bp)			engineering-cell-consolidated:1.0.0
DNA:VAR:SC_CENPK_GCA000269885:CM001526.1:518570:ta:t	YEAST-CENPK-LOWGROWTH	CM001526.1	518570	ta	t	228.294	PASS	68.0	0.8235294117647058	1	1	1	passing	True	CENPK1137D_3581		Bck2p	YER167W	intergenic	28.0	reference GFF: annotation.gff	CM001526.1:518570 ta>t — intergenic; nearest YER167W (CENPK1137D_3581) — Bck2p (28 bp)			engineering-cell-consolidated:1.0.0
DNA:VAR:SC_CENPK_GCA000269885:CM001526.1:543002:TG:T	YEAST-CENPK-LOWGROWTH	CM001526.1	543002	TG	T	228.403	PASS	44.0	0.9545454545454546	1	1	1	passing	True	CENPK1137D_3591		Ecm32p	YER176W	intergenic	178.0	reference GFF: annotation.gff	CM001526.1:543002 TG>T — intergenic; nearest YER176W (CENPK1137D_3591) — Ecm32p (178 bp)			engineering-cell-consolidated:1.0.0
DNA:VAR:SC_CENPK_GCA000269885:CM001527.1:7388:T:G	YEAST-CENPK-LOWGROWTH	CM001527.1	7388	T	G	222.177	PASS	85.0	0.8470588235294118	1	1	1	passing	True	CENPK1137D_3339		Sno3p	YFL060C	intergenic	113.0	reference GFF: annotation.gff	CM001527.1:7388 T>G — intergenic; nearest YFL060C (CENPK1137D_3339) — Sno3p (113 bp)			engineering-cell-consolidated:1.0.0
DNA:VAR:SC_CENPK_GCA000269885:CM001527.1:7969:G:GT	YEAST-CENPK-LOWGROWTH	CM001527.1	7969	G	GT	228.355	PASS	225.0	0.88	1	1	1	passing	True	CENPK1137D_3350		Snz2p	YNL333W	genic	0.0	reference GFF: annotation.gff	CM001527.1:7969 G>GT — YNL333W (CENPK1137D_3350) — Snz2p			engineering-cell-consolidated:1.0.0
DNA:VAR:SC_CENPK_GCA000269885:CM001527.1:72254:GT:G	YEAST-CENPK-LOWGROWTH	CM001527.1	72254	GT	G	224.318	PASS	34.0	0.8823529411764706	1	1	1	passing	True	CENPK1137D_3352		Hac1p	YFL031W	intergenic	56.0	reference GFF: annotation.gff	CM001527.1:72254 GT>G — intergenic; nearest YFL031W (CENPK1137D_3352) — Hac1p (56 bp)			engineering-cell-consolidated:1.0.0
DNA:VAR:SC_CENPK_GCA000269885:CM001527.1:100922:TA:T	YEAST-CENPK-LOWGROWTH	CM001527.1	100922	TA	T	187.348	PASS	34.0	0.8529411764705882	1	1	1	passing	True	CENPK1137D_3367		Mdj1p	YFL016C	intergenic	113.0	reference GFF: annotation.gff	CM001527.1:100922 TA>T — intergenic; nearest YFL016C (CENPK1137D_3367) — Mdj1p (113 bp)			engineering-cell-consolidated:1.0.0
DNA:VAR:SC_CENPK_GCA000269885:CM001527.1:223588:CT:C	YEAST-CENPK-LOWGROWTH	CM001527.1	223588	CT	C	111.278	PASS	32.0	0.8125	1	1	1	passing	True	CENPK1137D_3422		Rsc8p	YFR037C	intergenic	14.0	reference GFF: annotation.gff	CM001527.1:223588 CT>C — intergenic; nearest YFR037C (CENPK1137D_3422) — Rsc8p (14 bp)			engineering-cell-consolidated:1.0.0
DNA:VAR:SC_CENPK_GCA000269885:CM001528.1:14499:A:G	YEAST-CENPK-LOWGROWTH	CM001528.1	14499	A	G	219.168	PASS	59.0	0.847457627118644	1	1	1	passing	True	CENPK1137D_3266		Adh4p	YGL256W	intergenic	313.0	reference GFF: annotation.gff	CM001528.1:14499 A>G — intergenic; nearest YGL256W (CENPK1137D_3266) — Adh4p (313 bp)			engineering-cell-consolidated:1.0.0
DNA:VAR:SC_CENPK_GCA000269885:CM001528.1:42928:A:C	YEAST-CENPK-LOWGROWTH	CM001528.1	42928	A	C	146.352	PASS	40.0	0.9	1	1	1	passing	True	CENPK1137D_2923		Tad1p	YGL243W	intergenic	87.0	reference GFF: annotation.gff	CM001528.1:42928 A>C — intergenic; nearest YGL243W (CENPK1137D_2923) — Tad1p (87 bp)			engineering-cell-consolidated:1.0.0
DNA:VAR:SC_CENPK_GCA000269885:CM001528.1:42929:C:A	YEAST-CENPK-LOWGROWTH	CM001528.1	42929	C	A	87.0038	PASS	49.0	0.8163265306122449	1	1	1	passing	True	CENPK1137D_2923		Tad1p	YGL243W	intergenic	86.0	reference GFF: annotation.gff	CM001528.1:42929 C>A — intergenic; nearest YGL243W (CENPK1137D_2923) — Tad1p (86 bp)			engineering-cell-consolidated:1.0.0
DNA:VAR:SC_CENPK_GCA000269885:CM001528.1:205821:A:C	YEAST-CENPK-LOWGROWTH	CM001528.1	205821	A	C	225.422	PASS	141.0	0.9929078014184397	1	1	1	passing	True	CENPK1137D_3303		Rck1p	YGL158W	intergenic	1474.0	reference GFF: annotation.gff	CM001528.1:205821 A>C — intergenic; nearest YGL158W (CENPK1137D_3303) — Rck1p (1474 bp)			engineering-cell-consolidated:1.0.0
DNA:VAR:SC_CENPK_GCA000269885:CM001528.1:364335:T:A	YEAST-CENPK-LOWGROWTH	CM001528.1	364335	T	A	209.159	PASS	33.0	0.8181818181818182	1	1	1	passing	True	CENPK1137D_2899		Rpl7ap	YGL076C	intergenic	189.0	reference GFF: annotation.gff	CM001528.1:364335 T>A — intergenic; nearest YGL076C (CENPK1137D_2899) — Rpl7ap (189 bp)			engineering-cell-consolidated:1.0.0
DNA:VAR:SC_CENPK_GCA000269885:CM001528.1:400416:A:T	YEAST-CENPK-LOWGROWTH	CM001528.1	400416	A	T	196.421	PASS	31.0	0.967741935483871	1	1	1	passing	True	CENPK1137D_2919		Ole1p	YGL055W	intergenic	76.0	reference GFF: annotation.gff	CM001528.1:400416 A>T — intergenic; nearest YGL055W (CENPK1137D_2919) — Ole1p (76 bp)			engineering-cell-consolidated:1.0.0
DNA:VAR:SC_CENPK_GCA000269885:CM001528.1:400435:C:T	YEAST-CENPK-LOWGROWTH	CM001528.1	400435	C	T	181.039	PASS	32.0	0.8125	1	1	1	passing	True	CENPK1137D_2919		Ole1p	YGL055W	intergenic	95.0	reference GFF: annotation.gff	CM001528.1:400435 C>T — intergenic; nearest YGL055W (CENPK1137D_2919) — Ole1p (95 bp)			engineering-cell-consolidated:1.0.0
DNA:VAR:SC_CENPK_GCA000269885:CM001528.1:400436:T:C	YEAST-CENPK-LOWGROWTH	CM001528.1	400436	T	C	228.337	PASS	26.0	0.9615384615384616	1	1	1	passing	True	CENPK1137D_2919		Ole1p	YGL055W	intergenic	96.0	reference GFF: annotation.gff	CM001528.1:400436 T>C — intergenic; nearest YGL055W (CENPK1137D_2919) — Ole1p (96 bp)			engineering-cell-consolidated:1.0.0
DNA:VAR:SC_CENPK_GCA000269885:CM001528.1:415850:A:C	YEAST-CENPK-LOWGROWTH	CM001528.1	415850	A	C	228.42	PASS	80.0	0.975	1	1	1	passing	True	CENPK1137D_2927		Rna15p	YGL044C	intergenic	137.0	reference GFF: annotation.gff	CM001528.1:415850 A>C — intergenic; nearest YGL044C (CENPK1137D_2927) — Rna15p (137 bp)			engineering-cell-consolidated:1.0.0
DNA:VAR:SC_CENPK_GCA000269885:CM001528.1:415851:C:A	YEAST-CENPK-LOWGROWTH	CM001528.1	415851	C	A	200.173	PASS	92.0	0.8586956521739131	1	1	1	passing	True	CENPK1137D_2927		Rna15p	YGL044C	intergenic	136.0	reference GFF: annotation.gff	CM001528.1:415851 C>A — intergenic; nearest YGL044C (CENPK1137D_2927) — Rna15p (136 bp)			engineering-cell-consolidated:1.0.0
DNA:VAR:SC_CENPK_GCA000269885:CM001528.1:431261:T:C	YEAST-CENPK-LOWGROWTH	CM001528.1	431261	T	C	169.416	PASS	11.0	1.0	1	1	1	passing	True	CENPK1137D_2936		hypothetical protein	YGL036W	intergenic	91.0	reference GFF: annotation.gff	CM001528.1:431261 T>C — intergenic; nearest YGL036W (CENPK1137D_2936) — hypothetical protein (91 bp)			engineering-cell-consolidated:1.0.0
DNA:VAR:SC_CENPK_GCA000269885:CM001528.1:440281:C:A	YEAST-CENPK-LOWGROWTH	CM001528.1	440281	C	A	106.054	PASS	54.0	0.8703703703703703	1	1	1	passing	True	CENPK1137D_2942		Cgr1p	YGL029W	intergenic	18.0	reference GFF: annotation.gff	CM001528.1:440281 C>A — intergenic; nearest YGL029W (CENPK1137D_2942) — Cgr1p (18 bp)			engineering-cell-consolidated:1.0.0
DNA:VAR:SC_CENPK_GCA000269885:CM001528.1:482950:A:G	YEAST-CENPK-LOWGROWTH	CM001528.1	482950	A	G	176.204	PASS	20.0	0.9	1	1	1	passing	True	CENPK1137D_2964		Pma1p	YGL008C	intergenic	463.0	reference GFF: annotation.gff	CM001528.1:482950 A>G — intergenic; nearest YGL008C (CENPK1137D_2964) — Pma1p (463 bp)			engineering-cell-consolidated:1.0.0
DNA:VAR:SC_CENPK_GCA000269885:CM001528.1:527278:gt:g	YEAST-CENPK-LOWGROWTH	CM001528.1	527278	gt	g	228.243	PASS	102.0	0.8235294117647058	1	1	1	passing	True	CENPK1137D_2991		Vma7p	YGR020C	intergenic	133.0	reference GFF: annotation.gff	CM001528.1:527278 gt>g — intergenic; nearest YGR020C (CENPK1137D_2991) — Vma7p (133 bp)			engineering-cell-consolidated:1.0.0
DNA:VAR:SC_CENPK_GCA000269885:CM001528.1:602323:CT:C	YEAST-CENPK-LOWGROWTH	CM001528.1	602323	CT	C	228.345	PASS	91.0	0.8571428571428571	1	1	1	passing	True	CENPK1137D_3022		Rsc1p	YGR056W	genic	0.0	reference GFF: annotation.gff	CM001528.1:602323 CT>C — YGR056W (CENPK1137D_3022) — Rsc1p			engineering-cell-consolidated:1.0.0
DNA:VAR:SC_CENPK_GCA000269885:CM001528.1:615887:CT:C	YEAST-CENPK-LOWGROWTH	CM001528.1	615887	CT	C	228.327	PASS	78.0	0.8461538461538461	1	1	1	passing	True	CENPK1137D_3029		Cox18p	YGR062C	intergenic	161.0	reference GFF: annotation.gff	CM001528.1:615887 CT>C — intergenic; nearest YGR062C (CENPK1137D_3029) — Cox18p (161 bp)			engineering-cell-consolidated:1.0.0
DNA:VAR:SC_CENPK_GCA000269885:CM001528.1:652694:t:tTG	YEAST-CENPK-LOWGROWTH	CM001528.1	652694	t	tTG	228.368	PASS	88.0	0.8181818181818182	1	1	1	passing	True	CENPK1137D_3053		Pdc6p	YGR087C	intergenic	31.0	reference GFF: annotation.gff	CM001528.1:652694 t>tTG — intergenic; nearest YGR087C (CENPK1137D_3053) — Pdc6p (31 bp)			engineering-cell-consolidated:1.0.0
DNA:VAR:SC_CENPK_GCA000269885:CM001528.1:677734:ct:c	YEAST-CENPK-LOWGROWTH	CM001528.1	677734	ct	c	228.323	PASS	51.0	0.8431372549019608	1	1	1	passing	True	CENPK1137D_3063		Tpc1p	YGR096W	intergenic	492.0	reference GFF: annotation.gff	CM001528.1:677734 ct>c — intergenic; nearest YGR096W (CENPK1137D_3063) — Tpc1p (492 bp)			engineering-cell-consolidated:1.0.0
DNA:VAR:SC_CENPK_GCA000269885:CM001528.1:699760:G:GA	YEAST-CENPK-LOWGROWTH	CM001528.1	699760	G	GA	228.361	PASS	123.0	0.8536585365853658	1	1	1	passing	True	CENPK1137D_3074		Voa1p	YGR106C	intergenic	302.0	reference GFF: annotation.gff	CM001528.1:699760 G>GA — intergenic; nearest YGR106C (CENPK1137D_3074) — Voa1p (302 bp)			engineering-cell-consolidated:1.0.0
DNA:VAR:SC_CENPK_GCA000269885:CM001528.1:736287:TA:T	YEAST-CENPK-LOWGROWTH	CM001528.1	736287	TA	T	228.399	PASS	43.0	0.9534883720930233	1	1	1	passing	True	CENPK1137D_3091		Ppt1p	YGR123C	intergenic	92.0	reference GFF: annotation.gff	CM001528.1:736287 TA>T — intergenic; nearest YGR123C (CENPK1137D_3091) — Ppt1p (92 bp)			engineering-cell-consolidated:1.0.0
DNA:VAR:SC_CENPK_GCA000269885:CM001528.1:765390:G:GA	YEAST-CENPK-LOWGROWTH	CM001528.1	765390	G	GA	228.325	PASS	57.0	0.8070175438596491	1	1	1	passing	True	CENPK1137D_3105		Cbf2p	YGR140W	intergenic	1772.0	reference GFF: annotation.gff	CM001528.1:765390 G>GA — intergenic; nearest YGR140W (CENPK1137D_3105) — Cbf2p (1772 bp)			engineering-cell-consolidated:1.0.0
DNA:VAR:SC_CENPK_GCA000269885:CM001528.1:765405:A:C	YEAST-CENPK-LOWGROWTH	CM001528.1	765405	A	C	225.417	PASS	35.0	1.0	1	1	1	passing	True	CENPK1137D_3105		Cbf2p	YGR140W	intergenic	1757.0	reference GFF: annotation.gff	CM001528.1:765405 A>C — intergenic; nearest YGR140W (CENPK1137D_3105) — Cbf2p (1757 bp)			engineering-cell-consolidated:1.0.0
DNA:VAR:SC_CENPK_GCA000269885:CM001528.1:765406:C:A	YEAST-CENPK-LOWGROWTH	CM001528.1	765406	C	A	193.154	PASS	39.0	0.8974358974358975	1	1	1	passing	True	CENPK1137D_3105		Cbf2p	YGR140W	intergenic	1756.0	reference GFF: annotation.gff	CM001528.1:765406 C>A — intergenic; nearest YGR140W (CENPK1137D_3105) — Cbf2p (1756 bp)			engineering-cell-consolidated:1.0.0
DNA:VAR:SC_CENPK_GCA000269885:CM001528.1:808224:TAA:T	YEAST-CENPK-LOWGROWTH	CM001528.1	808224	TAA	T	125.298	PASS	46.0	0.8260869565217391	1	1	1	passing	True	CENPK1137D_3125		Nsr1p	YGR159C	intergenic	835.0	reference GFF: annotation.gff	CM001528.1:808224 TAA>T — intergenic; nearest YGR159C (CENPK1137D_3125) — Nsr1p (835 bp)			engineering-cell-consolidated:1.0.0
DNA:VAR:SC_CENPK_GCA000269885:CM001528.1:808239:CA:C	YEAST-CENPK-LOWGROWTH	CM001528.1	808239	CA	C	97.247	PASS	49.0	0.8571428571428571	1	1	1	passing	True	CENPK1137D_3125		Nsr1p	YGR159C	intergenic	850.0	reference GFF: annotation.gff	CM001528.1:808239 CA>C — intergenic; nearest YGR159C (CENPK1137D_3125) — Nsr1p (850 bp)			engineering-cell-consolidated:1.0.0
DNA:VAR:SC_CENPK_GCA000269885:CM001528.1:848272:G:A	YEAST-CENPK-LOWGROWTH	CM001528.1	848272	G	A	118.415	PASS	13.0	1.0	1	1	1	passing	True	CENPK1137D_3141		Erg1p	YGR175C	intergenic	120.0	reference GFF: annotation.gff	CM001528.1:848272 G>A — intergenic; nearest YGR175C (CENPK1137D_3141) — Erg1p (120 bp)			engineering-cell-consolidated:1.0.0
DNA:VAR:SC_CENPK_GCA000269885:CM001528.1:856169:TA:T	YEAST-CENPK-LOWGROWTH	CM001528.1	856169	TA	T	228.325	PASS	64.0	0.84375	1	1	1	passing	True	CENPK1137D_3146		Rnr4p	YGR180C	intergenic	144.0	reference GFF: annotation.gff	CM001528.1:856169 TA>T — intergenic; nearest YGR180C (CENPK1137D_3146) — Rnr4p (144 bp)			engineering-cell-consolidated:1.0.0
DNA:VAR:SC_CENPK_GCA000269885:CM001528.1:871286:A:G	YEAST-CENPK-LOWGROWTH	CM001528.1	871286	A	G	76.9073	PASS	15.0	0.8	1	1	1	passing	True	CENPK1137D_3151		Hgh1p	YGR187C	intergenic	145.0	reference GFF: annotation.gff	CM001528.1:871286 A>G — intergenic; nearest YGR187C (CENPK1137D_3151) — Hgh1p (145 bp)			engineering-cell-consolidated:1.0.0
DNA:VAR:SC_CENPK_GCA000269885:CM001528.1:871303:A:T	YEAST-CENPK-LOWGROWTH	CM001528.1	871303	A	T	69.2648	PASS	33.0	0.9696969696969697	1	1	1	passing	True	CENPK1137D_3151		Hgh1p	YGR187C	intergenic	162.0	reference GFF: annotation.gff	CM001528.1:871303 A>T — intergenic; nearest YGR187C (CENPK1137D_3151) — Hgh1p (162 bp)			engineering-cell-consolidated:1.0.0
DNA:VAR:SC_CENPK_GCA000269885:CM001528.1:909849:AT:A	YEAST-CENPK-LOWGROWTH	CM001528.1	909849	AT	A	108.416	PASS	36.0	0.9722222222222222	1	1	1	passing	True	CENPK1137D_3171		hypothetical protein	YGR205W	intergenic	38.0	reference GFF: annotation.gff	CM001528.1:909849 AT>A — intergenic; nearest YGR205W (CENPK1137D_3171) — hypothetical protein (38 bp)			engineering-cell-consolidated:1.0.0
DNA:VAR:SC_CENPK_GCA000269885:CM001528.1:985128:TA:T	YEAST-CENPK-LOWGROWTH	CM001528.1	985128	TA	T	228.357	PASS	124.0	0.8870967741935484	1	1	1	passing	True	CENPK1137D_3214		Cpd1p	YGR247W	genic	0.0	reference GFF: annotation.gff	CM001528.1:985128 TA>T — YGR247W (CENPK1137D_3214) — Cpd1p			engineering-cell-consolidated:1.0.0
DNA:VAR:SC_CENPK_GCA000269885:CM001528.1:1011906:ct:c	YEAST-CENPK-LOWGROWTH	CM001528.1	1011906	ct	c	228.36	PASS	61.0	0.8852459016393442	1	1	1	passing	True	CENPK1137D_3227		Tna1p	YGR260W	intergenic	251.0	reference GFF: annotation.gff	CM001528.1:1011906 ct>c — intergenic; nearest YGR260W (CENPK1137D_3227) — Tna1p (251 bp)			engineering-cell-consolidated:1.0.0
DNA:VAR:SC_CENPK_GCA000269885:CM001529.1:26024:gt:g	YEAST-CENPK-LOWGROWTH	CM001529.1	26024	gt	g	228.336	PASS	33.0	0.8484848484848485	1	1	1	passing	True	CENPK1137D_5428		Vmr1p	YHL035C	intergenic	103.0	reference GFF: annotation.gff	CM001529.1:26024 gt>g — intergenic; nearest YHL035C (CENPK1137D_5428) — Vmr1p (103 bp)			engineering-cell-consolidated:1.0.0
DNA:VAR:SC_CENPK_GCA000269885:CM001529.1:41260:A:G	YEAST-CENPK-LOWGROWTH	CM001529.1	41260	A	G	228.313	PASS	73.0	0.9041095890410958	1	1	1	passing	True	CENPK1137D_5230		Oca5p	YHL029C	intergenic	131.0	reference GFF: annotation.gff	CM001529.1:41260 A>G — intergenic; nearest YHL029C (CENPK1137D_5230) — Oca5p (131 bp)			engineering-cell-consolidated:1.0.0
DNA:VAR:SC_CENPK_GCA000269885:CM001529.1:60773:A:G	YEAST-CENPK-LOWGROWTH	CM001529.1	60773	A	G	225.417	PASS	62.0	1.0	1	1	1	passing	True	CENPK1137D_5352		Apm2p	YHL019C	intergenic	119.0	reference GFF: annotation.gff	CM001529.1:60773 A>G — intergenic; nearest YHL019C (CENPK1137D_5352) — Apm2p (119 bp)			engineering-cell-consolidated:1.0.0
DNA:VAR:SC_CENPK_GCA000269885:CM001529.1:85127:C:T	YEAST-CENPK-LOWGROWTH	CM001529.1	85127	C	T	123.415	PASS	36.0	1.0	1	1	1	passing	True	CENPK1137D_5382		hypothetical protein	YHL008C	intergenic	445.0	reference GFF: annotation.gff	CM001529.1:85127 C>T — intergenic; nearest YHL008C (CENPK1137D_5382) — hypothetical protein (445 bp)			engineering-cell-consolidated:1.0.0
DNA:VAR:SC_CENPK_GCA000269885:CM001529.1:116001:GA:G	YEAST-CENPK-LOWGROWTH	CM001529.1	116001	GA	G	141.387	PASS	61.0	0.9344262295081968	1	1	1	passing	True	CENPK1137D_5400		Sod2p	YHR008C	intergenic	49.0	reference GFF: annotation.gff	CM001529.1:116001 GA>G — intergenic; nearest YHR008C (CENPK1137D_5400) — Sod2p (49 bp)			engineering-cell-consolidated:1.0.0
DNA:VAR:SC_CENPK_GCA000269885:CM001529.1:116032:A:AT	YEAST-CENPK-LOWGROWTH	CM001529.1	116032	A	AT	152.348	PASS	21.0	0.8571428571428571	1	1	1	passing	True	CENPK1137D_5400		Sod2p	YHR008C	intergenic	18.0	reference GFF: annotation.gff	CM001529.1:116032 A>AT — intergenic; nearest YHR008C (CENPK1137D_5400) — Sod2p (18 bp)			engineering-cell-consolidated:1.0.0
DNA:VAR:SC_CENPK_GCA000269885:CM001529.1:170122:taaa:t	YEAST-CENPK-LOWGROWTH	CM001529.1	170122	taaa	t	228.365	PASS	45.0	0.8222222222222222	1	1	1	passing	True	CENPK1137D_5429		hypothetical protein	YHR033W	intergenic	41.0	reference GFF: annotation.gff	CM001529.1:170122 taaa>t — intergenic; nearest YHR033W (CENPK1137D_5429) — hypothetical protein (41 bp)			engineering-cell-consolidated:1.0.0
DNA:VAR:SC_CENPK_GCA000269885:CM001529.1:185972:A:T	YEAST-CENPK-LOWGROWTH	CM001529.1	185972	A	T	225.417	PASS	56.0	1.0	1	1	1	passing	True	CENPK1137D_5438		Ncp1p	YHR042W	intergenic	93.0	reference GFF: annotation.gff	CM001529.1:185972 A>T — intergenic; nearest YHR042W (CENPK1137D_5438) — Ncp1p (93 bp)			engineering-cell-consolidated:1.0.0
DNA:VAR:SC_CENPK_GCA000269885:CM001529.1:186804:CT:C	YEAST-CENPK-LOWGROWTH	CM001529.1	186804	CT	C	228.239	PASS	77.0	0.8311688311688312	1	1	1	passing	True	CENPK1137D_5440		Dog2p	YHR043C	intergenic	157.0	reference GFF: annotation.gff	CM001529.1:186804 CT>C — intergenic; nearest YHR043C (CENPK1137D_5440) — Dog2p (157 bp)			engineering-cell-consolidated:1.0.0
DNA:VAR:SC_CENPK_GCA000269885:CM001529.1:186830:GT:G	YEAST-CENPK-LOWGROWTH	CM001529.1	186830	GT	G	228.35	PASS	70.0	0.9	1	1	1	passing	True	CENPK1137D_5440		Dog2p	YHR043C	intergenic	183.0	reference GFF: annotation.gff	CM001529.1:186830 GT>G — intergenic; nearest YHR043C (CENPK1137D_5440) — Dog2p (183 bp)			engineering-cell-consolidated:1.0.0
DNA:VAR:SC_CENPK_GCA000269885:CM001529.1:222382:C:A	YEAST-CENPK-LOWGROWTH	CM001529.1	222382	C	A	53.4192	PASS	33.0	0.9696969696969697	1	1	1	passing	True	CENPK1137D_5209		Ssf1p	YHR066W	intergenic	117.0	reference GFF: annotation.gff	CM001529.1:222382 C>A — intergenic; nearest YHR066W (CENPK1137D_5209) — Ssf1p (117 bp)			engineering-cell-consolidated:1.0.0
DNA:VAR:SC_CENPK_GCA000269885:CM001529.1:222384:TA:T	YEAST-CENPK-LOWGROWTH	CM001529.1	222384	TA	T	228.378	PASS	46.0	0.8913043478260869	1	1	1	passing	True	CENPK1137D_5209		Ssf1p	YHR066W	intergenic	115.0	reference GFF: annotation.gff	CM001529.1:222384 TA>T — intergenic; nearest YHR066W (CENPK1137D_5209) — Ssf1p (115 bp)			engineering-cell-consolidated:1.0.0
DNA:VAR:SC_CENPK_GCA000269885:CM001529.1:226478:A:G	YEAST-CENPK-LOWGROWTH	CM001529.1	226478	A	G	228.367	PASS	62.0	0.9032258064516129	1	1	1	passing	True	CENPK1137D_5211		Dys1p	YHR068W	intergenic	18.0	reference GFF: annotation.gff	CM001529.1:226478 A>G — intergenic; nearest YHR068W (CENPK1137D_5211) — Dys1p (18 bp)			engineering-cell-consolidated:1.0.0
DNA:VAR:SC_CENPK_GCA000269885:CM001529.1:230923:T:C	YEAST-CENPK-LOWGROWTH	CM001529.1	230923	T	C	105.305	PASS	26.0	0.8846153846153846	1	1	1	passing	True	CENPK1137D_5214		Pcl5p	YHR071W	intergenic	61.0	reference GFF: annotation.gff	CM001529.1:230923 T>C — intergenic; nearest YHR071W (CENPK1137D_5214) — Pcl5p (61 bp)			engineering-cell-consolidated:1.0.0
DNA:VAR:SC_CENPK_GCA000269885:CM001529.1:505457:TA:T	YEAST-CENPK-LOWGROWTH	CM001529.1	505457	TA	T	218.308	PASS	72.0	0.8611111111111112	1	1	1	passing	True	CENPK1137D_5359		Sch9p	YHR205W	intergenic	397.0	reference GFF: annotation.gff	CM001529.1:505457 TA>T — intergenic; nearest YHR205W (CENPK1137D_5359) — Sch9p (397 bp)			engineering-cell-consolidated:1.0.0
DNA:VAR:SC_CENPK_GCA000269885:CM001529.1:512016:A:C	YEAST-CENPK-LOWGROWTH	CM001529.1	512016	A	C	225.372	PASS	50.0	0.98	1	1	1	passing	True	CENPK1137D_5362		Bat1p	YHR208W	intergenic	25.0	reference GFF: annotation.gff	CM001529.1:512016 A>C — intergenic; nearest YHR208W (CENPK1137D_5362) — Bat1p (25 bp)			engineering-cell-consolidated:1.0.0
DNA:VAR:SC_CENPK_GCA000269885:CM001529.1:512324:A:C	YEAST-CENPK-LOWGROWTH	CM001529.1	512324	A	C	225.422	PASS	63.0	0.9841269841269841	1	1	1	passing	True	CENPK1137D_5362		Bat1p	YHR208W	intergenic	333.0	reference GFF: annotation.gff	CM001529.1:512324 A>C — intergenic; nearest YHR208W (CENPK1137D_5362) — Bat1p (333 bp)			engineering-cell-consolidated:1.0.0
DNA:VAR:SC_CENPK_GCA000269885:CM001529.1:518669:ANNNNNNNNNN:A	YEAST-CENPK-LOWGROWTH	CM001529.1	518669	ANNNNNNNNNN	A	228.353	PASS	85.0	0.8	1	1	1	passing	True	CENPK1137D_5365		hypothetical protein	YHR210C	intergenic	3655.0	reference GFF: annotation.gff	CM001529.1:518669 ANNNNNNNNNN>A — intergenic; nearest YHR210C (CENPK1137D_5365) — hypothetical protein (3655 bp)			engineering-cell-consolidated:1.0.0
DNA:VAR:SC_CENPK_GCA000269885:CM001529.1:544795:TA:T	YEAST-CENPK-LOWGROWTH	CM001529.1	544795	TA	T	228.303	PASS	107.0	0.8411214953271028	1	1	1	passing	True	CENPK1137D_5368		Pho12p	YHR215W	intergenic	376.0	reference GFF: annotation.gff	CM001529.1:544795 TA>T — intergenic; nearest YHR215W (CENPK1137D_5368) — Pho12p (376 bp)			engineering-cell-consolidated:1.0.0
DNA:VAR:SC_CENPK_GCA000269885:CM001529.1:546633:A:AT	YEAST-CENPK-LOWGROWTH	CM001529.1	546633	A	AT	228.394	PASS	126.0	0.9126984126984127	1	1	1	passing	True	CENPK1137D_5368		Pho12p	YHR215W	intergenic	59.0	reference GFF: annotation.gff	CM001529.1:546633 A>AT — intergenic; nearest YHR215W (CENPK1137D_5368) — Pho12p (59 bp)			engineering-cell-consolidated:1.0.0
DNA:VAR:SC_CENPK_GCA000269885:CM001530.1:10:GC:G	YEAST-CENPK-LOWGROWTH	CM001530.1	10	GC	G	150.367	PASS	56.0	0.8928571428571429	1	1	1	passing	True	CENPK1137D_4999		Cha1p	YCL064C	intergenic	21112.0	reference GFF: annotation.gff	CM001530.1:10 GC>G — intergenic; nearest YCL064C (CENPK1137D_4999) — Cha1p (21112 bp)			engineering-cell-consolidated:1.0.0
DNA:VAR:SC_CENPK_GCA000269885:CM001530.1:161510:A:C	YEAST-CENPK-LOWGROWTH	CM001530.1	161510	A	C	176.161	PASS	92.0	0.8804347826086957	1	1	1	passing	True	CENPK1137D_5155		Slm1p	YIL105C	intergenic	174.0	reference GFF: annotation.gff	CM001530.1:161510 A>C — intergenic; nearest YIL105C (CENPK1137D_5155) — Slm1p (174 bp)			engineering-cell-consolidated:1.0.0
DNA:VAR:SC_CENPK_GCA000269885:CM001530.1:161511:C:A	YEAST-CENPK-LOWGROWTH	CM001530.1	161511	C	A	228.416	PASS	82.0	0.9634146341463414	1	1	1	passing	True	CENPK1137D_5155		Slm1p	YIL105C	intergenic	175.0	reference GFF: annotation.gff	CM001530.1:161511 C>A — intergenic; nearest YIL105C (CENPK1137D_5155) — Slm1p (175 bp)			engineering-cell-consolidated:1.0.0
DNA:VAR:SC_CENPK_GCA000269885:CM001530.1:245711:ta:t	YEAST-CENPK-LOWGROWTH	CM001530.1	245711	ta	t	228.34	PASS	86.0	0.8488372093023255	1	1	1	passing	True	CENPK1137D_5005		hypothetical protein	YIL055C	intergenic	76.0	reference GFF: annotation.gff	CM001530.1:245711 ta>t — intergenic; nearest YIL055C (CENPK1137D_5005) — hypothetical protein (76 bp)			engineering-cell-consolidated:1.0.0
DNA:VAR:SC_CENPK_GCA000269885:CM001530.1:246649:C:CT	YEAST-CENPK-LOWGROWTH	CM001530.1	246649	C	CT	228.361	PASS	56.0	0.875	1	1	1	passing	True	CENPK1137D_5006		Rhr2p	YIL053W	intergenic	171.0	reference GFF: annotation.gff	CM001530.1:246649 C>CT — intergenic; nearest YIL053W (CENPK1137D_5006) — Rhr2p (171 bp)			engineering-cell-consolidated:1.0.0
DNA:VAR:SC_CENPK_GCA000269885:CM001530.1:251913:C:CT	YEAST-CENPK-LOWGROWTH	CM001530.1	251913	C	CT	228.341	PASS	103.0	0.8640776699029126	1	1	1	passing	True	CENPK1137D_5010		Dfg10p	YIL049W	intergenic	410.0	reference GFF: annotation.gff	CM001530.1:251913 C>CT — intergenic; nearest YIL049W (CENPK1137D_5010) — Dfg10p (410 bp)			engineering-cell-consolidated:1.0.0
DNA:VAR:SC_CENPK_GCA000269885:CM001530.1:279667:T:A	YEAST-CENPK-LOWGROWTH	CM001530.1	279667	T	A	228.282	PASS	38.0	0.868421052631579	1	1	1	passing	True	CENPK1137D_5026		Cka1p	YIL035C	intergenic	35.0	reference GFF: annotation.gff	CM001530.1:279667 T>A — intergenic; nearest YIL035C (CENPK1137D_5026) — Cka1p (35 bp)			engineering-cell-consolidated:1.0.0
DNA:VAR:SC_CENPK_GCA000269885:CM001530.1:339849:A:T	YEAST-CENPK-LOWGROWTH	CM001530.1	339849	A	T	228.232	PASS	64.0	0.84375	1	1	1	passing	True	CENPK1137D_5058		Eps1p	YIL005W	genic	0.0	reference GFF: annotation.gff	CM001530.1:339849 A>T — YIL005W (CENPK1137D_5058) — Eps1p			engineering-cell-consolidated:1.0.0
DNA:VAR:SC_CENPK_GCA000269885:CM001530.1:410171:A:AC	YEAST-CENPK-LOWGROWTH	CM001530.1	410171	A	AC	228.35	PASS	136.0	0.8823529411764706	1	1	1	passing	True	CENPK1137D_5097		Mga2p	YIR033W	genic	0.0	reference GFF: annotation.gff	CM001530.1:410171 A>AC — YIR033W (CENPK1137D_5097) — Mga2p			engineering-cell-consolidated:1.0.0
DNA:VAR:SC_CENPK_GCA000269885:CM001530.1:411213:A:C	YEAST-CENPK-LOWGROWTH	CM001530.1	411213	A	C	228.359	PASS	74.0	0.9594594594594594	1	1	1	passing	True	CENPK1137D_5100		Lys1p	YIR034C	intergenic	61.0	reference GFF: annotation.gff	CM001530.1:411213 A>C — intergenic; nearest YIR034C (CENPK1137D_5100) — Lys1p (61 bp)			engineering-cell-consolidated:1.0.0
DNA:VAR:SC_CENPK_GCA000269885:CM001530.1:411214:C:A	YEAST-CENPK-LOWGROWTH	CM001530.1	411214	C	A	175.111	PASS	87.0	0.8505747126436781	1	1	1	passing	True	CENPK1137D_5100		Lys1p	YIR034C	intergenic	60.0	reference GFF: annotation.gff	CM001530.1:411214 C>A — intergenic; nearest YIR034C (CENPK1137D_5100) — Lys1p (60 bp)			engineering-cell-consolidated:1.0.0
DNA:VAR:SC_CENPK_GCA000269885:CM001531.1:43171:gt:g	YEAST-CENPK-LOWGROWTH	CM001531.1	43171	gt	g	228.324	PASS	67.0	0.8208955223880597	1	1	1	passing	True	CENPK1137D_1318		Pho90p	YJL198W	intergenic	138.0	reference GFF: annotation.gff	CM001531.1:43171 gt>g — intergenic; nearest YJL198W (CENPK1137D_1318) — Pho90p (138 bp)			engineering-cell-consolidated:1.0.0
DNA:VAR:SC_CENPK_GCA000269885:CM001531.1:83506:A:G	YEAST-CENPK-LOWGROWTH	CM001531.1	83506	A	G	169.186	PASS	61.0	0.819672131147541	1	1	1	passing	True	CENPK1137D_1464		Asg7p	YJL170C	intergenic	108.0	reference GFF: annotation.gff	CM001531.1:83506 A>G — intergenic; nearest YJL170C (CENPK1137D_1464) — Asg7p (108 bp)			engineering-cell-consolidated:1.0.0
DNA:VAR:SC_CENPK_GCA000269885:CM001531.1:92397:TA:T	YEAST-CENPK-LOWGROWTH	CM001531.1	92397	TA	T	192.416	PASS	62.0	1.0	1	1	1	passing	True	CENPK1137D_1470		Tpk1p	YJL164C	intergenic	39.0	reference GFF: annotation.gff	CM001531.1:92397 TA>T — intergenic; nearest YJL164C (CENPK1137D_1470) — Tpk1p (39 bp)			engineering-cell-consolidated:1.0.0
DNA:VAR:SC_CENPK_GCA000269885:CM001531.1:209286:A:AT	YEAST-CENPK-LOWGROWTH	CM001531.1	209286	A	AT	228.308	PASS	89.0	0.8314606741573034	1	1	1	passing	True	CENPK1137D_1523		Set4p	YJL105W	intergenic	93.0	reference GFF: annotation.gff	CM001531.1:209286 A>AT — intergenic; nearest YJL105W (CENPK1137D_1523) — Set4p (93 bp)			engineering-cell-consolidated:1.0.0
DNA:VAR:SC_CENPK_GCA000269885:CM001531.1:319868:A:T	YEAST-CENPK-LOWGROWTH	CM001531.1	319868	A	T	225.417	PASS	46.0	1.0	1	1	1	passing	True	CENPK1137D_1248		Pep8p	YJL053W	intergenic	363.0	reference GFF: annotation.gff	CM001531.1:319868 A>T — intergenic; nearest YJL053W (CENPK1137D_1248) — Pep8p (363 bp)			engineering-cell-consolidated:1.0.0
DNA:VAR:SC_CENPK_GCA000269885:CM001531.1:324835:ct:c	YEAST-CENPK-LOWGROWTH	CM001531.1	324835	ct	c	133.291	PASS	46.0	0.8260869565217391	1	1	1	passing	True	CENPK1137D_1250		Irc8p	YJL051W	intergenic	112.0	reference GFF: annotation.gff	CM001531.1:324835 ct>c — intergenic; nearest YJL051W (CENPK1137D_1250) — Irc8p (112 bp)			engineering-cell-consolidated:1.0.0
DNA:VAR:SC_CENPK_GCA000269885:CM001531.1:343393:T:C	YEAST-CENPK-LOWGROWTH	CM001531.1	343393	T	C	225.421	PASS	50.0	0.84	1	1	1	passing	True	CENPK1137D_1259		hypothetical protein	YJL043W	intergenic	7.0	reference GFF: annotation.gff	CM001531.1:343393 T>C — intergenic; nearest YJL043W (CENPK1137D_1259) — hypothetical protein (7 bp)			engineering-cell-consolidated:1.0.0
DNA:VAR:SC_CENPK_GCA000269885:CM001531.1:438590:G:GT	YEAST-CENPK-LOWGROWTH	CM001531.1	438590	G	GT	228.341	PASS	26.0	0.8076923076923077	1	1	1	passing	True	CENPK1137D_1305		Met3p	YJR010W	intergenic	124.0	reference GFF: annotation.gff	CM001531.1:438590 G>GT — intergenic; nearest YJR010W (CENPK1137D_1305) — Met3p (124 bp)			engineering-cell-consolidated:1.0.0
DNA:VAR:SC_CENPK_GCA000269885:CM001531.1:440377:ta:t	YEAST-CENPK-LOWGROWTH	CM001531.1	440377	ta	t	98.3961	PASS	21.0	0.9523809523809523	1	1	1	passing	True	CENPK1137D_1305		Met3p	YJR010W	intergenic	128.0	reference GFF: annotation.gff	CM001531.1:440377 ta>t — intergenic; nearest YJR010W (CENPK1137D_1305) — Met3p (128 bp)			engineering-cell-consolidated:1.0.0
DNA:VAR:SC_CENPK_GCA000269885:CM001531.1:444155:T:A	YEAST-CENPK-LOWGROWTH	CM001531.1	444155	T	A	157.064	PASS	77.0	0.8311688311688312	1	1	1	passing	True	CENPK1137D_1311		Gpi14p	YJR013W	intergenic	77.0	reference GFF: annotation.gff	CM001531.1:444155 T>A — intergenic; nearest YJR013W (CENPK1137D_1311) — Gpi14p (77 bp)			engineering-cell-consolidated:1.0.0
DNA:VAR:SC_CENPK_GCA000269885:CM001531.1:444156:A:T	YEAST-CENPK-LOWGROWTH	CM001531.1	444156	A	T	228.395	PASS	68.0	0.9264705882352942	1	1	1	passing	True	CENPK1137D_1311		Gpi14p	YJR013W	intergenic	78.0	reference GFF: annotation.gff	CM001531.1:444156 A>T — intergenic; nearest YJR013W (CENPK1137D_1311) — Gpi14p (78 bp)			engineering-cell-consolidated:1.0.0
DNA:VAR:SC_CENPK_GCA000269885:CM001531.1:453541:ta:t	YEAST-CENPK-LOWGROWTH	CM001531.1	453541	ta	t	228.368	PASS	70.0	0.9285714285714286	1	1	1	passing	True	CENPK1137D_1321		Bna1p	YJR025C	intergenic	76.0	reference GFF: annotation.gff	CM001531.1:453541 ta>t — intergenic; nearest YJR025C (CENPK1137D_1321) — Bna1p (76 bp)			engineering-cell-consolidated:1.0.0
DNA:VAR:SC_CENPK_GCA000269885:CM001531.1:453542:A:T	YEAST-CENPK-LOWGROWTH	CM001531.1	453542	A	T	34.9779	PASS	12.0	0.9166666666666666	1	1	1	passing	True	CENPK1137D_1321		Bna1p	YJR025C	intergenic	75.0	reference GFF: annotation.gff	CM001531.1:453542 A>T — intergenic; nearest YJR025C (CENPK1137D_1321) — Bna1p (75 bp)			engineering-cell-consolidated:1.0.0
DNA:VAR:SC_CENPK_GCA000269885:CM001531.1:532409:A:T	YEAST-CENPK-LOWGROWTH	CM001531.1	532409	A	T	225.417	PASS	71.0	1.0	1	1	1	passing	True	CENPK1137D_1353		Cbf1p	YJR060W	intergenic	238.0	reference GFF: annotation.gff	CM001531.1:532409 A>T — intergenic; nearest YJR060W (CENPK1137D_1353) — Cbf1p (238 bp)			engineering-cell-consolidated:1.0.0
DNA:VAR:SC_CENPK_GCA000269885:CM001531.1:532441:TA:T	YEAST-CENPK-LOWGROWTH	CM001531.1	532441	TA	T	137.33	PASS	49.0	0.8571428571428571	1	1	1	passing	True	CENPK1137D_1353		Cbf1p	YJR060W	intergenic	270.0	reference GFF: annotation.gff	CM001531.1:532441 TA>T — intergenic; nearest YJR060W (CENPK1137D_1353) — Cbf1p (270 bp)			engineering-cell-consolidated:1.0.0
DNA:VAR:SC_CENPK_GCA000269885:CM001531.1:537442:TA:T	YEAST-CENPK-LOWGROWTH	CM001531.1	537442	TA	T	228.342	PASS	70.0	0.8857142857142857	1	1	1	passing	True	CENPK1137D_1356		Rpa12p	YJR063W	intergenic	113.0	reference GFF: annotation.gff	CM001531.1:537442 TA>T — intergenic; nearest YJR063W (CENPK1137D_1356) — Rpa12p (113 bp)			engineering-cell-consolidated:1.0.0
DNA:VAR:SC_CENPK_GCA000269885:CM001531.1:600362:T:C	YEAST-CENPK-LOWGROWTH	CM001531.1	600362	T	C	228.313	PASS	57.0	0.8947368421052632	1	1	1	passing	True	CENPK1137D_1394		Rsm26p	YJR101W	intergenic	191.0	reference GFF: annotation.gff	CM001531.1:600362 T>C — intergenic; nearest YJR101W (CENPK1137D_1394) — Rsm26p (191 bp)			engineering-cell-consolidated:1.0.0
DNA:VAR:SC_CENPK_GCA000269885:CM001532.1:21880:t:tA	YEAST-CENPK-LOWGROWTH	CM001532.1	21880	t	tA	228.304	PASS	68.0	0.8088235294117647	1	1	1	passing	True	CENPK1137D_1163		Jen1p	YKL217W	intergenic	196.0	reference GFF: annotation.gff	CM001532.1:21880 t>tA — intergenic; nearest YKL217W (CENPK1137D_1163) — Jen1p (196 bp)			engineering-cell-consolidated:1.0.0
DNA:VAR:SC_CENPK_GCA000269885:CM001532.1:67871:A:C	YEAST-CENPK-LOWGROWTH	CM001532.1	67871	A	C	45.4146	PASS	33.0	1.0	1	1	1	passing	True	CENPK1137D_1036		Ptk1p	YKL198C	intergenic	142.0	reference GFF: annotation.gff	CM001532.1:67871 A>C — intergenic; nearest YKL198C (CENPK1137D_1036) — Ptk1p (142 bp)			engineering-cell-consolidated:1.0.0
DNA:VAR:SC_CENPK_GCA000269885:CM001532.1:134293:T:A	YEAST-CENPK-LOWGROWTH	CM001532.1	134293	T	A	184.092	PASS	33.0	0.8484848484848485	1	1	1	passing	True	CENPK1137D_1144		Tpk3p	YKL166C	intergenic	42.0	reference GFF: annotation.gff	CM001532.1:134293 T>A — intergenic; nearest YKL166C (CENPK1137D_1144) — Tpk3p (42 bp)			engineering-cell-consolidated:1.0.0
DNA:VAR:SC_CENPK_GCA000269885:CM001532.1:222830:ga:g	YEAST-CENPK-LOWGROWTH	CM001532.1	222830	ga	g	228.394	PASS	51.0	0.9215686274509803	1	1	1	passing	True	CENPK1137D_1191		Apn1p	YKL114C	intergenic	164.0	reference GFF: annotation.gff	CM001532.1:222830 ga>g — intergenic; nearest YKL114C (CENPK1137D_1191) — Apn1p (164 bp)			engineering-cell-consolidated:1.0.0
DNA:VAR:SC_CENPK_GCA000269885:CM001532.1:233673:A:C	YEAST-CENPK-LOWGROWTH	CM001532.1	233673	A	C	182.243	PASS	25.0	0.92	1	1	1	passing	True	CENPK1137D_1195		Hap4p	YKL109W	intergenic	140.0	reference GFF: annotation.gff	CM001532.1:233673 A>C — intergenic; nearest YKL109W (CENPK1137D_1195) — Hap4p (140 bp)			engineering-cell-consolidated:1.0.0
DNA:VAR:SC_CENPK_GCA000269885:CM001532.1:241582:ct:c	YEAST-CENPK-LOWGROWTH	CM001532.1	241582	ct	c	228.351	PASS	53.0	0.8490566037735849	1	1	1	passing	True	CENPK1137D_897		hypothetical protein	YKL105C	genic	0.0	reference GFF: annotation.gff	CM001532.1:241582 ct>c — YKL105C (CENPK1137D_897) — hypothetical protein			engineering-cell-consolidated:1.0.0
DNA:VAR:SC_CENPK_GCA000269885:CM001532.1:251135:A:C	YEAST-CENPK-LOWGROWTH	CM001532.1	251135	A	C	182.377	PASS	46.0	0.9782608695652174	1	1	1	passing	True	CENPK1137D_900		Hsl1p	YKL101W	genic	0.0	reference GFF: annotation.gff	CM001532.1:251135 A>C — YKL101W (CENPK1137D_900) — Hsl1p			engineering-cell-consolidated:1.0.0
DNA:VAR:SC_CENPK_GCA000269885:CM001532.1:279822:A:T	YEAST-CENPK-LOWGROWTH	CM001532.1	279822	A	T	76.1441	PASS	15.0	0.8	1	1	1	passing	True	CENPK1137D_919		Mdh1p	YKL085W	intergenic	51.0	reference GFF: annotation.gff	CM001532.1:279822 A>T — intergenic; nearest YKL085W (CENPK1137D_919) — Mdh1p (51 bp)			engineering-cell-consolidated:1.0.0
DNA:VAR:SC_CENPK_GCA000269885:CM001532.1:308601:CA:C	YEAST-CENPK-LOWGROWTH	CM001532.1	308601	CA	C	228.34	PASS	76.0	0.868421052631579	1	1	1	passing	True	CENPK1137D_935		hypothetical protein	YKL068W-A	intergenic	266.0	reference GFF: annotation.gff	CM001532.1:308601 CA>C — intergenic; nearest YKL068W-A (CENPK1137D_935) — hypothetical protein (266 bp)			engineering-cell-consolidated:1.0.0
DNA:VAR:SC_CENPK_GCA000269885:CM001532.1:327399:T:G	YEAST-CENPK-LOWGROWTH	CM001532.1	327399	T	G	197.017	PASS	64.0	0.8125	1	1	1	passing	True	CENPK1137D_945		Fba1p	YKL060C	intergenic	251.0	reference GFF: annotation.gff	CM001532.1:327399 T>G — intergenic; nearest YKL060C (CENPK1137D_945) — Fba1p (251 bp)			engineering-cell-consolidated:1.0.0
DNA:VAR:SC_CENPK_GCA000269885:CM001532.1:457879:C:T	YEAST-CENPK-LOWGROWTH	CM001532.1	457879	C	T	228.416	PASS	103.0	0.9805825242718447	1	1	1	passing	True	CENPK1137D_1020		Tof2p	YKR010C	intergenic	716.0	reference GFF: annotation.gff	CM001532.1:457879 C>T — intergenic; nearest YKR010C (CENPK1137D_1020) — Tof2p (716 bp)			engineering-cell-consolidated:1.0.0
DNA:VAR:SC_CENPK_GCA000269885:CM001532.1:462962:GA:G	YEAST-CENPK-LOWGROWTH	CM001532.1	462962	GA	G	159.416	PASS	10.0	1.0	1	1	1	passing	True	CENPK1137D_1021		hypothetical protein	YKR011C	intergenic	595.0	reference GFF: annotation.gff	CM001532.1:462962 GA>G — intergenic; nearest YKR011C (CENPK1137D_1021) — hypothetical protein (595 bp)			engineering-cell-consolidated:1.0.0
DNA:VAR:SC_CENPK_GCA000269885:CM001532.1:517762:GTC:G	YEAST-CENPK-LOWGROWTH	CM001532.1	517762	GTC	G	168.347	PASS	31.0	0.8064516129032258	1	1	1	passing	True	CENPK1137D_1050		hypothetical protein	YKR041W	intergenic	96.0	reference GFF: annotation.gff	CM001532.1:517762 GTC>G — intergenic; nearest YKR041W (CENPK1137D_1050) — hypothetical protein (96 bp)			engineering-cell-consolidated:1.0.0
DNA:VAR:SC_CENPK_GCA000269885:CM001532.1:517800:A:C	YEAST-CENPK-LOWGROWTH	CM001532.1	517800	A	C	59.4147	PASS	11.0	1.0	1	1	1	passing	True	CENPK1137D_1050		hypothetical protein	YKR041W	intergenic	58.0	reference GFF: annotation.gff	CM001532.1:517800 A>C — intergenic; nearest YKR041W (CENPK1137D_1050) — hypothetical protein (58 bp)			engineering-cell-consolidated:1.0.0
DNA:VAR:SC_CENPK_GCA000269885:CM001532.1:523692:ct:c	YEAST-CENPK-LOWGROWTH	CM001532.1	523692	ct	c	228.407	PASS	29.0	0.9655172413793104	1	1	1	passing	True	CENPK1137D_1054		hypothetical protein	YKR045C	intergenic	63.0	reference GFF: annotation.gff	CM001532.1:523692 ct>c — intergenic; nearest YKR045C (CENPK1137D_1054) — hypothetical protein (63 bp)			engineering-cell-consolidated:1.0.0
DNA:VAR:SC_CENPK_GCA000269885:CM001532.1:523715:GT:G	YEAST-CENPK-LOWGROWTH	CM001532.1	523715	GT	G	125.357	PASS	33.0	0.8787878787878788	1	1	1	passing	True	CENPK1137D_1054		hypothetical protein	YKR045C	intergenic	86.0	reference GFF: annotation.gff	CM001532.1:523715 GT>G — intergenic; nearest YKR045C (CENPK1137D_1054) — hypothetical protein (86 bp)			engineering-cell-consolidated:1.0.0
DNA:VAR:SC_CENPK_GCA000269885:CM001532.1:557142:A:C	YEAST-CENPK-LOWGROWTH	CM001532.1	557142	A	C	65.0457	PASS	18.0	0.8333333333333334	1	1	1	passing	True	CENPK1137D_1070		Utp30p	YKR060W	intergenic	144.0	reference GFF: annotation.gff	CM001532.1:557142 A>C — intergenic; nearest YKR060W (CENPK1137D_1070) — Utp30p (144 bp)			engineering-cell-consolidated:1.0.0
DNA:VAR:SC_CENPK_GCA000269885:CM001532.1:566826:TA:T	YEAST-CENPK-LOWGROWTH	CM001532.1	566826	TA	T	228.354	PASS	45.0	0.8888888888888888	1	1	1	passing	True	CENPK1137D_1076		Ccp1p	YKR066C	genic	0.0	reference GFF: annotation.gff	CM001532.1:566826 TA>T — YKR066C (CENPK1137D_1076) — Ccp1p			engineering-cell-consolidated:1.0.0
DNA:VAR:SC_CENPK_GCA000269885:CM001532.1:566841:TA:T	YEAST-CENPK-LOWGROWTH	CM001532.1	566841	TA	T	228.398	PASS	81.0	0.9506172839506173	1	1	1	passing	True	CENPK1137D_1076		Ccp1p	YKR066C	genic	0.0	reference GFF: annotation.gff	CM001532.1:566841 TA>T — YKR066C (CENPK1137D_1076) — Ccp1p			engineering-cell-consolidated:1.0.0
DNA:VAR:SC_CENPK_GCA000269885:CM001532.1:582146:AAC:A	YEAST-CENPK-LOWGROWTH	CM001532.1	582146	AAC	A	113.415	PASS	50.0	1.0	1	1	1	passing	True	CENPK1137D_1086		Ecm4p	YKR076W	intergenic	1.0	reference GFF: annotation.gff	CM001532.1:582146 AAC>A — intergenic; nearest YKR076W (CENPK1137D_1086) — Ecm4p (1 bp)			engineering-cell-consolidated:1.0.0
DNA:VAR:SC_CENPK_GCA000269885:CM001532.1:617217:GT:G	YEAST-CENPK-LOWGROWTH	CM001532.1	617217	GT	G	228.336	PASS	60.0	0.8333333333333334	1	1	1	passing	True	CENPK1137D_1106		Ptr2p	YKR093W	intergenic	20.0	reference GFF: annotation.gff	CM001532.1:617217 GT>G — intergenic; nearest YKR093W (CENPK1137D_1106) — Ptr2p (20 bp)			engineering-cell-consolidated:1.0.0
DNA:VAR:SC_CENPK_GCA000269885:CM001532.1:660237:TA:T	YEAST-CENPK-LOWGROWTH	CM001532.1	660237	TA	T	112.346	PASS	15.0	0.8666666666666667	1	1	1	passing	True	CENPK1137D_1120		hypothetical protein	YKR104W	intergenic	3477.0	reference GFF: annotation.gff	CM001532.1:660237 TA>T — intergenic; nearest YKR104W (CENPK1137D_1120) — hypothetical protein (3477 bp)			engineering-cell-consolidated:1.0.0
DNA:VAR:SC_CENPK_GCA000269885:CM001533.1:4891:CT:C	YEAST-CENPK-LOWGROWTH	CM001533.1	4891	CT	C	228.367	PASS	54.0	0.8888888888888888	1	1	1	passing	True	CENPK1137D_650		Mmp1p	YLL061W	intergenic	223.0	reference GFF: annotation.gff	CM001533.1:4891 CT>C — intergenic; nearest YLL061W (CENPK1137D_650) — Mmp1p (223 bp)			engineering-cell-consolidated:1.0.0
DNA:VAR:SC_CENPK_GCA000269885:CM001533.1:26267:G:GT	YEAST-CENPK-LOWGROWTH	CM001533.1	26267	G	GT	225.417	PASS	50.0	1.0	1	1	1	passing	True	CENPK1137D_473		Ybt1p	YLL048C	intergenic	6.0	reference GFF: annotation.gff	CM001533.1:26267 G>GT — intergenic; nearest YLL048C (CENPK1137D_473) — Ybt1p (6 bp)			engineering-cell-consolidated:1.0.0
DNA:VAR:SC_CENPK_GCA000269885:CM001533.1:49207:G:A	YEAST-CENPK-LOWGROWTH	CM001533.1	49207	G	A	228.282	PASS	178.0	0.9325842696629213	1	1	1	passing	True	CENPK1137D_551		Ubi4p	YLL039C	genic	0.0	reference GFF: annotation.gff	CM001533.1:49207 G>A — YLL039C (CENPK1137D_551) — Ubi4p			engineering-cell-consolidated:1.0.0
DNA:VAR:SC_CENPK_GCA000269885:CM001533.1:77599:C:A	YEAST-CENPK-LOWGROWTH	CM001533.1	77599	C	A	228.411	PASS	89.0	0.9550561797752809	1	1	1	passing	True	CENPK1137D_673		Hsp104p	YLL026W	intergenic	1245.0	reference GFF: annotation.gff	CM001533.1:77599 C>A — intergenic; nearest YLL026W (CENPK1137D_673) — Hsp104p (1245 bp)			engineering-cell-consolidated:1.0.0
DNA:VAR:SC_CENPK_GCA000269885:CM001533.1:146930:ta:t	YEAST-CENPK-LOWGROWTH	CM001533.1	146930	ta	t	178.315	PASS	21.0	0.8095238095238095	1	1	1	passing	True	CENPK1137D_851		Ssk1p	YLR006C	intergenic	87.0	reference GFF: annotation.gff	CM001533.1:146930 ta>t — intergenic; nearest YLR006C (CENPK1137D_851) — Ssk1p (87 bp)			engineering-cell-consolidated:1.0.0
DNA:VAR:SC_CENPK_GCA000269885:CM001533.1:165018:T:C	YEAST-CENPK-LOWGROWTH	CM001533.1	165018	T	C	182.057	PASS	29.0	0.8275862068965517	1	1	1	passing	True	CENPK1137D_864		Pom34p	YLR018C	intergenic	162.0	reference GFF: annotation.gff	CM001533.1:165018 T>C — intergenic; nearest YLR018C (CENPK1137D_864) — Pom34p (162 bp)			engineering-cell-consolidated:1.0.0
DNA:VAR:SC_CENPK_GCA000269885:CM001533.1:180564:T:G	YEAST-CENPK-LOWGROWTH	CM001533.1	180564	T	G	228.381	PASS	50.0	0.98	1	1	1	passing	True	CENPK1137D_873		Sed5p	YLR026C	intergenic	133.0	reference GFF: annotation.gff	CM001533.1:180564 T>G — intergenic; nearest YLR026C (CENPK1137D_873) — Sed5p (133 bp)			engineering-cell-consolidated:1.0.0
DNA:VAR:SC_CENPK_GCA000269885:CM001533.1:230467:A:G	YEAST-CENPK-LOWGROWTH	CM001533.1	230467	A	G	70.1564	PASS	10.0	0.9	1	1	1	passing	True	CENPK1137D_441		Spt8p	YLR055C	intergenic	76.0	reference GFF: annotation.gff	CM001533.1:230467 A>G — intergenic; nearest YLR055C (CENPK1137D_441) — Spt8p (76 bp)			engineering-cell-consolidated:1.0.0
DNA:VAR:SC_CENPK_GCA000269885:CM001533.1:277038:A:G	YEAST-CENPK-LOWGROWTH	CM001533.1	277038	A	G	57.8837	PASS	10.0	0.8	1	1	1	passing	True	CENPK1137D_467		Gal2p	YLR081W	intergenic	88.0	reference GFF: annotation.gff	CM001533.1:277038 A>G — intergenic; nearest YLR081W (CENPK1137D_467) — Gal2p (88 bp)			engineering-cell-consolidated:1.0.0
DNA:VAR:SC_CENPK_GCA000269885:CM001533.1:379029:A:T	YEAST-CENPK-LOWGROWTH	CM001533.1	379029	A	T	225.417	PASS	61.0	1.0	1	1	1	passing	True	CENPK1137D_510		hypothetical protein	YLR125W	intergenic	113.0	reference GFF: annotation.gff	CM001533.1:379029 A>T — intergenic; nearest YLR125W (CENPK1137D_510) — hypothetical protein (113 bp)			engineering-cell-consolidated:1.0.0
DNA:VAR:SC_CENPK_GCA000269885:CM001533.1:379715:A:G	YEAST-CENPK-LOWGROWTH	CM001533.1	379715	A	G	228.415	PASS	51.0	0.9607843137254902	1	1	1	passing	True	CENPK1137D_511		hypothetical protein	YLR126C	intergenic	72.0	reference GFF: annotation.gff	CM001533.1:379715 A>G — intergenic; nearest YLR126C (CENPK1137D_511) — hypothetical protein (72 bp)			engineering-cell-consolidated:1.0.0
DNA:VAR:SC_CENPK_GCA000269885:CM001533.1:408569:AT:A	YEAST-CENPK-LOWGROWTH	CM001533.1	408569	AT	A	228.371	PASS	69.0	0.9420289855072463	1	1	1	passing	True	CENPK1137D_524		Sls1p	YLR139C	intergenic	77.0	reference GFF: annotation.gff	CM001533.1:408569 AT>A — intergenic; nearest YLR139C (CENPK1137D_524) — Sls1p (77 bp)			engineering-cell-consolidated:1.0.0
DNA:VAR:SC_CENPK_GCA000269885:CM001533.1:411695:TA:T	YEAST-CENPK-LOWGROWTH	CM001533.1	411695	TA	T	225.417	PASS	38.0	1.0	1	1	1	passing	True	CENPK1137D_526		Put1p	YLR142W	intergenic	59.0	reference GFF: annotation.gff	CM001533.1:411695 TA>T — intergenic; nearest YLR142W (CENPK1137D_526) — Put1p (59 bp)			engineering-cell-consolidated:1.0.0
DNA:VAR:SC_CENPK_GCA000269885:CM001533.1:426555:T:C	YEAST-CENPK-LOWGROWTH	CM001533.1	426555	T	C	182.107	PASS	23.0	0.8695652173913043	1	1	1	passing	True	CENPK1137D_537		Pcd1p	YLR151C	intergenic	178.0	reference GFF: annotation.gff	CM001533.1:426555 T>C — intergenic; nearest YLR151C (CENPK1137D_537) — Pcd1p (178 bp)			engineering-cell-consolidated:1.0.0
DNA:VAR:SC_CENPK_GCA000269885:CM001533.1:535003:A:C	YEAST-CENPK-LOWGROWTH	CM001533.1	535003	A	C	225.417	PASS	28.0	1.0	1	1	1	passing	True	CENPK1137D_580		Coq9p	YLR201C	intergenic	65.0	reference GFF: annotation.gff	CM001533.1:535003 A>C — intergenic; nearest YLR201C (CENPK1137D_580) — Coq9p (65 bp)			engineering-cell-consolidated:1.0.0
DNA:VAR:SC_CENPK_GCA000269885:CM001533.1:613031:G:GA	YEAST-CENPK-LOWGROWTH	CM001533.1	613031	G	GA	228.324	PASS	77.0	0.8181818181818182	1	1	1	passing	True	CENPK1137D_621		Erf2p	YLR246W	intergenic	223.0	reference GFF: annotation.gff	CM001533.1:613031 G>GA — intergenic; nearest YLR246W (CENPK1137D_621) — Erf2p (223 bp)			engineering-cell-consolidated:1.0.0
DNA:VAR:SC_CENPK_GCA000269885:CM001533.1:613044:C:T	YEAST-CENPK-LOWGROWTH	CM001533.1	613044	C	T	225.417	PASS	90.0	1.0	1	1	1	passing	True	CENPK1137D_621		Erf2p	YLR246W	intergenic	236.0	reference GFF: annotation.gff	CM001533.1:613044 C>T — intergenic; nearest YLR246W (CENPK1137D_621) — Erf2p (236 bp)			engineering-cell-consolidated:1.0.0
DNA:VAR:SC_CENPK_GCA000269885:CM001533.1:613057:G:A	YEAST-CENPK-LOWGROWTH	CM001533.1	613057	G	A	225.417	PASS	88.0	1.0	1	1	1	passing	True	CENPK1137D_622		Irc20p	YLR247C	intergenic	237.0	reference GFF: annotation.gff	CM001533.1:613057 G>A — intergenic; nearest YLR247C (CENPK1137D_622) — Irc20p (237 bp)			engineering-cell-consolidated:1.0.0
DNA:VAR:SC_CENPK_GCA000269885:CM001533.1:629909:TA:T	YEAST-CENPK-LOWGROWTH	CM001533.1	629909	TA	T	228.403	PASS	69.0	0.9565217391304348	1	1	1	passing	True	CENPK1137D_629		Ndl1p	YLR254C	intergenic	295.0	reference GFF: annotation.gff	CM001533.1:629909 TA>T — intergenic; nearest YLR254C (CENPK1137D_629) — Ndl1p (295 bp)			engineering-cell-consolidated:1.0.0
DNA:VAR:SC_CENPK_GCA000269885:CM001533.1:635260:AC:A	YEAST-CENPK-LOWGROWTH	CM001533.1	635260	AC	A	228.376	PASS	99.0	0.9191919191919192	1	1	1	passing	True	CENPK1137D_630		Hap1p	YLR256W	genic	0.0	reference GFF: annotation.gff	CM001533.1:635260 AC>A — YLR256W (CENPK1137D_630) — Hap1p			engineering-cell-consolidated:1.0.0
DNA:VAR:SC_CENPK_GCA000269885:CM001533.1:684566:GAA:G	YEAST-CENPK-LOWGROWTH	CM001533.1	684566	GAA	G	228.385	PASS	39.0	0.9230769230769231	1	1	1	passing	True	CENPK1137D_655		hypothetical protein	YLR278C	intergenic	38.0	reference GFF: annotation.gff	CM001533.1:684566 GAA>G — intergenic; nearest YLR278C (CENPK1137D_655) — hypothetical protein (38 bp)			engineering-cell-consolidated:1.0.0
DNA:VAR:SC_CENPK_GCA000269885:CM001533.1:719554:T:A	YEAST-CENPK-LOWGROWTH	CM001533.1	719554	T	A	144.287	PASS	28.0	0.9285714285714286	1	1	1	passing	True	CENPK1137D_677		Aco1p	YLR304C	intergenic	272.0	reference GFF: annotation.gff	CM001533.1:719554 T>A — intergenic; nearest YLR304C (CENPK1137D_677) — Aco1p (272 bp)			engineering-cell-consolidated:1.0.0
DNA:VAR:SC_CENPK_GCA000269885:CM001533.1:751142:taa:t	YEAST-CENPK-LOWGROWTH	CM001533.1	751142	taa	t	228.302	PASS	28.0	0.8571428571428571	1	1	1	passing	True	CENPK1137D_690		Est2p	YLR318W	intergenic	14.0	reference GFF: annotation.gff	CM001533.1:751142 taa>t — intergenic; nearest YLR318W (CENPK1137D_690) — Est2p (14 bp)			engineering-cell-consolidated:1.0.0
DNA:VAR:SC_CENPK_GCA000269885:CM001533.1:762570:T:G	YEAST-CENPK-LOWGROWTH	CM001533.1	762570	T	G	172.988	PASS	52.0	0.8076923076923077	1	1	1	passing	True	CENPK1137D_693		Sfh1p	YLR321C	intergenic	92.0	reference GFF: annotation.gff	CM001533.1:762570 T>G — intergenic; nearest YLR321C (CENPK1137D_693) — Sfh1p (92 bp)			engineering-cell-consolidated:1.0.0
DNA:VAR:SC_CENPK_GCA000269885:CM001533.1:787116:T:G	YEAST-CENPK-LOWGROWTH	CM001533.1	787116	T	G	193.308	PASS	26.0	0.9230769230769231	1	1	1	passing	True	CENPK1137D_707		Sgd1p	YLR336C	intergenic	103.0	reference GFF: annotation.gff	CM001533.1:787116 T>G — intergenic; nearest YLR336C (CENPK1137D_707) — Sgd1p (103 bp)			engineering-cell-consolidated:1.0.0
DNA:VAR:SC_CENPK_GCA000269885:CM001533.1:970666:T:A	YEAST-CENPK-LOWGROWTH	CM001533.1	970666	T	A	228.345	PASS	99.0	0.8787878787878788	1	1	1	passing	True	CENPK1137D_796		Tus1p	YLR425W	genic	0.0	reference GFF: annotation.gff	CM001533.1:970666 T>A — YLR425W (CENPK1137D_796) — Tus1p			engineering-cell-consolidated:1.0.0
DNA:VAR:SC_CENPK_GCA000269885:CM001533.1:970667:A:T	YEAST-CENPK-LOWGROWTH	CM001533.1	970667	A	T	178.147	PASS	99.0	0.8787878787878788	1	1	1	passing	True	CENPK1137D_796		Tus1p	YLR425W	genic	0.0	reference GFF: annotation.gff	CM001533.1:970667 A>T — YLR425W (CENPK1137D_796) — Tus1p			engineering-cell-consolidated:1.0.0
DNA:VAR:SC_CENPK_GCA000269885:CM001533.1:970680:A:AG	YEAST-CENPK-LOWGROWTH	CM001533.1	970680	A	AG	228.27	PASS	87.0	0.8160919540229885	1	1	1	passing	True	CENPK1137D_796		Tus1p	YLR425W	genic	0.0	reference GFF: annotation.gff	CM001533.1:970680 A>AG — YLR425W (CENPK1137D_796) — Tus1p			engineering-cell-consolidated:1.0.0
DNA:VAR:SC_CENPK_GCA000269885:CM001533.1:1032557:CA:C	YEAST-CENPK-LOWGROWTH	CM001533.1	1032557	CA	C	228.319	PASS	75.0	0.8666666666666667	1	1	1	passing	True	CENPK1137D_825		Fmp27p	YLR454W	intergenic	7.0	reference GFF: annotation.gff	CM001533.1:1032557 CA>C — intergenic; nearest YLR454W (CENPK1137D_825) — Fmp27p (7 bp)			engineering-cell-consolidated:1.0.0
DNA:VAR:SC_CENPK_GCA000269885:CM001533.1:1050914:G:C	YEAST-CENPK-LOWGROWTH	CM001533.1	1050914	G	C	97.1198	PASS	232.0	0.8836206896551724	1	1	1	passing	True	CENPK1137D_832		Yrf1-2p	YER190W	intergenic	58.0	reference GFF: annotation.gff	CM001533.1:1050914 G>C — intergenic; nearest YER190W (CENPK1137D_832) — Yrf1-2p (58 bp)			engineering-cell-consolidated:1.0.0
DNA:VAR:SC_CENPK_GCA000269885:CM001533.1:1051556:T:C	YEAST-CENPK-LOWGROWTH	CM001533.1	1051556	T	C	221.969	PASS	247.0	0.8016194331983806	1	1	1	passing	True	CENPK1137D_833		hypothetical protein		genic	0.0	reference GFF: annotation.gff	CM001533.1:1051556 T>C — CENPK1137D_833 — hypothetical protein			engineering-cell-consolidated:1.0.0
DNA:VAR:SC_CENPK_GCA000269885:CM001534.1:159122:gt:g	YEAST-CENPK-LOWGROWTH	CM001534.1	159122	gt	g	64.3578	PASS	23.0	0.9130434782608695	1	1	1	passing	True	CENPK1137D_399		Imd4p	YML056C	intergenic	241.0	reference GFF: annotation.gff	CM001534.1:159122 gt>g — intergenic; nearest YML056C (CENPK1137D_399) — Imd4p (241 bp)			engineering-cell-consolidated:1.0.0
DNA:VAR:SC_CENPK_GCA000269885:CM001534.1:233321:CT:C	YEAST-CENPK-LOWGROWTH	CM001534.1	233321	CT	C	210.361	PASS	47.0	0.8936170212765957	1	1	1	passing	True	CENPK1137D_10		Psp2p	YML017W	intergenic	69.0	reference GFF: annotation.gff	CM001534.1:233321 CT>C — intergenic; nearest YML017W (CENPK1137D_10) — Psp2p (69 bp)			engineering-cell-consolidated:1.0.0
DNA:VAR:SC_CENPK_GCA000269885:CM001534.1:236598:C:T	YEAST-CENPK-LOWGROWTH	CM001534.1	236598	C	T	94.4151	PASS	21.0	1.0	1	1	1	passing	True	CENPK1137D_12		Taf11p	YML015C	intergenic	122.0	reference GFF: annotation.gff	CM001534.1:236598 C>T — intergenic; nearest YML015C (CENPK1137D_12) — Taf11p (122 bp)			engineering-cell-consolidated:1.0.0
DNA:VAR:SC_CENPK_GCA000269885:CM001534.1:359412:Ga:G	YEAST-CENPK-LOWGROWTH	CM001534.1	359412	Ga	G	228.365	PASS	59.0	0.9152542372881356	1	1	1	passing	True	CENPK1137D_80		Erb1p	YMR049C	intergenic	94.0	reference GFF: annotation.gff	CM001534.1:359412 Ga>G — intergenic; nearest YMR049C (CENPK1137D_80) — Erb1p (94 bp)			engineering-cell-consolidated:1.0.0
DNA:VAR:SC_CENPK_GCA000269885:CM001534.1:399776:T:G	YEAST-CENPK-LOWGROWTH	CM001534.1	399776	T	G	228.262	PASS	85.0	0.9176470588235294	1	1	1	passing	True	CENPK1137D_96		Ubx4p	YMR067C	intergenic	91.0	reference GFF: annotation.gff	CM001534.1:399776 T>G — intergenic; nearest YMR067C (CENPK1137D_96) — Ubx4p (91 bp)			engineering-cell-consolidated:1.0.0
DNA:VAR:SC_CENPK_GCA000269885:CM001534.1:478292:ta:t	YEAST-CENPK-LOWGROWTH	CM001534.1	478292	ta	t	166.276	PASS	59.0	0.847457627118644	1	1	1	passing	True	CENPK1137D_139		Ilv2p	YMR108W	intergenic	318.0	reference GFF: annotation.gff	CM001534.1:478292 ta>t — intergenic; nearest YMR108W (CENPK1137D_139) — Ilv2p (318 bp)			engineering-cell-consolidated:1.0.0
DNA:VAR:SC_CENPK_GCA000269885:CM001534.1:508833:GT:G	YEAST-CENPK-LOWGROWTH	CM001534.1	508833	GT	G	131.341	PASS	42.0	0.8571428571428571	1	1	1	passing	True	CENPK1137D_155		hypothetical protein	YMR124W	intergenic	149.0	reference GFF: annotation.gff	CM001534.1:508833 GT>G — intergenic; nearest YMR124W (CENPK1137D_155) — hypothetical protein (149 bp)			engineering-cell-consolidated:1.0.0
DNA:VAR:SC_CENPK_GCA000269885:CM001534.1:628554:T:A	YEAST-CENPK-LOWGROWTH	CM001534.1	628554	T	A	225.417	PASS	118.0	1.0	1	1	1	passing	True	CENPK1137D_221		hypothetical protein	YMR187C	intergenic	748.0	reference GFF: annotation.gff	CM001534.1:628554 T>A — intergenic; nearest YMR187C (CENPK1137D_221) — hypothetical protein (748 bp)			engineering-cell-consolidated:1.0.0
DNA:VAR:SC_CENPK_GCA000269885:CM001534.1:748151:A:G	YEAST-CENPK-LOWGROWTH	CM001534.1	748151	A	G	225.417	PASS	102.0	1.0	1	1	1	passing	True	CENPK1137D_283		Rpl20ap	YMR242C	genic	0.0	reference GFF: annotation.gff	CM001534.1:748151 A>G — YMR242C (CENPK1137D_283) — Rpl20ap			engineering-cell-consolidated:1.0.0
DNA:VAR:SC_CENPK_GCA000269885:CM001534.1:849037:T:C	YEAST-CENPK-LOWGROWTH	CM001534.1	849037	T	C	228.358	PASS	66.0	0.9242424242424242	1	1	1	passing	True	CENPK1137D_336		hypothetical protein	YMR291W	intergenic	101.0	reference GFF: annotation.gff	CM001534.1:849037 T>C — intergenic; nearest YMR291W (CENPK1137D_336) — hypothetical protein (101 bp)			engineering-cell-consolidated:1.0.0
DNA:VAR:SC_CENPK_GCA000269885:CM001534.1:869120:ct:c	YEAST-CENPK-LOWGROWTH	CM001534.1	869120	ct	c	142.351	PASS	55.0	0.8727272727272727	1	1	1	passing	True	CENPK1137D_349		Ubp15p	YMR304W	intergenic	414.0	reference GFF: annotation.gff	CM001534.1:869120 ct>c — intergenic; nearest YMR304W (CENPK1137D_349) — Ubp15p (414 bp)			engineering-cell-consolidated:1.0.0
DNA:VAR:SC_CENPK_GCA000269885:CM001535.1:77869:CT:C	YEAST-CENPK-LOWGROWTH	CM001535.1	77869	CT	C	221.367	PASS	111.0	0.9279279279279279	1	1	1	passing	True	CENPK1137D_2747		Pus4p	YNL292W	intergenic	19.0	reference GFF: annotation.gff	CM001535.1:77869 CT>C — intergenic; nearest YNL292W (CENPK1137D_2747) — Pus4p (19 bp)			engineering-cell-consolidated:1.0.0
DNA:VAR:SC_CENPK_GCA000269885:CM001535.1:77884:GT:G	YEAST-CENPK-LOWGROWTH	CM001535.1	77884	GT	G	183.226	PASS	96.0	0.8229166666666666	1	1	1	passing	True	CENPK1137D_2747		Pus4p	YNL292W	intergenic	34.0	reference GFF: annotation.gff	CM001535.1:77884 GT>G — intergenic; nearest YNL292W (CENPK1137D_2747) — Pus4p (34 bp)			engineering-cell-consolidated:1.0.0
DNA:VAR:SC_CENPK_GCA000269885:CM001535.1:214838:T:C	YEAST-CENPK-LOWGROWTH	CM001535.1	214838	T	C	200.192	PASS	45.0	0.8888888888888888	1	1	1	passing	True	CENPK1137D_2812		Jjj1p	YNL227C	genic	0.0	reference GFF: annotation.gff	CM001535.1:214838 T>C — YNL227C (CENPK1137D_2812) — Jjj1p			engineering-cell-consolidated:1.0.0
DNA:VAR:SC_CENPK_GCA000269885:CM001535.1:247679:T:C	YEAST-CENPK-LOWGROWTH	CM001535.1	247679	T	C	225.417	PASS	127.0	1.0	1	1	1	passing	True	CENPK1137D_2476		hypothetical protein	YNL208W	intergenic	587.0	reference GFF: annotation.gff	CM001535.1:247679 T>C — intergenic; nearest YNL208W (CENPK1137D_2476) — hypothetical protein (587 bp)			engineering-cell-consolidated:1.0.0
DNA:VAR:SC_CENPK_GCA000269885:CM001535.1:247688:A:G	YEAST-CENPK-LOWGROWTH	CM001535.1	247688	A	G	225.417	PASS	132.0	1.0	1	1	1	passing	True	CENPK1137D_2476		hypothetical protein	YNL208W	intergenic	578.0	reference GFF: annotation.gff	CM001535.1:247688 A>G — intergenic; nearest YNL208W (CENPK1137D_2476) — hypothetical protein (578 bp)			engineering-cell-consolidated:1.0.0
DNA:VAR:SC_CENPK_GCA000269885:CM001535.1:247700:T:A	YEAST-CENPK-LOWGROWTH	CM001535.1	247700	T	A	225.417	PASS	133.0	1.0	1	1	1	passing	True	CENPK1137D_2476		hypothetical protein	YNL208W	intergenic	566.0	reference GFF: annotation.gff	CM001535.1:247700 T>A — intergenic; nearest YNL208W (CENPK1137D_2476) — hypothetical protein (566 bp)			engineering-cell-consolidated:1.0.0
DNA:VAR:SC_CENPK_GCA000269885:CM001535.1:318282:AT:A	YEAST-CENPK-LOWGROWTH	CM001535.1	318282	AT	A	228.287	PASS	89.0	0.8314606741573034	1	1	1	passing	True	CENPK1137D_2514		hypothetical protein	YNL165W	genic	0.0	reference GFF: annotation.gff	CM001535.1:318282 AT>A — YNL165W (CENPK1137D_2514) — hypothetical protein			engineering-cell-consolidated:1.0.0
DNA:VAR:SC_CENPK_GCA000269885:CM001535.1:350899:gt:g	YEAST-CENPK-LOWGROWTH	CM001535.1	350899	gt	g	228.418	PASS	27.0	0.9629629629629629	1	1	1	passing	True	CENPK1137D_2537		Mep2p	YNL142W	intergenic	407.0	reference GFF: annotation.gff	CM001535.1:350899 gt>g — intergenic; nearest YNL142W (CENPK1137D_2537) — Mep2p (407 bp)			engineering-cell-consolidated:1.0.0
DNA:VAR:SC_CENPK_GCA000269885:CM001535.1:407322:gt:g	YEAST-CENPK-LOWGROWTH	CM001535.1	407322	gt	g	225.417	PASS	35.0	1.0	1	1	1	passing	True	CENPK1137D_2567		Dbp2p	YNL112W	intergenic	163.0	reference GFF: annotation.gff	CM001535.1:407322 gt>g — intergenic; nearest YNL112W (CENPK1137D_2567) — Dbp2p (163 bp)			engineering-cell-consolidated:1.0.0
DNA:VAR:SC_CENPK_GCA000269885:CM001535.1:487943:T:G	YEAST-CENPK-LOWGROWTH	CM001535.1	487943	T	G	228.409	PASS	97.0	0.9690721649484536	1	1	1	passing	True	CENPK1137D_2610		Rpl16bp	YNL069C	genic	0.0	reference GFF: annotation.gff	CM001535.1:487943 T>G — YNL069C (CENPK1137D_2610) — Rpl16bp			engineering-cell-consolidated:1.0.0
DNA:VAR:SC_CENPK_GCA000269885:CM001535.1:487944:G:T	YEAST-CENPK-LOWGROWTH	CM001535.1	487944	G	T	228.409	PASS	99.0	0.9696969696969697	1	1	1	passing	True	CENPK1137D_2610		Rpl16bp	YNL069C	genic	0.0	reference GFF: annotation.gff	CM001535.1:487944 G>T — YNL069C (CENPK1137D_2610) — Rpl16bp			engineering-cell-consolidated:1.0.0
DNA:VAR:SC_CENPK_GCA000269885:CM001535.1:493934:C:T	YEAST-CENPK-LOWGROWTH	CM001535.1	493934	C	T	225.417	PASS	127.0	1.0	1	1	1	passing	True	CENPK1137D_2612		Rpl9bp	YNL067W	genic	0.0	reference GFF: annotation.gff	CM001535.1:493934 C>T — YNL067W (CENPK1137D_2612) — Rpl9bp			engineering-cell-consolidated:1.0.0
DNA:VAR:SC_CENPK_GCA000269885:CM001535.1:495632:T:G	YEAST-CENPK-LOWGROWTH	CM001535.1	495632	T	G	198.241	PASS	86.0	0.9069767441860465	1	1	1	passing	True	CENPK1137D_2613		Sun4p	YNL066W	genic	0.0	reference GFF: annotation.gff	CM001535.1:495632 T>G — YNL066W (CENPK1137D_2613) — Sun4p			engineering-cell-consolidated:1.0.0
DNA:VAR:SC_CENPK_GCA000269885:CM001535.1:598063:GA:G	YEAST-CENPK-LOWGROWTH	CM001535.1	598063	GA	G	228.386	PASS	37.0	0.918918918918919	1	1	1	passing	True	CENPK1137D_2660		Pub1p	YNL016W	intergenic	148.0	reference GFF: annotation.gff	CM001535.1:598063 GA>G — intergenic; nearest YNL016W (CENPK1137D_2660) — Pub1p (148 bp)			engineering-cell-consolidated:1.0.0
DNA:VAR:SC_CENPK_GCA000269885:CM001535.1:599355:CA:C	YEAST-CENPK-LOWGROWTH	CM001535.1	599355	CA	C	228.346	PASS	43.0	0.8604651162790697	1	1	1	passing	True	CENPK1137D_2661		Pbi2p	YNL015W	intergenic	95.0	reference GFF: annotation.gff	CM001535.1:599355 CA>C — intergenic; nearest YNL015W (CENPK1137D_2661) — Pbi2p (95 bp)			engineering-cell-consolidated:1.0.0
DNA:VAR:SC_CENPK_GCA000269885:CM001535.1:705004:C:T	YEAST-CENPK-LOWGROWTH	CM001535.1	705004	C	T	133.115	PASS	43.0	0.8604651162790697	1	1	1	passing	True	CENPK1137D_2725		Fpk1p	YNR047W	intergenic	56.0	reference GFF: annotation.gff	CM001535.1:705004 C>T — intergenic; nearest YNR047W (CENPK1137D_2725) — Fpk1p (56 bp)			engineering-cell-consolidated:1.0.0
DNA:VAR:SC_CENPK_GCA000269885:CM001535.1:705005:T:C	YEAST-CENPK-LOWGROWTH	CM001535.1	705005	T	C	222.36	PASS	39.0	0.9487179487179487	1	1	1	passing	True	CENPK1137D_2725		Fpk1p	YNR047W	intergenic	57.0	reference GFF: annotation.gff	CM001535.1:705005 T>C — intergenic; nearest YNR047W (CENPK1137D_2725) — Fpk1p (57 bp)			engineering-cell-consolidated:1.0.0
DNA:VAR:SC_CENPK_GCA000269885:CM001535.1:710450:T:A	YEAST-CENPK-LOWGROWTH	CM001535.1	710450	T	A	225.417	PASS	29.0	1.0	1	1	1	passing	True	CENPK1137D_2730		Bre5p	YNR051C	intergenic	70.0	reference GFF: annotation.gff	CM001535.1:710450 T>A — intergenic; nearest YNR051C (CENPK1137D_2730) — Bre5p (70 bp)			engineering-cell-consolidated:1.0.0
DNA:VAR:SC_CENPK_GCA000269885:CM001535.1:710451:A:T	YEAST-CENPK-LOWGROWTH	CM001535.1	710451	A	T	186.072	PASS	35.0	0.8285714285714286	1	1	1	passing	True	CENPK1137D_2730		Bre5p	YNR051C	intergenic	69.0	reference GFF: annotation.gff	CM001535.1:710451 A>T — intergenic; nearest YNR051C (CENPK1137D_2730) — Bre5p (69 bp)			engineering-cell-consolidated:1.0.0
DNA:VAR:SC_CENPK_GCA000269885:CM001535.1:715650:TA:T	YEAST-CENPK-LOWGROWTH	CM001535.1	715650	TA	T	228.315	PASS	75.0	0.8133333333333334	1	1	1	passing	True	CENPK1137D_2732		Nog2p	YNR053C	intergenic	423.0	reference GFF: annotation.gff	CM001535.1:715650 TA>T — intergenic; nearest YNR053C (CENPK1137D_2732) — Nog2p (423 bp)			engineering-cell-consolidated:1.0.0
DNA:VAR:SC_CENPK_GCA000269885:CM001536.1:85300:gt:g	YEAST-CENPK-LOWGROWTH	CM001536.1	85300	gt	g	185.293	PASS	37.0	0.8918918918918919	1	1	1	passing	True	CENPK1137D_2270		Trm11p	YOL124C	intergenic	53.0	reference GFF: annotation.gff	CM001536.1:85300 gt>g — intergenic; nearest YOL124C (CENPK1137D_2270) — Trm11p (53 bp)			engineering-cell-consolidated:1.0.0
DNA:VAR:SC_CENPK_GCA000269885:CM001536.1:135428:A:C	YEAST-CENPK-LOWGROWTH	CM001536.1	135428	A	C	38.7627	PASS	11.0	0.8181818181818182	1	1	1	passing	True	CENPK1137D_2422		Hmi1p	YOL095C	intergenic	117.0	reference GFF: annotation.gff	CM001536.1:135428 A>C — intergenic; nearest YOL095C (CENPK1137D_2422) — Hmi1p (117 bp)			engineering-cell-consolidated:1.0.0
DNA:VAR:SC_CENPK_GCA000269885:CM001536.1:135455:TA:T	YEAST-CENPK-LOWGROWTH	CM001536.1	135455	TA	T	116.408	PASS	34.0	0.9705882352941176	1	1	1	passing	True	CENPK1137D_2423		Rfc4p	YOL094C	intergenic	95.0	reference GFF: annotation.gff	CM001536.1:135455 TA>T — intergenic; nearest YOL094C (CENPK1137D_2423) — Rfc4p (95 bp)			engineering-cell-consolidated:1.0.0
DNA:VAR:SC_CENPK_GCA000269885:CM001536.1:213633:ta:t	YEAST-CENPK-LOWGROWTH	CM001536.1	213633	ta	t	228.258	PASS	73.0	0.821917808219178	1	1	1	passing	True	CENPK1137D_2460		Mam3p	YOL060C	intergenic	133.0	reference GFF: annotation.gff	CM001536.1:213633 ta>t — intergenic; nearest YOL060C (CENPK1137D_2460) — Mam3p (133 bp)			engineering-cell-consolidated:1.0.0
DNA:VAR:SC_CENPK_GCA000269885:CM001536.1:229743:T:G	YEAST-CENPK-LOWGROWTH	CM001536.1	229743	T	G	53.9386	PASS	17.0	0.8823529411764706	1	1	1	passing	True	CENPK1137D_1967		Aim39p	YOL053W	intergenic	45.0	reference GFF: annotation.gff	CM001536.1:229743 T>G — intergenic; nearest YOL053W (CENPK1137D_1967) — Aim39p (45 bp)			engineering-cell-consolidated:1.0.0
DNA:VAR:SC_CENPK_GCA000269885:CM001536.1:347516:TC:T	YEAST-CENPK-LOWGROWTH	CM001536.1	347516	TC	T	228.415	PASS	83.0	0.9759036144578314	1	1	1	passing	True	CENPK1137D_2032		Tir2p	YOR010C	intergenic	811.0	reference GFF: annotation.gff	CM001536.1:347516 TC>T — intergenic; nearest YOR010C (CENPK1137D_2032) — Tir2p (811 bp)			engineering-cell-consolidated:1.0.0
DNA:VAR:SC_CENPK_GCA000269885:CM001536.1:392101:TA:T	YEAST-CENPK-LOWGROWTH	CM001536.1	392101	TA	T	207.248	PASS	64.0	0.8125	1	1	1	passing	True	CENPK1137D_2053		Exo1p	YOR033C	intergenic	318.0	reference GFF: annotation.gff	CM001536.1:392101 TA>T — intergenic; nearest YOR033C (CENPK1137D_2053) — Exo1p (318 bp)			engineering-cell-consolidated:1.0.0
DNA:VAR:SC_CENPK_GCA000269885:CM001536.1:433605:A:G	YEAST-CENPK-LOWGROWTH	CM001536.1	433605	A	G	228.348	PASS	37.0	0.9459459459459459	1	1	1	passing	True	CENPK1137D_2077		Ase1p	YOR058C	intergenic	67.0	reference GFF: annotation.gff	CM001536.1:433605 A>G — intergenic; nearest YOR058C (CENPK1137D_2077) — Ase1p (67 bp)			engineering-cell-consolidated:1.0.0
DNA:VAR:SC_CENPK_GCA000269885:CM001536.1:433619:A:C	YEAST-CENPK-LOWGROWTH	CM001536.1	433619	A	C	196.186	PASS	57.0	0.8421052631578947	1	1	1	passing	True	CENPK1137D_2077		Ase1p	YOR058C	intergenic	53.0	reference GFF: annotation.gff	CM001536.1:433619 A>C — intergenic; nearest YOR058C (CENPK1137D_2077) — Ase1p (53 bp)			engineering-cell-consolidated:1.0.0
DNA:VAR:SC_CENPK_GCA000269885:CM001536.1:433620:C:A	YEAST-CENPK-LOWGROWTH	CM001536.1	433620	C	A	213.243	PASS	57.0	0.9122807017543859	1	1	1	passing	True	CENPK1137D_2077		Ase1p	YOR058C	intergenic	52.0	reference GFF: annotation.gff	CM001536.1:433620 C>A — intergenic; nearest YOR058C (CENPK1137D_2077) — Ase1p (52 bp)			engineering-cell-consolidated:1.0.0
DNA:VAR:SC_CENPK_GCA000269885:CM001536.1:448707:TA:T	YEAST-CENPK-LOWGROWTH	CM001536.1	448707	TA	T	208.33	PASS	18.0	0.8333333333333334	1	1	1	passing	True	CENPK1137D_2085		Cyt1p	YOR065W	intergenic	355.0	reference GFF: annotation.gff	CM001536.1:448707 TA>T — intergenic; nearest YOR065W (CENPK1137D_2085) — Cyt1p (355 bp)			engineering-cell-consolidated:1.0.0
DNA:VAR:SC_CENPK_GCA000269885:CM001536.1:464491:C:A	YEAST-CENPK-LOWGROWTH	CM001536.1	464491	C	A	228.408	PASS	72.0	0.9305555555555556	1	1	1	passing	True	CENPK1137D_2091		Sgo1p	YOR073W	intergenic	276.0	reference GFF: annotation.gff	CM001536.1:464491 C>A — intergenic; nearest YOR073W (CENPK1137D_2091) — Sgo1p (276 bp)			engineering-cell-consolidated:1.0.0
DNA:VAR:SC_CENPK_GCA000269885:CM001536.1:464493:TA:T	YEAST-CENPK-LOWGROWTH	CM001536.1	464493	TA	T	228.34	PASS	62.0	0.8387096774193549	1	1	1	passing	True	CENPK1137D_2091		Sgo1p	YOR073W	intergenic	274.0	reference GFF: annotation.gff	CM001536.1:464493 TA>T — intergenic; nearest YOR073W (CENPK1137D_2091) — Sgo1p (274 bp)			engineering-cell-consolidated:1.0.0
DNA:VAR:SC_CENPK_GCA000269885:CM001536.1:537356:T:G	YEAST-CENPK-LOWGROWTH	CM001536.1	537356	T	G	134.381	PASS	14.0	0.9285714285714286	1	1	1	passing	True	CENPK1137D_2132		hypothetical protein	YOR114W	intergenic	294.0	reference GFF: annotation.gff	CM001536.1:537356 T>G — intergenic; nearest YOR114W (CENPK1137D_2132) — hypothetical protein (294 bp)			engineering-cell-consolidated:1.0.0
DNA:VAR:SC_CENPK_GCA000269885:CM001536.1:667335:AT:A	YEAST-CENPK-LOWGROWTH	CM001536.1	667335	AT	A	92.2908	PASS	16.0	0.875	1	1	1	passing	True	CENPK1137D_2196		Gac1p	YOR178C	intergenic	281.0	reference GFF: annotation.gff	CM001536.1:667335 AT>A — intergenic; nearest YOR178C (CENPK1137D_2196) — Gac1p (281 bp)			engineering-cell-consolidated:1.0.0
DNA:VAR:SC_CENPK_GCA000269885:CM001536.1:667534:GC:G	YEAST-CENPK-LOWGROWTH	CM001536.1	667534	GC	G	228.403	PASS	49.0	0.9795918367346939	1	1	1	passing	True	CENPK1137D_2196		Gac1p	YOR178C	intergenic	82.0	reference GFF: annotation.gff	CM001536.1:667534 GC>G — intergenic; nearest YOR178C (CENPK1137D_2196) — Gac1p (82 bp)			engineering-cell-consolidated:1.0.0
DNA:VAR:SC_CENPK_GCA000269885:CM001536.1:670540:GT:G	YEAST-CENPK-LOWGROWTH	CM001536.1	670540	GT	G	110.365	PASS	22.0	0.9090909090909091	1	1	1	passing	True	CENPK1137D_2196		Gac1p	YOR178C	intergenic	543.0	reference GFF: annotation.gff	CM001536.1:670540 GT>G — intergenic; nearest YOR178C (CENPK1137D_2196) — Gac1p (543 bp)			engineering-cell-consolidated:1.0.0
DNA:VAR:SC_CENPK_GCA000269885:CM001536.1:675111:TA:T	YEAST-CENPK-LOWGROWTH	CM001536.1	675111	TA	T	228.326	PASS	50.0	0.9	1	1	1	passing	True	CENPK1137D_2198		Dci1p	YOR180C	intergenic	190.0	reference GFF: annotation.gff	CM001536.1:675111 TA>T — intergenic; nearest YOR180C (CENPK1137D_2198) — Dci1p (190 bp)			engineering-cell-consolidated:1.0.0
DNA:VAR:SC_CENPK_GCA000269885:CM001536.1:722567:GA:G	YEAST-CENPK-LOWGROWTH	CM001536.1	722567	GA	G	228.367	PASS	68.0	0.9264705882352942	1	1	1	passing	True	CENPK1137D_2220		Ded1p	YOR204W	intergenic	28.0	reference GFF: annotation.gff	CM001536.1:722567 GA>G — intergenic; nearest YOR204W (CENPK1137D_2220) — Ded1p (28 bp)			engineering-cell-consolidated:1.0.0
DNA:VAR:SC_CENPK_GCA000269885:CM001536.1:722601:G:GA	YEAST-CENPK-LOWGROWTH	CM001536.1	722601	G	GA	228.389	PASS	96.0	0.9270833333333334	1	1	1	passing	True	CENPK1137D_2220		Ded1p	YOR204W	genic	0.0	reference GFF: annotation.gff	CM001536.1:722601 G>GA — YOR204W (CENPK1137D_2220) — Ded1p			engineering-cell-consolidated:1.0.0
DNA:VAR:SC_CENPK_GCA000269885:CM001536.1:743944:TA:T	YEAST-CENPK-LOWGROWTH	CM001536.1	743944	TA	T	228.371	PASS	94.0	0.9042553191489362	1	1	1	passing	True	CENPK1137D_2229		Ste4p	YOR212W	intergenic	3.0	reference GFF: annotation.gff	CM001536.1:743944 TA>T — intergenic; nearest YOR212W (CENPK1137D_2229) — Ste4p (3 bp)			engineering-cell-consolidated:1.0.0
DNA:VAR:SC_CENPK_GCA000269885:CM001536.1:795217:A:G	YEAST-CENPK-LOWGROWTH	CM001536.1	795217	A	G	163.226	PASS	54.0	0.8703703703703703	1	1	1	passing	True	CENPK1137D_2261		Dga1p	YOR245C	intergenic	122.0	reference GFF: annotation.gff	CM001536.1:795217 A>G — intergenic; nearest YOR245C (CENPK1137D_2261) — Dga1p (122 bp)			engineering-cell-consolidated:1.0.0
DNA:VAR:SC_CENPK_GCA000269885:CM001536.1:795234:ta:t	YEAST-CENPK-LOWGROWTH	CM001536.1	795234	ta	t	228.356	PASS	91.0	0.8571428571428571	1	1	1	passing	True	CENPK1137D_2261		Dga1p	YOR245C	intergenic	139.0	reference GFF: annotation.gff	CM001536.1:795234 ta>t — intergenic; nearest YOR245C (CENPK1137D_2261) — Dga1p (139 bp)			engineering-cell-consolidated:1.0.0
DNA:VAR:SC_CENPK_GCA000269885:CM001536.1:875768:ta:t	YEAST-CENPK-LOWGROWTH	CM001536.1	875768	ta	t	228.362	PASS	61.0	0.9180327868852459	1	1	1	passing	True	CENPK1137D_2314		Mum3p	YOR298W	genic	0.0	reference GFF: annotation.gff	CM001536.1:875768 ta>t — YOR298W (CENPK1137D_2314) — Mum3p			engineering-cell-consolidated:1.0.0
DNA:VAR:SC_CENPK_GCA000269885:CM001536.1:953952:gtt:g	YEAST-CENPK-LOWGROWTH	CM001536.1	953952	gtt	g	228.39	PASS	26.0	0.9230769230769231	1	1	1	passing	True	CENPK1137D_2353		Tea1p	YOR337W	intergenic	177.0	reference GFF: annotation.gff	CM001536.1:953952 gtt>g — intergenic; nearest YOR337W (CENPK1137D_2353) — Tea1p (177 bp)			engineering-cell-consolidated:1.0.0
DNA:VAR:SC_CENPK_GCA000269885:CM001536.1:960557:TA:T	YEAST-CENPK-LOWGROWTH	CM001536.1	960557	TA	T	172.285	PASS	21.0	0.8095238095238095	1	1	1	passing	True	CENPK1137D_2357		Rpa190p	YOR341W	intergenic	213.0	reference GFF: annotation.gff	CM001536.1:960557 TA>T — intergenic; nearest YOR341W (CENPK1137D_2357) — Rpa190p (213 bp)			engineering-cell-consolidated:1.0.0
DNA:VAR:SC_CENPK_GCA000269885:CM001536.1:1057825:T:A	YEAST-CENPK-LOWGROWTH	CM001536.1	1057825	T	A	228.392	PASS	72.0	0.9861111111111112	1	1	1	passing	True	CENPK1137D_2395		Fre3p	YOR381W	intergenic	289.0	reference GFF: annotation.gff	CM001536.1:1057825 T>A — intergenic; nearest YOR381W (CENPK1137D_2395) — Fre3p (289 bp)			engineering-cell-consolidated:1.0.0
DNA:VAR:SC_CENPK_GCA000269885:CM001536.1:1057839:A:T	YEAST-CENPK-LOWGROWTH	CM001536.1	1057839	A	T	225.421	PASS	65.0	0.9846153846153847	1	1	1	passing	True	CENPK1137D_2395		Fre3p	YOR381W	intergenic	303.0	reference GFF: annotation.gff	CM001536.1:1057839 A>T — intergenic; nearest YOR381W (CENPK1137D_2395) — Fre3p (303 bp)			engineering-cell-consolidated:1.0.0
DNA:VAR:SC_CENPK_GCA000269885:CM001537.1:104839:a:aAT	YEAST-CENPK-LOWGROWTH	CM001537.1	104839	a	aAT	228.334	PASS	26.0	0.8076923076923077	1	1	1	passing	True	CENPK1137D_1855		Vma11p	YPL234C	intergenic	35.0	reference GFF: annotation.gff	CM001537.1:104839 a>aAT — intergenic; nearest YPL234C (CENPK1137D_1855) — Vma11p (35 bp)			engineering-cell-consolidated:1.0.0
DNA:VAR:SC_CENPK_GCA000269885:CM001537.1:135897:C:T	YEAST-CENPK-LOWGROWTH	CM001537.1	135897	C	T	225.422	PASS	106.0	0.9905660377358491	1	1	1	passing	True	CENPK1137D_1904		Flc1p	YPL221W	intergenic	548.0	reference GFF: annotation.gff	CM001537.1:135897 C>T — intergenic; nearest YPL221W (CENPK1137D_1904) — Flc1p (548 bp)			engineering-cell-consolidated:1.0.0
DNA:VAR:SC_CENPK_GCA000269885:CM001537.1:188875:T:C	YEAST-CENPK-LOWGROWTH	CM001537.1	188875	T	C	228.258	PASS	65.0	0.8461538461538461	1	1	1	passing	True	CENPK1137D_1937		Gup2p	YPL189W	intergenic	225.0	reference GFF: annotation.gff	CM001537.1:188875 T>C — intergenic; nearest YPL189W (CENPK1137D_1937) — Gup2p (225 bp)			engineering-cell-consolidated:1.0.0
DNA:VAR:SC_CENPK_GCA000269885:CM001537.1:189495:ct:c	YEAST-CENPK-LOWGROWTH	CM001537.1	189495	ct	c	147.23	PASS	62.0	0.8548387096774194	1	1	1	passing	True	CENPK1137D_1937		Gup2p	YPL189W	genic	0.0	reference GFF: annotation.gff	CM001537.1:189495 ct>c — YPL189W (CENPK1137D_1937) — Gup2p			engineering-cell-consolidated:1.0.0
DNA:VAR:SC_CENPK_GCA000269885:CM001537.1:197831:A:C	YEAST-CENPK-LOWGROWTH	CM001537.1	197831	A	C	204.229	PASS	42.0	0.9047619047619048	1	1	1	passing	True	CENPK1137D_1942		Mrn1p	YPL184C	intergenic	161.0	reference GFF: annotation.gff	CM001537.1:197831 A>C — intergenic; nearest YPL184C (CENPK1137D_1942) — Mrn1p (161 bp)			engineering-cell-consolidated:1.0.0
DNA:VAR:SC_CENPK_GCA000269885:CM001537.1:373378:T:C	YEAST-CENPK-LOWGROWTH	CM001537.1	373378	T	C	228.392	PASS	75.0	0.9733333333333334	1	1	1	passing	True	CENPK1137D_1608		Ssu1p	YPL092W	intergenic	363.0	reference GFF: annotation.gff	CM001537.1:373378 T>C — intergenic; nearest YPL092W (CENPK1137D_1608) — Ssu1p (363 bp)			engineering-cell-consolidated:1.0.0
DNA:VAR:SC_CENPK_GCA000269885:CM001537.1:425213:TA:T	YEAST-CENPK-LOWGROWTH	CM001537.1	425213	TA	T	228.39	PASS	72.0	0.9444444444444444	1	1	1	passing	True	CENPK1137D_1632		hypothetical protein	YPL067C	intergenic	3.0	reference GFF: annotation.gff	CM001537.1:425213 TA>T — intergenic; nearest YPL067C (CENPK1137D_1632) — hypothetical protein (3 bp)			engineering-cell-consolidated:1.0.0
DNA:VAR:SC_CENPK_GCA000269885:CM001537.1:481330:T:TA	YEAST-CENPK-LOWGROWTH	CM001537.1	481330	T	TA	181.236	PASS	42.0	0.8571428571428571	1	1	1	passing	True	CENPK1137D_1664		Egd1p	YPL037C	intergenic	69.0	reference GFF: annotation.gff	CM001537.1:481330 T>TA — intergenic; nearest YPL037C (CENPK1137D_1664) — Egd1p (69 bp)			engineering-cell-consolidated:1.0.0
DNA:VAR:SC_CENPK_GCA000269885:CM001537.1:503383:GA:G	YEAST-CENPK-LOWGROWTH	CM001537.1	503383	GA	G	87.2936	PASS	19.0	0.8947368421052632	1	1	1	passing	True	CENPK1137D_1676		Rmi1p	YPL024W	intergenic	109.0	reference GFF: annotation.gff	CM001537.1:503383 GA>G — intergenic; nearest YPL024W (CENPK1137D_1676) — Rmi1p (109 bp)			engineering-cell-consolidated:1.0.0
DNA:VAR:SC_CENPK_GCA000269885:CM001537.1:581342:taA:t	YEAST-CENPK-LOWGROWTH	CM001537.1	581342	taA	t	223.406	PASS	34.0	0.9411764705882353	1	1	1	passing	True	CENPK1137D_1713		hypothetical protein	YPR010C-A	intergenic	1006.0	reference GFF: annotation.gff	CM001537.1:581342 taA>t — intergenic; nearest YPR010C-A (CENPK1137D_1713) — hypothetical protein (1006 bp)			engineering-cell-consolidated:1.0.0
DNA:VAR:SC_CENPK_GCA000269885:CM001537.1:600547:A:C	YEAST-CENPK-LOWGROWTH	CM001537.1	600547	A	C	180.416	PASS	17.0	1.0	1	1	1	passing	True	CENPK1137D_1722		Agc1p	YPR021C	intergenic	75.0	reference GFF: annotation.gff	CM001537.1:600547 A>C — intergenic; nearest YPR021C (CENPK1137D_1722) — Agc1p (75 bp)			engineering-cell-consolidated:1.0.0
DNA:VAR:SC_CENPK_GCA000269885:CM001537.1:607410:CA:C	YEAST-CENPK-LOWGROWTH	CM001537.1	607410	CA	C	228.307	PASS	61.0	0.9016393442622951	1	1	1	passing	True	CENPK1137D_1724		hypothetical protein	YPR022C	intergenic	125.0	reference GFF: annotation.gff	CM001537.1:607410 CA>C — intergenic; nearest YPR022C (CENPK1137D_1724) — hypothetical protein (125 bp)			engineering-cell-consolidated:1.0.0
DNA:VAR:SC_CENPK_GCA000269885:CM001537.1:620244:A:G	YEAST-CENPK-LOWGROWTH	CM001537.1	620244	A	G	117.246	PASS	10.0	0.8	1	1	1	passing	True	CENPK1137D_1728		hypothetical protein	YPR027C	intergenic	154.0	reference GFF: annotation.gff	CM001537.1:620244 A>G — intergenic; nearest YPR027C (CENPK1137D_1728) — hypothetical protein (154 bp)			engineering-cell-consolidated:1.0.0
DNA:VAR:SC_CENPK_GCA000269885:CM001537.1:643707:A:G	YEAST-CENPK-LOWGROWTH	CM001537.1	643707	A	G	228.331	PASS	40.0	0.85	1	1	1	passing	True	CENPK1137D_1738		Vma13p	YPR036W	intergenic	104.0	reference GFF: annotation.gff	CM001537.1:643707 A>G — intergenic; nearest YPR036W (CENPK1137D_1738) — Vma13p (104 bp)			engineering-cell-consolidated:1.0.0
DNA:VAR:SC_CENPK_GCA000269885:CM001537.1:646228:gT:g	YEAST-CENPK-LOWGROWTH	CM001537.1	646228	gT	g	189.389	PASS	60.0	0.9333333333333333	1	1	1	passing	True	CENPK1137D_1739		hypothetical protein	YPR036W-A	intergenic	100.0	reference GFF: annotation.gff	CM001537.1:646228 gT>g — intergenic; nearest YPR036W-A (CENPK1137D_1739) — hypothetical protein (100 bp)			engineering-cell-consolidated:1.0.0
DNA:VAR:SC_CENPK_GCA000269885:CM001537.1:700378:gt:g	YEAST-CENPK-LOWGROWTH	CM001537.1	700378	gt	g	211.273	PASS	60.0	0.85	1	1	1	passing	True	CENPK1137D_1777		Mrl1p	YPR079W	intergenic	402.0	reference GFF: annotation.gff	CM001537.1:700378 gt>g — intergenic; nearest YPR079W (CENPK1137D_1777) — Mrl1p (402 bp)			engineering-cell-consolidated:1.0.0
DNA:VAR:SC_CENPK_GCA000269885:CM001537.1:700395:gt:g	YEAST-CENPK-LOWGROWTH	CM001537.1	700395	gt	g	97.1902	PASS	53.0	0.8113207547169812	1	1	1	passing	True	CENPK1137D_1777		Mrl1p	YPR079W	intergenic	419.0	reference GFF: annotation.gff	CM001537.1:700395 gt>g — intergenic; nearest YPR079W (CENPK1137D_1777) — Mrl1p (419 bp)			engineering-cell-consolidated:1.0.0
DNA:VAR:SC_CENPK_GCA000269885:CM001537.1:753229:TC:T	YEAST-CENPK-LOWGROWTH	CM001537.1	753229	TC	T	228.314	PASS	54.0	0.8148148148148148	1	1	1	passing	True	CENPK1137D_1807		hypothetical protein	YPR114W	intergenic	58.0	reference GFF: annotation.gff	CM001537.1:753229 TC>T — intergenic; nearest YPR114W (CENPK1137D_1807) — hypothetical protein (58 bp)			engineering-cell-consolidated:1.0.0
DNA:VAR:SC_CENPK_GCA000269885:CM001537.1:810879:TA:T	YEAST-CENPK-LOWGROWTH	CM001537.1	810879	TA	T	228.292	PASS	71.0	0.8169014084507042	1	1	1	passing	True	CENPK1137D_1830		Mep3p	YPR138C	intergenic	92.0	reference GFF: annotation.gff	CM001537.1:810879 TA>T — intergenic; nearest YPR138C (CENPK1137D_1830) — Mep3p (92 bp)			engineering-cell-consolidated:1.0.0
DNA:VAR:SC_CENPK_GCA000269885:CM001537.1:814370:TA:T	YEAST-CENPK-LOWGROWTH	CM001537.1	814370	TA	T	228.348	PASS	47.0	0.8723404255319149	1	1	1	passing	True	CENPK1137D_1833		Taz1p	YPR140W	intergenic	19.0	reference GFF: annotation.gff	CM001537.1:814370 TA>T — intergenic; nearest YPR140W (CENPK1137D_1833) — Taz1p (19 bp)			engineering-cell-consolidated:1.0.0
DNA:VAR:SC_CENPK_GCA000269885:CM001537.1:819678:ct:c	YEAST-CENPK-LOWGROWTH	CM001537.1	819678	ct	c	228.383	PASS	58.0	0.9310344827586207	1	1	1	passing	True	CENPK1137D_1836		Noc4p	YPR144C	intergenic	85.0	reference GFF: annotation.gff	CM001537.1:819678 ct>c — intergenic; nearest YPR144C (CENPK1137D_1836) — Noc4p (85 bp)			engineering-cell-consolidated:1.0.0
DNA:VAR:SC_CENPK_GCA000269885:CM001537.1:829670:C:CT	YEAST-CENPK-LOWGROWTH	CM001537.1	829670	C	CT	228.328	PASS	58.0	0.8448275862068966	1	1	1	passing	True	CENPK1137D_1841		Nce102p	YPR149W	intergenic	243.0	reference GFF: annotation.gff	CM001537.1:829670 C>CT — intergenic; nearest YPR149W (CENPK1137D_1841) — Nce102p (243 bp)			engineering-cell-consolidated:1.0.0
DNA:VAR:SC_CENPK_GCA000269885:CM001537.1:857199:ct:c	YEAST-CENPK-LOWGROWTH	CM001537.1	857199	ct	c	228.304	PASS	74.0	0.8378378378378378	1	1	1	passing	True	CENPK1137D_1850		Kre6p	YPR159W	intergenic	395.0	reference GFF: annotation.gff	CM001537.1:857199 ct>c — intergenic; nearest YPR159W (CENPK1137D_1850) — Kre6p (395 bp)			engineering-cell-consolidated:1.0.0
DNA:VAR:SC_CENPK_GCA000269885:CM001537.1:932712:C:T	YEAST-CENPK-LOWGROWTH	CM001537.1	932712	C	T	228.413	PASS	155.0	0.9935483870967742	1	1	1	passing	True	CENPK1137D_1889		hypothetical protein	YPR196W	genic	0.0	reference GFF: annotation.gff	CM001537.1:932712 C>T — YPR196W (CENPK1137D_1889) — hypothetical protein			engineering-cell-consolidated:1.0.0
DNA:VAR:SC_CENPK_GCA000269885:JH711429.1:195:C:A	YEAST-CENPK-LOWGROWTH	JH711429.1	195	C	A	77.0451	PASS	232.0	0.8318965517241379	1	1	1	passing	True					unplaced			JH711429.1:195 C>A — intergenic/unplaced relative to reference genes			engineering-cell-consolidated:1.0.0
DNA:VAR:SC_CENPK_GCA000269885:JH711429.1:215:C:T	YEAST-CENPK-LOWGROWTH	JH711429.1	215	C	T	120.046	PASS	248.0	0.8346774193548387	1	1	1	passing	True					unplaced			JH711429.1:215 C>T — intergenic/unplaced relative to reference genes			engineering-cell-consolidated:1.0.0
DNA:VAR:SC_CENPK_GCA000269885:JH711449.1:647:C:CA	YEAST-CENPK-LOWGROWTH	JH711449.1	647	C	CA	143.42	PASS	31.0	0.967741935483871	1	1	1	passing	True	CENPK1137D_2821		Ada2p	YDR448W	intergenic	1.0	reference GFF: annotation.gff	JH711449.1:647 C>CA — intergenic; nearest YDR448W (CENPK1137D_2821) — Ada2p (1 bp)			engineering-cell-consolidated:1.0.0
DNA:VAR:SC_CENPK_GCA000269885:JH711453.1:3664:A:G	YEAST-CENPK-LOWGROWTH	JH711453.1	3664	A	G	224.222	PASS	38.0	0.868421052631579	1	1	1	passing	True					unplaced			JH711453.1:3664 A>G — intergenic/unplaced relative to reference genes			engineering-cell-consolidated:1.0.0
DNA:VAR:SC_CENPK_GCA000269885:JH711464.1:115:C:T	YEAST-CENPK-LOWGROWTH	JH711464.1	115	C	T	228.323	PASS	249.0	0.9397590361445783	1	1	1	passing	True					unplaced			JH711464.1:115 C>T — intergenic/unplaced relative to reference genes			engineering-cell-consolidated:1.0.0
