sample_id	Factor1	Factor2	Factor3	Factor4	Factor5	source_dataset	upstream_baseline	analysis_method
AAA	-1.5900077845593077	2.2324295228876867	0.501878946013779	-1.081635693545416	3.2036153504411367	PXD044523_Zenodo_author_processed_RNA_protein	micro_pilot_processing_20260730:v1.0.0	MOFA2_unsupervised_gaussian_two_view
AAD	-1.4031015298831797	-1.035033282397428	0.41386900079613775	0.8931246969424997	0.09369901474182196	PXD044523_Zenodo_author_processed_RNA_protein	micro_pilot_processing_20260730:v1.0.0	MOFA2_unsupervised_gaussian_two_view
AAG	0.2902373257894632	-3.1693810579772683	2.6461954468924977	2.0272957747554723	-3.4641863826832697	PXD044523_Zenodo_author_processed_RNA_protein	micro_pilot_processing_20260730:v1.0.0	MOFA2_unsupervised_gaussian_two_view
AAH	0.372229834113614	-3.5047308940521686	-2.3981302856156104	1.3294267227891234	-3.0603929027089305	PXD044523_Zenodo_author_processed_RNA_protein	micro_pilot_processing_20260730:v1.0.0	MOFA2_unsupervised_gaussian_two_view
AAI	-1.2263190966562516	1.197722936061134	-1.176873886228488	-3.450845653947123	1.092713717196489	PXD044523_Zenodo_author_processed_RNA_protein	micro_pilot_processing_20260730:v1.0.0	MOFA2_unsupervised_gaussian_two_view
AAK	2.0894066386949013	-3.250521855501287	0.00497587830416252	-1.0023318906601333	-1.728891407600154	PXD044523_Zenodo_author_processed_RNA_protein	micro_pilot_processing_20260730:v1.0.0	MOFA2_unsupervised_gaussian_two_view
AAL	1.0800191294393862	-0.3350471534180675	-1.845969943124692	3.1782660820288453	0.5717685147007686	PXD044523_Zenodo_author_processed_RNA_protein	micro_pilot_processing_20260730:v1.0.0	MOFA2_unsupervised_gaussian_two_view
AAM	1.4874770737971363	-0.7383631626244967	-5.096250880711567	2.965886477061783	1.538263758733715	PXD044523_Zenodo_author_processed_RNA_protein	micro_pilot_processing_20260730:v1.0.0	MOFA2_unsupervised_gaussian_two_view
AAP	0.4289173661614585	-0.9616489792128677	-3.9967540792650236	3.7797110715363864	-1.3328331540522433	PXD044523_Zenodo_author_processed_RNA_protein	micro_pilot_processing_20260730:v1.0.0	MOFA2_unsupervised_gaussian_two_view
AAQ	0.9189613395898669	-2.1216301620304803	-1.4011100753987247	0.4654555914783067	-2.617303919482301	PXD044523_Zenodo_author_processed_RNA_protein	micro_pilot_processing_20260730:v1.0.0	MOFA2_unsupervised_gaussian_two_view
AAR	1.7964355781391528	-3.614424193959027	-2.5649025400642036	1.3791738126625663	1.5907707984960446	PXD044523_Zenodo_author_processed_RNA_protein	micro_pilot_processing_20260730:v1.0.0	MOFA2_unsupervised_gaussian_two_view
AAS	0.9623239480346466	-0.0011616273226131306	-0.9135983165557334	0.3321334169837995	-2.4036740699466574	PXD044523_Zenodo_author_processed_RNA_protein	micro_pilot_processing_20260730:v1.0.0	MOFA2_unsupervised_gaussian_two_view
AAT	0.6771988340668248	-2.940588333310789	1.6483321805724622	0.5456749118261346	-2.587673853159365	PXD044523_Zenodo_author_processed_RNA_protein	micro_pilot_processing_20260730:v1.0.0	MOFA2_unsupervised_gaussian_two_view
AAV	1.1406082385495413	0.7254804799664409	0.3132923076270871	0.10230094799711248	-2.256251168719086	PXD044523_Zenodo_author_processed_RNA_protein	micro_pilot_processing_20260730:v1.0.0	MOFA2_unsupervised_gaussian_two_view
ABA	0.8174850408258632	-0.48827446711874256	-1.8952228430003082	0.32170459385619177	-2.369913794495438	PXD044523_Zenodo_author_processed_RNA_protein	micro_pilot_processing_20260730:v1.0.0	MOFA2_unsupervised_gaussian_two_view
ABB	-3.93835707044239	0.8267997890213327	0.9864635926463692	0.6034851206681227	-0.7338756516580148	PXD044523_Zenodo_author_processed_RNA_protein	micro_pilot_processing_20260730:v1.0.0	MOFA2_unsupervised_gaussian_two_view
ABC	-0.3960481781881399	-3.2181636199894985	1.1210653341195425	3.5253161799621933	-2.072788533831044	PXD044523_Zenodo_author_processed_RNA_protein	micro_pilot_processing_20260730:v1.0.0	MOFA2_unsupervised_gaussian_two_view
ABD	0.4603762815049002	-2.322220957649296	1.8238722811748034	1.0115176628751752	-2.6059255388035387	PXD044523_Zenodo_author_processed_RNA_protein	micro_pilot_processing_20260730:v1.0.0	MOFA2_unsupervised_gaussian_two_view
ABF	0.059946944625096296	-2.30198026526037	0.21044302145382884	3.132632576065431	0.005839782200073856	PXD044523_Zenodo_author_processed_RNA_protein	micro_pilot_processing_20260730:v1.0.0	MOFA2_unsupervised_gaussian_two_view
ABG	1.1421170058517114	2.0227753831841637	-0.8749599617726799	0.4766576588841134	-2.5082264875623896	PXD044523_Zenodo_author_processed_RNA_protein	micro_pilot_processing_20260730:v1.0.0	MOFA2_unsupervised_gaussian_two_view
ABH	0.6369142329752842	0.8842141041764701	2.439830324762411	0.47503391667546835	-2.4664022290661274	PXD044523_Zenodo_author_processed_RNA_protein	micro_pilot_processing_20260730:v1.0.0	MOFA2_unsupervised_gaussian_two_view
ABI	-0.11556094223765731	-2.4758410398118875	3.677830473111626	2.1946384055887957	-3.670239552171409	PXD044523_Zenodo_author_processed_RNA_protein	micro_pilot_processing_20260730:v1.0.0	MOFA2_unsupervised_gaussian_two_view
ABK	-2.676422661343253	1.7205250851926401	1.1547239720908105	-0.09023778996411277	-0.9082566752769868	PXD044523_Zenodo_author_processed_RNA_protein	micro_pilot_processing_20260730:v1.0.0	MOFA2_unsupervised_gaussian_two_view
ABL	-2.8504282187649883	-3.2117926628205016	-1.2071029239482298	-0.8924570140527113	-0.40379211723493297	PXD044523_Zenodo_author_processed_RNA_protein	micro_pilot_processing_20260730:v1.0.0	MOFA2_unsupervised_gaussian_two_view
ABM	1.8178434856989483	-3.472140247476007	-1.202865207806219	1.5984536003915937	1.3605997025102083	PXD044523_Zenodo_author_processed_RNA_protein	micro_pilot_processing_20260730:v1.0.0	MOFA2_unsupervised_gaussian_two_view
ABP	1.9148279583142027	-1.102548526934928	0.8791342025950757	-0.8656390071557256	-1.8585102945679297	PXD044523_Zenodo_author_processed_RNA_protein	micro_pilot_processing_20260730:v1.0.0	MOFA2_unsupervised_gaussian_two_view
ABQ	1.8859691217429317	0.004605431351105256	-0.24369603504409665	-1.9392100951584395	-0.9505858672741591	PXD044523_Zenodo_author_processed_RNA_protein	micro_pilot_processing_20260730:v1.0.0	MOFA2_unsupervised_gaussian_two_view
ABR	2.067416287788416	0.0555512105490514	-1.2406012703365505	-1.9007078782244429	-1.0818262112304595	PXD044523_Zenodo_author_processed_RNA_protein	micro_pilot_processing_20260730:v1.0.0	MOFA2_unsupervised_gaussian_two_view
ABS	2.131563562757588	2.238409625144464	-1.511073040167629	-1.8519350966704713	-1.0760786757387695	PXD044523_Zenodo_author_processed_RNA_protein	micro_pilot_processing_20260730:v1.0.0	MOFA2_unsupervised_gaussian_two_view
ABT	1.7162819700388823	-0.7075596763372959	0.7688694679451977	0.6177563476595261	1.3806532919442929	PXD044523_Zenodo_author_processed_RNA_protein	micro_pilot_processing_20260730:v1.0.0	MOFA2_unsupervised_gaussian_two_view
ABV	0.33843375168336487	2.560210640817261	-2.4065012821004563	2.7802550449384067	-0.11476117594700731	PXD044523_Zenodo_author_processed_RNA_protein	micro_pilot_processing_20260730:v1.0.0	MOFA2_unsupervised_gaussian_two_view
ACA	1.190850936369167	-1.1308336656612512	0.34359535238551964	0.22863294979194623	-0.6854751660459594	PXD044523_Zenodo_author_processed_RNA_protein	micro_pilot_processing_20260730:v1.0.0	MOFA2_unsupervised_gaussian_two_view
ACB	1.4474960265423849	-2.3646088043918665	-0.30791186058376074	-1.011820626006735	-1.5614910520565501	PXD044523_Zenodo_author_processed_RNA_protein	micro_pilot_processing_20260730:v1.0.0	MOFA2_unsupervised_gaussian_two_view
ACC	-1.2865167417831647	-0.8251464176961828	2.4719119202299766	0.1106990423240164	-0.30319997406555593	PXD044523_Zenodo_author_processed_RNA_protein	micro_pilot_processing_20260730:v1.0.0	MOFA2_unsupervised_gaussian_two_view
ACD	-2.8796743607142687	-1.001861324912554	2.627062518491641	-1.0625373130043059	-0.40936378005980734	PXD044523_Zenodo_author_processed_RNA_protein	micro_pilot_processing_20260730:v1.0.0	MOFA2_unsupervised_gaussian_two_view
ACF	1.991734170782411	-2.8066709411681936	1.1778134192601812	-1.3253296291100025	-1.5923691551499197	PXD044523_Zenodo_author_processed_RNA_protein	micro_pilot_processing_20260730:v1.0.0	MOFA2_unsupervised_gaussian_two_view
ACG	0.29224549633701097	1.5985766042540674	2.6210732497359945	2.520076173791401	-3.9595522060352257	PXD044523_Zenodo_author_processed_RNA_protein	micro_pilot_processing_20260730:v1.0.0	MOFA2_unsupervised_gaussian_two_view
ACH	0.20417899769981257	-0.49595317939254285	2.6575083714177437	2.223517105184799	-3.7832684136499863	PXD044523_Zenodo_author_processed_RNA_protein	micro_pilot_processing_20260730:v1.0.0	MOFA2_unsupervised_gaussian_two_view
ACI	0.7004699788513591	-2.98358458864513	1.5321054723838363	1.928138583210563	-3.7133592939261355	PXD044523_Zenodo_author_processed_RNA_protein	micro_pilot_processing_20260730:v1.0.0	MOFA2_unsupervised_gaussian_two_view
ACK	-3.6515540516945793	0.14071859388033897	0.6575997360784951	0.03881870359399786	-0.8738994882831852	PXD044523_Zenodo_author_processed_RNA_protein	micro_pilot_processing_20260730:v1.0.0	MOFA2_unsupervised_gaussian_two_view
ACL	-1.9412520446339534	-3.882395816543201	-3.397320555069366	-1.261565571513313	-0.4478064289407961	PXD044523_Zenodo_author_processed_RNA_protein	micro_pilot_processing_20260730:v1.0.0	MOFA2_unsupervised_gaussian_two_view
ACM	-3.495804360676189	2.6841370312625616	-1.2853000520278755	0.1672695972785142	-0.869447149239125	PXD044523_Zenodo_author_processed_RNA_protein	micro_pilot_processing_20260730:v1.0.0	MOFA2_unsupervised_gaussian_two_view
ACN	1.7586266035373368	-2.3943944513820727	-0.590724948137455	-0.941722908931466	-1.6647951672966574	PXD044523_Zenodo_author_processed_RNA_protein	micro_pilot_processing_20260730:v1.0.0	MOFA2_unsupervised_gaussian_two_view
ACP	2.1432396456484626	0.36136894276944553	-2.094390691867416	-1.5331747688564425	-0.9562094533751485	PXD044523_Zenodo_author_processed_RNA_protein	micro_pilot_processing_20260730:v1.0.0	MOFA2_unsupervised_gaussian_two_view
ACQ	-1.4821459141821844	-1.354693172456904	0.9161763813611599	-0.5268982657625252	-1.0462618695034087	PXD044523_Zenodo_author_processed_RNA_protein	micro_pilot_processing_20260730:v1.0.0	MOFA2_unsupervised_gaussian_two_view
ACS	1.6328228257094861	1.5627826783651324	0.6978270475194718	-0.17217430093135497	-2.292101831511299	PXD044523_Zenodo_author_processed_RNA_protein	micro_pilot_processing_20260730:v1.0.0	MOFA2_unsupervised_gaussian_two_view
ACT	1.6726892847917816	-2.2360643502724553	1.1728538854772723	0.5676894422666204	2.456852697415052	PXD044523_Zenodo_author_processed_RNA_protein	micro_pilot_processing_20260730:v1.0.0	MOFA2_unsupervised_gaussian_two_view
ACV	1.553384414585264	1.0949845338600104	0.5640788773640897	1.2022075291989085	2.146110630387412	PXD044523_Zenodo_author_processed_RNA_protein	micro_pilot_processing_20260730:v1.0.0	MOFA2_unsupervised_gaussian_two_view
ADB	1.261745814757234	1.5048832130755598	1.1511044896763334	-0.4437807192613118	-1.1155874989434442	PXD044523_Zenodo_author_processed_RNA_protein	micro_pilot_processing_20260730:v1.0.0	MOFA2_unsupervised_gaussian_two_view
ADC	1.989346832039875	-4.2167781478687445	0.41547139966320623	0.15939205171279733	1.1193094930765954	PXD044523_Zenodo_author_processed_RNA_protein	micro_pilot_processing_20260730:v1.0.0	MOFA2_unsupervised_gaussian_two_view
ADD	1.979699170778549	1.323542863347687	0.7787660588782396	-1.4869191140479852	-1.4012402447448729	PXD044523_Zenodo_author_processed_RNA_protein	micro_pilot_processing_20260730:v1.0.0	MOFA2_unsupervised_gaussian_two_view
ADE	-2.8296248030276034	1.0893954624560547	1.98391503823608	-1.0900304816607087	-0.3003114211548135	PXD044523_Zenodo_author_processed_RNA_protein	micro_pilot_processing_20260730:v1.0.0	MOFA2_unsupervised_gaussian_two_view
ADG	-2.7341534845451902	-0.7088027955373334	1.1275209674065831	-1.445749869036974	-0.13011071944883398	PXD044523_Zenodo_author_processed_RNA_protein	micro_pilot_processing_20260730:v1.0.0	MOFA2_unsupervised_gaussian_two_view
ADI	2.044586480092892	0.9633270755474808	-0.9614102361248889	-1.6952431835188895	-1.1177985185879935	PXD044523_Zenodo_author_processed_RNA_protein	micro_pilot_processing_20260730:v1.0.0	MOFA2_unsupervised_gaussian_two_view
ADK	1.1221378387193683	1.7061134900129364	1.3977359219997123	1.66849175325071	1.1404306842481786	PXD044523_Zenodo_author_processed_RNA_protein	micro_pilot_processing_20260730:v1.0.0	MOFA2_unsupervised_gaussian_two_view
ADL	-0.0699669365932939	-0.7357880256847135	-1.4046141264735914	2.6521738378723643	-0.9202370703774382	PXD044523_Zenodo_author_processed_RNA_protein	micro_pilot_processing_20260730:v1.0.0	MOFA2_unsupervised_gaussian_two_view
ADM	0.5951559674456164	1.417534664238806	-3.5782806346767506	2.4091963127856224	-0.894215170818907	PXD044523_Zenodo_author_processed_RNA_protein	micro_pilot_processing_20260730:v1.0.0	MOFA2_unsupervised_gaussian_two_view
ADN	-3.238843576785354	-2.421688846083676	-2.242582571263229	-0.575059643747369	-0.5624947104582197	PXD044523_Zenodo_author_processed_RNA_protein	micro_pilot_processing_20260730:v1.0.0	MOFA2_unsupervised_gaussian_two_view
ADR	1.8739534637161146	-1.7977129009199215	0.6860153564677111	0.6142384358768733	1.2476930668918176	PXD044523_Zenodo_author_processed_RNA_protein	micro_pilot_processing_20260730:v1.0.0	MOFA2_unsupervised_gaussian_two_view
ADS	2.177139112074587	1.2051226861615385	-0.035995408105326754	-1.6976165209438572	-1.2306623810592532	PXD044523_Zenodo_author_processed_RNA_protein	micro_pilot_processing_20260730:v1.0.0	MOFA2_unsupervised_gaussian_two_view
ADT	2.0088896251399846	-0.7790717261896865	-1.0175162110447584	-0.7494508930003067	-1.3967434206716354	PXD044523_Zenodo_author_processed_RNA_protein	micro_pilot_processing_20260730:v1.0.0	MOFA2_unsupervised_gaussian_two_view
ADV	-2.881553788531982	-1.5306710981629588	1.3224879461272538	0.030903179424340177	-1.203562326071824	PXD044523_Zenodo_author_processed_RNA_protein	micro_pilot_processing_20260730:v1.0.0	MOFA2_unsupervised_gaussian_two_view
AEB	0.7643517373896729	-0.7089738077713071	-2.382391728590539	0.18544299188928764	-2.2072052298715583	PXD044523_Zenodo_author_processed_RNA_protein	micro_pilot_processing_20260730:v1.0.0	MOFA2_unsupervised_gaussian_two_view
AEC	0.5532521677679273	-0.6141979978948344	-1.313309481605694	0.7840092264478444	-2.593954445714335	PXD044523_Zenodo_author_processed_RNA_protein	micro_pilot_processing_20260730:v1.0.0	MOFA2_unsupervised_gaussian_two_view
AEE	0.5932776007300263	1.4608475625475241	-2.508247502155471	0.5525200989798718	-2.460454556917458	PXD044523_Zenodo_author_processed_RNA_protein	micro_pilot_processing_20260730:v1.0.0	MOFA2_unsupervised_gaussian_two_view
AEF	-1.3224693036075117	-3.370398501178139	-3.2756212282752095	-0.014493611409436141	-1.2436648419681724	PXD044523_Zenodo_author_processed_RNA_protein	micro_pilot_processing_20260730:v1.0.0	MOFA2_unsupervised_gaussian_two_view
AEG	0.5270980615958314	-2.2170542884914495	1.4359166597729518	1.3746191571164639	-3.243614916248412	PXD044523_Zenodo_author_processed_RNA_protein	micro_pilot_processing_20260730:v1.0.0	MOFA2_unsupervised_gaussian_two_view
AEI	0.028644423472406186	-1.1648020999253779	1.2847571766478347	1.2347673785522206	-2.908654609292358	PXD044523_Zenodo_author_processed_RNA_protein	micro_pilot_processing_20260730:v1.0.0	MOFA2_unsupervised_gaussian_two_view
AEL	0.4290454011862499	-3.0184945472674	-3.291623967764492	2.761186285776317	0.2880147215544593	PXD044523_Zenodo_author_processed_RNA_protein	micro_pilot_processing_20260730:v1.0.0	MOFA2_unsupervised_gaussian_two_view
AEM	0.3394461073788583	-1.45311991822111	-2.847403304935191	1.7736595860175313	-3.191957401072726	PXD044523_Zenodo_author_processed_RNA_protein	micro_pilot_processing_20260730:v1.0.0	MOFA2_unsupervised_gaussian_two_view
AEN	-2.137186018894116	-1.7308128899634996	-2.8025946157138963	-2.141692306008505	0.4719738330234222	PXD044523_Zenodo_author_processed_RNA_protein	micro_pilot_processing_20260730:v1.0.0	MOFA2_unsupervised_gaussian_two_view
AEP	-3.5595712806273174	-2.498643302093757	1.0875653501657256	0.4427382887932312	-1.2266351347589974	PXD044523_Zenodo_author_processed_RNA_protein	micro_pilot_processing_20260730:v1.0.0	MOFA2_unsupervised_gaussian_two_view
AEQ	1.478621140240942	-4.124977057759687	-3.033102378106657	1.0021005270652654	1.4633663640830057	PXD044523_Zenodo_author_processed_RNA_protein	micro_pilot_processing_20260730:v1.0.0	MOFA2_unsupervised_gaussian_two_view
AER	0.7165716294453278	-3.0147454749448492	-3.2504046951036454	2.09989520625202	-1.2051922001366848	PXD044523_Zenodo_author_processed_RNA_protein	micro_pilot_processing_20260730:v1.0.0	MOFA2_unsupervised_gaussian_two_view
AET	-1.3954011843926855	-4.142151996620622	-2.346013347161137	-2.449156808917771	0.8972640319852687	PXD044523_Zenodo_author_processed_RNA_protein	micro_pilot_processing_20260730:v1.0.0	MOFA2_unsupervised_gaussian_two_view
AFB	0.5016409096401151	0.18388123631238504	1.0849946076310195	2.599393625226532	0.6450563341828874	PXD044523_Zenodo_author_processed_RNA_protein	micro_pilot_processing_20260730:v1.0.0	MOFA2_unsupervised_gaussian_two_view
AFC	0.7326064461193735	-0.2768437790742068	-2.260049035148155	2.7357485595397417	0.2906298520452144	PXD044523_Zenodo_author_processed_RNA_protein	micro_pilot_processing_20260730:v1.0.0	MOFA2_unsupervised_gaussian_two_view
AFD	0.6978074142464888	-1.9911918575981378	2.9216784342270534	2.0660337015360484	0.6635028864396247	PXD044523_Zenodo_author_processed_RNA_protein	micro_pilot_processing_20260730:v1.0.0	MOFA2_unsupervised_gaussian_two_view
AFE	1.2892872380917353	-2.424516710660508	-4.760989966847302	1.4728904413250798	-0.3371484840729947	PXD044523_Zenodo_author_processed_RNA_protein	micro_pilot_processing_20260730:v1.0.0	MOFA2_unsupervised_gaussian_two_view
AFH	-2.5765690887588	-2.7156337770996672	-2.3053241018967627	-1.5327953886226544	0.015991139024289742	PXD044523_Zenodo_author_processed_RNA_protein	micro_pilot_processing_20260730:v1.0.0	MOFA2_unsupervised_gaussian_two_view
AFI	1.3289002205540257	-3.9062438788455793	1.2088862037216954	-0.24933167172834708	-2.150291950669946	PXD044523_Zenodo_author_processed_RNA_protein	micro_pilot_processing_20260730:v1.0.0	MOFA2_unsupervised_gaussian_two_view
AFK	-2.2540943398517332	0.6321980069296349	-4.194684987450187	-1.6415805151503053	0.08981237429512098	PXD044523_Zenodo_author_processed_RNA_protein	micro_pilot_processing_20260730:v1.0.0	MOFA2_unsupervised_gaussian_two_view
AFM	-2.851134625608333	-2.683215285965154	-4.206689786788314	-0.7010362082439398	-0.46958584618245525	PXD044523_Zenodo_author_processed_RNA_protein	micro_pilot_processing_20260730:v1.0.0	MOFA2_unsupervised_gaussian_two_view
AFN	-2.0605153733742596	-2.9722153605735477	-1.3923251908659176	-0.882546625077203	-0.39722675689393544	PXD044523_Zenodo_author_processed_RNA_protein	micro_pilot_processing_20260730:v1.0.0	MOFA2_unsupervised_gaussian_two_view
AFP	0.28012687154021454	-2.6339213007018483	2.6886934495311987	3.6293376639434065	0.8695193984959454	PXD044523_Zenodo_author_processed_RNA_protein	micro_pilot_processing_20260730:v1.0.0	MOFA2_unsupervised_gaussian_two_view
AFQ	0.888126387198381	-0.3557221948684201	2.9791859389295423	0.2548449051756989	-2.486004286508276	PXD044523_Zenodo_author_processed_RNA_protein	micro_pilot_processing_20260730:v1.0.0	MOFA2_unsupervised_gaussian_two_view
AFR	1.372849882344778	-0.9315802474759479	-0.254126650987648	1.1273566779249393	0.6472741131315041	PXD044523_Zenodo_author_processed_RNA_protein	micro_pilot_processing_20260730:v1.0.0	MOFA2_unsupervised_gaussian_two_view
AFS	-2.0099897224436196	-1.6685357662377927	-3.449979818740535	-1.4512746998118942	-0.16059735905895514	PXD044523_Zenodo_author_processed_RNA_protein	micro_pilot_processing_20260730:v1.0.0	MOFA2_unsupervised_gaussian_two_view
AFT	0.22681073976381977	0.964731259514052	-4.207746949523951	0.7885128331231438	-2.442292046764668	PXD044523_Zenodo_author_processed_RNA_protein	micro_pilot_processing_20260730:v1.0.0	MOFA2_unsupervised_gaussian_two_view
AFV	1.911784928883237	-2.9894233694502717	-1.0254962349506327	-1.0288168082015015	-1.6227409131677535	PXD044523_Zenodo_author_processed_RNA_protein	micro_pilot_processing_20260730:v1.0.0	MOFA2_unsupervised_gaussian_two_view
AGA	2.3292890936516275	-0.2496298345748574	-0.5075449554825622	-2.3324132679278833	-0.795051883247596	PXD044523_Zenodo_author_processed_RNA_protein	micro_pilot_processing_20260730:v1.0.0	MOFA2_unsupervised_gaussian_two_view
AGE	0.7613443710605254	-0.5275841389281895	-4.865053881683965	1.8972080368136324	-0.5751911182720951	PXD044523_Zenodo_author_processed_RNA_protein	micro_pilot_processing_20260730:v1.0.0	MOFA2_unsupervised_gaussian_two_view
AGG	-3.0580665538940552	0.4356542685426526	1.9270192930700136	-0.21524241542894798	-0.8969105409017404	PXD044523_Zenodo_author_processed_RNA_protein	micro_pilot_processing_20260730:v1.0.0	MOFA2_unsupervised_gaussian_two_view
AGH	1.427918008206622	-1.8846830223386948	2.649673681703925	1.1415677431338942	2.3645910618772987	PXD044523_Zenodo_author_processed_RNA_protein	micro_pilot_processing_20260730:v1.0.0	MOFA2_unsupervised_gaussian_two_view
AGI	2.0277556368159635	2.1784891403434115	1.0489302461141794	-1.118269731753776	-1.6745943521846152	PXD044523_Zenodo_author_processed_RNA_protein	micro_pilot_processing_20260730:v1.0.0	MOFA2_unsupervised_gaussian_two_view
AGK	0.6241552414554947	-2.0154974806284205	-4.714455659843368	2.7760148137484744	0.25353408312762804	PXD044523_Zenodo_author_processed_RNA_protein	micro_pilot_processing_20260730:v1.0.0	MOFA2_unsupervised_gaussian_two_view
AGL	1.5283010849790077	-3.490931647454345	-0.5800350896684063	-0.9166115219679616	-1.0584592529803598	PXD044523_Zenodo_author_processed_RNA_protein	micro_pilot_processing_20260730:v1.0.0	MOFA2_unsupervised_gaussian_two_view
AGM	0.93568051424642	-2.1035174196853106	0.18829822963313164	3.0339339392207605	0.03847643227323067	PXD044523_Zenodo_author_processed_RNA_protein	micro_pilot_processing_20260730:v1.0.0	MOFA2_unsupervised_gaussian_two_view
AGN	-1.733508148800176	-1.4367545553061736	-0.9252684420304411	-2.5099935514622356	0.500261331678147	PXD044523_Zenodo_author_processed_RNA_protein	micro_pilot_processing_20260730:v1.0.0	MOFA2_unsupervised_gaussian_two_view
AGP	-2.5198139331770055	-2.3392655133410956	1.6054311367680225	0.6701136180682411	2.647297923959774	PXD044523_Zenodo_author_processed_RNA_protein	micro_pilot_processing_20260730:v1.0.0	MOFA2_unsupervised_gaussian_two_view
AGR	-0.32465252266278716	-1.2533627054798644	1.9424325839059122	2.7889781409808765	-4.013564756090432	PXD044523_Zenodo_author_processed_RNA_protein	micro_pilot_processing_20260730:v1.0.0	MOFA2_unsupervised_gaussian_two_view
AGS	2.275931415861975	-1.5326923390715554	1.6464407553030294	-2.211725508169502	-0.9529942462382756	PXD044523_Zenodo_author_processed_RNA_protein	micro_pilot_processing_20260730:v1.0.0	MOFA2_unsupervised_gaussian_two_view
AGT	0.6644089660715671	3.903177383961795	0.5682850993519273	3.368039420693318	0.719397809200736	PXD044523_Zenodo_author_processed_RNA_protein	micro_pilot_processing_20260730:v1.0.0	MOFA2_unsupervised_gaussian_two_view
AGV	2.1233949321340315	1.0981137667287937	1.1356886428206119	-1.4008808478275678	-1.41329989087059	PXD044523_Zenodo_author_processed_RNA_protein	micro_pilot_processing_20260730:v1.0.0	MOFA2_unsupervised_gaussian_two_view
AHA	0.5003794560575044	-1.4965679468331985	-0.10419504507990013	4.158152273289293	0.3245291044218882	PXD044523_Zenodo_author_processed_RNA_protein	micro_pilot_processing_20260730:v1.0.0	MOFA2_unsupervised_gaussian_two_view
AHB	1.5897543220909702	-0.349543523818375	1.814756279738124	1.2049898135632022	0.1797737699264522	PXD044523_Zenodo_author_processed_RNA_protein	micro_pilot_processing_20260730:v1.0.0	MOFA2_unsupervised_gaussian_two_view
AHC	1.2783729887705721	-1.1932008645676024	1.3253594482976923	1.683724485039039	0.8931201505867875	PXD044523_Zenodo_author_processed_RNA_protein	micro_pilot_processing_20260730:v1.0.0	MOFA2_unsupervised_gaussian_two_view
AHD	2.025481007249507	-1.5819989818505913	0.15587505565210213	-2.044736882020686	-0.6145125475744753	PXD044523_Zenodo_author_processed_RNA_protein	micro_pilot_processing_20260730:v1.0.0	MOFA2_unsupervised_gaussian_two_view
AHE	-2.0697021307520935	-1.78396161458993	2.4607803556449945	-2.2647435995087517	0.3654398867531299	PXD044523_Zenodo_author_processed_RNA_protein	micro_pilot_processing_20260730:v1.0.0	MOFA2_unsupervised_gaussian_two_view
AHG	3.118837001347668	-3.174780065962775	-1.656348177967292	0.6915689448925779	2.533926200673378	PXD044523_Zenodo_author_processed_RNA_protein	micro_pilot_processing_20260730:v1.0.0	MOFA2_unsupervised_gaussian_two_view
AHH	-2.670218902101406	0.9627459943293962	-3.2761999500272814	-1.2242276404678474	-0.1804657273709003	PXD044523_Zenodo_author_processed_RNA_protein	micro_pilot_processing_20260730:v1.0.0	MOFA2_unsupervised_gaussian_two_view
AHI	0.6300459776810293	-1.0418074166630826	-0.41344208139547556	-0.5491168621131277	2.7156712496424205	PXD044523_Zenodo_author_processed_RNA_protein	micro_pilot_processing_20260730:v1.0.0	MOFA2_unsupervised_gaussian_two_view
AHK	1.4997870237130297	-3.827144618580243	-0.7614591829391989	-0.9158040938368506	-1.6658094945600987	PXD044523_Zenodo_author_processed_RNA_protein	micro_pilot_processing_20260730:v1.0.0	MOFA2_unsupervised_gaussian_two_view
AHL	-1.644671451141614	-0.8777281504459963	-0.7394085938744871	-1.7436171408454528	0.13360690241740003	PXD044523_Zenodo_author_processed_RNA_protein	micro_pilot_processing_20260730:v1.0.0	MOFA2_unsupervised_gaussian_two_view
AHM	1.8614609644927396	-3.6898632503577025	-0.2971428897884616	1.6711614372383927	2.021322778630127	PXD044523_Zenodo_author_processed_RNA_protein	micro_pilot_processing_20260730:v1.0.0	MOFA2_unsupervised_gaussian_two_view
AHN	2.6278211902890387	-0.6005894341486703	-1.6770401469105218	-1.8793880093920283	-1.264014457868236	PXD044523_Zenodo_author_processed_RNA_protein	micro_pilot_processing_20260730:v1.0.0	MOFA2_unsupervised_gaussian_two_view
AHQ	-0.4618989912703789	-3.0006615736216156	-2.7682253945910444	0.037760324889873714	1.5251541661895713	PXD044523_Zenodo_author_processed_RNA_protein	micro_pilot_processing_20260730:v1.0.0	MOFA2_unsupervised_gaussian_two_view
AHR	2.2257029859125117	0.9404699668720958	-0.722227628468339	-1.9493450789221203	-1.10534912925312	PXD044523_Zenodo_author_processed_RNA_protein	micro_pilot_processing_20260730:v1.0.0	MOFA2_unsupervised_gaussian_two_view
AHS	-2.609972108602948	0.008779063885792734	-2.01247708977047	-1.3848733368559463	-0.06235899433922359	PXD044523_Zenodo_author_processed_RNA_protein	micro_pilot_processing_20260730:v1.0.0	MOFA2_unsupervised_gaussian_two_view
AHT	0.7091443930982817	-1.2765646525757675	4.652744975359187	0.020966172376702695	-2.31711713098736	PXD044523_Zenodo_author_processed_RNA_protein	micro_pilot_processing_20260730:v1.0.0	MOFA2_unsupervised_gaussian_two_view
AHV	1.7984128267020465	-0.7307372757513896	-3.136628912921975	2.4688853110000526	0.7130035732349059	PXD044523_Zenodo_author_processed_RNA_protein	micro_pilot_processing_20260730:v1.0.0	MOFA2_unsupervised_gaussian_two_view
AIB	2.2492977718372567	-2.40946686724906	0.9124917168528048	1.1548699045238193	2.2538084007463413	PXD044523_Zenodo_author_processed_RNA_protein	micro_pilot_processing_20260730:v1.0.0	MOFA2_unsupervised_gaussian_two_view
AIC	-1.9791276282923798	-1.8254204312635185	0.8257808409363832	-1.6854899283528215	1.3679383069110151	PXD044523_Zenodo_author_processed_RNA_protein	micro_pilot_processing_20260730:v1.0.0	MOFA2_unsupervised_gaussian_two_view
AID	1.9459226684875532	-1.2519621368050444	-0.07365198872166023	-1.1866297162320016	-1.5666491797273516	PXD044523_Zenodo_author_processed_RNA_protein	micro_pilot_processing_20260730:v1.0.0	MOFA2_unsupervised_gaussian_two_view
AIE	1.3562968891190956	-2.7874952852000616	0.6908902904886874	1.2040030454784916	-0.4233804231047586	PXD044523_Zenodo_author_processed_RNA_protein	micro_pilot_processing_20260730:v1.0.0	MOFA2_unsupervised_gaussian_two_view
AIF	1.7817811757664732	1.5742571051399625	1.243175043708287	-1.4914101508464164	-1.313837464649823	PXD044523_Zenodo_author_processed_RNA_protein	micro_pilot_processing_20260730:v1.0.0	MOFA2_unsupervised_gaussian_two_view
AIK	1.7020080708802638	0.9435672756800704	2.0786693631043844	-0.15540187417002763	1.00429608930497	PXD044523_Zenodo_author_processed_RNA_protein	micro_pilot_processing_20260730:v1.0.0	MOFA2_unsupervised_gaussian_two_view
AIL	2.552314597355164	0.7529174158659633	-1.5521217665729723	-2.532821364644303	-0.6694728156008137	PXD044523_Zenodo_author_processed_RNA_protein	micro_pilot_processing_20260730:v1.0.0	MOFA2_unsupervised_gaussian_two_view
AIM	2.248013367370925	-3.3353336732716743	0.6247861152356734	-0.4450259923029706	0.7934914801903079	PXD044523_Zenodo_author_processed_RNA_protein	micro_pilot_processing_20260730:v1.0.0	MOFA2_unsupervised_gaussian_two_view
AIN	-1.5546505311285992	2.5757094148268	0.3409468276447748	-2.9326007885590344	0.7989117311192788	PXD044523_Zenodo_author_processed_RNA_protein	micro_pilot_processing_20260730:v1.0.0	MOFA2_unsupervised_gaussian_two_view
AIP	2.196893021255187	-2.8290540195271645	0.8992487944100291	-0.720100795161729	-1.9377339416314574	PXD044523_Zenodo_author_processed_RNA_protein	micro_pilot_processing_20260730:v1.0.0	MOFA2_unsupervised_gaussian_two_view
AIQ	2.2245131300862337	1.8900178569341226	-1.2913585004795687	0.11766021480194845	2.1272409765584195	PXD044523_Zenodo_author_processed_RNA_protein	micro_pilot_processing_20260730:v1.0.0	MOFA2_unsupervised_gaussian_two_view
AIR	1.837670376215244	-2.0239652290771533	-1.5323998584646459	-1.7308362377647983	-1.1269336444803253	PXD044523_Zenodo_author_processed_RNA_protein	micro_pilot_processing_20260730:v1.0.0	MOFA2_unsupervised_gaussian_two_view
AIT	1.758823131302175	0.7612222021174162	0.5692373879511612	-1.8071684725307215	-1.0390040848791495	PXD044523_Zenodo_author_processed_RNA_protein	micro_pilot_processing_20260730:v1.0.0	MOFA2_unsupervised_gaussian_two_view
AKB	-2.892351756237885	3.2934066913835305	0.4194932019908857	-1.0651619901074176	-0.24229967321478119	PXD044523_Zenodo_author_processed_RNA_protein	micro_pilot_processing_20260730:v1.0.0	MOFA2_unsupervised_gaussian_two_view
AKC	-3.000951699370251	1.7668033518423254	0.38463712253079374	-0.9910931226266101	-0.3170589142407558	PXD044523_Zenodo_author_processed_RNA_protein	micro_pilot_processing_20260730:v1.0.0	MOFA2_unsupervised_gaussian_two_view
AKD	-3.2428703551214886	0.24566818943392887	2.3050985693305988	-0.5766977141785214	-0.5914543558813341	PXD044523_Zenodo_author_processed_RNA_protein	micro_pilot_processing_20260730:v1.0.0	MOFA2_unsupervised_gaussian_two_view
AKE	-2.9681363643501153	2.2634808943356393	1.1972763493303074	-0.9979250458343579	-0.28544808850684567	PXD044523_Zenodo_author_processed_RNA_protein	micro_pilot_processing_20260730:v1.0.0	MOFA2_unsupervised_gaussian_two_view
AKG	-2.7835245464135725	-0.5591124265892445	0.06405245097613692	-0.06579275927000493	-0.9517259483873763	PXD044523_Zenodo_author_processed_RNA_protein	micro_pilot_processing_20260730:v1.0.0	MOFA2_unsupervised_gaussian_two_view
AKH	-2.1747774549948202	2.4830429407554537	0.008111785456600093	-0.8770656908289669	-0.5786173996776706	PXD044523_Zenodo_author_processed_RNA_protein	micro_pilot_processing_20260730:v1.0.0	MOFA2_unsupervised_gaussian_two_view
AKI	0.4668046130135124	0.41754315547720355	0.40376351511788466	0.09950657385563307	-2.1523693209686052	PXD044523_Zenodo_author_processed_RNA_protein	micro_pilot_processing_20260730:v1.0.0	MOFA2_unsupervised_gaussian_two_view
AKL	-2.2548831133535	1.131676967504326	0.7974328701107526	2.360787944870562	-1.2888783704258397	PXD044523_Zenodo_author_processed_RNA_protein	micro_pilot_processing_20260730:v1.0.0	MOFA2_unsupervised_gaussian_two_view
AKM	-1.9898187045045146	-2.3186307322206203	-1.753233097819221	-0.48792938298997046	-0.6016449486882294	PXD044523_Zenodo_author_processed_RNA_protein	micro_pilot_processing_20260730:v1.0.0	MOFA2_unsupervised_gaussian_two_view
AKN	-2.78625227077138	3.444373033960508	1.8129736058031816	-1.2487669695332078	-0.19397310913099663	PXD044523_Zenodo_author_processed_RNA_protein	micro_pilot_processing_20260730:v1.0.0	MOFA2_unsupervised_gaussian_two_view
AKP	1.7552985629814848	0.9161939536706909	-0.3495897500356611	0.09911974021541116	2.2331700140423147	PXD044523_Zenodo_author_processed_RNA_protein	micro_pilot_processing_20260730:v1.0.0	MOFA2_unsupervised_gaussian_two_view
AKQ	-2.720844691705986	-1.390583063323715	2.9424481499482136	-1.1709903126262622	-0.15540927739293284	PXD044523_Zenodo_author_processed_RNA_protein	micro_pilot_processing_20260730:v1.0.0	MOFA2_unsupervised_gaussian_two_view
AKR	-2.8027199011254353	1.7059360424460956	-2.208941019305577	-1.3159325795240753	-0.0644516011568623	PXD044523_Zenodo_author_processed_RNA_protein	micro_pilot_processing_20260730:v1.0.0	MOFA2_unsupervised_gaussian_two_view
AKS	0.09462974094236738	-0.16071027144613584	3.970288540244898	0.6575784777651944	-2.3895857351888514	PXD044523_Zenodo_author_processed_RNA_protein	micro_pilot_processing_20260730:v1.0.0	MOFA2_unsupervised_gaussian_two_view
AKT	0.9384085489356341	2.1385975115853664	-2.9823111995790925	1.5535865887495002	0.37295985047047614	PXD044523_Zenodo_author_processed_RNA_protein	micro_pilot_processing_20260730:v1.0.0	MOFA2_unsupervised_gaussian_two_view
AKV	1.8361476447135503	2.003035210810478	-0.48769423541123297	0.08488634829163688	1.7423055063123754	PXD044523_Zenodo_author_processed_RNA_protein	micro_pilot_processing_20260730:v1.0.0	MOFA2_unsupervised_gaussian_two_view
ALA	-2.6784598889316587	1.6918049220178184	-2.5442597535307376	-1.3297419049544899	-0.036786300365504974	PXD044523_Zenodo_author_processed_RNA_protein	micro_pilot_processing_20260730:v1.0.0	MOFA2_unsupervised_gaussian_two_view
ALB	-2.524544463662046	-0.2866473269681	-1.9999312202635742	-1.1094875873280048	-0.1951644773637255	PXD044523_Zenodo_author_processed_RNA_protein	micro_pilot_processing_20260730:v1.0.0	MOFA2_unsupervised_gaussian_two_view
ALC	-2.862901664900448	-0.4473433651598119	-1.7579550817553105	-1.165983850235977	-0.1977913951331884	PXD044523_Zenodo_author_processed_RNA_protein	micro_pilot_processing_20260730:v1.0.0	MOFA2_unsupervised_gaussian_two_view
ALD	-1.6527054223358213	0.27155286247556415	0.8092741530645339	-1.4165228604916036	0.08716261070881429	PXD044523_Zenodo_author_processed_RNA_protein	micro_pilot_processing_20260730:v1.0.0	MOFA2_unsupervised_gaussian_two_view
ALE	1.584721616862895	0.16263523028519514	0.1464891881515877	0.09126101154929377	2.2455004433984342	PXD044523_Zenodo_author_processed_RNA_protein	micro_pilot_processing_20260730:v1.0.0	MOFA2_unsupervised_gaussian_two_view
ALG	-2.5568397355871735	-0.5848108707417816	2.974023612435152	-1.172009669924289	-0.21540317958653094	PXD044523_Zenodo_author_processed_RNA_protein	micro_pilot_processing_20260730:v1.0.0	MOFA2_unsupervised_gaussian_two_view
ALH	-2.786473508159682	-0.25770505714137476	-2.018380465691959	-1.2486573553589158	-0.16160254864522552	PXD044523_Zenodo_author_processed_RNA_protein	micro_pilot_processing_20260730:v1.0.0	MOFA2_unsupervised_gaussian_two_view
ALI	-1.833448982598571	-2.6072593484508055	1.1785715807706527	-0.11529343998466021	1.8222144014269612	PXD044523_Zenodo_author_processed_RNA_protein	micro_pilot_processing_20260730:v1.0.0	MOFA2_unsupervised_gaussian_two_view
ALK	-2.8941616675766846	-1.3184015644235942	-1.1202984607082989	-1.0538729441917194	-0.30206415271437	PXD044523_Zenodo_author_processed_RNA_protein	micro_pilot_processing_20260730:v1.0.0	MOFA2_unsupervised_gaussian_two_view
ALL	2.700981524606276	-1.5907638544643576	-2.9259951897374803	-2.2750686259423323	-0.9743519600838518	PXD044523_Zenodo_author_processed_RNA_protein	micro_pilot_processing_20260730:v1.0.0	MOFA2_unsupervised_gaussian_two_view
ALM	1.9790970749092427	0.06052483877905101	-0.5600183259683905	-1.699090107438494	-0.9194289212801501	PXD044523_Zenodo_author_processed_RNA_protein	micro_pilot_processing_20260730:v1.0.0	MOFA2_unsupervised_gaussian_two_view
ALN	0.41653683597773056	0.13720631828573054	-3.584427061680231	2.114293986782092	-1.1826171625082218	PXD044523_Zenodo_author_processed_RNA_protein	micro_pilot_processing_20260730:v1.0.0	MOFA2_unsupervised_gaussian_two_view
ALP	0.6346304393318963	1.9491804458482103	-4.219039761324711	1.7860391591467113	-0.8208828298313099	PXD044523_Zenodo_author_processed_RNA_protein	micro_pilot_processing_20260730:v1.0.0	MOFA2_unsupervised_gaussian_two_view
ALQ	2.4665220669152217	-1.802821352318602	-2.9515919210663037	-2.574925554389515	-0.5910734907272135	PXD044523_Zenodo_author_processed_RNA_protein	micro_pilot_processing_20260730:v1.0.0	MOFA2_unsupervised_gaussian_two_view
ALR	-0.2135666191636667	2.142824168718664	0.684438915965253	2.026163456052657	-3.3421284398466677	PXD044523_Zenodo_author_processed_RNA_protein	micro_pilot_processing_20260730:v1.0.0	MOFA2_unsupervised_gaussian_two_view
ALS	2.2323856116411758	0.4067766494639547	-1.1258263372891633	-2.1789461161856583	-0.6463588026514134	PXD044523_Zenodo_author_processed_RNA_protein	micro_pilot_processing_20260730:v1.0.0	MOFA2_unsupervised_gaussian_two_view
ALT	1.962178932896581	1.787671117316208	-1.1484897316318317	-2.2094391478856843	-0.7946252907496678	PXD044523_Zenodo_author_processed_RNA_protein	micro_pilot_processing_20260730:v1.0.0	MOFA2_unsupervised_gaussian_two_view
ALV	0.22430734391385546	3.112860433794503	-1.8017361544729997	2.3630227155919616	-0.6843602818915392	PXD044523_Zenodo_author_processed_RNA_protein	micro_pilot_processing_20260730:v1.0.0	MOFA2_unsupervised_gaussian_two_view
AMA	1.5056482807223697	2.879691793307697	0.7090936467953645	-0.9068911101556131	-1.2594504227640393	PXD044523_Zenodo_author_processed_RNA_protein	micro_pilot_processing_20260730:v1.0.0	MOFA2_unsupervised_gaussian_two_view
AMC	-3.1642284337589146	2.5314555489385766	2.2379656690659404	-0.8253796596707091	-0.39952100971942034	PXD044523_Zenodo_author_processed_RNA_protein	micro_pilot_processing_20260730:v1.0.0	MOFA2_unsupervised_gaussian_two_view
AMD	-2.6398763502043536	2.532452630890125	0.564407711242068	-1.2651222543887322	-0.20665537159152333	PXD044523_Zenodo_author_processed_RNA_protein	micro_pilot_processing_20260730:v1.0.0	MOFA2_unsupervised_gaussian_two_view
AMF	-2.996522755959716	0.4435696229870257	1.7428910420383719	-1.102149284727475	-0.2957504004997637	PXD044523_Zenodo_author_processed_RNA_protein	micro_pilot_processing_20260730:v1.0.0	MOFA2_unsupervised_gaussian_two_view
AMH	-3.0866526989725167	-0.3247026119625643	1.9656464098327613	-0.774793188176995	-0.4134480485507002	PXD044523_Zenodo_author_processed_RNA_protein	micro_pilot_processing_20260730:v1.0.0	MOFA2_unsupervised_gaussian_two_view
AMI	0.9247612321434844	3.451485211909869	-2.223419186677851	2.8394159664915795	0.12844142776494485	PXD044523_Zenodo_author_processed_RNA_protein	micro_pilot_processing_20260730:v1.0.0	MOFA2_unsupervised_gaussian_two_view
AMK	1.28960595519796	3.283479684407871	-2.250399740259023	3.183548659106634	0.3862798323579753	PXD044523_Zenodo_author_processed_RNA_protein	micro_pilot_processing_20260730:v1.0.0	MOFA2_unsupervised_gaussian_two_view
AML	1.0609620942406255	4.331585578048823	-2.051697143902577	2.917820582523728	0.3123904433058298	PXD044523_Zenodo_author_processed_RNA_protein	micro_pilot_processing_20260730:v1.0.0	MOFA2_unsupervised_gaussian_two_view
AMM	-2.7967734455665036	-0.7199407101085824	-0.037952448409424154	-0.15036977220430445	-0.8539222567008713	PXD044523_Zenodo_author_processed_RNA_protein	micro_pilot_processing_20260730:v1.0.0	MOFA2_unsupervised_gaussian_two_view
AMN	0.32820342827889004	4.00321333852145	-3.0459111265645697	2.952599835484655	-0.35020048341745996	PXD044523_Zenodo_author_processed_RNA_protein	micro_pilot_processing_20260730:v1.0.0	MOFA2_unsupervised_gaussian_two_view
AMQ	0.9426484564159208	2.9337540395304216	-2.8477063374434843	2.544794079215774	-0.009310770331333228	PXD044523_Zenodo_author_processed_RNA_protein	micro_pilot_processing_20260730:v1.0.0	MOFA2_unsupervised_gaussian_two_view
ANA	-2.6234302930589086	0.16129540570595574	0.30636471745945265	-1.140484404401546	0.23724073353811836	PXD044523_Zenodo_author_processed_RNA_protein	micro_pilot_processing_20260730:v1.0.0	MOFA2_unsupervised_gaussian_two_view
ANC	-3.1694006224815676	-0.1846467906946569	2.6667155064945414	-0.7619120988110166	-0.5457042224691624	PXD044523_Zenodo_author_processed_RNA_protein	micro_pilot_processing_20260730:v1.0.0	MOFA2_unsupervised_gaussian_two_view
AND	-2.7473871196643276	3.1488831239583916	2.0166623522573603	-1.2157737301251514	-0.23737846945542132	PXD044523_Zenodo_author_processed_RNA_protein	micro_pilot_processing_20260730:v1.0.0	MOFA2_unsupervised_gaussian_two_view
ANE	-2.5476365405313515	2.9420294250212926	2.449212440196425	-0.8562851280999685	-0.5399636608247012	PXD044523_Zenodo_author_processed_RNA_protein	micro_pilot_processing_20260730:v1.0.0	MOFA2_unsupervised_gaussian_two_view
ANF	-2.8348857855853495	3.0453657344535974	2.2074470751418236	-1.183722697549773	-0.2247571736492312	PXD044523_Zenodo_author_processed_RNA_protein	micro_pilot_processing_20260730:v1.0.0	MOFA2_unsupervised_gaussian_two_view
ANG	-1.432876968935722	2.6819488285333115	1.582993311440271	-0.868379300044162	-0.8702418558630161	PXD044523_Zenodo_author_processed_RNA_protein	micro_pilot_processing_20260730:v1.0.0	MOFA2_unsupervised_gaussian_two_view
ANH	-2.993189957977478	1.5571237807187697	2.8878059657375315	-1.056193219611879	-0.3453369311530058	PXD044523_Zenodo_author_processed_RNA_protein	micro_pilot_processing_20260730:v1.0.0	MOFA2_unsupervised_gaussian_two_view
ANI	-2.690673608966983	2.428404001728871	1.6165432623692193	-1.3326102014564023	-0.16820488499426442	PXD044523_Zenodo_author_processed_RNA_protein	micro_pilot_processing_20260730:v1.0.0	MOFA2_unsupervised_gaussian_two_view
ANK	-2.4415329323415174	1.000141595198415	2.6633554813014446	-0.4613903424993999	-0.6052029867526486	PXD044523_Zenodo_author_processed_RNA_protein	micro_pilot_processing_20260730:v1.0.0	MOFA2_unsupervised_gaussian_two_view
ANL	-1.6619277160847663	2.778136180315799	-2.9390524009877184	-0.6365042712946257	3.4552096573764586	PXD044523_Zenodo_author_processed_RNA_protein	micro_pilot_processing_20260730:v1.0.0	MOFA2_unsupervised_gaussian_two_view
ANM	-1.703657468268738	1.7231570382782135	-2.6352027847602417	-0.6742838449250381	3.2550731544481337	PXD044523_Zenodo_author_processed_RNA_protein	micro_pilot_processing_20260730:v1.0.0	MOFA2_unsupervised_gaussian_two_view
ANN	-1.750243534441877	1.7381150365038727	2.5539284918896468	0.799821529131729	1.9597154132028645	PXD044523_Zenodo_author_processed_RNA_protein	micro_pilot_processing_20260730:v1.0.0	MOFA2_unsupervised_gaussian_two_view
ANP	1.1504295893265288	2.5036685704947965	-2.0953380293199153	2.4050519755931563	0.3116701721946195	PXD044523_Zenodo_author_processed_RNA_protein	micro_pilot_processing_20260730:v1.0.0	MOFA2_unsupervised_gaussian_two_view
ANQ	2.411632972287749	0.2766409404113988	-0.10311474441728935	-0.528286757117936	1.6537855092037623	PXD044523_Zenodo_author_processed_RNA_protein	micro_pilot_processing_20260730:v1.0.0	MOFA2_unsupervised_gaussian_two_view
ANR	-2.3321790207856137	-1.250664766713825	-1.2531825897378266	0.05849657817188703	-1.2184089252719883	PXD044523_Zenodo_author_processed_RNA_protein	micro_pilot_processing_20260730:v1.0.0	MOFA2_unsupervised_gaussian_two_view
ANS	-0.5222008490564902	-0.8649452580985084	-1.472972470969891	0.44817854714390837	-2.098597384993919	PXD044523_Zenodo_author_processed_RNA_protein	micro_pilot_processing_20260730:v1.0.0	MOFA2_unsupervised_gaussian_two_view
ANT	-3.3827567046644518	-1.19669983503652	-0.9053275340254888	-0.5089027173542184	-0.6014445240893249	PXD044523_Zenodo_author_processed_RNA_protein	micro_pilot_processing_20260730:v1.0.0	MOFA2_unsupervised_gaussian_two_view
ANV	-2.9866417625989023	-0.8233212257099163	-1.666788972888166	-0.927666175589298	-0.3335967492672131	PXD044523_Zenodo_author_processed_RNA_protein	micro_pilot_processing_20260730:v1.0.0	MOFA2_unsupervised_gaussian_two_view
APA	-2.71984964568735	0.5306887944810222	-2.4860899770722407	-0.7879489763377888	-0.48035746282595587	PXD044523_Zenodo_author_processed_RNA_protein	micro_pilot_processing_20260730:v1.0.0	MOFA2_unsupervised_gaussian_two_view
APC	-3.030318481994097	-0.49646132860426934	-0.7097798121260892	-1.0035559140667558	-0.3288505181069293	PXD044523_Zenodo_author_processed_RNA_protein	micro_pilot_processing_20260730:v1.0.0	MOFA2_unsupervised_gaussian_two_view
APD	-2.325376949071783	2.093683530802523	-0.03296205578930366	0.20854598000108102	-0.38762582603298185	PXD044523_Zenodo_author_processed_RNA_protein	micro_pilot_processing_20260730:v1.0.0	MOFA2_unsupervised_gaussian_two_view
APE	-3.3435114024401837	-0.4448976483436322	-0.30891919215817043	-0.5947806218992749	-0.49580634597739215	PXD044523_Zenodo_author_processed_RNA_protein	micro_pilot_processing_20260730:v1.0.0	MOFA2_unsupervised_gaussian_two_view
APF	-3.003906361034574	2.739500629229689	-0.6968398403436924	-0.9734978731821877	-0.2977259591284965	PXD044523_Zenodo_author_processed_RNA_protein	micro_pilot_processing_20260730:v1.0.0	MOFA2_unsupervised_gaussian_two_view
APH	0.6221054369156678	-1.43053494054199	1.181119781440852	2.542578036651271	0.8970139556902788	PXD044523_Zenodo_author_processed_RNA_protein	micro_pilot_processing_20260730:v1.0.0	MOFA2_unsupervised_gaussian_two_view
API	1.0601000471884374	-1.4710636679209876	-1.9776910040882205	3.3067969797548584	0.5629444758779653	PXD044523_Zenodo_author_processed_RNA_protein	micro_pilot_processing_20260730:v1.0.0	MOFA2_unsupervised_gaussian_two_view
APK	1.2104312034765337	3.9865847377292356	-1.9999382634052205	3.1942682147251245	0.48413378382541944	PXD044523_Zenodo_author_processed_RNA_protein	micro_pilot_processing_20260730:v1.0.0	MOFA2_unsupervised_gaussian_two_view
APL	0.18246858031805058	-1.0436588339650765	-2.4113685113450574	1.5139898106272045	-3.085064572719664	PXD044523_Zenodo_author_processed_RNA_protein	micro_pilot_processing_20260730:v1.0.0	MOFA2_unsupervised_gaussian_two_view
APM	1.1229986854734033	-0.8063258251248572	-1.2846475699088653	3.1118638647981665	-0.011696948310220034	PXD044523_Zenodo_author_processed_RNA_protein	micro_pilot_processing_20260730:v1.0.0	MOFA2_unsupervised_gaussian_two_view
APN	0.3758965786025784	2.768661371430995	-1.0754657556760396	2.8845902026630204	-0.7236916340382331	PXD044523_Zenodo_author_processed_RNA_protein	micro_pilot_processing_20260730:v1.0.0	MOFA2_unsupervised_gaussian_two_view
APP	0.1596306789076272	-0.6733752949476536	0.6857029347586758	2.9571165914700432	-0.3425004192143455	PXD044523_Zenodo_author_processed_RNA_protein	micro_pilot_processing_20260730:v1.0.0	MOFA2_unsupervised_gaussian_two_view
APQ	-1.3761085705147729	0.8770493441854578	-2.500587350156019	-1.7210788285485146	0.5438913107629115	PXD044523_Zenodo_author_processed_RNA_protein	micro_pilot_processing_20260730:v1.0.0	MOFA2_unsupervised_gaussian_two_view
APR	-2.196649552846288	-1.4986151280042417	-1.0688528870970144	-1.9188388486876655	0.2145066070175271	PXD044523_Zenodo_author_processed_RNA_protein	micro_pilot_processing_20260730:v1.0.0	MOFA2_unsupervised_gaussian_two_view
APT	2.0254400269020345	2.032356411134522	-0.9215107505365642	-2.0547001344151568	-0.9162502169798035	PXD044523_Zenodo_author_processed_RNA_protein	micro_pilot_processing_20260730:v1.0.0	MOFA2_unsupervised_gaussian_two_view
APV	0.9985490668053574	-3.6763243605222584	0.03938914849350232	-1.1232337153695946	-1.2865317169031945	PXD044523_Zenodo_author_processed_RNA_protein	micro_pilot_processing_20260730:v1.0.0	MOFA2_unsupervised_gaussian_two_view
AQA	1.4979155434659	1.7274678965383787	0.20889412077787792	-0.7832167731971819	-1.6859993037495276	PXD044523_Zenodo_author_processed_RNA_protein	micro_pilot_processing_20260730:v1.0.0	MOFA2_unsupervised_gaussian_two_view
AQB	2.1240119919712535	1.751961096983052	-1.6899817370101282	-1.763485753844223	-0.4303391140897823	PXD044523_Zenodo_author_processed_RNA_protein	micro_pilot_processing_20260730:v1.0.0	MOFA2_unsupervised_gaussian_two_view
AQC	1.923940209310849	-2.7161450067375883	0.6830656375494413	-0.4463199129492623	1.135662013953036	PXD044523_Zenodo_author_processed_RNA_protein	micro_pilot_processing_20260730:v1.0.0	MOFA2_unsupervised_gaussian_two_view
AQD	1.7087959336463343	0.9128008333245167	-0.4003712182831611	0.20339472185806295	1.4129321978632492	PXD044523_Zenodo_author_processed_RNA_protein	micro_pilot_processing_20260730:v1.0.0	MOFA2_unsupervised_gaussian_two_view
AQE	2.091260360125248	-1.6820732968569287	-0.5191519832211934	0.9655068438170951	1.8064536281603405	PXD044523_Zenodo_author_processed_RNA_protein	micro_pilot_processing_20260730:v1.0.0	MOFA2_unsupervised_gaussian_two_view
AQI	0.7135246317544179	0.03275749424103094	-2.524827620517338	0.8548623854829813	-2.6841065369811172	PXD044523_Zenodo_author_processed_RNA_protein	micro_pilot_processing_20260730:v1.0.0	MOFA2_unsupervised_gaussian_two_view
AQM	-2.4575410647873417	0.4745613232641457	0.8299852759353168	-1.543078755607638	0.030593456655748103	PXD044523_Zenodo_author_processed_RNA_protein	micro_pilot_processing_20260730:v1.0.0	MOFA2_unsupervised_gaussian_two_view
AQN	-3.033478478053354	-0.7231082388557353	-0.7778989056149185	-0.7041205999457311	-0.5560424842088865	PXD044523_Zenodo_author_processed_RNA_protein	micro_pilot_processing_20260730:v1.0.0	MOFA2_unsupervised_gaussian_two_view
AQP	-1.5157272708967826	-3.273988718184385	-0.9372664079620407	-2.4075997272731358	0.5068869817907391	PXD044523_Zenodo_author_processed_RNA_protein	micro_pilot_processing_20260730:v1.0.0	MOFA2_unsupervised_gaussian_two_view
AQQ	2.10003154799932	2.1676083487468802	0.023833537084442847	-1.3070161816953312	-1.0784358042498852	PXD044523_Zenodo_author_processed_RNA_protein	micro_pilot_processing_20260730:v1.0.0	MOFA2_unsupervised_gaussian_two_view
AQR	1.7345439470061967	-0.8573155905901124	0.33375561643457935	-1.9388028251672116	-1.0023130628239556	PXD044523_Zenodo_author_processed_RNA_protein	micro_pilot_processing_20260730:v1.0.0	MOFA2_unsupervised_gaussian_two_view
AQS	-3.2914904313001707	2.8014973264655345	-1.189601593752357	-0.6339601455657311	-0.41863069116270857	PXD044523_Zenodo_author_processed_RNA_protein	micro_pilot_processing_20260730:v1.0.0	MOFA2_unsupervised_gaussian_two_view
ARB	0.8357008691098629	-2.4115234806993238	-4.654865354799341	1.856957609873499	0.5906190159191297	PXD044523_Zenodo_author_processed_RNA_protein	micro_pilot_processing_20260730:v1.0.0	MOFA2_unsupervised_gaussian_two_view
ARC	-0.43044081580252125	0.2237046312111723	-2.602461880335478	-3.673765938541297	1.2105535110493093	PXD044523_Zenodo_author_processed_RNA_protein	micro_pilot_processing_20260730:v1.0.0	MOFA2_unsupervised_gaussian_two_view
ARG	0.3918895331773946	-2.8088227788345566	-0.3796190421776494	1.865506217501881	-1.9663575240145148	PXD044523_Zenodo_author_processed_RNA_protein	micro_pilot_processing_20260730:v1.0.0	MOFA2_unsupervised_gaussian_two_view
ARH	-0.21935528616274885	-0.3610044197125215	1.0074424732710703	2.141705312317618	-3.077435190162994	PXD044523_Zenodo_author_processed_RNA_protein	micro_pilot_processing_20260730:v1.0.0	MOFA2_unsupervised_gaussian_two_view
ARI	-0.39022917420481684	-1.4780181012528562	1.231716643982005	3.1637969090317006	-3.133903233773046	PXD044523_Zenodo_author_processed_RNA_protein	micro_pilot_processing_20260730:v1.0.0	MOFA2_unsupervised_gaussian_two_view
ARK	2.215664105690797	0.49050396239689964	-1.5355121515639407	-0.029840058062396445	1.8945882637274771	PXD044523_Zenodo_author_processed_RNA_protein	micro_pilot_processing_20260730:v1.0.0	MOFA2_unsupervised_gaussian_two_view
ARL	1.6769493816915515	-2.533166613123003	3.3095181649922076	1.0427034560370947	1.8073360217270849	PXD044523_Zenodo_author_processed_RNA_protein	micro_pilot_processing_20260730:v1.0.0	MOFA2_unsupervised_gaussian_two_view
ARM	-2.9626539467511415	-1.87384148901524	-1.4880816805285788	-0.6689253409996049	-0.5800913860632181	PXD044523_Zenodo_author_processed_RNA_protein	micro_pilot_processing_20260730:v1.0.0	MOFA2_unsupervised_gaussian_two_view
ARP	-3.326935644251903	1.0524988931589785	0.5554768449859976	-0.46983568637253953	-0.40200781723003604	PXD044523_Zenodo_author_processed_RNA_protein	micro_pilot_processing_20260730:v1.0.0	MOFA2_unsupervised_gaussian_two_view
ARQ	-0.5295287086509972	-0.5883107601278751	1.0060711155660376	-2.3635283742968936	0.03464623315660125	PXD044523_Zenodo_author_processed_RNA_protein	micro_pilot_processing_20260730:v1.0.0	MOFA2_unsupervised_gaussian_two_view
ARR	-2.024831769277583	0.3365326811577777	-0.2573618028084092	-2.374858306417867	0.5362569031196439	PXD044523_Zenodo_author_processed_RNA_protein	micro_pilot_processing_20260730:v1.0.0	MOFA2_unsupervised_gaussian_two_view
ARS	-1.9690563032796493	-1.610769514864811	-2.9557747313534954	-2.4631286180835668	0.6264182892566992	PXD044523_Zenodo_author_processed_RNA_protein	micro_pilot_processing_20260730:v1.0.0	MOFA2_unsupervised_gaussian_two_view
ART	2.0908065908288793	-0.7771941428026296	0.7064132357710959	-1.3804532245703554	-1.3687708423905296	PXD044523_Zenodo_author_processed_RNA_protein	micro_pilot_processing_20260730:v1.0.0	MOFA2_unsupervised_gaussian_two_view
ASA	1.0491865254837143	-3.3011991066738333	0.8081450470443358	-0.503545379632521	-1.0770498083105764	PXD044523_Zenodo_author_processed_RNA_protein	micro_pilot_processing_20260730:v1.0.0	MOFA2_unsupervised_gaussian_two_view
ASB	0.004742018539110019	-1.407486713801125	-0.38800405132867416	3.630502368387685	0.34785327441750985	PXD044523_Zenodo_author_processed_RNA_protein	micro_pilot_processing_20260730:v1.0.0	MOFA2_unsupervised_gaussian_two_view
ASC	-2.6431530809691592	2.0548865476975626	-0.2613003862899157	-1.2006535298105743	0.2706989506589388	PXD044523_Zenodo_author_processed_RNA_protein	micro_pilot_processing_20260730:v1.0.0	MOFA2_unsupervised_gaussian_two_view
ASE	-1.4342595922141816	-2.4497581384359255	0.6230359035941169	-2.3492033255429328	0.3391468345951264	PXD044523_Zenodo_author_processed_RNA_protein	micro_pilot_processing_20260730:v1.0.0	MOFA2_unsupervised_gaussian_two_view
ASG	2.0908220438680813	-2.57859260685231	-0.7969689660278522	-1.3800520149646422	-1.501240760711915	PXD044523_Zenodo_author_processed_RNA_protein	micro_pilot_processing_20260730:v1.0.0	MOFA2_unsupervised_gaussian_two_view
ASH	0.20060273761587133	-1.414588230956513	-2.2634940729070223	1.7613875868783826	-2.1927527484103946	PXD044523_Zenodo_author_processed_RNA_protein	micro_pilot_processing_20260730:v1.0.0	MOFA2_unsupervised_gaussian_two_view
ASL	0.8837601883917238	2.27754408416876	-1.9220208562086638	3.3660611833062557	0.2948806366902804	PXD044523_Zenodo_author_processed_RNA_protein	micro_pilot_processing_20260730:v1.0.0	MOFA2_unsupervised_gaussian_two_view
ASM	-2.835938473821547	-2.1079626198078256	0.21288234652194782	0.09549004193409458	-0.9861795685545129	PXD044523_Zenodo_author_processed_RNA_protein	micro_pilot_processing_20260730:v1.0.0	MOFA2_unsupervised_gaussian_two_view
ASN	-1.1852651651694621	0.27447839873094654	1.2924596792083307	-0.032488290644730466	-0.967595883457478	PXD044523_Zenodo_author_processed_RNA_protein	micro_pilot_processing_20260730:v1.0.0	MOFA2_unsupervised_gaussian_two_view
ASP	0.9439116375650235	0.23036048645888968	-0.8785080612081785	2.91422172746757	-0.05529772350560049	PXD044523_Zenodo_author_processed_RNA_protein	micro_pilot_processing_20260730:v1.0.0	MOFA2_unsupervised_gaussian_two_view
ASR	2.1131633613281404	-1.9889381042908494	0.3543845591239274	-0.23643858558834582	1.3749787397514548	PXD044523_Zenodo_author_processed_RNA_protein	micro_pilot_processing_20260730:v1.0.0	MOFA2_unsupervised_gaussian_two_view
ASS	1.5973888062158814	2.236050964435417	-0.14936852903938433	-1.3910110891573995	-1.2922776437376806	PXD044523_Zenodo_author_processed_RNA_protein	micro_pilot_processing_20260730:v1.0.0	MOFA2_unsupervised_gaussian_two_view
AST	1.646108359192707	2.2285774521498842	-1.183491359520399	-1.3521189929346582	-1.370399567239071	PXD044523_Zenodo_author_processed_RNA_protein	micro_pilot_processing_20260730:v1.0.0	MOFA2_unsupervised_gaussian_two_view
ASV	1.2120323237968864	2.034398403932193	-1.529198102816984	-0.23301042411691414	-1.1330172947595056	PXD044523_Zenodo_author_processed_RNA_protein	micro_pilot_processing_20260730:v1.0.0	MOFA2_unsupervised_gaussian_two_view
ATA	-1.5266963268895704	0.9024427804990921	1.903988141562197	-2.241196026002466	0.2007530117686531	PXD044523_Zenodo_author_processed_RNA_protein	micro_pilot_processing_20260730:v1.0.0	MOFA2_unsupervised_gaussian_two_view
ATB	0.2153628612122886	2.4893299401480085	-0.9709176704069856	2.9149780489958514	0.2609445694499095	PXD044523_Zenodo_author_processed_RNA_protein	micro_pilot_processing_20260730:v1.0.0	MOFA2_unsupervised_gaussian_two_view
ATC	0.6701872378909888	-0.73268484844037	1.1687343919555175	1.9059759655150181	-0.42536599727705193	PXD044523_Zenodo_author_processed_RNA_protein	micro_pilot_processing_20260730:v1.0.0	MOFA2_unsupervised_gaussian_two_view
ATD	0.9387317408059286	0.8578412330866783	2.715064848495677	2.8886498555712468	-0.4352206783579251	PXD044523_Zenodo_author_processed_RNA_protein	micro_pilot_processing_20260730:v1.0.0	MOFA2_unsupervised_gaussian_two_view
ATE	0.5217771558731628	0.9611263157759563	0.0811157638219738	0.07180086725656012	-2.1249759911947006	PXD044523_Zenodo_author_processed_RNA_protein	micro_pilot_processing_20260730:v1.0.0	MOFA2_unsupervised_gaussian_two_view
ATH	2.148029461229527	1.306941393711836	-0.6347862237162983	-2.135040063947833	-0.8843337978955389	PXD044523_Zenodo_author_processed_RNA_protein	micro_pilot_processing_20260730:v1.0.0	MOFA2_unsupervised_gaussian_two_view
ATM	1.6668206639032905	-1.9561003436078268	1.4157936336465367	0.7245937693541014	1.657243055930442	PXD044523_Zenodo_author_processed_RNA_protein	micro_pilot_processing_20260730:v1.0.0	MOFA2_unsupervised_gaussian_two_view
ATN	2.0956360253028956	1.3348448203631456	-1.1259162953389008	-2.100429255760108	-0.6790838224094851	PXD044523_Zenodo_author_processed_RNA_protein	micro_pilot_processing_20260730:v1.0.0	MOFA2_unsupervised_gaussian_two_view
ATP	-2.6026675126237615	-2.206362556971229	0.035928261095630756	-1.5161425566864213	-0.03371704839004266	PXD044523_Zenodo_author_processed_RNA_protein	micro_pilot_processing_20260730:v1.0.0	MOFA2_unsupervised_gaussian_two_view
ATQ	0.46100841722530805	-2.1854652168593582	3.4661278370949327	1.7128342922303506	1.6045382208839576	PXD044523_Zenodo_author_processed_RNA_protein	micro_pilot_processing_20260730:v1.0.0	MOFA2_unsupervised_gaussian_two_view
ATR	0.847413073833688	-2.5507717335541016	-1.6029627695128756	2.9636439037663957	0.05241136753312019	PXD044523_Zenodo_author_processed_RNA_protein	micro_pilot_processing_20260730:v1.0.0	MOFA2_unsupervised_gaussian_two_view
ATS	1.0983253898502556	3.172505963657952	-2.2510493977236017	3.607803393147464	0.6719755325782055	PXD044523_Zenodo_author_processed_RNA_protein	micro_pilot_processing_20260730:v1.0.0	MOFA2_unsupervised_gaussian_two_view
ATV	0.21924214902121833	-1.0572421860945762	0.9882547319584599	0.4416307067511917	-2.3649120571638598	PXD044523_Zenodo_author_processed_RNA_protein	micro_pilot_processing_20260730:v1.0.0	MOFA2_unsupervised_gaussian_two_view
AVB	0.8930941391594813	-1.315027149101815	1.938875585588354	-0.7284599576271952	-1.6886444802834342	PXD044523_Zenodo_author_processed_RNA_protein	micro_pilot_processing_20260730:v1.0.0	MOFA2_unsupervised_gaussian_two_view
AVC	-3.373158649032828	-0.4408011623554258	0.7818392712943197	-0.5290629043384361	-0.5976771303086683	PXD044523_Zenodo_author_processed_RNA_protein	micro_pilot_processing_20260730:v1.0.0	MOFA2_unsupervised_gaussian_two_view
AVD	-3.0693128964587735	-0.41790130609677106	-0.19476182474625117	-0.3583594856137514	-0.7445141967644667	PXD044523_Zenodo_author_processed_RNA_protein	micro_pilot_processing_20260730:v1.0.0	MOFA2_unsupervised_gaussian_two_view
AVH	-1.857252297622968	-1.1242684952771589	2.5844524769795574	-2.503454005757372	0.4561344850718523	PXD044523_Zenodo_author_processed_RNA_protein	micro_pilot_processing_20260730:v1.0.0	MOFA2_unsupervised_gaussian_two_view
AVI	-2.6712151903976764	1.7348002035340087	1.9375217373748819	-1.0142909690664792	-0.4424323393134622	PXD044523_Zenodo_author_processed_RNA_protein	micro_pilot_processing_20260730:v1.0.0	MOFA2_unsupervised_gaussian_two_view
AVK	2.121701747263325	2.377194733099288	1.154108986080728	0.7313667525601575	2.7307526444875565	PXD044523_Zenodo_author_processed_RNA_protein	micro_pilot_processing_20260730:v1.0.0	MOFA2_unsupervised_gaussian_two_view
AVL	-2.7376622068971748	-0.6338680125383558	-2.2354535714203845	-1.462340769055422	-0.02846706864620292	PXD044523_Zenodo_author_processed_RNA_protein	micro_pilot_processing_20260730:v1.0.0	MOFA2_unsupervised_gaussian_two_view
AVM	-3.1709543205129656	2.6549188056992428	-0.9306230124892816	-0.6220424883736754	-0.4623822871432516	PXD044523_Zenodo_author_processed_RNA_protein	micro_pilot_processing_20260730:v1.0.0	MOFA2_unsupervised_gaussian_two_view
AVN	-0.3235673909957732	0.802091550566745	-1.5500786730308591	0.6398527841412036	1.8424475837794214	PXD044523_Zenodo_author_processed_RNA_protein	micro_pilot_processing_20260730:v1.0.0	MOFA2_unsupervised_gaussian_two_view
AVP	-2.087978488827504	-1.5450503105106728	-1.0937806688790468	-0.34690145681252005	3.1513404842214414	PXD044523_Zenodo_author_processed_RNA_protein	micro_pilot_processing_20260730:v1.0.0	MOFA2_unsupervised_gaussian_two_view
AVQ	-2.127269222812963	-2.7221821886745916	-1.6739132655882283	-0.06733374788231665	3.4770025458482037	PXD044523_Zenodo_author_processed_RNA_protein	micro_pilot_processing_20260730:v1.0.0	MOFA2_unsupervised_gaussian_two_view
AVS	-2.272001432941454	0.002141711414765384	-0.5269137634778212	0.6608262513858464	2.1403958062714885	PXD044523_Zenodo_author_processed_RNA_protein	micro_pilot_processing_20260730:v1.0.0	MOFA2_unsupervised_gaussian_two_view
AVT	-2.360465130884552	-1.674954054447667	-0.5260625333192352	0.6780425092133674	3.891980786945631	PXD044523_Zenodo_author_processed_RNA_protein	micro_pilot_processing_20260730:v1.0.0	MOFA2_unsupervised_gaussian_two_view
AVV	-2.477438166097908	-1.9450229010741031	-1.6294354953174655	-0.028805432042475276	-0.7636650673893534	PXD044523_Zenodo_author_processed_RNA_protein	micro_pilot_processing_20260730:v1.0.0	MOFA2_unsupervised_gaussian_two_view
BAA	-1.8085172642592247	3.604481505667326	0.2444711458633548	0.42161753231454974	-0.21167346584115657	PXD044523_Zenodo_author_processed_RNA_protein	micro_pilot_processing_20260730:v1.0.0	MOFA2_unsupervised_gaussian_two_view
BAB	-3.2570652328903384	3.660618391469176	0.30897606482620976	-0.6121757292931367	-0.48214797600941545	PXD044523_Zenodo_author_processed_RNA_protein	micro_pilot_processing_20260730:v1.0.0	MOFA2_unsupervised_gaussian_two_view
BAD	-3.2299291620032107	3.1689584983217935	0.1573304461220295	-0.5714859274037445	-0.5499122822994256	PXD044523_Zenodo_author_processed_RNA_protein	micro_pilot_processing_20260730:v1.0.0	MOFA2_unsupervised_gaussian_two_view
BAE	-3.3730991438766775	0.6276261010572699	-0.2872806899914516	-0.43410277679917386	-0.6296633975513903	PXD044523_Zenodo_author_processed_RNA_protein	micro_pilot_processing_20260730:v1.0.0	MOFA2_unsupervised_gaussian_two_view
BAF	-0.25664541855110956	0.29910892861796573	1.7271867709027608	1.9316924685886434	-3.4054410548696947	PXD044523_Zenodo_author_processed_RNA_protein	micro_pilot_processing_20260730:v1.0.0	MOFA2_unsupervised_gaussian_two_view
BAG	-2.518705699709083	1.5158610671976789	1.1886563468710898	-1.76600961227919	0.11834832050100437	PXD044523_Zenodo_author_processed_RNA_protein	micro_pilot_processing_20260730:v1.0.0	MOFA2_unsupervised_gaussian_two_view
BAH	-1.9473659397110457	3.7918272662862647	-1.9225227690947075	-1.8109037510289518	0.37375449264122484	PXD044523_Zenodo_author_processed_RNA_protein	micro_pilot_processing_20260730:v1.0.0	MOFA2_unsupervised_gaussian_two_view
BAI	-3.0073533934093786	2.2417197714107915	2.5399029117080967	-0.9519506127094081	-0.3981664198163316	PXD044523_Zenodo_author_processed_RNA_protein	micro_pilot_processing_20260730:v1.0.0	MOFA2_unsupervised_gaussian_two_view
BAK	-3.0472110602631344	-0.15161706244396428	3.390926981847435	-0.37919376881558814	-0.7063307052104343	PXD044523_Zenodo_author_processed_RNA_protein	micro_pilot_processing_20260730:v1.0.0	MOFA2_unsupervised_gaussian_two_view
BAM	-3.240973688702659	-0.4167991949605965	2.0351356685873867	-0.7646403728952065	-0.44340888846940496	PXD044523_Zenodo_author_processed_RNA_protein	micro_pilot_processing_20260730:v1.0.0	MOFA2_unsupervised_gaussian_two_view
BAN	-2.9765502343259342	1.6961934900531648	1.4619834577169188	-0.983818184351859	-0.36291167970428634	PXD044523_Zenodo_author_processed_RNA_protein	micro_pilot_processing_20260730:v1.0.0	MOFA2_unsupervised_gaussian_two_view
BAP	-3.1080669857952588	-1.064127213895561	1.6813813058525744	-0.9344486901578561	-0.4142284569015726	PXD044523_Zenodo_author_processed_RNA_protein	micro_pilot_processing_20260730:v1.0.0	MOFA2_unsupervised_gaussian_two_view
BAQ	-3.066857128259875	1.7779024137271315	1.239263411052279	-0.8364794417508217	-0.39691170843552953	PXD044523_Zenodo_author_processed_RNA_protein	micro_pilot_processing_20260730:v1.0.0	MOFA2_unsupervised_gaussian_two_view
BAR	1.6732818937461387	-0.6163149313633028	1.3690282165346155	0.022890654677615137	1.208536602905082	PXD044523_Zenodo_author_processed_RNA_protein	micro_pilot_processing_20260730:v1.0.0	MOFA2_unsupervised_gaussian_two_view
BAS	1.8394899469695274	0.23957390719120356	1.002884600495436	0.47727733127293887	1.5423385394867541	PXD044523_Zenodo_author_processed_RNA_protein	micro_pilot_processing_20260730:v1.0.0	MOFA2_unsupervised_gaussian_two_view
BAT	2.090357342504825	-0.5243539677774333	0.985214382490349	-0.007185193630687603	1.6036538835010523	PXD044523_Zenodo_author_processed_RNA_protein	micro_pilot_processing_20260730:v1.0.0	MOFA2_unsupervised_gaussian_two_view
BAV	1.9399177542378605	2.0967156805175136	0.5704533053556133	0.16112993392728459	1.618813259614871	PXD044523_Zenodo_author_processed_RNA_protein	micro_pilot_processing_20260730:v1.0.0	MOFA2_unsupervised_gaussian_two_view
BBA	1.705076744050566	1.3124415520365138	0.7571034226985826	-1.6701751765548474	-1.1454907052031253	PXD044523_Zenodo_author_processed_RNA_protein	micro_pilot_processing_20260730:v1.0.0	MOFA2_unsupervised_gaussian_two_view
BBB	1.9981416241072665	2.6288981623140506	0.47691819498413396	-0.4978823384245879	1.7229231427085285	PXD044523_Zenodo_author_processed_RNA_protein	micro_pilot_processing_20260730:v1.0.0	MOFA2_unsupervised_gaussian_two_view
BBC	0.5300403738446008	0.6902800813646374	-4.036822294406989	2.367863800644735	0.10912561521888767	PXD044523_Zenodo_author_processed_RNA_protein	micro_pilot_processing_20260730:v1.0.0	MOFA2_unsupervised_gaussian_two_view
BBD	0.5197682824974089	-0.09395943142996305	-2.810040020153542	2.7068831000705678	-0.5395899979178677	PXD044523_Zenodo_author_processed_RNA_protein	micro_pilot_processing_20260730:v1.0.0	MOFA2_unsupervised_gaussian_two_view
BBE	0.7547099047932923	-0.0688133721407166	-1.9990930048279367	2.3687328201760782	-0.4676667107273445	PXD044523_Zenodo_author_processed_RNA_protein	micro_pilot_processing_20260730:v1.0.0	MOFA2_unsupervised_gaussian_two_view
BBF	0.16995321736826596	0.4350252833589849	-0.9861183586741485	2.7168597036083537	-0.7856473883067657	PXD044523_Zenodo_author_processed_RNA_protein	micro_pilot_processing_20260730:v1.0.0	MOFA2_unsupervised_gaussian_two_view
BBG	0.7487087889133137	-0.4130718629088232	-2.751235931007784	1.3134298202559485	-3.040924450464766	PXD044523_Zenodo_author_processed_RNA_protein	micro_pilot_processing_20260730:v1.0.0	MOFA2_unsupervised_gaussian_two_view
BBH	2.28585748526952	0.07571031865641224	-1.7472666022831378	-2.3777063118563544	-0.7122578461123367	PXD044523_Zenodo_author_processed_RNA_protein	micro_pilot_processing_20260730:v1.0.0	MOFA2_unsupervised_gaussian_two_view
BBI	1.7995970431290484	2.171099978148832	1.1232369378036247	0.41086860786407936	1.4278327822031402	PXD044523_Zenodo_author_processed_RNA_protein	micro_pilot_processing_20260730:v1.0.0	MOFA2_unsupervised_gaussian_two_view
BBL	-2.805111757891555	0.5131765387395815	3.384749045713549	-1.0741579036615785	-0.3359489279315096	PXD044523_Zenodo_author_processed_RNA_protein	micro_pilot_processing_20260730:v1.0.0	MOFA2_unsupervised_gaussian_two_view
BBM	-1.310552812592184	0.7944527642819647	1.4853555621399108	-0.2122317381913827	2.16706650713232	PXD044523_Zenodo_author_processed_RNA_protein	micro_pilot_processing_20260730:v1.0.0	MOFA2_unsupervised_gaussian_two_view
BBP	0.9329115023601801	3.5973314466435187	-1.3876524752555355	4.717651604035563	1.236928151590294	PXD044523_Zenodo_author_processed_RNA_protein	micro_pilot_processing_20260730:v1.0.0	MOFA2_unsupervised_gaussian_two_view
BBQ	-2.8535600052003036	2.3080057784516823	1.1177022761417348	-1.30013783987779	-0.14195815347660884	PXD044523_Zenodo_author_processed_RNA_protein	micro_pilot_processing_20260730:v1.0.0	MOFA2_unsupervised_gaussian_two_view
BBR	-3.3052762910801143	2.742538729608165	1.453574747869867	-0.49894892953720993	-0.6320610584010392	PXD044523_Zenodo_author_processed_RNA_protein	micro_pilot_processing_20260730:v1.0.0	MOFA2_unsupervised_gaussian_two_view
BBS	-1.2163698992210505	2.31781258782593	1.0818272940057598	-0.5676491609718067	0.23858750167110188	PXD044523_Zenodo_author_processed_RNA_protein	micro_pilot_processing_20260730:v1.0.0	MOFA2_unsupervised_gaussian_two_view
BBT	0.4964757497394321	0.446619685095697	0.25376663910116254	2.2375177038736997	-0.5543397287125078	PXD044523_Zenodo_author_processed_RNA_protein	micro_pilot_processing_20260730:v1.0.0	MOFA2_unsupervised_gaussian_two_view
BBV	2.2850079965868795	1.1502219918608874	0.2046435168785553	-0.10223012877533239	3.0436018830954232	PXD044523_Zenodo_author_processed_RNA_protein	micro_pilot_processing_20260730:v1.0.0	MOFA2_unsupervised_gaussian_two_view
BCA	2.846680812222297	-0.8295618044324211	1.663918338528123	0.5338546728517314	1.721339279769925	PXD044523_Zenodo_author_processed_RNA_protein	micro_pilot_processing_20260730:v1.0.0	MOFA2_unsupervised_gaussian_two_view
BCB	-3.172905634370439	-0.9670966105371259	2.2689998099210062	1.6153197932974739	3.0065322271074093	PXD044523_Zenodo_author_processed_RNA_protein	micro_pilot_processing_20260730:v1.0.0	MOFA2_unsupervised_gaussian_two_view
BCC	-2.7511366270336635	-1.8244056491224054	1.3662581315806521	1.0874436287050282	2.544314066453909	PXD044523_Zenodo_author_processed_RNA_protein	micro_pilot_processing_20260730:v1.0.0	MOFA2_unsupervised_gaussian_two_view
BCD	-2.495898120544582	-1.6475517836335007	1.234754615767832	1.7369429296535686	2.6102040510679	PXD044523_Zenodo_author_processed_RNA_protein	micro_pilot_processing_20260730:v1.0.0	MOFA2_unsupervised_gaussian_two_view
BCE	-2.987163833205871	-1.6311191511659484	1.811483742622303	1.7364823539410383	2.657923216978388	PXD044523_Zenodo_author_processed_RNA_protein	micro_pilot_processing_20260730:v1.0.0	MOFA2_unsupervised_gaussian_two_view
BCF	-2.769013694589484	-0.1947454895431883	0.3086235207875248	0.6209785842357862	2.683418026940409	PXD044523_Zenodo_author_processed_RNA_protein	micro_pilot_processing_20260730:v1.0.0	MOFA2_unsupervised_gaussian_two_view
BCG	-3.157116270243905	-2.721494790497462	1.881701721382509	1.7355728686239607	3.2699548773216196	PXD044523_Zenodo_author_processed_RNA_protein	micro_pilot_processing_20260730:v1.0.0	MOFA2_unsupervised_gaussian_two_view
BCH	-3.1010988042216847	-0.06157866873291679	0.8951557408867572	1.2532167008803983	2.784218116045349	PXD044523_Zenodo_author_processed_RNA_protein	micro_pilot_processing_20260730:v1.0.0	MOFA2_unsupervised_gaussian_two_view
BCK	-3.3231470940675556	-1.976089145529641	1.233746806073267	1.8415449788523712	2.6517560395789044	PXD044523_Zenodo_author_processed_RNA_protein	micro_pilot_processing_20260730:v1.0.0	MOFA2_unsupervised_gaussian_two_view
BCL	-2.3387609289858298	-1.9791799229037008	0.6673127213489216	1.520441211470733	3.3200210512426986	PXD044523_Zenodo_author_processed_RNA_protein	micro_pilot_processing_20260730:v1.0.0	MOFA2_unsupervised_gaussian_two_view
BCN	-1.4876530471047884	-1.087438164813834	-0.25577496716961867	1.3529098813201654	1.8636209893408873	PXD044523_Zenodo_author_processed_RNA_protein	micro_pilot_processing_20260730:v1.0.0	MOFA2_unsupervised_gaussian_two_view
BCP	-2.652597215111684	1.714386813998369	0.31711147825450126	0.43108421637714445	2.883704310704118	PXD044523_Zenodo_author_processed_RNA_protein	micro_pilot_processing_20260730:v1.0.0	MOFA2_unsupervised_gaussian_two_view
BCQ	-3.098515128228155	-1.623398198350161	1.8765540278030761	1.6542971879978494	3.2734074209656434	PXD044523_Zenodo_author_processed_RNA_protein	micro_pilot_processing_20260730:v1.0.0	MOFA2_unsupervised_gaussian_two_view
BCR	0.6346313768169353	2.136088977368818	-1.2506584054299714	1.8995639299555338	-1.0959960443516932	PXD044523_Zenodo_author_processed_RNA_protein	micro_pilot_processing_20260730:v1.0.0	MOFA2_unsupervised_gaussian_two_view
BCS	0.7248595864616098	2.256825893857075	0.24718040804392938	2.3049472951453307	-0.802763529286095	PXD044523_Zenodo_author_processed_RNA_protein	micro_pilot_processing_20260730:v1.0.0	MOFA2_unsupervised_gaussian_two_view
BCT	0.44115533336078494	2.292059622135907	-0.4695416946547691	1.2193990775472883	-2.9506024038863425	PXD044523_Zenodo_author_processed_RNA_protein	micro_pilot_processing_20260730:v1.0.0	MOFA2_unsupervised_gaussian_two_view
BCV	0.7145071619380515	1.4192768515721133	-0.9534972810975371	3.05430374787705	0.732646148037099	PXD044523_Zenodo_author_processed_RNA_protein	micro_pilot_processing_20260730:v1.0.0	MOFA2_unsupervised_gaussian_two_view
BDA	0.2384915501963002	-0.3425131068547401	1.618424276202956	3.4554349767977963	0.4723021068397307	PXD044523_Zenodo_author_processed_RNA_protein	micro_pilot_processing_20260730:v1.0.0	MOFA2_unsupervised_gaussian_two_view
BDB	1.1344608098253324	-1.4505007344461749	-2.5899896243619556	2.263425930235098	1.3518254134052237	PXD044523_Zenodo_author_processed_RNA_protein	micro_pilot_processing_20260730:v1.0.0	MOFA2_unsupervised_gaussian_two_view
BDC	0.4809725254707546	2.1874974269431853	-1.074125236420829	1.0137078053813058	-2.4624110537014547	PXD044523_Zenodo_author_processed_RNA_protein	micro_pilot_processing_20260730:v1.0.0	MOFA2_unsupervised_gaussian_two_view
BDD	1.1000560701412512	-0.877091520295573	-1.0349973562295394	2.5977484790600722	1.1701928013096399	PXD044523_Zenodo_author_processed_RNA_protein	micro_pilot_processing_20260730:v1.0.0	MOFA2_unsupervised_gaussian_two_view
BDE	0.8255282592493784	1.560210983119802	-0.017513767688950525	2.9422462238699056	0.9101190433331929	PXD044523_Zenodo_author_processed_RNA_protein	micro_pilot_processing_20260730:v1.0.0	MOFA2_unsupervised_gaussian_two_view
BDF	0.5238578886011729	-0.7845693905544606	-0.7817097851213811	1.1723787937511978	-2.9922992744009007	PXD044523_Zenodo_author_processed_RNA_protein	micro_pilot_processing_20260730:v1.0.0	MOFA2_unsupervised_gaussian_two_view
BDG	0.35155762810030977	0.45769712617440234	-0.6755202819963285	1.1558093198928712	-2.8965978560581513	PXD044523_Zenodo_author_processed_RNA_protein	micro_pilot_processing_20260730:v1.0.0	MOFA2_unsupervised_gaussian_two_view
BDH	0.8549657443372566	-0.9497957764901475	-0.9381142676082521	2.772540480170456	1.2290130617453576	PXD044523_Zenodo_author_processed_RNA_protein	micro_pilot_processing_20260730:v1.0.0	MOFA2_unsupervised_gaussian_two_view
BDI	0.7482800670102314	2.4357944017613553	-1.5183953059639073	2.8898523615339435	0.7889769797157427	PXD044523_Zenodo_author_processed_RNA_protein	micro_pilot_processing_20260730:v1.0.0	MOFA2_unsupervised_gaussian_two_view
BDK	0.8795825370623992	1.0315327605721911	0.544604942742902	2.9932666139574033	0.1940719984968991	PXD044523_Zenodo_author_processed_RNA_protein	micro_pilot_processing_20260730:v1.0.0	MOFA2_unsupervised_gaussian_two_view
BDL	0.4614645663334421	-0.7831114926840954	-3.4317304435005	1.6307598088186979	-0.41797676315066523	PXD044523_Zenodo_author_processed_RNA_protein	micro_pilot_processing_20260730:v1.0.0	MOFA2_unsupervised_gaussian_two_view
BDM	0.6144004031378244	-2.3352067994308165	-0.3479218591861058	3.4990555376849923	-0.022195188223928596	PXD044523_Zenodo_author_processed_RNA_protein	micro_pilot_processing_20260730:v1.0.0	MOFA2_unsupervised_gaussian_two_view
BDN	-0.7123558850861794	-2.1036264188017832	-0.03719550928517384	0.6182708696781913	-0.09176256789372132	PXD044523_Zenodo_author_processed_RNA_protein	micro_pilot_processing_20260730:v1.0.0	MOFA2_unsupervised_gaussian_two_view
BDP	-2.7084839604111126	-1.6890428942717064	1.2824008776671478	2.197161444572829	2.7971611435430237	PXD044523_Zenodo_author_processed_RNA_protein	micro_pilot_processing_20260730:v1.0.0	MOFA2_unsupervised_gaussian_two_view
BDQ	-2.6501579793843053	-1.5516067794527928	1.2508311652128274	1.15255421227349	2.7507363204425963	PXD044523_Zenodo_author_processed_RNA_protein	micro_pilot_processing_20260730:v1.0.0	MOFA2_unsupervised_gaussian_two_view
BDR	-2.6200448269213923	-0.0026288757578564375	1.481941015581137	0.8476553055486656	2.570406375346997	PXD044523_Zenodo_author_processed_RNA_protein	micro_pilot_processing_20260730:v1.0.0	MOFA2_unsupervised_gaussian_two_view
BDS	-2.7552944186186896	0.7883113846643508	0.6549470770011627	1.0191022258816214	3.39949396536738	PXD044523_Zenodo_author_processed_RNA_protein	micro_pilot_processing_20260730:v1.0.0	MOFA2_unsupervised_gaussian_two_view
BDV	-3.051999342723731	-0.8573938010133546	1.257599997250176	1.4006706336925983	3.1811716382090576	PXD044523_Zenodo_author_processed_RNA_protein	micro_pilot_processing_20260730:v1.0.0	MOFA2_unsupervised_gaussian_two_view
BEA	-2.929695127891489	-1.5343461659364128	1.9010914641665455	1.1908215012063341	2.735690224108434	PXD044523_Zenodo_author_processed_RNA_protein	micro_pilot_processing_20260730:v1.0.0	MOFA2_unsupervised_gaussian_two_view
BEB	-2.54510383503172	-1.9864698227319444	0.8097247169446499	1.384847765943008	3.1545491186894647	PXD044523_Zenodo_author_processed_RNA_protein	micro_pilot_processing_20260730:v1.0.0	MOFA2_unsupervised_gaussian_two_view
BEC	-2.3881074345762534	-2.042673818322593	-0.8142697833417197	0.6798544289772392	2.706476920746908	PXD044523_Zenodo_author_processed_RNA_protein	micro_pilot_processing_20260730:v1.0.0	MOFA2_unsupervised_gaussian_two_view
BED	-2.682122201822673	-1.745107840789009	1.6610336711292135	1.7332275287178283	2.73212367463486	PXD044523_Zenodo_author_processed_RNA_protein	micro_pilot_processing_20260730:v1.0.0	MOFA2_unsupervised_gaussian_two_view
BEE	-2.77623386709504	-1.5552571434608624	2.0066265277528084	1.9914149824871687	2.804587242102161	PXD044523_Zenodo_author_processed_RNA_protein	micro_pilot_processing_20260730:v1.0.0	MOFA2_unsupervised_gaussian_two_view
BEF	-2.5754916449881615	1.788439700345427	-0.2996667535639397	-0.5410388263981699	-0.6523313245808076	PXD044523_Zenodo_author_processed_RNA_protein	micro_pilot_processing_20260730:v1.0.0	MOFA2_unsupervised_gaussian_two_view
BEG	-2.7522477602820503	1.400912399418794	2.1786515712041448	-1.4828727035172329	-0.0778667063399102	PXD044523_Zenodo_author_processed_RNA_protein	micro_pilot_processing_20260730:v1.0.0	MOFA2_unsupervised_gaussian_two_view
BEH	-0.05367980812509327	-2.661741308557949	1.7888186635347345	1.9737826698103207	-3.509751542480255	PXD044523_Zenodo_author_processed_RNA_protein	micro_pilot_processing_20260730:v1.0.0	MOFA2_unsupervised_gaussian_two_view
BEI	-1.5439925675555186	2.0220573390814693	-3.567647058169493	-2.285675533449056	0.6815477383274122	PXD044523_Zenodo_author_processed_RNA_protein	micro_pilot_processing_20260730:v1.0.0	MOFA2_unsupervised_gaussian_two_view
BEK	-1.5311162233286533	-1.4757341981676175	-5.199124836533743	-2.6471692085148764	0.715571716960867	PXD044523_Zenodo_author_processed_RNA_protein	micro_pilot_processing_20260730:v1.0.0	MOFA2_unsupervised_gaussian_two_view
BEM	-1.1833639640353177	-0.6388549719336858	-5.978612573676163	-2.4016053300220768	0.43308198873203546	PXD044523_Zenodo_author_processed_RNA_protein	micro_pilot_processing_20260730:v1.0.0	MOFA2_unsupervised_gaussian_two_view
BEN	-1.837104861738498	1.4790207389575445	-3.9052628476472138	-2.5956857838137495	0.7845718946807367	PXD044523_Zenodo_author_processed_RNA_protein	micro_pilot_processing_20260730:v1.0.0	MOFA2_unsupervised_gaussian_two_view
BEP	1.5552612663085839	2.340761201526373	1.0441335938984642	-1.5063412727374361	-1.2138203200432718	PXD044523_Zenodo_author_processed_RNA_protein	micro_pilot_processing_20260730:v1.0.0	MOFA2_unsupervised_gaussian_two_view
BEQ	1.6571951278230777	1.7965436627728875	0.8606187279666775	-0.24977276960493813	0.9475767328237125	PXD044523_Zenodo_author_processed_RNA_protein	micro_pilot_processing_20260730:v1.0.0	MOFA2_unsupervised_gaussian_two_view
BER	2.2588738103033066	1.4140482761559674	-0.8131860373721064	-2.2157406385999296	-0.8457052926093968	PXD044523_Zenodo_author_processed_RNA_protein	micro_pilot_processing_20260730:v1.0.0	MOFA2_unsupervised_gaussian_two_view
BES	2.075423702239816	1.4601653261907497	0.09238202965256319	-1.9632440838311909	-0.9809776606089967	PXD044523_Zenodo_author_processed_RNA_protein	micro_pilot_processing_20260730:v1.0.0	MOFA2_unsupervised_gaussian_two_view
BET	1.7524189770243972	1.4196442700051686	-0.6908877407988168	-1.7243236524074	-1.074594083091741	PXD044523_Zenodo_author_processed_RNA_protein	micro_pilot_processing_20260730:v1.0.0	MOFA2_unsupervised_gaussian_two_view
BEV	2.0038718519057226	-0.24566652283403864	-1.281302020956665	-1.9995218482018364	-0.9210815274310229	PXD044523_Zenodo_author_processed_RNA_protein	micro_pilot_processing_20260730:v1.0.0	MOFA2_unsupervised_gaussian_two_view
BFA	-2.587789161993476	-1.0158133919081802	3.506637587277678	0.04326873413382748	2.3120323478885676	PXD044523_Zenodo_author_processed_RNA_protein	micro_pilot_processing_20260730:v1.0.0	MOFA2_unsupervised_gaussian_two_view
BFB	1.6656358833761111	2.21090075162931	-0.04677801201531706	-1.1097716990326596	-1.2257700074162856	PXD044523_Zenodo_author_processed_RNA_protein	micro_pilot_processing_20260730:v1.0.0	MOFA2_unsupervised_gaussian_two_view
BFC	1.9235975982441527	0.05357379523399328	0.28180947238944626	-1.8906475414963997	-1.0666098153873427	PXD044523_Zenodo_author_processed_RNA_protein	micro_pilot_processing_20260730:v1.0.0	MOFA2_unsupervised_gaussian_two_view
BFE	0.7781891909098262	-1.0170405383744978	-4.489889290536041	1.6256499302034637	-0.6270733074200816	PXD044523_Zenodo_author_processed_RNA_protein	micro_pilot_processing_20260730:v1.0.0	MOFA2_unsupervised_gaussian_two_view
BFG	0.542648014666329	3.6006856901619297	-3.5395670926194005	1.9982094485399524	-0.7436105691433558	PXD044523_Zenodo_author_processed_RNA_protein	micro_pilot_processing_20260730:v1.0.0	MOFA2_unsupervised_gaussian_two_view
BFH	-1.8665008270019083	-2.785381717391944	-2.839673982814846	-1.5234017823225172	-0.0029053351302006517	PXD044523_Zenodo_author_processed_RNA_protein	micro_pilot_processing_20260730:v1.0.0	MOFA2_unsupervised_gaussian_two_view
BFK	1.8397948999166196	1.5288625817877335	0.6818216015111672	-1.5623992200399541	-1.277019155523595	PXD044523_Zenodo_author_processed_RNA_protein	micro_pilot_processing_20260730:v1.0.0	MOFA2_unsupervised_gaussian_two_view
BFL	-2.629887864863288	-0.30032419274363337	3.5669912675096564	0.7475543341638223	2.1357595941064393	PXD044523_Zenodo_author_processed_RNA_protein	micro_pilot_processing_20260730:v1.0.0	MOFA2_unsupervised_gaussian_two_view
BFM	0.39056889908318193	1.6205907812795377	-2.898635276319415	2.3000252202164417	-0.7736955897592087	PXD044523_Zenodo_author_processed_RNA_protein	micro_pilot_processing_20260730:v1.0.0	MOFA2_unsupervised_gaussian_two_view
BFN	-2.425728894642341	-2.9699756545461065	-0.046068547948816825	-1.7129487143232585	0.22122857615640765	PXD044523_Zenodo_author_processed_RNA_protein	micro_pilot_processing_20260730:v1.0.0	MOFA2_unsupervised_gaussian_two_view
BFP	-2.5898539717919227	-0.9975333906915529	0.6960929115717365	-1.6845830861926876	0.07324914070412433	PXD044523_Zenodo_author_processed_RNA_protein	micro_pilot_processing_20260730:v1.0.0	MOFA2_unsupervised_gaussian_two_view
BFQ	1.8896060072939775	2.1815098717087347	0.3264213610307793	0.510610376949045	2.0346224996840716	PXD044523_Zenodo_author_processed_RNA_protein	micro_pilot_processing_20260730:v1.0.0	MOFA2_unsupervised_gaussian_two_view
BFR	1.6532529453749867	2.169656898938666	-0.340032716919716	-1.7253997237038294	-1.0506991592650132	PXD044523_Zenodo_author_processed_RNA_protein	micro_pilot_processing_20260730:v1.0.0	MOFA2_unsupervised_gaussian_two_view
BFS	-1.9971621584302734	1.4706056105480045	-0.4551548727242662	-2.4459385720035	0.645755526829733	PXD044523_Zenodo_author_processed_RNA_protein	micro_pilot_processing_20260730:v1.0.0	MOFA2_unsupervised_gaussian_two_view
BFV	-1.835864921423884	-1.377066821470481	-1.9913538469216399	-2.707683487417363	0.6841499484689669	PXD044523_Zenodo_author_processed_RNA_protein	micro_pilot_processing_20260730:v1.0.0	MOFA2_unsupervised_gaussian_two_view
BGA	-2.080007259182399	-2.214726755659168	-0.3391455728497574	-2.1156010697321097	0.28272113740448346	PXD044523_Zenodo_author_processed_RNA_protein	micro_pilot_processing_20260730:v1.0.0	MOFA2_unsupervised_gaussian_two_view
BGB	-1.2915557083508489	0.17988562849162126	0.08129072048141144	-1.5614867695048436	0.26428325936462815	PXD044523_Zenodo_author_processed_RNA_protein	micro_pilot_processing_20260730:v1.0.0	MOFA2_unsupervised_gaussian_two_view
BGC	-2.2912451721066565	-1.43479626457441	0.037413286057288046	-2.0961356094343153	0.3355635505964861	PXD044523_Zenodo_author_processed_RNA_protein	micro_pilot_processing_20260730:v1.0.0	MOFA2_unsupervised_gaussian_two_view
BGD	-2.2847566364281664	0.4771441752441024	1.074250008217711	-1.587745543721886	0.01851847175539582	PXD044523_Zenodo_author_processed_RNA_protein	micro_pilot_processing_20260730:v1.0.0	MOFA2_unsupervised_gaussian_two_view
BGE	-1.333162563444792	-0.5199711231929085	-0.5535684989323997	-1.8099807125498244	0.5012342777076595	PXD044523_Zenodo_author_processed_RNA_protein	micro_pilot_processing_20260730:v1.0.0	MOFA2_unsupervised_gaussian_two_view
BGF	-1.7866986398814315	1.6493386399338896	-2.445928204545811	-2.5035874691510904	0.6381339978879375	PXD044523_Zenodo_author_processed_RNA_protein	micro_pilot_processing_20260730:v1.0.0	MOFA2_unsupervised_gaussian_two_view
BGG	-0.5888812444906195	2.0313755326777727	-1.5612232750385346	-1.4600971881406621	0.07664429292797757	PXD044523_Zenodo_author_processed_RNA_protein	micro_pilot_processing_20260730:v1.0.0	MOFA2_unsupervised_gaussian_two_view
BGK	-2.431649111914687	-0.9565675330001552	0.5757159255020655	-1.8996706398280527	0.2665186572653226	PXD044523_Zenodo_author_processed_RNA_protein	micro_pilot_processing_20260730:v1.0.0	MOFA2_unsupervised_gaussian_two_view
BGL	-1.5087503362010384	0.860494355739847	-0.8397682432452295	-1.8527463877352	0.5364786103263083	PXD044523_Zenodo_author_processed_RNA_protein	micro_pilot_processing_20260730:v1.0.0	MOFA2_unsupervised_gaussian_two_view
BGN	-2.2343979051903116	1.4427857496221692	0.9055185938606708	-2.050385505704996	0.3541759809145588	PXD044523_Zenodo_author_processed_RNA_protein	micro_pilot_processing_20260730:v1.0.0	MOFA2_unsupervised_gaussian_two_view
BGQ	-1.9048065324777752	-1.527699631592159	-1.3453261095676832	-2.538710513177088	0.6755019598478411	PXD044523_Zenodo_author_processed_RNA_protein	micro_pilot_processing_20260730:v1.0.0	MOFA2_unsupervised_gaussian_two_view
BGR	-2.3921943974815516	-1.5645975546043493	0.5481825130983673	-1.5911651968056884	0.5681719475579133	PXD044523_Zenodo_author_processed_RNA_protein	micro_pilot_processing_20260730:v1.0.0	MOFA2_unsupervised_gaussian_two_view
BGS	-2.0228953642454153	0.8388418859368386	-0.8221766836297816	-2.157716247635197	0.3841618402125436	PXD044523_Zenodo_author_processed_RNA_protein	micro_pilot_processing_20260730:v1.0.0	MOFA2_unsupervised_gaussian_two_view
BGT	-2.0807058934383704	-1.5865116303092788	0.1787569016748397	-2.2073981427101033	0.4813843245363781	PXD044523_Zenodo_author_processed_RNA_protein	micro_pilot_processing_20260730:v1.0.0	MOFA2_unsupervised_gaussian_two_view
BGV	-2.1903905505936563	0.7355734858734853	-0.5737315959828702	-2.186001553698555	0.4094239922808933	PXD044523_Zenodo_author_processed_RNA_protein	micro_pilot_processing_20260730:v1.0.0	MOFA2_unsupervised_gaussian_two_view
BHA	-1.943670420762495	2.2759853702995807	-3.2796880645869586	-2.4463640774837914	0.7070010363062624	PXD044523_Zenodo_author_processed_RNA_protein	micro_pilot_processing_20260730:v1.0.0	MOFA2_unsupervised_gaussian_two_view
BHB	2.9546767725261915	-2.04972302250211	0.7252927407712036	0.8050614104299886	1.3708595583887049	PXD044523_Zenodo_author_processed_RNA_protein	micro_pilot_processing_20260730:v1.0.0	MOFA2_unsupervised_gaussian_two_view
BHC	2.248748081385328	0.5214995188058315	-1.4743115103800961	-1.863015415211852	-1.1728066155484602	PXD044523_Zenodo_author_processed_RNA_protein	micro_pilot_processing_20260730:v1.0.0	MOFA2_unsupervised_gaussian_two_view
BHE	1.5726765511967007	-1.2873647794719636	0.7017820211085678	0.19914266435962596	-0.5645342327589413	PXD044523_Zenodo_author_processed_RNA_protein	micro_pilot_processing_20260730:v1.0.0	MOFA2_unsupervised_gaussian_two_view
BHF	1.72165749336097	-1.0316840106667253	0.31707884857945995	-1.587691088445728	-1.251725633549851	PXD044523_Zenodo_author_processed_RNA_protein	micro_pilot_processing_20260730:v1.0.0	MOFA2_unsupervised_gaussian_two_view
BHG	1.066085881774013	-2.151065197312957	1.6062248111755622	-0.8688984525769249	-1.6673792698602319	PXD044523_Zenodo_author_processed_RNA_protein	micro_pilot_processing_20260730:v1.0.0	MOFA2_unsupervised_gaussian_two_view
BHH	0.3962126123789714	-0.8685208612776858	2.87480728729378	-0.09045124909105616	-2.0465851287234513	PXD044523_Zenodo_author_processed_RNA_protein	micro_pilot_processing_20260730:v1.0.0	MOFA2_unsupervised_gaussian_two_view
BHI	0.6277132037931475	-0.8213506121550516	2.491621012301763	-0.25887473080115286	-1.6966082004514067	PXD044523_Zenodo_author_processed_RNA_protein	micro_pilot_processing_20260730:v1.0.0	MOFA2_unsupervised_gaussian_two_view
BHK	0.9931002229025253	2.4669841708080535	0.12384625092059127	1.273428375235608	0.5586835517269474	PXD044523_Zenodo_author_processed_RNA_protein	micro_pilot_processing_20260730:v1.0.0	MOFA2_unsupervised_gaussian_two_view
BHM	1.7053388152423685	1.6613151929099448	-0.6264507133596372	-1.2063627171304296	-1.110106703064373	PXD044523_Zenodo_author_processed_RNA_protein	micro_pilot_processing_20260730:v1.0.0	MOFA2_unsupervised_gaussian_two_view
BHN	1.7480430385039056	0.2345459386290158	0.012242128021729784	-1.6144102459063012	-1.1853160793012996	PXD044523_Zenodo_author_processed_RNA_protein	micro_pilot_processing_20260730:v1.0.0	MOFA2_unsupervised_gaussian_two_view
BHP	-3.0175288299511136	1.9283345350429701	-1.245590967661425	-1.0009657204784244	-0.30327027128669426	PXD044523_Zenodo_author_processed_RNA_protein	micro_pilot_processing_20260730:v1.0.0	MOFA2_unsupervised_gaussian_two_view
BHQ	-2.7514312005404	1.1910436351663558	-1.4778524418783914	-0.6631269128601999	-0.621021639659732	PXD044523_Zenodo_author_processed_RNA_protein	micro_pilot_processing_20260730:v1.0.0	MOFA2_unsupervised_gaussian_two_view
BHR	-1.8527735199717301	1.3368650715628803	-1.233577262938896	-0.5780729750423264	-0.958161389891498	PXD044523_Zenodo_author_processed_RNA_protein	micro_pilot_processing_20260730:v1.0.0	MOFA2_unsupervised_gaussian_two_view
BHS	-3.715699849756807	-0.18152226058892967	0.6352725867660938	0.042862083402743265	-0.723460817143124	PXD044523_Zenodo_author_processed_RNA_protein	micro_pilot_processing_20260730:v1.0.0	MOFA2_unsupervised_gaussian_two_view
BHT	1.933174520318387	0.8321593441654803	-0.173985708555024	-0.6448895251803163	-1.3170366521710812	PXD044523_Zenodo_author_processed_RNA_protein	micro_pilot_processing_20260730:v1.0.0	MOFA2_unsupervised_gaussian_two_view
BHV	1.7151058424053962	1.2889047716606201	1.0691562856359775	-0.9970668459445955	-1.4768133169083855	PXD044523_Zenodo_author_processed_RNA_protein	micro_pilot_processing_20260730:v1.0.0	MOFA2_unsupervised_gaussian_two_view
BIA	2.1570059257197176	1.7516185389132364	-0.5605561213636948	-2.0144275283986732	-0.9425510635349579	PXD044523_Zenodo_author_processed_RNA_protein	micro_pilot_processing_20260730:v1.0.0	MOFA2_unsupervised_gaussian_two_view
BIB	2.122781047581954	0.5147419995135986	-0.39954490889835587	-2.090756110578112	-0.9475975342296324	PXD044523_Zenodo_author_processed_RNA_protein	micro_pilot_processing_20260730:v1.0.0	MOFA2_unsupervised_gaussian_two_view
BID	-0.50329563655505	0.7535168862945519	-1.8139826956523533	-1.9003410464473094	4.1070621822831415	PXD044523_Zenodo_author_processed_RNA_protein	micro_pilot_processing_20260730:v1.0.0	MOFA2_unsupervised_gaussian_two_view
BIE	-0.2246570889894846	-1.846332089670736	1.193845403274523	2.000378856757689	-3.3252917422297212	PXD044523_Zenodo_author_processed_RNA_protein	micro_pilot_processing_20260730:v1.0.0	MOFA2_unsupervised_gaussian_two_view
BIH	1.7524071564685015	0.2376177475094322	-0.8590086436352404	-1.7248517786204294	-1.0601084935016467	PXD044523_Zenodo_author_processed_RNA_protein	micro_pilot_processing_20260730:v1.0.0	MOFA2_unsupervised_gaussian_two_view
BII	2.1784567863794386	-0.9583493899852434	1.353456213997112	0.7691372831309774	2.8252753258302903	PXD044523_Zenodo_author_processed_RNA_protein	micro_pilot_processing_20260730:v1.0.0	MOFA2_unsupervised_gaussian_two_view
BIK	2.2365917623479974	-1.4130973998863958	0.34638049795548265	-0.46774650051216204	1.4684635927897303	PXD044523_Zenodo_author_processed_RNA_protein	micro_pilot_processing_20260730:v1.0.0	MOFA2_unsupervised_gaussian_two_view
BIL	1.342368371823937	1.142172332189145	-0.24572729440852917	0.7017013671569299	1.1605759487397436	PXD044523_Zenodo_author_processed_RNA_protein	micro_pilot_processing_20260730:v1.0.0	MOFA2_unsupervised_gaussian_two_view
BIM	1.523478947976058	1.5612775192537587	1.256038878590255	-1.365227554173596	-1.3324678081081565	PXD044523_Zenodo_author_processed_RNA_protein	micro_pilot_processing_20260730:v1.0.0	MOFA2_unsupervised_gaussian_two_view
BIN	1.464860580948347	1.1877401352063262	1.9642643905160153	-1.15011163944901	-1.3962505909241165	PXD044523_Zenodo_author_processed_RNA_protein	micro_pilot_processing_20260730:v1.0.0	MOFA2_unsupervised_gaussian_two_view
BIP	-1.5437506073084142	2.613425037533781	0.42845794344427685	-2.937393013639444	0.7921823460818805	PXD044523_Zenodo_author_processed_RNA_protein	micro_pilot_processing_20260730:v1.0.0	MOFA2_unsupervised_gaussian_two_view
BIQ	-0.7430292126160433	1.9266234012362844	0.614751597240405	-1.688942783298421	-0.41049083679175885	PXD044523_Zenodo_author_processed_RNA_protein	micro_pilot_processing_20260730:v1.0.0	MOFA2_unsupervised_gaussian_two_view
BIR	1.7380979776983485	1.4947475902254237	0.5046565837751329	-1.5106358991341498	-1.2389554069542643	PXD044523_Zenodo_author_processed_RNA_protein	micro_pilot_processing_20260730:v1.0.0	MOFA2_unsupervised_gaussian_two_view
BIS	1.9335047053484218	1.0173952177289034	0.6640003313055357	0.8993319424608013	2.512633013765419	PXD044523_Zenodo_author_processed_RNA_protein	micro_pilot_processing_20260730:v1.0.0	MOFA2_unsupervised_gaussian_two_view
BIT	-0.7296113263341542	0.022239383304421358	-3.2452845470837306	-1.7378466065322051	3.549467222850489	PXD044523_Zenodo_author_processed_RNA_protein	micro_pilot_processing_20260730:v1.0.0	MOFA2_unsupervised_gaussian_two_view
BKA	1.5740264488827582	-0.05317857627108374	1.2720826088887358	-1.2541426005312837	-1.1727264794707817	PXD044523_Zenodo_author_processed_RNA_protein	micro_pilot_processing_20260730:v1.0.0	MOFA2_unsupervised_gaussian_two_view
BKC	1.451455242546062	-1.0490431217884182	0.6690443636544858	-1.172920846571487	-1.5015231498609087	PXD044523_Zenodo_author_processed_RNA_protein	micro_pilot_processing_20260730:v1.0.0	MOFA2_unsupervised_gaussian_two_view
BKD	1.8128339729787546	0.748957214221157	0.8689515089171773	-0.23842336404947032	0.541997603996532	PXD044523_Zenodo_author_processed_RNA_protein	micro_pilot_processing_20260730:v1.0.0	MOFA2_unsupervised_gaussian_two_view
BKE	2.334900719824196	-1.6478865041653459	-1.131588229655506	-0.6283555571152759	1.897370266209378	PXD044523_Zenodo_author_processed_RNA_protein	micro_pilot_processing_20260730:v1.0.0	MOFA2_unsupervised_gaussian_two_view
BKF	2.4888879206553236	1.171410291471714	-1.244481446866785	-0.6949332849100496	1.8812274947758676	PXD044523_Zenodo_author_processed_RNA_protein	micro_pilot_processing_20260730:v1.0.0	MOFA2_unsupervised_gaussian_two_view
BKG	1.9017117443147693	-2.1872277387647427	1.3302913817998934	0.03078490965350635	1.5718778975711667	PXD044523_Zenodo_author_processed_RNA_protein	micro_pilot_processing_20260730:v1.0.0	MOFA2_unsupervised_gaussian_two_view
BKH	1.3348294425741372	1.2491624711967761	2.8397544538755883	-0.6222360194148078	-1.7337008479786813	PXD044523_Zenodo_author_processed_RNA_protein	micro_pilot_processing_20260730:v1.0.0	MOFA2_unsupervised_gaussian_two_view
BKI	1.8004795872024955	0.8816574731645487	0.1468765364139519	-1.44304269349607	-1.2277409218506536	PXD044523_Zenodo_author_processed_RNA_protein	micro_pilot_processing_20260730:v1.0.0	MOFA2_unsupervised_gaussian_two_view
BKK	1.5964201994154428	2.4185941179415233	0.23545656497630071	-0.6028993393452431	-0.8328399562246142	PXD044523_Zenodo_author_processed_RNA_protein	micro_pilot_processing_20260730:v1.0.0	MOFA2_unsupervised_gaussian_two_view
BKL	2.13522403265585	0.6218381954174772	-0.13946231714116053	-1.341764269612736	-1.151238672297894	PXD044523_Zenodo_author_processed_RNA_protein	micro_pilot_processing_20260730:v1.0.0	MOFA2_unsupervised_gaussian_two_view
BKM	-1.309621590350759	-1.1144361247250483	0.6687537511217938	-0.7312220036524445	4.398510193407583	PXD044523_Zenodo_author_processed_RNA_protein	micro_pilot_processing_20260730:v1.0.0	MOFA2_unsupervised_gaussian_two_view
BKN	2.0063307199455758	-0.11241608212226145	1.2528121713864475	-1.787572161834874	-1.202733290491293	PXD044523_Zenodo_author_processed_RNA_protein	micro_pilot_processing_20260730:v1.0.0	MOFA2_unsupervised_gaussian_two_view
BKP	2.1572304863263283	-2.260732879502697	-1.264630249278535	-2.1518587964254934	-0.9494591077869798	PXD044523_Zenodo_author_processed_RNA_protein	micro_pilot_processing_20260730:v1.0.0	MOFA2_unsupervised_gaussian_two_view
BKQ	2.011381117392872	1.6874099714840232	0.010906034033115065	-1.8550541086433305	-0.08999084993682713	PXD044523_Zenodo_author_processed_RNA_protein	micro_pilot_processing_20260730:v1.0.0	MOFA2_unsupervised_gaussian_two_view
BKR	1.4207291210696855	2.021332144068998	0.9141131475098128	-1.2466298026432432	-1.2132696183061553	PXD044523_Zenodo_author_processed_RNA_protein	micro_pilot_processing_20260730:v1.0.0	MOFA2_unsupervised_gaussian_two_view
BKS	2.223838324881426	0.47230996010223175	0.8735120997935908	-1.6142913926277624	-1.3221160450286413	PXD044523_Zenodo_author_processed_RNA_protein	micro_pilot_processing_20260730:v1.0.0	MOFA2_unsupervised_gaussian_two_view
BKT	1.779043152496826	2.4055338620982463	-0.2610494833811077	-1.6319802150104965	-1.1801908788361088	PXD044523_Zenodo_author_processed_RNA_protein	micro_pilot_processing_20260730:v1.0.0	MOFA2_unsupervised_gaussian_two_view
BLA	1.9469219536640177	2.087056105768589	-0.036469503447282774	-1.565675276840842	-1.0122573669413628	PXD044523_Zenodo_author_processed_RNA_protein	micro_pilot_processing_20260730:v1.0.0	MOFA2_unsupervised_gaussian_two_view
BLB	2.3257752148699815	0.6160627197923795	-0.27910170864865885	-2.029539407601052	-0.9773403399699979	PXD044523_Zenodo_author_processed_RNA_protein	micro_pilot_processing_20260730:v1.0.0	MOFA2_unsupervised_gaussian_two_view
BLC	2.296655684589593	-1.5123010553512752	-0.1254144198572869	-2.0125031827499797	-1.0234612871628588	PXD044523_Zenodo_author_processed_RNA_protein	micro_pilot_processing_20260730:v1.0.0	MOFA2_unsupervised_gaussian_two_view
BLD	1.9664735277682965	-0.5541086676544575	0.35955841384539317	-1.9360465004123555	-1.0484392205975013	PXD044523_Zenodo_author_processed_RNA_protein	micro_pilot_processing_20260730:v1.0.0	MOFA2_unsupervised_gaussian_two_view
BLE	2.0637404476582577	2.3750375384161897	0.928938689116615	-0.26337104456043287	1.7491772117351507	PXD044523_Zenodo_author_processed_RNA_protein	micro_pilot_processing_20260730:v1.0.0	MOFA2_unsupervised_gaussian_two_view
BLF	2.007166133240956	-0.9029031217550829	0.6174995071202433	-1.8362434245674362	-1.1603242791103223	PXD044523_Zenodo_author_processed_RNA_protein	micro_pilot_processing_20260730:v1.0.0	MOFA2_unsupervised_gaussian_two_view
BLG	2.154644311560379	2.114868173160651	0.44556749151401875	1.0316482763206558	2.580152858231411	PXD044523_Zenodo_author_processed_RNA_protein	micro_pilot_processing_20260730:v1.0.0	MOFA2_unsupervised_gaussian_two_view
BLH	1.468382882926804	2.7856060722059346	0.9310441174636636	-1.179721732682842	-1.1889579027347452	PXD044523_Zenodo_author_processed_RNA_protein	micro_pilot_processing_20260730:v1.0.0	MOFA2_unsupervised_gaussian_two_view
BLI	2.398581080481049	2.049461263621428	-0.10245908750007547	0.8617512986136524	2.5283923715887076	PXD044523_Zenodo_author_processed_RNA_protein	micro_pilot_processing_20260730:v1.0.0	MOFA2_unsupervised_gaussian_two_view
BLK	2.190293307898383	-0.8176820791537297	0.2710696109980755	0.5845038316735889	2.681665508662	PXD044523_Zenodo_author_processed_RNA_protein	micro_pilot_processing_20260730:v1.0.0	MOFA2_unsupervised_gaussian_two_view
BLL	2.4160246027313272	1.9068486894640528	-0.8388990353301976	-0.4258209176895413	1.817423417860978	PXD044523_Zenodo_author_processed_RNA_protein	micro_pilot_processing_20260730:v1.0.0	MOFA2_unsupervised_gaussian_two_view
BLN	2.048534426427061	0.5796321417696317	-0.4664996219820695	-2.0695524831107	-0.9257916927598284	PXD044523_Zenodo_author_processed_RNA_protein	micro_pilot_processing_20260730:v1.0.0	MOFA2_unsupervised_gaussian_two_view
BLP	2.10382943385504	-0.8245757910622358	-2.5189864963079236	-2.0316203283858556	-0.9755631669884762	PXD044523_Zenodo_author_processed_RNA_protein	micro_pilot_processing_20260730:v1.0.0	MOFA2_unsupervised_gaussian_two_view
BLQ	1.9856573734686764	1.3797454751202274	-0.4561081684639367	-1.836877227167573	-0.5902616480075552	PXD044523_Zenodo_author_processed_RNA_protein	micro_pilot_processing_20260730:v1.0.0	MOFA2_unsupervised_gaussian_two_view
BLR	-0.319443076603805	2.8488444057306657	-2.4208495506379855	-2.127093783885872	4.2236009847215445	PXD044523_Zenodo_author_processed_RNA_protein	micro_pilot_processing_20260730:v1.0.0	MOFA2_unsupervised_gaussian_two_view
BLT	2.0885775843072847	1.4807252724702558	0.16896522884988147	0.24494819699112513	1.630790873105765	PXD044523_Zenodo_author_processed_RNA_protein	micro_pilot_processing_20260730:v1.0.0	MOFA2_unsupervised_gaussian_two_view
BLV	1.7588358348211344	0.3187922346420584	-0.508820654566039	-1.9884628665260338	-0.9850427446947486	PXD044523_Zenodo_author_processed_RNA_protein	micro_pilot_processing_20260730:v1.0.0	MOFA2_unsupervised_gaussian_two_view
BMA	-2.780918336273907	0.841148996010392	-0.7879181566280891	-0.9221135157290159	-0.2602858936994714	PXD044523_Zenodo_author_processed_RNA_protein	micro_pilot_processing_20260730:v1.0.0	MOFA2_unsupervised_gaussian_two_view
BMB	-2.5447140086161384	-3.1739149244490785	-0.6669957767396604	-0.7952467193750914	-0.6468831654208347	PXD044523_Zenodo_author_processed_RNA_protein	micro_pilot_processing_20260730:v1.0.0	MOFA2_unsupervised_gaussian_two_view
BMC	-3.20659143364144	-1.1581720609636634	-0.510067468021867	-0.680429655602864	-0.44237258659479933	PXD044523_Zenodo_author_processed_RNA_protein	micro_pilot_processing_20260730:v1.0.0	MOFA2_unsupervised_gaussian_two_view
BME	-1.7679632778180805	0.6345055447173371	-2.1523410109928416	-1.5451104370843152	0.1750873385261889	PXD044523_Zenodo_author_processed_RNA_protein	micro_pilot_processing_20260730:v1.0.0	MOFA2_unsupervised_gaussian_two_view
BMF	0.8220309092035772	1.9368734474858194	1.000316534938494	3.4459675553129543	0.3676924578003249	PXD044523_Zenodo_author_processed_RNA_protein	micro_pilot_processing_20260730:v1.0.0	MOFA2_unsupervised_gaussian_two_view
BMG	1.5992973853458807	-0.4581002249567024	-4.027068038039769	1.6643024209572834	0.7962952014701048	PXD044523_Zenodo_author_processed_RNA_protein	micro_pilot_processing_20260730:v1.0.0	MOFA2_unsupervised_gaussian_two_view
BMH	1.266952432373531	2.6676239398844355	1.8000397198930946	-1.176077442497682	-1.2597909282289912	PXD044523_Zenodo_author_processed_RNA_protein	micro_pilot_processing_20260730:v1.0.0	MOFA2_unsupervised_gaussian_two_view
BMI	1.5115763087416998	1.657564552449448	0.2844852686336981	-1.3310320084914822	-1.0941295535978948	PXD044523_Zenodo_author_processed_RNA_protein	micro_pilot_processing_20260730:v1.0.0	MOFA2_unsupervised_gaussian_two_view
BMK	1.694618427713441	2.1765445429044976	0.7538682330111366	-1.6426289976998962	-1.1232774670198595	PXD044523_Zenodo_author_processed_RNA_protein	micro_pilot_processing_20260730:v1.0.0	MOFA2_unsupervised_gaussian_two_view
BML	0.7900160091361005	1.1837353401869337	-2.7650343744168766	2.490981243856499	-0.5387824841418679	PXD044523_Zenodo_author_processed_RNA_protein	micro_pilot_processing_20260730:v1.0.0	MOFA2_unsupervised_gaussian_two_view
BMM	0.21628872807945482	3.6276661235985577	-2.366704988973102	1.8970794697990128	0.22812856405290544	PXD044523_Zenodo_author_processed_RNA_protein	micro_pilot_processing_20260730:v1.0.0	MOFA2_unsupervised_gaussian_two_view
BMN	3.0769865810089523	-1.6712072227054706	0.9561496213148517	0.09520494115490466	1.9118493944889179	PXD044523_Zenodo_author_processed_RNA_protein	micro_pilot_processing_20260730:v1.0.0	MOFA2_unsupervised_gaussian_two_view
BMQ	0.44042473978968666	-0.2086622628097091	0.530954215298537	3.0540592501354102	0.0753321276238961	PXD044523_Zenodo_author_processed_RNA_protein	micro_pilot_processing_20260730:v1.0.0	MOFA2_unsupervised_gaussian_two_view
BMR	-2.842988150813213	-3.0287563214783177	-1.0487171037398733	0.9467613825709205	3.1378248360256817	PXD044523_Zenodo_author_processed_RNA_protein	micro_pilot_processing_20260730:v1.0.0	MOFA2_unsupervised_gaussian_two_view
BMV	-3.0413710270581373	-3.404305098753163	-0.1150137934219024	1.3576473376155636	3.160348509487279	PXD044523_Zenodo_author_processed_RNA_protein	micro_pilot_processing_20260730:v1.0.0	MOFA2_unsupervised_gaussian_two_view
BNA	-2.727035076292909	-0.970142742013671	0.6598904421160832	0.6500532325917875	2.9838239418933585	PXD044523_Zenodo_author_processed_RNA_protein	micro_pilot_processing_20260730:v1.0.0	MOFA2_unsupervised_gaussian_two_view
BNB	-3.0143951832773768	-2.434893062198085	2.642355040056549	1.3759185745577835	3.3015834724652477	PXD044523_Zenodo_author_processed_RNA_protein	micro_pilot_processing_20260730:v1.0.0	MOFA2_unsupervised_gaussian_two_view
BNC	-3.345476562852487	-1.9647898010924607	1.9835775322084523	1.3853128420431546	2.073702102640079	PXD044523_Zenodo_author_processed_RNA_protein	micro_pilot_processing_20260730:v1.0.0	MOFA2_unsupervised_gaussian_two_view
BND	-3.072526395305137	-1.1061779300561527	1.0043801437940936	1.279111148765268	2.912514140840714	PXD044523_Zenodo_author_processed_RNA_protein	micro_pilot_processing_20260730:v1.0.0	MOFA2_unsupervised_gaussian_two_view
BNE	2.175199782488202	2.369158888834517	-0.736130982754384	-1.9945326978782474	-0.9910373729284394	PXD044523_Zenodo_author_processed_RNA_protein	micro_pilot_processing_20260730:v1.0.0	MOFA2_unsupervised_gaussian_two_view
BNF	-1.489993151447853	4.377688158968479	-0.5800143464090433	-2.8554720925643333	0.9863336909919744	PXD044523_Zenodo_author_processed_RNA_protein	micro_pilot_processing_20260730:v1.0.0	MOFA2_unsupervised_gaussian_two_view
BNG	2.2832341784694825	-1.6819597316580135	-0.2640167486980077	-1.1794774475960497	-1.1070474059655828	PXD044523_Zenodo_author_processed_RNA_protein	micro_pilot_processing_20260730:v1.0.0	MOFA2_unsupervised_gaussian_two_view
BNI	2.3672727855733857	0.12740691048175096	-0.4996735739352965	-0.30781183511502863	2.1439986307211	PXD044523_Zenodo_author_processed_RNA_protein	micro_pilot_processing_20260730:v1.0.0	MOFA2_unsupervised_gaussian_two_view
BNK	1.8894553893460961	1.4049000421786024	-1.8272407921290958	-1.870595672844613	-1.0349008268394666	PXD044523_Zenodo_author_processed_RNA_protein	micro_pilot_processing_20260730:v1.0.0	MOFA2_unsupervised_gaussian_two_view
BNL	-0.8460034495004977	2.679732071880276	-0.77231605350046	-1.8241458122977925	4.191181054199337	PXD044523_Zenodo_author_processed_RNA_protein	micro_pilot_processing_20260730:v1.0.0	MOFA2_unsupervised_gaussian_two_view
BNN	2.053962456739953	-2.2933001801781208	1.3066056887905828	-1.5474934035789505	-1.3763661829597258	PXD044523_Zenodo_author_processed_RNA_protein	micro_pilot_processing_20260730:v1.0.0	MOFA2_unsupervised_gaussian_two_view
BNP	1.9575178076460351	-0.6648786137602217	0.8531396763019635	-0.08581374205456997	0.8972958862865574	PXD044523_Zenodo_author_processed_RNA_protein	micro_pilot_processing_20260730:v1.0.0	MOFA2_unsupervised_gaussian_two_view
BNQ	1.5969346354614296	1.8126462961351566	1.3556555860290491	-0.4066529357653105	-0.4932112119716213	PXD044523_Zenodo_author_processed_RNA_protein	micro_pilot_processing_20260730:v1.0.0	MOFA2_unsupervised_gaussian_two_view
BNR	1.7537362010227422	1.7584990850605624	-1.1092153238523144	-1.35250352904818	-0.6353027861646193	PXD044523_Zenodo_author_processed_RNA_protein	micro_pilot_processing_20260730:v1.0.0	MOFA2_unsupervised_gaussian_two_view
BNT	-1.318664261421619	1.9278603492827808	-0.6077589059131194	-3.183633919174335	0.9307140187261411	PXD044523_Zenodo_author_processed_RNA_protein	micro_pilot_processing_20260730:v1.0.0	MOFA2_unsupervised_gaussian_two_view
BNV	2.414829422408399	2.141797084479638	-1.9627315829492327	-2.2828905632309886	-0.8202611427201195	PXD044523_Zenodo_author_processed_RNA_protein	micro_pilot_processing_20260730:v1.0.0	MOFA2_unsupervised_gaussian_two_view
BPA	0.4004425366869264	-1.7106473764936114	-1.4830394604350134	1.230980208614709	-2.790904834064125	PXD044523_Zenodo_author_processed_RNA_protein	micro_pilot_processing_20260730:v1.0.0	MOFA2_unsupervised_gaussian_two_view
BPB	1.585939331107251	1.4506220627733537	0.7158724639755101	-1.4625901349165975	-1.3097858242272165	PXD044523_Zenodo_author_processed_RNA_protein	micro_pilot_processing_20260730:v1.0.0	MOFA2_unsupervised_gaussian_two_view
BPF	-1.1381198461584727	1.035329115482994	-0.9933712464033525	-3.6380058135520614	1.2328308771036647	PXD044523_Zenodo_author_processed_RNA_protein	micro_pilot_processing_20260730:v1.0.0	MOFA2_unsupervised_gaussian_two_view
BPG	1.6684851308932378	1.9475274838496321	0.7774274831624927	-1.6146438404417836	-1.1699549851074635	PXD044523_Zenodo_author_processed_RNA_protein	micro_pilot_processing_20260730:v1.0.0	MOFA2_unsupervised_gaussian_two_view
BPH	1.7050362772181231	1.6405116362779164	0.7548352234464792	-1.404021458739795	-0.8751355826316602	PXD044523_Zenodo_author_processed_RNA_protein	micro_pilot_processing_20260730:v1.0.0	MOFA2_unsupervised_gaussian_two_view
BPI	-2.342603222555675	-1.5214231538775278	1.781967217827499	-0.2361341429858919	2.5628528672144135	PXD044523_Zenodo_author_processed_RNA_protein	micro_pilot_processing_20260730:v1.0.0	MOFA2_unsupervised_gaussian_two_view
BPK	-0.7277517330011517	1.6745394095774855	-1.9812750370202892	-2.2561776410886587	3.704225265958149	PXD044523_Zenodo_author_processed_RNA_protein	micro_pilot_processing_20260730:v1.0.0	MOFA2_unsupervised_gaussian_two_view
BPL	2.1640216013836135	-2.5886641940949913	-1.366606284301523	0.12908511865240227	2.4418849781244814	PXD044523_Zenodo_author_processed_RNA_protein	micro_pilot_processing_20260730:v1.0.0	MOFA2_unsupervised_gaussian_two_view
BPM	-1.384817885993635	1.4431953179207435	-0.7048308624373796	-3.2008662032636686	0.9840680633817666	PXD044523_Zenodo_author_processed_RNA_protein	micro_pilot_processing_20260730:v1.0.0	MOFA2_unsupervised_gaussian_two_view
BPN	0.9610833486459757	-0.7910209703885822	1.4985064329076978	1.1774615487244044	1.0313277880540477	PXD044523_Zenodo_author_processed_RNA_protein	micro_pilot_processing_20260730:v1.0.0	MOFA2_unsupervised_gaussian_two_view
BPP	1.5962244308481401	-2.315203868551235	1.7869097701094405	-1.3287133223834975	-1.208285899003213	PXD044523_Zenodo_author_processed_RNA_protein	micro_pilot_processing_20260730:v1.0.0	MOFA2_unsupervised_gaussian_two_view
BPQ	1.6112269291885069	1.9184017956359933	-0.5832366333191077	-0.8104529669038499	-1.6566682059807496	PXD044523_Zenodo_author_processed_RNA_protein	micro_pilot_processing_20260730:v1.0.0	MOFA2_unsupervised_gaussian_two_view
BPR	2.0537114895060764	-3.301254571348532	0.13573293545742307	-0.403061733439178	1.321536355850696	PXD044523_Zenodo_author_processed_RNA_protein	micro_pilot_processing_20260730:v1.0.0	MOFA2_unsupervised_gaussian_two_view
BPT	1.5169795650700146	1.8055891240371298	0.2863679364526427	-1.3420010136155702	-0.9010106891252901	PXD044523_Zenodo_author_processed_RNA_protein	micro_pilot_processing_20260730:v1.0.0	MOFA2_unsupervised_gaussian_two_view
BPV	1.924881062529021	0.1230201021809593	-0.9776555515634429	-1.730077128166552	-1.13672007654099	PXD044523_Zenodo_author_processed_RNA_protein	micro_pilot_processing_20260730:v1.0.0	MOFA2_unsupervised_gaussian_two_view
BQA	1.8367680751992017	1.3192269574899746	-0.4768273386384483	-1.6662997364924164	-1.1481953735236852	PXD044523_Zenodo_author_processed_RNA_protein	micro_pilot_processing_20260730:v1.0.0	MOFA2_unsupervised_gaussian_two_view
BQB	1.9008762145211682	0.00508026644528982	-0.2831055805961697	0.06617059202609644	1.9276825704057958	PXD044523_Zenodo_author_processed_RNA_protein	micro_pilot_processing_20260730:v1.0.0	MOFA2_unsupervised_gaussian_two_view
BQE	1.9105432280336385	1.5645910251575417	0.47763540545720956	-0.10687346705169744	0.8165263057359913	PXD044523_Zenodo_author_processed_RNA_protein	micro_pilot_processing_20260730:v1.0.0	MOFA2_unsupervised_gaussian_two_view
BQG	1.8913802933813597	-1.0490876288852202	-0.3631301785320599	-1.9086429727823204	-1.0761953918612932	PXD044523_Zenodo_author_processed_RNA_protein	micro_pilot_processing_20260730:v1.0.0	MOFA2_unsupervised_gaussian_two_view
BQH	2.611169155842454	2.528434394253849	-0.8817024330290462	-0.5886814229333532	2.6631107294869736	PXD044523_Zenodo_author_processed_RNA_protein	micro_pilot_processing_20260730:v1.0.0	MOFA2_unsupervised_gaussian_two_view
BQI	2.203136717276899	-2.354494193229654	-0.3017063009750953	-0.5615710226452807	1.663526902089903	PXD044523_Zenodo_author_processed_RNA_protein	micro_pilot_processing_20260730:v1.0.0	MOFA2_unsupervised_gaussian_two_view
BQM	1.963398582629184	1.0979066066090473	-0.3283541741041288	-1.6613399898833867	-1.181321255329889	PXD044523_Zenodo_author_processed_RNA_protein	micro_pilot_processing_20260730:v1.0.0	MOFA2_unsupervised_gaussian_two_view
BQN	2.036433609577753	-1.3167960343759066	-0.43012483920869576	-1.968658779521199	-0.8808431126629228	PXD044523_Zenodo_author_processed_RNA_protein	micro_pilot_processing_20260730:v1.0.0	MOFA2_unsupervised_gaussian_two_view
BQP	1.3722994797876669	0.8162563619050979	-0.02122345094089911	0.2867751465051024	-2.3409193965354422	PXD044523_Zenodo_author_processed_RNA_protein	micro_pilot_processing_20260730:v1.0.0	MOFA2_unsupervised_gaussian_two_view
BQQ	2.096018932571032	0.4251338157872461	2.0127123059801866	-1.4202113995791532	-1.4503509330120798	PXD044523_Zenodo_author_processed_RNA_protein	micro_pilot_processing_20260730:v1.0.0	MOFA2_unsupervised_gaussian_two_view
BQR	2.049237696356286	0.29879120211307175	-0.5832741452790745	-1.934646845299319	-0.35300681230976194	PXD044523_Zenodo_author_processed_RNA_protein	micro_pilot_processing_20260730:v1.0.0	MOFA2_unsupervised_gaussian_two_view
BQS	-1.1862919508054501	2.144728647610306	-0.7574329229148706	-3.3793883869605468	1.1028665381077314	PXD044523_Zenodo_author_processed_RNA_protein	micro_pilot_processing_20260730:v1.0.0	MOFA2_unsupervised_gaussian_two_view
BQT	1.784940481451975	1.7932045498655202	-0.017224399550424846	-1.938600259190898	-0.8791613074716477	PXD044523_Zenodo_author_processed_RNA_protein	micro_pilot_processing_20260730:v1.0.0	MOFA2_unsupervised_gaussian_two_view
BRA	1.6430550753389468	-0.03790720501821009	1.2993953637104498	0.18846130186146628	1.5427861132073415	PXD044523_Zenodo_author_processed_RNA_protein	micro_pilot_processing_20260730:v1.0.0	MOFA2_unsupervised_gaussian_two_view
BRB	1.4062540908533963	2.5424336811633426	1.8181777331113727	0.5582481961792655	0.33202606679986657	PXD044523_Zenodo_author_processed_RNA_protein	micro_pilot_processing_20260730:v1.0.0	MOFA2_unsupervised_gaussian_two_view
BRC	1.5842358370807523	2.3930839963839428	0.17728738692650542	-1.05880723500612	-1.3153716418240475	PXD044523_Zenodo_author_processed_RNA_protein	micro_pilot_processing_20260730:v1.0.0	MOFA2_unsupervised_gaussian_two_view
BRD	2.18487400506354	2.4511193772993605	0.07034656398627416	-0.1329701399171653	2.04671111630116	PXD044523_Zenodo_author_processed_RNA_protein	micro_pilot_processing_20260730:v1.0.0	MOFA2_unsupervised_gaussian_two_view
BRE	1.9228232299216412	1.1724630385398542	-0.5501920273410221	-1.9851266806492942	-0.889764611323054	PXD044523_Zenodo_author_processed_RNA_protein	micro_pilot_processing_20260730:v1.0.0	MOFA2_unsupervised_gaussian_two_view
BRF	1.8406665182291706	2.1039058806660784	-0.7059044486457074	0.25680218300375224	1.7267735950447267	PXD044523_Zenodo_author_processed_RNA_protein	micro_pilot_processing_20260730:v1.0.0	MOFA2_unsupervised_gaussian_two_view
BRG	-2.915248406926224	1.5752329008020014	-1.2050793175218653	-1.1501891682713064	-0.16052662608784052	PXD044523_Zenodo_author_processed_RNA_protein	micro_pilot_processing_20260730:v1.0.0	MOFA2_unsupervised_gaussian_two_view
BRH	2.1872249133526918	0.22425064983975607	-1.0377735180443532	-1.995749852557145	-1.0040331027281777	PXD044523_Zenodo_author_processed_RNA_protein	micro_pilot_processing_20260730:v1.0.0	MOFA2_unsupervised_gaussian_two_view
BRK	-1.654358837867377	2.1261558995460104	-0.5842878495579904	-2.748810731209709	0.7466056485682174	PXD044523_Zenodo_author_processed_RNA_protein	micro_pilot_processing_20260730:v1.0.0	MOFA2_unsupervised_gaussian_two_view
BRM	2.315008430137495	-3.5017430199008577	-4.046181501098272	0.9953972570943581	1.5201524503000223	PXD044523_Zenodo_author_processed_RNA_protein	micro_pilot_processing_20260730:v1.0.0	MOFA2_unsupervised_gaussian_two_view
BRP	0.27778083100749146	-0.008814911902410327	-1.041686077117287	0.34350550010795444	-2.252581389239957	PXD044523_Zenodo_author_processed_RNA_protein	micro_pilot_processing_20260730:v1.0.0	MOFA2_unsupervised_gaussian_two_view
BRV	0.7858705479613727	-1.8064687238400379	0.6053643375264111	0.7355696350310585	-2.566546114789976	PXD044523_Zenodo_author_processed_RNA_protein	micro_pilot_processing_20260730:v1.0.0	MOFA2_unsupervised_gaussian_two_view
BSA	2.003199514623695	-0.7553248085292706	0.06653238504617767	0.2798967997756125	1.3208702084385586	PXD044523_Zenodo_author_processed_RNA_protein	micro_pilot_processing_20260730:v1.0.0	MOFA2_unsupervised_gaussian_two_view
BSB	-1.0808591712553102	1.0149192835071725	-0.871276563673065	-1.7369594606236165	3.800811756688142	PXD044523_Zenodo_author_processed_RNA_protein	micro_pilot_processing_20260730:v1.0.0	MOFA2_unsupervised_gaussian_two_view
BSC	2.0243507832966574	1.681665975217529	-0.5114970522033309	-1.4853077425880508	-1.3367800797072344	PXD044523_Zenodo_author_processed_RNA_protein	micro_pilot_processing_20260730:v1.0.0	MOFA2_unsupervised_gaussian_two_view
BSD	1.6730647646831562	2.8048879221485814	-0.2872101219661131	-1.6355582860484619	-1.0618029434460161	PXD044523_Zenodo_author_processed_RNA_protein	micro_pilot_processing_20260730:v1.0.0	MOFA2_unsupervised_gaussian_two_view
BSE	2.5719037528510995	-1.6881116288612297	-1.9613539379279543	-2.518756224386702	-0.7657931738487632	PXD044523_Zenodo_author_processed_RNA_protein	micro_pilot_processing_20260730:v1.0.0	MOFA2_unsupervised_gaussian_two_view
BSG	2.395422803085007	1.9393612811389263	-1.4208572402177786	-2.176341588011841	-0.8897513933855169	PXD044523_Zenodo_author_processed_RNA_protein	micro_pilot_processing_20260730:v1.0.0	MOFA2_unsupervised_gaussian_two_view
BSK	1.09434084688438	-1.9195026928122048	0.24304611083811317	0.7393070711978802	-2.828373693615638	PXD044523_Zenodo_author_processed_RNA_protein	micro_pilot_processing_20260730:v1.0.0	MOFA2_unsupervised_gaussian_two_view
BSL	2.1824279534289808	1.7301175390627537	-1.316047300408034	-0.41808999088803045	1.3054576993040947	PXD044523_Zenodo_author_processed_RNA_protein	micro_pilot_processing_20260730:v1.0.0	MOFA2_unsupervised_gaussian_two_view
BSN	1.7242541788991876	0.9446974807366411	-0.5242515984292208	0.32121071059542317	1.5923563104024185	PXD044523_Zenodo_author_processed_RNA_protein	micro_pilot_processing_20260730:v1.0.0	MOFA2_unsupervised_gaussian_two_view
BSP	1.5378785714528562	1.6323857187196733	0.30834096495141816	-0.7915386567631449	-1.741896668865214	PXD044523_Zenodo_author_processed_RNA_protein	micro_pilot_processing_20260730:v1.0.0	MOFA2_unsupervised_gaussian_two_view
BSR	1.7347807428629143	-2.543687084999257	1.1941151949121496	0.2805986352603814	1.6173360273616508	PXD044523_Zenodo_author_processed_RNA_protein	micro_pilot_processing_20260730:v1.0.0	MOFA2_unsupervised_gaussian_two_view
BSS	1.7380695564744688	-1.7763911186878438	1.5095796684417906	0.8791594681820318	1.5128242123952838	PXD044523_Zenodo_author_processed_RNA_protein	micro_pilot_processing_20260730:v1.0.0	MOFA2_unsupervised_gaussian_two_view
BST	1.9129346232872229	1.6837228433941402	-1.0174260986373729	-1.8097017189789786	-1.0194163677691075	PXD044523_Zenodo_author_processed_RNA_protein	micro_pilot_processing_20260730:v1.0.0	MOFA2_unsupervised_gaussian_two_view
BTA	-2.0884516658199983	0.9576986530326734	1.0722509186349531	2.327865701878991	2.230603041574476	PXD044523_Zenodo_author_processed_RNA_protein	micro_pilot_processing_20260730:v1.0.0	MOFA2_unsupervised_gaussian_two_view
BTB	1.585412849802006	-0.272214480155921	-4.178046386373105	1.8560229813334443	0.3601455956582109	PXD044523_Zenodo_author_processed_RNA_protein	micro_pilot_processing_20260730:v1.0.0	MOFA2_unsupervised_gaussian_two_view
BTC	1.431122973201578	-2.086266670936214	-4.1758095125413766	2.1827219957840316	0.527144019738084	PXD044523_Zenodo_author_processed_RNA_protein	micro_pilot_processing_20260730:v1.0.0	MOFA2_unsupervised_gaussian_two_view
BTD	0.322884407020804	1.3164202313434232	-2.5603584866053257	2.13113794246757	-0.5327712801304705	PXD044523_Zenodo_author_processed_RNA_protein	micro_pilot_processing_20260730:v1.0.0	MOFA2_unsupervised_gaussian_two_view
BTE	0.6082590710972752	3.736481752439308	-2.5169921032954066	2.7078361228530645	-0.44759849134163543	PXD044523_Zenodo_author_processed_RNA_protein	micro_pilot_processing_20260730:v1.0.0	MOFA2_unsupervised_gaussian_two_view
BTF	0.9730819843438415	-0.8602080452606425	-1.7975470538494005	3.177914987119927	0.6268221426087474	PXD044523_Zenodo_author_processed_RNA_protein	micro_pilot_processing_20260730:v1.0.0	MOFA2_unsupervised_gaussian_two_view
BTG	-1.9094444085781104	-2.9160257524979714	-1.7053718433511342	-2.501074542251438	0.5320476507310462	PXD044523_Zenodo_author_processed_RNA_protein	micro_pilot_processing_20260730:v1.0.0	MOFA2_unsupervised_gaussian_two_view
BTH	1.8150900818756068	-0.3449191454754472	1.1148207070467586	-1.5947492939323247	-1.17091960154459	PXD044523_Zenodo_author_processed_RNA_protein	micro_pilot_processing_20260730:v1.0.0	MOFA2_unsupervised_gaussian_two_view
BTL	2.1347531281663814	0.5822984371690468	0.6208974385950262	-1.9998132111247504	-0.9860135454888279	PXD044523_Zenodo_author_processed_RNA_protein	micro_pilot_processing_20260730:v1.0.0	MOFA2_unsupervised_gaussian_two_view
BTN	2.0553417878436098	0.04976131444163623	0.6836363282632665	-0.39308981329806697	1.7182742002815592	PXD044523_Zenodo_author_processed_RNA_protein	micro_pilot_processing_20260730:v1.0.0	MOFA2_unsupervised_gaussian_two_view
BTP	1.743398969697939	-1.2960298910882824	2.2523287898567736	1.4268906627592228	1.51997725189521	PXD044523_Zenodo_author_processed_RNA_protein	micro_pilot_processing_20260730:v1.0.0	MOFA2_unsupervised_gaussian_two_view
BTR	1.4467519342561925	-1.815967220907845	3.090758859915138	1.0599042678007717	1.1406228594961088	PXD044523_Zenodo_author_processed_RNA_protein	micro_pilot_processing_20260730:v1.0.0	MOFA2_unsupervised_gaussian_two_view
BTS	-3.7123542392926727	-0.8858723558324273	2.1155537446820665	-0.08185242205290591	-0.868714425605994	PXD044523_Zenodo_author_processed_RNA_protein	micro_pilot_processing_20260730:v1.0.0	MOFA2_unsupervised_gaussian_two_view
BTT	1.5577108764225605	0.6613795348055803	-0.36151837756202154	2.2342220885269026	1.322329089914802	PXD044523_Zenodo_author_processed_RNA_protein	micro_pilot_processing_20260730:v1.0.0	MOFA2_unsupervised_gaussian_two_view
BTV	1.1808563217428045	2.2470961218159737	-1.360243474483394	1.739645749814108	0.29016314675334065	PXD044523_Zenodo_author_processed_RNA_protein	micro_pilot_processing_20260730:v1.0.0	MOFA2_unsupervised_gaussian_two_view
BVA	1.297787233208568	1.133050459867448	-0.6905199872225378	1.5580254491486982	0.8485458232864671	PXD044523_Zenodo_author_processed_RNA_protein	micro_pilot_processing_20260730:v1.0.0	MOFA2_unsupervised_gaussian_two_view
BVB	1.0517503943536917	1.3766302756381794	0.25436987912158754	2.422152664032185	1.2738880576379856	PXD044523_Zenodo_author_processed_RNA_protein	micro_pilot_processing_20260730:v1.0.0	MOFA2_unsupervised_gaussian_two_view
BVC	1.1088944960527307	-2.4015431939586143	-0.3123348652384251	-0.24324159452279745	-2.0288096907370803	PXD044523_Zenodo_author_processed_RNA_protein	micro_pilot_processing_20260730:v1.0.0	MOFA2_unsupervised_gaussian_two_view
BVD	0.9808423677876514	-1.7831782396505602	0.5029949967901414	2.1889969542123624	0.2996727081153121	PXD044523_Zenodo_author_processed_RNA_protein	micro_pilot_processing_20260730:v1.0.0	MOFA2_unsupervised_gaussian_two_view
BVF	1.2958894583811158	0.779256028045841	-0.10797203577955249	2.187025526341923	1.1279536487926998	PXD044523_Zenodo_author_processed_RNA_protein	micro_pilot_processing_20260730:v1.0.0	MOFA2_unsupervised_gaussian_two_view
BVG	1.0310492960192632	2.736644682374232	-0.21662985679544483	2.2616993064846675	0.9480370489708354	PXD044523_Zenodo_author_processed_RNA_protein	micro_pilot_processing_20260730:v1.0.0	MOFA2_unsupervised_gaussian_two_view
BVH	0.9302235968592573	-1.8009822546993324	-0.49936234004885893	2.3624857636777397	0.7939841336973825	PXD044523_Zenodo_author_processed_RNA_protein	micro_pilot_processing_20260730:v1.0.0	MOFA2_unsupervised_gaussian_two_view
BVK	2.300403286319737	2.033736456937233	-0.05576387914775381	0.2442060646085058	3.069660001044891	PXD044523_Zenodo_author_processed_RNA_protein	micro_pilot_processing_20260730:v1.0.0	MOFA2_unsupervised_gaussian_two_view
BVM	1.6365032966658475	1.2608363566711773	-0.13685583458999379	-1.785970633697683	-1.0679442367964873	PXD044523_Zenodo_author_processed_RNA_protein	micro_pilot_processing_20260730:v1.0.0	MOFA2_unsupervised_gaussian_two_view
BVT	2.075478154261818	-2.059098547005878	1.3081727852512672	0.5770149608403038	2.0137552006100092	PXD044523_Zenodo_author_processed_RNA_protein	micro_pilot_processing_20260730:v1.0.0	MOFA2_unsupervised_gaussian_two_view
BVV	2.592648520098456	-3.109580755668082	-1.4348562645914356	0.3386882534971127	2.8582606625083127	PXD044523_Zenodo_author_processed_RNA_protein	micro_pilot_processing_20260730:v1.0.0	MOFA2_unsupervised_gaussian_two_view
CAA	2.159294087339659	-3.238582826779626	0.6654954102262262	1.26464391130692	2.1714022579998495	PXD044523_Zenodo_author_processed_RNA_protein	micro_pilot_processing_20260730:v1.0.0	MOFA2_unsupervised_gaussian_two_view
CAB	2.4952770758435734	-3.3367160602115287	0.19084781465690323	1.0589912077327264	2.2708865115658585	PXD044523_Zenodo_author_processed_RNA_protein	micro_pilot_processing_20260730:v1.0.0	MOFA2_unsupervised_gaussian_two_view
CAC	2.299332042912294	-3.1781134932934103	-0.6291433562397538	0.5329740777987907	2.726137011068392	PXD044523_Zenodo_author_processed_RNA_protein	micro_pilot_processing_20260730:v1.0.0	MOFA2_unsupervised_gaussian_two_view
CAD	2.338988752691809	-2.5625955992355745	-0.027809571908287534	0.6031773822415518	2.8701356674328955	PXD044523_Zenodo_author_processed_RNA_protein	micro_pilot_processing_20260730:v1.0.0	MOFA2_unsupervised_gaussian_two_view
CAE	2.2115474287408516	1.1743423323470337	0.2978314606570924	-0.22377800003539697	1.8372394621910915	PXD044523_Zenodo_author_processed_RNA_protein	micro_pilot_processing_20260730:v1.0.0	MOFA2_unsupervised_gaussian_two_view
CAF	2.1466150150980456	0.6146858186744542	0.8540813262667566	-0.22640012345363608	1.7753166726437146	PXD044523_Zenodo_author_processed_RNA_protein	micro_pilot_processing_20260730:v1.0.0	MOFA2_unsupervised_gaussian_two_view
CAH	2.2150084624528072	-0.5264694639369051	-0.3386911170057853	0.6034487616644044	2.1909426794566693	PXD044523_Zenodo_author_processed_RNA_protein	micro_pilot_processing_20260730:v1.0.0	MOFA2_unsupervised_gaussian_two_view
CAI	1.4514153559349328	-2.257891212823478	1.653148735846987	0.406501837210866	1.3165671336641054	PXD044523_Zenodo_author_processed_RNA_protein	micro_pilot_processing_20260730:v1.0.0	MOFA2_unsupervised_gaussian_two_view
CAK	1.9512772327138836	-0.025722593131532457	-0.32286176259857824	-0.15242782061596963	1.7286314092762187	PXD044523_Zenodo_author_processed_RNA_protein	micro_pilot_processing_20260730:v1.0.0	MOFA2_unsupervised_gaussian_two_view
CAL	1.7347856468580818	1.8874861274901737	0.9373345804076622	0.1730225537501364	1.4608483527810217	PXD044523_Zenodo_author_processed_RNA_protein	micro_pilot_processing_20260730:v1.0.0	MOFA2_unsupervised_gaussian_two_view
CAN	2.1419846476540956	-3.4500665723574087	0.59870098440552	-1.109014125345608	-1.7440691898822067	PXD044523_Zenodo_author_processed_RNA_protein	micro_pilot_processing_20260730:v1.0.0	MOFA2_unsupervised_gaussian_two_view
CAP	2.1784227528166413	-2.9393848357670023	-0.07996610370088478	0.43305084009475475	2.0468806651713383	PXD044523_Zenodo_author_processed_RNA_protein	micro_pilot_processing_20260730:v1.0.0	MOFA2_unsupervised_gaussian_two_view
CAQ	-0.0436033215396279	-3.1838341381009125	0.07324034175332732	-0.31611898185838766	3.653528819230968	PXD044523_Zenodo_author_processed_RNA_protein	micro_pilot_processing_20260730:v1.0.0	MOFA2_unsupervised_gaussian_two_view
CAR	2.5390570079337262	-2.7605796639274307	-0.612842418844356	-0.3787791784302954	1.7265085459695881	PXD044523_Zenodo_author_processed_RNA_protein	micro_pilot_processing_20260730:v1.0.0	MOFA2_unsupervised_gaussian_two_view
CAS	2.5450179364877736	-2.8463985270454017	-0.5498154607010975	-0.2931302077338124	1.6301860921016997	PXD044523_Zenodo_author_processed_RNA_protein	micro_pilot_processing_20260730:v1.0.0	MOFA2_unsupervised_gaussian_two_view
CAT	2.643248600794754	-3.141226914797304	-0.7403197067184312	-0.062311992778084434	1.718641495889499	PXD044523_Zenodo_author_processed_RNA_protein	micro_pilot_processing_20260730:v1.0.0	MOFA2_unsupervised_gaussian_two_view
CAV	1.5796896218164023	-2.558582281611886	2.017243668566996	0.3534861129354873	1.5031219810031786	PXD044523_Zenodo_author_processed_RNA_protein	micro_pilot_processing_20260730:v1.0.0	MOFA2_unsupervised_gaussian_two_view
CBA	1.9631882635098754	0.24451435796933102	-0.17793562276490915	0.16090885043443592	1.9218277586127486	PXD044523_Zenodo_author_processed_RNA_protein	micro_pilot_processing_20260730:v1.0.0	MOFA2_unsupervised_gaussian_two_view
CBB	1.7315625737681843	-2.574843617323109	1.0131401036206225	1.5851293540614377	2.0742056215614073	PXD044523_Zenodo_author_processed_RNA_protein	micro_pilot_processing_20260730:v1.0.0	MOFA2_unsupervised_gaussian_two_view
CBD	1.7889151466549378	-2.620229996215544	1.1102022793755981	0.46707080118045224	1.332014552655327	PXD044523_Zenodo_author_processed_RNA_protein	micro_pilot_processing_20260730:v1.0.0	MOFA2_unsupervised_gaussian_two_view
CBE	1.3408244775662206	-2.319878203497325	2.6818546828670997	2.099300353743143	1.69911351312457	PXD044523_Zenodo_author_processed_RNA_protein	micro_pilot_processing_20260730:v1.0.0	MOFA2_unsupervised_gaussian_two_view
CBG	1.7718770533005859	1.9498404754365408	0.7001289864490718	-1.3676983749822054	-1.379104778512664	PXD044523_Zenodo_author_processed_RNA_protein	micro_pilot_processing_20260730:v1.0.0	MOFA2_unsupervised_gaussian_two_view
CBH	1.981308673598634	0.04515039075930434	-1.903972011135275	-1.9686060990648258	-0.816616326051101	PXD044523_Zenodo_author_processed_RNA_protein	micro_pilot_processing_20260730:v1.0.0	MOFA2_unsupervised_gaussian_two_view
CBI	1.5644465668661303	-1.7479928419322714	-0.40044128501088877	-1.592726832411979	-0.921717885274186	PXD044523_Zenodo_author_processed_RNA_protein	micro_pilot_processing_20260730:v1.0.0	MOFA2_unsupervised_gaussian_two_view
CBK	1.6034174992336203	-2.679682024727079	-2.2621805645533914	-1.0760889138605105	-1.5532155505723257	PXD044523_Zenodo_author_processed_RNA_protein	micro_pilot_processing_20260730:v1.0.0	MOFA2_unsupervised_gaussian_two_view
CBL	1.3460179995527812	-1.3883173925220231	-2.24780262462084	-0.8280755244697854	-1.470900953198469	PXD044523_Zenodo_author_processed_RNA_protein	micro_pilot_processing_20260730:v1.0.0	MOFA2_unsupervised_gaussian_two_view
CBM	1.006302172980941	0.8088689076534493	0.3581166742842363	-0.42697862316052054	-1.7686497851914222	PXD044523_Zenodo_author_processed_RNA_protein	micro_pilot_processing_20260730:v1.0.0	MOFA2_unsupervised_gaussian_two_view
CBN	0.7744761010737274	-1.4268268903243453	-1.5291646174165656	0.0738033834568442	-2.173407483934271	PXD044523_Zenodo_author_processed_RNA_protein	micro_pilot_processing_20260730:v1.0.0	MOFA2_unsupervised_gaussian_two_view
CBR	0.4678409935155332	-0.07536382372581912	-0.4798198104824486	0.6633493605935953	-2.6334142781480128	PXD044523_Zenodo_author_processed_RNA_protein	micro_pilot_processing_20260730:v1.0.0	MOFA2_unsupervised_gaussian_two_view
CCC	-2.7930943146584006	0.2514245848608963	1.2957927889820027	-0.7115390011989087	-0.21766496793989876	PXD044523_Zenodo_author_processed_RNA_protein	micro_pilot_processing_20260730:v1.0.0	MOFA2_unsupervised_gaussian_two_view
CCD	-2.523863900513256	0.5821472786668948	1.0089694678788848	-0.5580934022754933	-0.11672036044762601	PXD044523_Zenodo_author_processed_RNA_protein	micro_pilot_processing_20260730:v1.0.0	MOFA2_unsupervised_gaussian_two_view
CCE	-2.9449154119256393	3.0156463742728223	1.0015417723742819	-1.0032908051848186	-0.3289809509806665	PXD044523_Zenodo_author_processed_RNA_protein	micro_pilot_processing_20260730:v1.0.0	MOFA2_unsupervised_gaussian_two_view
CCF	-2.4411533366119573	2.5127817644156965	1.0551519970994805	-0.5040258892958204	-0.8491632496876056	PXD044523_Zenodo_author_processed_RNA_protein	micro_pilot_processing_20260730:v1.0.0	MOFA2_unsupervised_gaussian_two_view
CCG	-2.816556376084899	0.1438062744599204	0.2261960299763759	-1.1746205616879937	-0.20688119469696764	PXD044523_Zenodo_author_processed_RNA_protein	micro_pilot_processing_20260730:v1.0.0	MOFA2_unsupervised_gaussian_two_view
CCH	-2.5567551701795854	0.30862327949434754	0.12980765712121944	-1.594391807960891	0.016738840734486296	PXD044523_Zenodo_author_processed_RNA_protein	micro_pilot_processing_20260730:v1.0.0	MOFA2_unsupervised_gaussian_two_view
CCL	-2.7120223466060365	-0.6565907724757717	2.5169531471353466	-1.4908978404119517	-0.07360814330777729	PXD044523_Zenodo_author_processed_RNA_protein	micro_pilot_processing_20260730:v1.0.0	MOFA2_unsupervised_gaussian_two_view
CCM	1.8951599771377299	2.766427091774724	0.3568727196703045	0.4038657640486704	1.8405476689203415	PXD044523_Zenodo_author_processed_RNA_protein	micro_pilot_processing_20260730:v1.0.0	MOFA2_unsupervised_gaussian_two_view
CCN	-1.6833884979789158	0.8129808698958889	-2.140789635624772	-1.8189090697549553	0.3262003606311153	PXD044523_Zenodo_author_processed_RNA_protein	micro_pilot_processing_20260730:v1.0.0	MOFA2_unsupervised_gaussian_two_view
CCP	-3.0710147293978114	2.5058278419938596	2.386602034557895	-0.92469772888402	-0.3695958009152444	PXD044523_Zenodo_author_processed_RNA_protein	micro_pilot_processing_20260730:v1.0.0	MOFA2_unsupervised_gaussian_two_view
CCQ	-2.710097896800343	1.5333050229540768	1.997758308767099	-1.3988630185398716	-0.07197512035570003	PXD044523_Zenodo_author_processed_RNA_protein	micro_pilot_processing_20260730:v1.0.0	MOFA2_unsupervised_gaussian_two_view
CCR	-2.7779186976881407	2.09492806770785	2.042564307110924	-1.3137768512950216	-0.1283429376203264	PXD044523_Zenodo_author_processed_RNA_protein	micro_pilot_processing_20260730:v1.0.0	MOFA2_unsupervised_gaussian_two_view
CCS	-1.5509800581025401	0.6049592432914384	2.0858405020429864	-0.3644113986914083	-1.0193602484446014	PXD044523_Zenodo_author_processed_RNA_protein	micro_pilot_processing_20260730:v1.0.0	MOFA2_unsupervised_gaussian_two_view
CCV	-0.28618852470231654	-2.0949890365215027	1.7595906480423633	2.152040301332766	-3.6381009318120237	PXD044523_Zenodo_author_processed_RNA_protein	micro_pilot_processing_20260730:v1.0.0	MOFA2_unsupervised_gaussian_two_view
CDA	0.5072217467520742	-3.789904508312689	1.0311107970476627	1.499798869109426	-3.36143972926472	PXD044523_Zenodo_author_processed_RNA_protein	micro_pilot_processing_20260730:v1.0.0	MOFA2_unsupervised_gaussian_two_view
CDB	-2.496600572213702	2.5677217845651987	-0.11093064960157366	-1.5230359604538208	-0.032986853142192324	PXD044523_Zenodo_author_processed_RNA_protein	micro_pilot_processing_20260730:v1.0.0	MOFA2_unsupervised_gaussian_two_view
CDC	-2.6335769058752243	0.07953137269639535	1.0529907195622026	-1.6046692529729616	0.08688323411385025	PXD044523_Zenodo_author_processed_RNA_protein	micro_pilot_processing_20260730:v1.0.0	MOFA2_unsupervised_gaussian_two_view
CDD	-2.633851044671266	1.9225244294471753	0.7453866172850087	-1.6027896927006953	0.08873302840809016	PXD044523_Zenodo_author_processed_RNA_protein	micro_pilot_processing_20260730:v1.0.0	MOFA2_unsupervised_gaussian_two_view
CDE	-2.4252485675062747	-0.3946154762054373	0.3850418618954104	-1.864662944452113	0.16259148008467766	PXD044523_Zenodo_author_processed_RNA_protein	micro_pilot_processing_20260730:v1.0.0	MOFA2_unsupervised_gaussian_two_view
CDF	-2.862307114927373	0.03218610238403736	2.589818795136881	-0.6905196754647391	-0.6671583837450786	PXD044523_Zenodo_author_processed_RNA_protein	micro_pilot_processing_20260730:v1.0.0	MOFA2_unsupervised_gaussian_two_view
CDG	-2.699033628728244	-0.9312865005851599	2.7608438728396614	-0.3659217740118485	-0.9778180639909894	PXD044523_Zenodo_author_processed_RNA_protein	micro_pilot_processing_20260730:v1.0.0	MOFA2_unsupervised_gaussian_two_view
CDI	-3.058468756619865	-0.06028497763879056	2.3393469912324036	-0.8307921697545027	-0.4449733173082494	PXD044523_Zenodo_author_processed_RNA_protein	micro_pilot_processing_20260730:v1.0.0	MOFA2_unsupervised_gaussian_two_view
CDK	0.9853202468323363	-2.1395217444145525	2.8924022714285527	4.270082203870335	-1.285407266431826	PXD044523_Zenodo_author_processed_RNA_protein	micro_pilot_processing_20260730:v1.0.0	MOFA2_unsupervised_gaussian_two_view
CDL	-3.0151819096761057	-0.11422187135820804	2.0434442549235117	-1.0928584561577	-0.2952840654881658	PXD044523_Zenodo_author_processed_RNA_protein	micro_pilot_processing_20260730:v1.0.0	MOFA2_unsupervised_gaussian_two_view
CDM	0.6006124872470823	-1.5120627295195677	2.5923434081816112	0.372885202528196	-2.4475170032276985	PXD044523_Zenodo_author_processed_RNA_protein	micro_pilot_processing_20260730:v1.0.0	MOFA2_unsupervised_gaussian_two_view
CDP	-2.974914503337486	1.8685320898098854	2.0867186846469834	-0.833640776605069	-0.4762581761531969	PXD044523_Zenodo_author_processed_RNA_protein	micro_pilot_processing_20260730:v1.0.0	MOFA2_unsupervised_gaussian_two_view
CDQ	-2.594934458922578	2.294560755908267	1.9493553942504684	-0.8941303138646789	-0.29605989984900843	PXD044523_Zenodo_author_processed_RNA_protein	micro_pilot_processing_20260730:v1.0.0	MOFA2_unsupervised_gaussian_two_view
CDR	0.4075751206975044	-2.7291606782014464	0.4883910140902992	2.905542644480963	0.2060481608392575	PXD044523_Zenodo_author_processed_RNA_protein	micro_pilot_processing_20260730:v1.0.0	MOFA2_unsupervised_gaussian_two_view
CDS	1.7192016817094058	-1.8826589160747627	1.603452328230676	-1.7495967983297545	-1.1630411991015166	PXD044523_Zenodo_author_processed_RNA_protein	micro_pilot_processing_20260730:v1.0.0	MOFA2_unsupervised_gaussian_two_view
CDT	1.2250241387203167	-1.6069360864547282	1.4676001763355488	-1.1629335503768705	-1.345790178233395	PXD044523_Zenodo_author_processed_RNA_protein	micro_pilot_processing_20260730:v1.0.0	MOFA2_unsupervised_gaussian_two_view
CEA	2.388755031881229	-0.04552789281739556	0.2521901838254064	-1.726806471319584	-1.3435678270912823	PXD044523_Zenodo_author_processed_RNA_protein	micro_pilot_processing_20260730:v1.0.0	MOFA2_unsupervised_gaussian_two_view
CEB	1.5391888450256628	-2.827784103618989	0.8511723013186321	-0.7526272931772032	-1.8994291280042803	PXD044523_Zenodo_author_processed_RNA_protein	micro_pilot_processing_20260730:v1.0.0	MOFA2_unsupervised_gaussian_two_view
CEC	1.281893975230275	2.1194246757873083	2.4170945871947516	-1.0214679139469913	-1.5403788116841322	PXD044523_Zenodo_author_processed_RNA_protein	micro_pilot_processing_20260730:v1.0.0	MOFA2_unsupervised_gaussian_two_view
CED	1.4057294232289348	-0.3478060672587212	0.681622670097798	-1.669806274835332	-0.9700940028804846	PXD044523_Zenodo_author_processed_RNA_protein	micro_pilot_processing_20260730:v1.0.0	MOFA2_unsupervised_gaussian_two_view
CEF	1.748735918222564	1.2031031091047626	1.2459743486457306	-1.393058382205766	-1.4519831585573666	PXD044523_Zenodo_author_processed_RNA_protein	micro_pilot_processing_20260730:v1.0.0	MOFA2_unsupervised_gaussian_two_view
CEG	-2.8600028544935965	-0.4614067578851234	1.9639294832435046	-0.6582167457393482	-0.6757319713042588	PXD044523_Zenodo_author_processed_RNA_protein	micro_pilot_processing_20260730:v1.0.0	MOFA2_unsupervised_gaussian_two_view
CEH	-2.926844863664468	1.8348942013127554	1.9811918314984656	-1.075592560955593	-0.249186588315614	PXD044523_Zenodo_author_processed_RNA_protein	micro_pilot_processing_20260730:v1.0.0	MOFA2_unsupervised_gaussian_two_view
CEI	-2.270669939054365	1.619227274651099	0.8162086646934785	-0.6250241002376768	-0.49797829061215626	PXD044523_Zenodo_author_processed_RNA_protein	micro_pilot_processing_20260730:v1.0.0	MOFA2_unsupervised_gaussian_two_view
CEK	-2.7884900327049436	-0.8446436352539585	-1.1285185830279676	-0.8032250167885615	-0.5471816815766295	PXD044523_Zenodo_author_processed_RNA_protein	micro_pilot_processing_20260730:v1.0.0	MOFA2_unsupervised_gaussian_two_view
CEL	-2.644852023866206	1.3410343483712535	0.012785105262185514	-0.30643605122266443	-0.8969106498133153	PXD044523_Zenodo_author_processed_RNA_protein	micro_pilot_processing_20260730:v1.0.0	MOFA2_unsupervised_gaussian_two_view
CEM	0.8187605336117848	-1.1722133094345626	2.056083399347367	2.6011671941296393	-0.4081638786681887	PXD044523_Zenodo_author_processed_RNA_protein	micro_pilot_processing_20260730:v1.0.0	MOFA2_unsupervised_gaussian_two_view
CEN	0.9158805205251462	-1.7063909458528304	-0.41585222513142384	1.8040456801110316	-3.630550986732981	PXD044523_Zenodo_author_processed_RNA_protein	micro_pilot_processing_20260730:v1.0.0	MOFA2_unsupervised_gaussian_two_view
CEP	-4.262976129957257	-1.4436816545168611	2.228555511193169	0.7877790014178924	-1.3773908712435279	PXD044523_Zenodo_author_processed_RNA_protein	micro_pilot_processing_20260730:v1.0.0	MOFA2_unsupervised_gaussian_two_view
CEQ	0.5596139714670829	1.8848818453760148	0.5530527759293395	2.0351441336326004	0.26964120975756867	PXD044523_Zenodo_author_processed_RNA_protein	micro_pilot_processing_20260730:v1.0.0	MOFA2_unsupervised_gaussian_two_view
CET	-2.8209294394034217	-3.3275432144160932	0.10385421333039482	-1.1353963444907	-0.20886458059175536	PXD044523_Zenodo_author_processed_RNA_protein	micro_pilot_processing_20260730:v1.0.0	MOFA2_unsupervised_gaussian_two_view
CEV	-3.23199992862339	-1.7392058606710639	0.688405710223769	-0.7033076613002106	-0.46589868782415594	PXD044523_Zenodo_author_processed_RNA_protein	micro_pilot_processing_20260730:v1.0.0	MOFA2_unsupervised_gaussian_two_view
CFA	0.3130325966617679	0.782906894025241	0.9214556673910783	1.4106164700438286	-2.5050733193858363	PXD044523_Zenodo_author_processed_RNA_protein	micro_pilot_processing_20260730:v1.0.0	MOFA2_unsupervised_gaussian_two_view
CFB	2.0544910931125724	-1.9575027533412843	0.4947595670470013	0.4473681515852501	1.3149490629861313	PXD044523_Zenodo_author_processed_RNA_protein	micro_pilot_processing_20260730:v1.0.0	MOFA2_unsupervised_gaussian_two_view
CFE	2.2246415436091302	-1.702026642053159	0.9097184243658255	0.19366013280336775	2.181858653593615	PXD044523_Zenodo_author_processed_RNA_protein	micro_pilot_processing_20260730:v1.0.0	MOFA2_unsupervised_gaussian_two_view
CFF	0.5403152246183892	2.0471206074230435	0.5089533038003001	0.4495773485846393	-2.420251269656973	PXD044523_Zenodo_author_processed_RNA_protein	micro_pilot_processing_20260730:v1.0.0	MOFA2_unsupervised_gaussian_two_view
CFH	0.6219597707297597	-0.867338334405955	-1.364389732950615	0.49855206359885396	-2.544036522834448	PXD044523_Zenodo_author_processed_RNA_protein	micro_pilot_processing_20260730:v1.0.0	MOFA2_unsupervised_gaussian_two_view
CFI	0.7073828541638335	2.4280241732778194	-2.3566025557369747	2.5445098688047794	-0.052104000837535656	PXD044523_Zenodo_author_processed_RNA_protein	micro_pilot_processing_20260730:v1.0.0	MOFA2_unsupervised_gaussian_two_view
CFM	-3.381664078927434	-2.49137379159336	-1.7559242612769024	-0.19209430304004088	-0.7654297601518959	PXD044523_Zenodo_author_processed_RNA_protein	micro_pilot_processing_20260730:v1.0.0	MOFA2_unsupervised_gaussian_two_view
CFN	0.7811414191710323	0.964589146353011	-2.525473652457955	1.7590062925817314	-0.04322609407611275	PXD044523_Zenodo_author_processed_RNA_protein	micro_pilot_processing_20260730:v1.0.0	MOFA2_unsupervised_gaussian_two_view
CFP	0.19868321881770332	3.296822743374402	-3.065243567141884	2.879492189067927	-0.7299905875761039	PXD044523_Zenodo_author_processed_RNA_protein	micro_pilot_processing_20260730:v1.0.0	MOFA2_unsupervised_gaussian_two_view
CFQ	2.314785220145225	-1.0364018535833608	-1.3057375058069955	-2.1090288746154395	-0.8863100243117581	PXD044523_Zenodo_author_processed_RNA_protein	micro_pilot_processing_20260730:v1.0.0	MOFA2_unsupervised_gaussian_two_view
CFR	-0.6151858069563493	0.4980907399633649	0.541388681257152	-1.5988046137228547	3.2812576047552984	PXD044523_Zenodo_author_processed_RNA_protein	micro_pilot_processing_20260730:v1.0.0	MOFA2_unsupervised_gaussian_two_view
CFT	1.8794080032455263	-1.8796519791466129	-2.064984667958422	0.7777427676398092	0.7533280602863748	PXD044523_Zenodo_author_processed_RNA_protein	micro_pilot_processing_20260730:v1.0.0	MOFA2_unsupervised_gaussian_two_view
CFV	2.428652849981377	-0.7245931735726311	-0.735347811586532	-2.1990479826589397	-0.9366602893427719	PXD044523_Zenodo_author_processed_RNA_protein	micro_pilot_processing_20260730:v1.0.0	MOFA2_unsupervised_gaussian_two_view
CGB	1.0267787830810995	2.531486928234043	1.150398052153147	-0.3057201107968998	-1.9459904015050509	PXD044523_Zenodo_author_processed_RNA_protein	micro_pilot_processing_20260730:v1.0.0	MOFA2_unsupervised_gaussian_two_view
CGC	0.2846370169821189	1.1824675615643594	-1.1537474136152917	0.583991325742311	-2.3837244138573337	PXD044523_Zenodo_author_processed_RNA_protein	micro_pilot_processing_20260730:v1.0.0	MOFA2_unsupervised_gaussian_two_view
CGD	1.6077299743881344	2.2157607772945016	-0.4687573970310768	-0.5310622042628645	-1.9413882729860867	PXD044523_Zenodo_author_processed_RNA_protein	micro_pilot_processing_20260730:v1.0.0	MOFA2_unsupervised_gaussian_two_view
CGE	1.4208674458811048	0.9010096779137937	-0.36266773857566437	-0.4860431369185417	-1.8666562792448733	PXD044523_Zenodo_author_processed_RNA_protein	micro_pilot_processing_20260730:v1.0.0	MOFA2_unsupervised_gaussian_two_view
CGG	-3.4823389464968746	3.9318094517201865	1.2857688680020731	1.529956944267591	1.5047301531682336	PXD044523_Zenodo_author_processed_RNA_protein	micro_pilot_processing_20260730:v1.0.0	MOFA2_unsupervised_gaussian_two_view
CGH	-3.089716060228455	-0.2511356571032845	1.6510991328726945	0.23526929570887628	-1.1270981294533629	PXD044523_Zenodo_author_processed_RNA_protein	micro_pilot_processing_20260730:v1.0.0	MOFA2_unsupervised_gaussian_two_view
CGI	-0.2038158063738545	1.9397939894913465	1.1341808143888077	2.51453091868672	-3.8760798366644513	PXD044523_Zenodo_author_processed_RNA_protein	micro_pilot_processing_20260730:v1.0.0	MOFA2_unsupervised_gaussian_two_view
CGK	-2.3126070438974984	1.133699054483999	-1.4066658002971284	-0.6254755992343239	-0.415289173095539	PXD044523_Zenodo_author_processed_RNA_protein	micro_pilot_processing_20260730:v1.0.0	MOFA2_unsupervised_gaussian_two_view
CGL	-3.9058763504127842	-1.4787536242072747	1.7402157986795836	0.3500874564375272	-0.9932732133562325	PXD044523_Zenodo_author_processed_RNA_protein	micro_pilot_processing_20260730:v1.0.0	MOFA2_unsupervised_gaussian_two_view
CGN	0.1385589866088946	3.1552136739823258	1.7533179602755076	4.012052024313165	-1.6369689857143574	PXD044523_Zenodo_author_processed_RNA_protein	micro_pilot_processing_20260730:v1.0.0	MOFA2_unsupervised_gaussian_two_view
CGP	-0.08086300350490654	0.46055749660242856	1.9381909502439822	4.174734550783287	-1.6227701437027078	PXD044523_Zenodo_author_processed_RNA_protein	micro_pilot_processing_20260730:v1.0.0	MOFA2_unsupervised_gaussian_two_view
CGQ	-2.630058388600364	-0.21600412252902246	-2.001680495536308	-1.2075713369349177	-0.2519370259157341	PXD044523_Zenodo_author_processed_RNA_protein	micro_pilot_processing_20260730:v1.0.0	MOFA2_unsupervised_gaussian_two_view
CGR	-3.4945463760043385	2.902496831620729	0.34905973085778647	-0.2108052899875475	-0.7746710610699411	PXD044523_Zenodo_author_processed_RNA_protein	micro_pilot_processing_20260730:v1.0.0	MOFA2_unsupervised_gaussian_two_view
CGS	2.1474190142587855	-1.4531835416711125	0.9598413348447365	1.1028423123166433	2.795597972683802	PXD044523_Zenodo_author_processed_RNA_protein	micro_pilot_processing_20260730:v1.0.0	MOFA2_unsupervised_gaussian_two_view
CGT	1.4355295672166113	1.607784207071048	0.6774772313049824	0.4632949770294	1.256933635030308	PXD044523_Zenodo_author_processed_RNA_protein	micro_pilot_processing_20260730:v1.0.0	MOFA2_unsupervised_gaussian_two_view
CGV	1.5111031836482733	-0.605411650423952	1.4281817396439864	0.20839625051339897	1.3288792306529946	PXD044523_Zenodo_author_processed_RNA_protein	micro_pilot_processing_20260730:v1.0.0	MOFA2_unsupervised_gaussian_two_view
CHA	2.2228450548108	1.8310634930152498	-0.004885885425905094	-0.45322611835033927	1.6655026789074765	PXD044523_Zenodo_author_processed_RNA_protein	micro_pilot_processing_20260730:v1.0.0	MOFA2_unsupervised_gaussian_two_view
CHB	1.707367020752301	1.9888607372246558	-0.28879775231752347	-1.4413300741755788	-1.2419740002847612	PXD044523_Zenodo_author_processed_RNA_protein	micro_pilot_processing_20260730:v1.0.0	MOFA2_unsupervised_gaussian_two_view
CHC	1.0788650406754363	-2.5204924021653077	4.297531683909976	0.8161624845258373	0.21446503830594407	PXD044523_Zenodo_author_processed_RNA_protein	micro_pilot_processing_20260730:v1.0.0	MOFA2_unsupervised_gaussian_two_view
CHD	1.721970099053679	1.8777412127654707	1.2998671150860768	0.4677643050708949	0.967480229075993	PXD044523_Zenodo_author_processed_RNA_protein	micro_pilot_processing_20260730:v1.0.0	MOFA2_unsupervised_gaussian_two_view
CHE	1.8430488343981757	0.9204269933938413	0.3527952424556768	-1.5645283121115665	-1.2243017861096548	PXD044523_Zenodo_author_processed_RNA_protein	micro_pilot_processing_20260730:v1.0.0	MOFA2_unsupervised_gaussian_two_view
CHF	1.6234399369842036	-2.019960563409223	2.536737218242212	-1.089273064893763	-1.351940744345768	PXD044523_Zenodo_author_processed_RNA_protein	micro_pilot_processing_20260730:v1.0.0	MOFA2_unsupervised_gaussian_two_view
CHG	0.5150162516453586	1.3251648302657588	-1.1786645235995772	3.350790985329178	-0.08135443593440649	PXD044523_Zenodo_author_processed_RNA_protein	micro_pilot_processing_20260730:v1.0.0	MOFA2_unsupervised_gaussian_two_view
CHH	0.5468974101105004	-1.379252306901725	-2.984433929448763	0.8811396289378681	-2.087930590010268	PXD044523_Zenodo_author_processed_RNA_protein	micro_pilot_processing_20260730:v1.0.0	MOFA2_unsupervised_gaussian_two_view
CHI	0.4266260028608452	-0.5403946165161945	-3.4015484477673272	2.6984377848560093	-0.42848585245229587	PXD044523_Zenodo_author_processed_RNA_protein	micro_pilot_processing_20260730:v1.0.0	MOFA2_unsupervised_gaussian_two_view
CHL	0.44777290034203804	-0.9762854760858654	-2.858322685112948	1.4362314295663858	-3.0143114581380783	PXD044523_Zenodo_author_processed_RNA_protein	micro_pilot_processing_20260730:v1.0.0	MOFA2_unsupervised_gaussian_two_view
CHM	-1.825921615417667	0.09608486384806546	-1.8227905691667141	-0.5042015388800872	-0.7821234295532847	PXD044523_Zenodo_author_processed_RNA_protein	micro_pilot_processing_20260730:v1.0.0	MOFA2_unsupervised_gaussian_two_view
CHR	0.4848578085406002	-1.0577450356625868	-1.3414214461133638	1.658802016413503	-0.054768940561306455	PXD044523_Zenodo_author_processed_RNA_protein	micro_pilot_processing_20260730:v1.0.0	MOFA2_unsupervised_gaussian_two_view
CHS	0.5146687316696518	1.762133129298656	0.9052668826678351	3.1304944334149982	-0.4014129081871383	PXD044523_Zenodo_author_processed_RNA_protein	micro_pilot_processing_20260730:v1.0.0	MOFA2_unsupervised_gaussian_two_view
CHT	0.3806095300689448	2.6167448685900863	1.6041023452536227	3.0975672640845664	-0.6088464589843378	PXD044523_Zenodo_author_processed_RNA_protein	micro_pilot_processing_20260730:v1.0.0	MOFA2_unsupervised_gaussian_two_view
CHV	0.5975593939988135	-3.284207110808133	-0.467245367262468	1.5226912942114712	-3.261728619479795	PXD044523_Zenodo_author_processed_RNA_protein	micro_pilot_processing_20260730:v1.0.0	MOFA2_unsupervised_gaussian_two_view
CIC	0.2193642822356514	-0.43321475631148	2.7210957765400816	3.3072534578343684	-0.014353814494011807	PXD044523_Zenodo_author_processed_RNA_protein	micro_pilot_processing_20260730:v1.0.0	MOFA2_unsupervised_gaussian_two_view
CID	1.110052365617697	0.5898653799501348	-1.5082655522285306	0.5447317166663553	-2.204547513880836	PXD044523_Zenodo_author_processed_RNA_protein	micro_pilot_processing_20260730:v1.0.0	MOFA2_unsupervised_gaussian_two_view
CIE	1.702666572653623	-2.2803629873638585	-2.761142361616354	1.8982680238876093	0.49676547354223144	PXD044523_Zenodo_author_processed_RNA_protein	micro_pilot_processing_20260730:v1.0.0	MOFA2_unsupervised_gaussian_two_view
CIF	-0.2952629162611391	-1.293054712632002	1.8459400973495168	2.432827032237288	-3.705502731897949	PXD044523_Zenodo_author_processed_RNA_protein	micro_pilot_processing_20260730:v1.0.0	MOFA2_unsupervised_gaussian_two_view
CIG	0.8891625320923431	1.7113358942737933	0.7664623542098628	1.8528001540878984	0.3359227226868187	PXD044523_Zenodo_author_processed_RNA_protein	micro_pilot_processing_20260730:v1.0.0	MOFA2_unsupervised_gaussian_two_view
CIH	-3.1634289478805124	-1.3638105706753332	0.12252888451117964	-0.5432304426768094	-0.41950438122346134	PXD044523_Zenodo_author_processed_RNA_protein	micro_pilot_processing_20260730:v1.0.0	MOFA2_unsupervised_gaussian_two_view
CII	0.31614522955672525	-1.476543610965103	1.3978989648687652	2.6125112549054563	-0.8121283207519446	PXD044523_Zenodo_author_processed_RNA_protein	micro_pilot_processing_20260730:v1.0.0	MOFA2_unsupervised_gaussian_two_view
CIK	0.06505606167124683	-1.1302654873978155	0.5796330026395048	1.4741799367133075	-3.089477736110767	PXD044523_Zenodo_author_processed_RNA_protein	micro_pilot_processing_20260730:v1.0.0	MOFA2_unsupervised_gaussian_two_view
CIL	1.1963551691661525	1.9200191987973372	-0.47844431304516155	1.7741648750250016	0.8452842049907612	PXD044523_Zenodo_author_processed_RNA_protein	micro_pilot_processing_20260730:v1.0.0	MOFA2_unsupervised_gaussian_two_view
CIM	2.9982993122929744	-0.1044768860720423	1.7543130679207424	0.2040571630435896	1.3739984268458107	PXD044523_Zenodo_author_processed_RNA_protein	micro_pilot_processing_20260730:v1.0.0	MOFA2_unsupervised_gaussian_two_view
CIN	1.1042173415997303	-1.7982310197066502	-0.2489082394773491	1.3491969045992953	0.46486454818602463	PXD044523_Zenodo_author_processed_RNA_protein	micro_pilot_processing_20260730:v1.0.0	MOFA2_unsupervised_gaussian_two_view
CIP	2.684837304013914	-2.740348664726853	1.3693108739707744	0.6742563170850179	1.8301344859937685	PXD044523_Zenodo_author_processed_RNA_protein	micro_pilot_processing_20260730:v1.0.0	MOFA2_unsupervised_gaussian_two_view
CIR	3.1976750685684903	-1.4411692059116383	1.175590343599692	0.5619598728496874	1.921926796022348	PXD044523_Zenodo_author_processed_RNA_protein	micro_pilot_processing_20260730:v1.0.0	MOFA2_unsupervised_gaussian_two_view
CIS	3.063940097759457	-0.9586873885178102	1.4268651662156497	0.6108167332421418	1.8756407543608355	PXD044523_Zenodo_author_processed_RNA_protein	micro_pilot_processing_20260730:v1.0.0	MOFA2_unsupervised_gaussian_two_view
CIT	3.319982470835804	-0.8034707562635249	1.1168362313324982	0.29006369093825646	1.81611072305348	PXD044523_Zenodo_author_processed_RNA_protein	micro_pilot_processing_20260730:v1.0.0	MOFA2_unsupervised_gaussian_two_view
CKA	-3.296375473661079	-1.6925251086520183	2.7013522729207353	1.2507860046689023	1.7879053174004331	PXD044523_Zenodo_author_processed_RNA_protein	micro_pilot_processing_20260730:v1.0.0	MOFA2_unsupervised_gaussian_two_view
CKB	2.7448119907709643	-0.10050325930028499	1.606927662966521	0.11377579203162735	1.7493668887670013	PXD044523_Zenodo_author_processed_RNA_protein	micro_pilot_processing_20260730:v1.0.0	MOFA2_unsupervised_gaussian_two_view
CKC	3.20407051497489	-2.1017648618877347	0.9665220071535513	0.1625115187849988	2.002729381047781	PXD044523_Zenodo_author_processed_RNA_protein	micro_pilot_processing_20260730:v1.0.0	MOFA2_unsupervised_gaussian_two_view
CKD	3.2343757818040304	-1.5737948651084552	0.6390083500216973	0.6148684207883642	1.9767632727575628	PXD044523_Zenodo_author_processed_RNA_protein	micro_pilot_processing_20260730:v1.0.0	MOFA2_unsupervised_gaussian_two_view
CKE	3.167856039628187	-1.0148399448482512	1.2793986427934265	0.42516559702307194	2.065841901192087	PXD044523_Zenodo_author_processed_RNA_protein	micro_pilot_processing_20260730:v1.0.0	MOFA2_unsupervised_gaussian_two_view
CKF	3.0119510909705665	-1.5906423029542789	1.316766377539774	0.5379786078994435	2.0379132791893477	PXD044523_Zenodo_author_processed_RNA_protein	micro_pilot_processing_20260730:v1.0.0	MOFA2_unsupervised_gaussian_two_view
CKG	3.148498642112458	-1.3559768534402097	0.8423818971201318	0.25055023302022095	1.9277592544524391	PXD044523_Zenodo_author_processed_RNA_protein	micro_pilot_processing_20260730:v1.0.0	MOFA2_unsupervised_gaussian_two_view
CKH	3.131184976030511	-1.5230334226424638	0.307496124297381	0.044772394612989964	2.04552786366387	PXD044523_Zenodo_author_processed_RNA_protein	micro_pilot_processing_20260730:v1.0.0	MOFA2_unsupervised_gaussian_two_view
CKI	3.132140496437623	-1.30322236441573	0.7948190752064921	0.09206625148239031	1.939497916275086	PXD044523_Zenodo_author_processed_RNA_protein	micro_pilot_processing_20260730:v1.0.0	MOFA2_unsupervised_gaussian_two_view
CKK	0.3254576819421657	3.607091196572107	-2.5897542158102547	1.5645120585270489	-0.4175519636636834	PXD044523_Zenodo_author_processed_RNA_protein	micro_pilot_processing_20260730:v1.0.0	MOFA2_unsupervised_gaussian_two_view
CKL	3.190613243359824	-1.011025186267836	0.7678470463927881	-0.048044796480038225	1.9108645294553335	PXD044523_Zenodo_author_processed_RNA_protein	micro_pilot_processing_20260730:v1.0.0	MOFA2_unsupervised_gaussian_two_view
CKN	0.7685584094746849	2.3826671595055258	0.14712402530732505	1.6447424058819085	-0.6112606804857207	PXD044523_Zenodo_author_processed_RNA_protein	micro_pilot_processing_20260730:v1.0.0	MOFA2_unsupervised_gaussian_two_view
CKP	3.210603104937019	-1.4202904738514694	1.1320974989500263	0.4529469852414711	1.8785510252059765	PXD044523_Zenodo_author_processed_RNA_protein	micro_pilot_processing_20260730:v1.0.0	MOFA2_unsupervised_gaussian_two_view
CKQ	3.031691345104739	-1.5136918040555702	1.022017342632568	0.34741332581664386	1.859378382334459	PXD044523_Zenodo_author_processed_RNA_protein	micro_pilot_processing_20260730:v1.0.0	MOFA2_unsupervised_gaussian_two_view
CKR	-3.023013960622788	-0.6175878766795623	1.4886355931533317	-0.38668779062341246	-0.8366078771026435	PXD044523_Zenodo_author_processed_RNA_protein	micro_pilot_processing_20260730:v1.0.0	MOFA2_unsupervised_gaussian_two_view
CKS	0.6597238637748651	2.8949725771395665	-2.6602655738108534	2.348930355400455	-0.479393077701295	PXD044523_Zenodo_author_processed_RNA_protein	micro_pilot_processing_20260730:v1.0.0	MOFA2_unsupervised_gaussian_two_view
CKT	3.1269345156779234	-1.4807632461160225	1.2529613719742045	-0.11405710328568613	1.8159092898974962	PXD044523_Zenodo_author_processed_RNA_protein	micro_pilot_processing_20260730:v1.0.0	MOFA2_unsupervised_gaussian_two_view
CKV	-1.7142485621495547	-0.5108205858031541	-1.9105584839185346	-2.7294787437055272	0.7256126077585191	PXD044523_Zenodo_author_processed_RNA_protein	micro_pilot_processing_20260730:v1.0.0	MOFA2_unsupervised_gaussian_two_view
CLA	0.5201173535770552	2.958836614409741	-3.479467457007948	2.4531123208987378	-0.7233465180558956	PXD044523_Zenodo_author_processed_RNA_protein	micro_pilot_processing_20260730:v1.0.0	MOFA2_unsupervised_gaussian_two_view
CLB	-2.937404004709839	-0.10358345571739695	2.6384299532962814	-1.2126436202103859	-0.21877005584377227	PXD044523_Zenodo_author_processed_RNA_protein	micro_pilot_processing_20260730:v1.0.0	MOFA2_unsupervised_gaussian_two_view
CLC	-2.923121572768368	0.424241259695264	2.58853198684975	-1.041268663090261	-0.21196444510406054	PXD044523_Zenodo_author_processed_RNA_protein	micro_pilot_processing_20260730:v1.0.0	MOFA2_unsupervised_gaussian_two_view
CLD	-2.623692006884979	-1.4377819992347887	1.5839953113390768	-1.620445498902559	0.04163612795193115	PXD044523_Zenodo_author_processed_RNA_protein	micro_pilot_processing_20260730:v1.0.0	MOFA2_unsupervised_gaussian_two_view
CLG	0.24400123563345563	-0.21647256975938534	1.4832685601434208	3.016294253267092	-0.7342193260221863	PXD044523_Zenodo_author_processed_RNA_protein	micro_pilot_processing_20260730:v1.0.0	MOFA2_unsupervised_gaussian_two_view
CLH	2.2207877652681445	-3.547798697353841	-1.7506493128665654	-0.007640225641558692	1.0451871927323717	PXD044523_Zenodo_author_processed_RNA_protein	micro_pilot_processing_20260730:v1.0.0	MOFA2_unsupervised_gaussian_two_view
CLI	-1.8033446889822407	-1.5190318050795573	0.7490425392996143	0.19788772863117268	-1.561834587184901	PXD044523_Zenodo_author_processed_RNA_protein	micro_pilot_processing_20260730:v1.0.0	MOFA2_unsupervised_gaussian_two_view
CLK	-2.508755979088011	-0.22865771568501037	-2.2861302140873776	-1.4707353138746455	-0.07170274988287581	PXD044523_Zenodo_author_processed_RNA_protein	micro_pilot_processing_20260730:v1.0.0	MOFA2_unsupervised_gaussian_two_view
CLL	-2.9894120518511667	-0.29153512133054266	-0.34689072435344626	-0.991475252851161	-0.2991869797023635	PXD044523_Zenodo_author_processed_RNA_protein	micro_pilot_processing_20260730:v1.0.0	MOFA2_unsupervised_gaussian_two_view
CLN	-2.9335623957849233	-2.552318390679593	-2.7375582212730425	-0.8639431814040965	-0.4408054878298199	PXD044523_Zenodo_author_processed_RNA_protein	micro_pilot_processing_20260730:v1.0.0	MOFA2_unsupervised_gaussian_two_view
CLP	-2.884193961064144	-0.48740486810242906	-0.952539805420264	-1.1202664920632677	-0.21314949709403247	PXD044523_Zenodo_author_processed_RNA_protein	micro_pilot_processing_20260730:v1.0.0	MOFA2_unsupervised_gaussian_two_view
CLQ	-2.755915449272054	0.33357210552157784	-3.6592778131282397	-1.2447939499310579	-0.07349111816493967	PXD044523_Zenodo_author_processed_RNA_protein	micro_pilot_processing_20260730:v1.0.0	MOFA2_unsupervised_gaussian_two_view
CLR	-3.0472584274848398	1.416567761836826	-0.5164623486149746	-0.9126883579049012	-0.33532444412873114	PXD044523_Zenodo_author_processed_RNA_protein	micro_pilot_processing_20260730:v1.0.0	MOFA2_unsupervised_gaussian_two_view
CLS	-3.7495861635830683	-0.8432668651179596	3.066936613573879	0.003731356871294278	-0.9227913534575345	PXD044523_Zenodo_author_processed_RNA_protein	micro_pilot_processing_20260730:v1.0.0	MOFA2_unsupervised_gaussian_two_view
CLT	-2.9180751937969225	-0.14286055258111266	-0.5864114308289767	-0.8701605029594052	-0.4401421956937406	PXD044523_Zenodo_author_processed_RNA_protein	micro_pilot_processing_20260730:v1.0.0	MOFA2_unsupervised_gaussian_two_view
CLV	-2.6271743641418834	-1.3275310383904584	-2.364933244401431	-1.5134425948424586	0.0003834662999557374	PXD044523_Zenodo_author_processed_RNA_protein	micro_pilot_processing_20260730:v1.0.0	MOFA2_unsupervised_gaussian_two_view
CMB	-2.8310981481904443	-2.0029180386995513	-0.9666270362763258	-1.1824221551404588	-0.08258145005026003	PXD044523_Zenodo_author_processed_RNA_protein	micro_pilot_processing_20260730:v1.0.0	MOFA2_unsupervised_gaussian_two_view
CMC	-2.570401917950192	-0.15897805616671787	-1.774617719300008	-1.1798077840902577	-0.2421616373785833	PXD044523_Zenodo_author_processed_RNA_protein	micro_pilot_processing_20260730:v1.0.0	MOFA2_unsupervised_gaussian_two_view
CMD	-2.139633975303139	-1.6162417209563005	-1.4315453318973907	-0.7116385946699814	-0.6436500982564303	PXD044523_Zenodo_author_processed_RNA_protein	micro_pilot_processing_20260730:v1.0.0	MOFA2_unsupervised_gaussian_two_view
CME	-1.5067266918118758	-0.3062792400122907	-0.4722043319210511	0.029150815101230243	-0.4070151661738084	PXD044523_Zenodo_author_processed_RNA_protein	micro_pilot_processing_20260730:v1.0.0	MOFA2_unsupervised_gaussian_two_view
CMF	-3.0630744486830954	-1.0944583343963983	-0.6282283994557188	-0.9735257190292673	-0.3488428971488249	PXD044523_Zenodo_author_processed_RNA_protein	micro_pilot_processing_20260730:v1.0.0	MOFA2_unsupervised_gaussian_two_view
CMG	0.44516557714515076	0.07982975222586382	-0.9780591934669123	2.397297326087597	-0.0355071886388195	PXD044523_Zenodo_author_processed_RNA_protein	micro_pilot_processing_20260730:v1.0.0	MOFA2_unsupervised_gaussian_two_view
CMH	-3.326729120326056	-0.15841956335700036	-0.29955231406027955	0.2298131560812941	-0.9167521238346854	PXD044523_Zenodo_author_processed_RNA_protein	micro_pilot_processing_20260730:v1.0.0	MOFA2_unsupervised_gaussian_two_view
CMI	-3.188734696397601	1.541178867850446	0.31745772389100335	-0.7488948710027123	-0.33033577489787364	PXD044523_Zenodo_author_processed_RNA_protein	micro_pilot_processing_20260730:v1.0.0	MOFA2_unsupervised_gaussian_two_view
CML	-2.565278937037132	-2.140377320076973	-1.679867128092185	-1.295619227927953	-0.17258454695593167	PXD044523_Zenodo_author_processed_RNA_protein	micro_pilot_processing_20260730:v1.0.0	MOFA2_unsupervised_gaussian_two_view
CMM	-2.8095075024145855	-2.0171549214792326	-2.107346312619361	-1.2366556518757679	-0.22066048212125342	PXD044523_Zenodo_author_processed_RNA_protein	micro_pilot_processing_20260730:v1.0.0	MOFA2_unsupervised_gaussian_two_view
CMN	-3.077446946102049	-2.7451341556273383	-2.853706881044154	-0.9030227638706205	-0.3848821395030233	PXD044523_Zenodo_author_processed_RNA_protein	micro_pilot_processing_20260730:v1.0.0	MOFA2_unsupervised_gaussian_two_view
CMP	-3.16967745149574	1.1898343110865996	1.2261200879790959	-0.5986386697828542	-0.591975661100744	PXD044523_Zenodo_author_processed_RNA_protein	micro_pilot_processing_20260730:v1.0.0	MOFA2_unsupervised_gaussian_two_view
CMQ	-3.2495510841300757	1.0170287463877432	1.6506833003218677	-0.654086395485434	-0.5092362468495357	PXD044523_Zenodo_author_processed_RNA_protein	micro_pilot_processing_20260730:v1.0.0	MOFA2_unsupervised_gaussian_two_view
CMS	-2.737040487305205	1.7634324751952224	2.168941040962889	-1.0528710508128725	-0.2194171696738023	PXD044523_Zenodo_author_processed_RNA_protein	micro_pilot_processing_20260730:v1.0.0	MOFA2_unsupervised_gaussian_two_view
CMT	1.2502999141590343	-3.062210446399117	0.450504403233992	2.176586000476832	0.3485701507892866	PXD044523_Zenodo_author_processed_RNA_protein	micro_pilot_processing_20260730:v1.0.0	MOFA2_unsupervised_gaussian_two_view
CNB	0.9207678448759657	3.332623585544833	0.06702554468751812	2.1302448868683457	0.9369252596076276	PXD044523_Zenodo_author_processed_RNA_protein	micro_pilot_processing_20260730:v1.0.0	MOFA2_unsupervised_gaussian_two_view
CNC	0.9630794668298197	2.025175746593059	0.4500689035574825	2.5434917092217013	-0.1674854817695078	PXD044523_Zenodo_author_processed_RNA_protein	micro_pilot_processing_20260730:v1.0.0	MOFA2_unsupervised_gaussian_two_view
CNE	1.1050688592061209	2.9994567373296728	0.06870531210100642	2.3900368476927434	0.8918221487231549	PXD044523_Zenodo_author_processed_RNA_protein	micro_pilot_processing_20260730:v1.0.0	MOFA2_unsupervised_gaussian_two_view
CNF	0.8594922342909986	3.494834148932854	0.17636197361937708	2.2645732183922864	0.987740027838828	PXD044523_Zenodo_author_processed_RNA_protein	micro_pilot_processing_20260730:v1.0.0	MOFA2_unsupervised_gaussian_two_view
CNG	1.514559127570794	-2.44641915206598	-0.16217035149367753	2.076033195008404	0.2833720378954177	PXD044523_Zenodo_author_processed_RNA_protein	micro_pilot_processing_20260730:v1.0.0	MOFA2_unsupervised_gaussian_two_view
CNH	0.506630134028536	0.028745884509674653	0.47466246608822055	1.94857642883222	2.0134383241040945	PXD044523_Zenodo_author_processed_RNA_protein	micro_pilot_processing_20260730:v1.0.0	MOFA2_unsupervised_gaussian_two_view
CNI	0.8706471418127872	0.94209996522176	-1.1636393996797687	2.7586998019401907	0.8064114609818734	PXD044523_Zenodo_author_processed_RNA_protein	micro_pilot_processing_20260730:v1.0.0	MOFA2_unsupervised_gaussian_two_view
CNK	1.3653998444652748	0.9870754034622677	0.37848014356268145	2.132042545261464	0.13520572739358175	PXD044523_Zenodo_author_processed_RNA_protein	micro_pilot_processing_20260730:v1.0.0	MOFA2_unsupervised_gaussian_two_view
CNL	0.7324389899045249	2.777384180035754	0.8370093213426688	2.280269339393289	0.5954905411397176	PXD044523_Zenodo_author_processed_RNA_protein	micro_pilot_processing_20260730:v1.0.0	MOFA2_unsupervised_gaussian_two_view
CNM	0.9992523550972243	2.9556566278105083	-1.395413255954888	1.923178435316541	0.9938609494032059	PXD044523_Zenodo_author_processed_RNA_protein	micro_pilot_processing_20260730:v1.0.0	MOFA2_unsupervised_gaussian_two_view
CNN	0.8447037895103207	2.6664527072601283	0.4331152504727228	2.2319885207118606	0.6466136641824897	PXD044523_Zenodo_author_processed_RNA_protein	micro_pilot_processing_20260730:v1.0.0	MOFA2_unsupervised_gaussian_two_view
CNP	1.3181145029678947	0.34672333464995475	-0.9462165141773928	1.571367599784835	0.7808334428054351	PXD044523_Zenodo_author_processed_RNA_protein	micro_pilot_processing_20260730:v1.0.0	MOFA2_unsupervised_gaussian_two_view
CNQ	1.0385595006140134	2.669489612498738	1.3860849694116264	2.2144389019297535	0.6626278051906503	PXD044523_Zenodo_author_processed_RNA_protein	micro_pilot_processing_20260730:v1.0.0	MOFA2_unsupervised_gaussian_two_view
CNR	1.3556479243743211	2.4080880989555236	-1.7506142411257852	1.6930459553828012	1.1106416217553006	PXD044523_Zenodo_author_processed_RNA_protein	micro_pilot_processing_20260730:v1.0.0	MOFA2_unsupervised_gaussian_two_view
CNS	0.9735306849413116	1.7601640689990128	0.23887844656189106	2.5250418506643464	0.8507418713746964	PXD044523_Zenodo_author_processed_RNA_protein	micro_pilot_processing_20260730:v1.0.0	MOFA2_unsupervised_gaussian_two_view
CNT	0.8267291082055928	3.431552107221859	0.1770091274248643	2.2850921824345516	1.1178690853208888	PXD044523_Zenodo_author_processed_RNA_protein	micro_pilot_processing_20260730:v1.0.0	MOFA2_unsupervised_gaussian_two_view
CNV	1.2332270255986186	-2.0248581119067257	0.4317911240518326	1.7137104759650224	0.2501105652136061	PXD044523_Zenodo_author_processed_RNA_protein	micro_pilot_processing_20260730:v1.0.0	MOFA2_unsupervised_gaussian_two_view
CPA	0.5038044119510893	-1.363255535427751	1.6813198523271327	1.4217579190338399	0.021833963060217343	PXD044523_Zenodo_author_processed_RNA_protein	micro_pilot_processing_20260730:v1.0.0	MOFA2_unsupervised_gaussian_two_view
CPB	1.1095791773259664	2.6978007450637427	0.6835113896257912	1.7599096252027386	1.280476573401043	PXD044523_Zenodo_author_processed_RNA_protein	micro_pilot_processing_20260730:v1.0.0	MOFA2_unsupervised_gaussian_two_view
CPC	0.21654057455699502	1.3275778575907786	1.291338310113146	1.448758424780403	-3.1922324099990096	PXD044523_Zenodo_author_processed_RNA_protein	micro_pilot_processing_20260730:v1.0.0	MOFA2_unsupervised_gaussian_two_view
CPD	0.7521673276040407	-1.6782101818037984	-2.5775893595728796	0.16579201099957716	-2.1606826174322626	PXD044523_Zenodo_author_processed_RNA_protein	micro_pilot_processing_20260730:v1.0.0	MOFA2_unsupervised_gaussian_two_view
CPE	1.5844281262450584	3.2380337562522175	0.1475664386582637	-1.4765601975016451	-1.2471819819381618	PXD044523_Zenodo_author_processed_RNA_protein	micro_pilot_processing_20260730:v1.0.0	MOFA2_unsupervised_gaussian_two_view
CPF	1.2331237473846814	-0.9915374729669082	3.3844774904440564	-0.3548720490701159	-2.099193284122426	PXD044523_Zenodo_author_processed_RNA_protein	micro_pilot_processing_20260730:v1.0.0	MOFA2_unsupervised_gaussian_two_view
CPG	1.2877985893918187	0.5585105385065696	1.8380970818419564	-0.36823787715731543	-1.2450817236397602	PXD044523_Zenodo_author_processed_RNA_protein	micro_pilot_processing_20260730:v1.0.0	MOFA2_unsupervised_gaussian_two_view
CPI	-1.4221214814724947	-0.7251383656983813	1.099332588690364	0.9794185733022525	3.0466095089423355	PXD044523_Zenodo_author_processed_RNA_protein	micro_pilot_processing_20260730:v1.0.0	MOFA2_unsupervised_gaussian_two_view
CPK	0.9424034667801441	0.36025730625415936	1.103243898795503	2.1567424372722326	1.5439613691280623	PXD044523_Zenodo_author_processed_RNA_protein	micro_pilot_processing_20260730:v1.0.0	MOFA2_unsupervised_gaussian_two_view
CPM	-2.2221642814555764	-0.37156858956545363	0.2240292446813721	1.0086994383681307	3.290309822671067	PXD044523_Zenodo_author_processed_RNA_protein	micro_pilot_processing_20260730:v1.0.0	MOFA2_unsupervised_gaussian_two_view
CPN	0.17034412073266886	0.08482164242875281	2.4151956306150426	1.4644126431813167	1.7899358170628576	PXD044523_Zenodo_author_processed_RNA_protein	micro_pilot_processing_20260730:v1.0.0	MOFA2_unsupervised_gaussian_two_view
CPQ	0.8322537909095007	-2.0515239183200396	0.9587813012876182	2.2935371825899336	1.4857566903965673	PXD044523_Zenodo_author_processed_RNA_protein	micro_pilot_processing_20260730:v1.0.0	MOFA2_unsupervised_gaussian_two_view
CPR	0.4467551215203507	-0.4369002729165984	0.42219113285470566	1.44910967957371	1.720883006481266	PXD044523_Zenodo_author_processed_RNA_protein	micro_pilot_processing_20260730:v1.0.0	MOFA2_unsupervised_gaussian_two_view
CPS	-3.4095709380336205	-1.8196963167966596	2.0385366208307585	-0.2728162846941501	-0.7652978037306036	PXD044523_Zenodo_author_processed_RNA_protein	micro_pilot_processing_20260730:v1.0.0	MOFA2_unsupervised_gaussian_two_view
CPT	-2.8125157114679187	-0.5588118926291148	1.5526648176961717	-0.5978419116929976	-0.6500617872518585	PXD044523_Zenodo_author_processed_RNA_protein	micro_pilot_processing_20260730:v1.0.0	MOFA2_unsupervised_gaussian_two_view
CQB	-1.9110240294393068	0.07115148169753498	1.53944648647637	-0.1466166016910022	-1.0283859610959762	PXD044523_Zenodo_author_processed_RNA_protein	micro_pilot_processing_20260730:v1.0.0	MOFA2_unsupervised_gaussian_two_view
CQC	-2.0905840471337527	1.2809353678141817	2.9651845739299345	-0.10893157858816352	3.236002196200461	PXD044523_Zenodo_author_processed_RNA_protein	micro_pilot_processing_20260730:v1.0.0	MOFA2_unsupervised_gaussian_two_view
CQD	-2.3442419337220373	1.5229045971665394	3.0121260991258727	-0.015326480172841266	2.716693337759131	PXD044523_Zenodo_author_processed_RNA_protein	micro_pilot_processing_20260730:v1.0.0	MOFA2_unsupervised_gaussian_two_view
CQE	-2.6086188702891153	2.093787958800114	2.9853763197739984	0.12157790998848086	2.307935711267514	PXD044523_Zenodo_author_processed_RNA_protein	micro_pilot_processing_20260730:v1.0.0	MOFA2_unsupervised_gaussian_two_view
CQF	-0.8447437643907962	3.059012377030718	2.0787073218135355	0.6864244411493707	1.8158229915119504	PXD044523_Zenodo_author_processed_RNA_protein	micro_pilot_processing_20260730:v1.0.0	MOFA2_unsupervised_gaussian_two_view
CQG	0.253968739178164	0.5462170828806692	2.156876989617581	0.26050110091205547	-2.3139425442762853	PXD044523_Zenodo_author_processed_RNA_protein	micro_pilot_processing_20260730:v1.0.0	MOFA2_unsupervised_gaussian_two_view
CQH	-2.5350369075850643	1.1578441099245451	3.838806889899483	0.5695721414482389	3.09514511263987	PXD044523_Zenodo_author_processed_RNA_protein	micro_pilot_processing_20260730:v1.0.0	MOFA2_unsupervised_gaussian_two_view
CQI	0.3678495824845024	1.9494780742745215	2.0714960500433452	0.08614167701361039	-2.142784768351703	PXD044523_Zenodo_author_processed_RNA_protein	micro_pilot_processing_20260730:v1.0.0	MOFA2_unsupervised_gaussian_two_view
CQK	-2.4770933294419053	1.9911292769149476	2.8158190408456	0.07965680153214927	2.675683636848071	PXD044523_Zenodo_author_processed_RNA_protein	micro_pilot_processing_20260730:v1.0.0	MOFA2_unsupervised_gaussian_two_view
CQL	-2.0985067562919912	2.2553703866529853	3.0025307945720914	0.067485487762796	2.927388564794618	PXD044523_Zenodo_author_processed_RNA_protein	micro_pilot_processing_20260730:v1.0.0	MOFA2_unsupervised_gaussian_two_view
CQM	-2.2205663277668046	2.124174060793898	2.767763961062739	0.18603038069764025	2.1871144943229597	PXD044523_Zenodo_author_processed_RNA_protein	micro_pilot_processing_20260730:v1.0.0	MOFA2_unsupervised_gaussian_two_view
CQN	-2.060920786477599	2.291005742659936	2.5578259099959624	0.15655083352630678	2.4428734945481723	PXD044523_Zenodo_author_processed_RNA_protein	micro_pilot_processing_20260730:v1.0.0	MOFA2_unsupervised_gaussian_two_view
CQP	-1.2336343408844115	2.165649135007235	2.673388555540381	-0.31868836185856875	-0.7748616580851571	PXD044523_Zenodo_author_processed_RNA_protein	micro_pilot_processing_20260730:v1.0.0	MOFA2_unsupervised_gaussian_two_view
CQQ	-1.6496140821914786	-1.0611060399900865	-1.750490460465276	-0.9315680500170975	-0.6164477460896373	PXD044523_Zenodo_author_processed_RNA_protein	micro_pilot_processing_20260730:v1.0.0	MOFA2_unsupervised_gaussian_two_view
CQR	-2.478413449408908	-1.3805721672025422	-2.7409400988318264	-1.1028280504014014	-0.27909282982265815	PXD044523_Zenodo_author_processed_RNA_protein	micro_pilot_processing_20260730:v1.0.0	MOFA2_unsupervised_gaussian_two_view
CQS	-3.4064644235936354	-1.3200843634130977	4.392689384076789	-0.2724716143345446	-0.7724327415557345	PXD044523_Zenodo_author_processed_RNA_protein	micro_pilot_processing_20260730:v1.0.0	MOFA2_unsupervised_gaussian_two_view
CQT	1.6162433989549032	0.10593547012656197	1.6059470201511443	-1.238532533551622	-1.1965172242488036	PXD044523_Zenodo_author_processed_RNA_protein	micro_pilot_processing_20260730:v1.0.0	MOFA2_unsupervised_gaussian_two_view
CQV	1.65167690299801	1.3018140166597023	0.12304409388697579	-1.4024320554150767	-1.0896548341766137	PXD044523_Zenodo_author_processed_RNA_protein	micro_pilot_processing_20260730:v1.0.0	MOFA2_unsupervised_gaussian_two_view
CRA	1.7951273930629328	-0.18202710789038826	0.9832942383708067	0.3669698115431146	1.102907390006686	PXD044523_Zenodo_author_processed_RNA_protein	micro_pilot_processing_20260730:v1.0.0	MOFA2_unsupervised_gaussian_two_view
CRB	0.6703852273667106	-0.9658692421164337	2.7390391799336498	1.950742684038301	0.573373626775073	PXD044523_Zenodo_author_processed_RNA_protein	micro_pilot_processing_20260730:v1.0.0	MOFA2_unsupervised_gaussian_two_view
CRC	1.7422056183028416	-1.7190767415847275	-0.4891615583066461	-1.639630974996505	-1.0326500880509821	PXD044523_Zenodo_author_processed_RNA_protein	micro_pilot_processing_20260730:v1.0.0	MOFA2_unsupervised_gaussian_two_view
CRD	1.8347683131242323	-0.47909967491615224	0.7230544931797467	0.85089273174661	1.8415278491416915	PXD044523_Zenodo_author_processed_RNA_protein	micro_pilot_processing_20260730:v1.0.0	MOFA2_unsupervised_gaussian_two_view
CRG	2.2532534210258417	0.6442863001357412	0.056296159313745896	-0.37121643319919434	1.5534554249315262	PXD044523_Zenodo_author_processed_RNA_protein	micro_pilot_processing_20260730:v1.0.0	MOFA2_unsupervised_gaussian_two_view
CRH	1.348628903150244	-0.15747055801920748	2.722017162080623	-1.0563221815327297	-1.5476591159347457	PXD044523_Zenodo_author_processed_RNA_protein	micro_pilot_processing_20260730:v1.0.0	MOFA2_unsupervised_gaussian_two_view
CRI	2.1057974349864725	-2.053550048098473	-1.6038596312481415	-1.8974479804185067	-0.087082149678136	PXD044523_Zenodo_author_processed_RNA_protein	micro_pilot_processing_20260730:v1.0.0	MOFA2_unsupervised_gaussian_two_view
CRK	1.6839196746916678	1.6751813124397654	0.027256551658743716	-1.1436664658603415	-0.3601204324692038	PXD044523_Zenodo_author_processed_RNA_protein	micro_pilot_processing_20260730:v1.0.0	MOFA2_unsupervised_gaussian_two_view
CRL	2.09899751464438	0.43959251811162975	0.6514089140420818	-0.18273225076968788	1.77808335377139	PXD044523_Zenodo_author_processed_RNA_protein	micro_pilot_processing_20260730:v1.0.0	MOFA2_unsupervised_gaussian_two_view
