record_type	record_id	role	relative_path	size_bytes	sha256	source_layer	status
assay_input	EC_B36_DNA_ERR2929695	primary	data/raw/EC_B36_CENPK_ANCHORS/dna/ecoli/ERR2929695_1.fastq.gz	208189985	59d18c0e4ceba9ef713b90fabcbeec285182d9ec63e06b8cec8359d2c877028a	public_raw	PASS
assay_input	EC_B36_DNA_ERR2929695	secondary	data/raw/EC_B36_CENPK_ANCHORS/dna/ecoli/ERR2929695_2.fastq.gz	230366117	4edaaa5041deff1d418571862b84f3d66a37e79c9e09a5cd0a33ac85997ba73a	public_raw	PASS
assay_input	SC_CENPK_DNA_SRR445715	primary	data/raw/EC_B36_CENPK_ANCHORS/dna/yeast/SRR445715_1.fastq.gz	458428109	fc7a53bb254e71b9942d07c2d5f166155809bfec4f40b13700803870b6843aff	public_raw	PASS
assay_input	SC_CENPK_DNA_SRR445715	secondary	data/raw/EC_B36_CENPK_ANCHORS/dna/yeast/SRR445715_2.fastq.gz	458625416	27c3e727ed294528d26667dfa837589dc8c95ebd127d6399ef2b7e2bea256ce9	public_raw	PASS
assay_input	EC_B36_RNA_SRR12067163	primary	data/raw/EC_B36_CENPK_ANCHORS/rna/ecoli/SRR12067163_1.fastq.gz	945526137	8ecd6f63509479b0e7c857d67feaa61bf78a50cb502fc94283c19851dc0435b8	public_raw	PASS
assay_input	EC_B36_RNA_SRR12067163	secondary	data/raw/EC_B36_CENPK_ANCHORS/rna/ecoli/SRR12067163_2.fastq.gz	931196993	ade04a453c76c25dc11350b9e7b1ba57b0956df530624b38090242f00338cc07	public_raw	PASS
assay_input	SC_CENPK_RNA_SRR8594115	primary	data/raw/EC_B36_CENPK_ANCHORS/rna/yeast/SRR8594115_1.fastq.gz	334947037	5ceddde22f86aab94fd0714eefebde9f1835ff9980884ed4b175855de17132f7	public_raw	PASS
assay_input	SC_CENPK_RNA_SRR8594115	secondary	data/raw/EC_B36_CENPK_ANCHORS/rna/yeast/SRR8594115_2.fastq.gz	348642635	2168f6a04fe01613d9e272334ef83d8aca78e002655a35b2accbf2761ddc0de4	public_raw	PASS
assay_input	EC_B36_PROTEOME_50977	primary	data/raw/EC_B36_CENPK_ANCHORS/proteomics/ecoli/50977_SEP_MBPF_MS_QEPlus1_P16_0062_Exp18.raw	2342422791	069ccce88d6324634ca1d8c8efc60a885ca29dbee42f59a1cec729015b23c6ce	public_raw	PASS
assay_input	SC_CENPK_PROTEOME_S1	primary	data/raw/EC_B36_CENPK_ANCHORS/proteomics/yeast/160926_17_Orbi2_SK_SER_G240_T275_Chalmers_Xia_S1.raw	4313116983	e4f010a61a41fc5af8a0a6fac2bcf327735edc7a86685a748faae3a28f94e5f5	public_raw	PASS
assay_input	EC_B36_METAB_50913	primary	data/raw/EC_B36_CENPK_ANCHORS/metabolomics/ecoli/50913_Sep_MA_LCMS_B36R-1-580-33841_Bio21_LC_QTOF_6545.zip	23689658	933a7ca53ffd77824e4c28378ac69c2ccea8e82bc8d5f27c1ae7fff852646953	public_raw	PASS
assay_input	SC_CENPK_METAB_QXA10	primary	data/raw/EC_B36_CENPK_ANCHORS/metabolomics/yeast/QXA10POSLAT20160809_CHAL0116VW_YEAST_15.mzML	11719028	70ccbc375997c68dca2bf25ea1fb7df7aec80eb0b42888ff4867274a6cafa45e	public_raw	PASS
reference	EC_B36_GCF900622635	genome_fasta	data/references/EC_B36/reference.fasta	5327689	e1e53a89e4dbe366eec0cd8f8e0fc8f84526e3e1e7ee5c68c3aa06f5244d7096	public_raw	PASS
reference	EC_B36_GCF900622635	annotation_gff	data/references/EC_B36/reference.gff	3095028	b5325c0dfd5686ec202ea23508137cb41d0e34ee6fa13e08596fd1cae35bb81c	public_raw	PASS
reference	EC_B36_GCF900622635	proteome_fasta	data/references/EC_B36/proteome.fasta	1910374	4f710def5cac869924d7ea4662483f23ac028b36cc8a5d8f0f07608a98b44e40	public_raw	PASS
reference	EC_B36_GCF900622635	gem_model	data/gpa/gem/iML1515.json	3062491	b0f9199f048779bb08a14dfa6c09ec56d35b8750d2f99681980d0f098355fbf5	public_raw	PASS
reference	SC_CENPK_GCA000269885	genome_fasta	data/references/SC_CENPK1137D/reference.fasta	12157033	c203c27da72b9542d0eed96120205f8d1370b3fce928ceac68016fbb9abdc575	public_raw	PASS
reference	SC_CENPK_GCA000269885	annotation_gff	data/references/SC_CENPK1137D/reference.gff	5292953	f3be8188a6c1a63300957b1966bb16157fba0529ee33a876b7f373ad7285f582	public_raw	PASS
reference	SC_CENPK_GCA000269885	proteome_fasta	data/references/SC_CENPK1137D/proteome.fasta	3052016	454a6b62ec222491c82d400c0d29720ae3f50607f9c00eef3ec4e3b85ce9ad0b	public_raw	PASS
reference	SC_CENPK_GCA000269885	gem_model	data/gpa/gem/yeast-GEM-v9.1.0.xml	11562488	05d33f3e82c2e2d072e229e7588f06d33b7df9daa806288db548c140149fc8bb	public_raw	PASS
reference	SC_S288C_R64	genome_fasta	data/references/SC_S288C_R64/S288C_R64_genome.fna	12310392	fe42735d3e6242f8c40b457a232940e34ef15eb4502717e54a34ed118face4c1	public_raw	PASS
reference	SC_S288C_R64	annotation_gff	data/references/SC_S288C_R64/S288C_R64_annotation.gff3	12464547	228ea6918fc034e80a34f87d30729c0a8caeb019861baef7d14878324a0d7b8c	public_raw	PASS
reference	SC_S288C_R64	proteome_fasta	data/references/SC_S288C_R64/S288C_R64_proteins.faa	3400039	a376bcbd87c6caa8c0d81c2b1feb2d04246b438023bab3ced3821a61db718aac	public_raw	PASS
reference	SC_S288C_R64	gem_model	data/gpa/gem/yeast-GEM-v9.1.0.xml	11562488	05d33f3e82c2e2d072e229e7588f06d33b7df9daa806288db548c140149fc8bb	public_raw	PASS
reference	EC_MS14384_GCF900622695	genome_fasta	data/references/EC_MS14384/reference.fasta	5251018	7470c8ebbc85aff5669f2d8d4f050d518e27f2fa0369acd5eb50465fd61dc661	public_raw	PASS
reference	EC_MS14384_GCF900622695	annotation_gff	data/references/EC_MS14384/reference.gff	2972263	4f29237d553e605f6a759d44c42610bb342a1fbd71cbcffe43d0497dd95fbb9a	public_raw	PASS
reference	EC_MS14384_GCF900622695	proteome_fasta	data/references/EC_MS14384/proteome.fasta	1895141	2c9a5e813ab185c2c9fcefe428b1ba60ac8e465e4e39a61ab06ae8005f8ef5fe	public_raw	PASS
reference	EC_MS14384_GCF900622695	gem_model	data/gpa/gem/iML1515.json	3062491	b0f9199f048779bb08a14dfa6c09ec56d35b8750d2f99681980d0f098355fbf5	public_raw	PASS
mapping_table	gene_identifiers	gene_id_map	config/mappings/gene_id_map.tsv	2241467	1651db3eced41de151028c9db43529c2c5189ec84587f25b784ccc7b9e81dc40	public_processed	PASS
mapping_table	protein_to_gene	protein_gene_map	config/mappings/protein_gene_map.tsv	578659	7dcc53b3eb5c3ca214463ee99f0e7962549b83c871a94120c9de3ffd88c1135f	public_processed	PASS
mapping_table	metabolite_identifiers	metabolite_map	config/mappings/metabolite_map.tsv	98499	38563bf5bc675a6d5afdac1b0f80db7b23ecf6eafcf3163df6dd80788763149c	public_processed	PASS
mapping_table	ortholog_groups	ortholog_map	config/mappings/ortholog_map.tsv	713965	4adc65e357cfab0de4a5c30305b7a26b7b6173a70811cc7bc539bc502d1b3939	public_processed	PASS
mapping_table	gem_exchanges	gem_exchange_map	config/mappings/gem_exchange_map.tsv	531	fee35d53a1c36961c0c4b8d9ffbb2a6611caf24fec12396d0892408dacc7d3dd	public_processed	PASS
mapping_table	sample_crosswalk	sample_crosswalk	config/mappings/sample_crosswalk.tsv	1281	c19aae4f7def9144d18a30fb87e37c33b4c918a6c56e50bcaf27b1f91582786b	public_processed	PASS
registry	proteomics_cache_registry	registry	config/proteomics_cache_registry.tsv	507	153ebf78dabf22fc35f129375436252f13ecfb0ee791e5751f4db39d966c99d8	model_derived	PASS
proteomics_cache_registry	EC_B36_PROTEOME_50977	cache_directory:contaminant_audit.tsv	data/derived_cache/proteomics/ecoli/contaminant_audit.tsv	69	6c311d28bba944d6b645800d23cc32af0715b8cbf0b3c1222fa13aafd52833c2	public_processed	PASS
proteomics_cache_registry	EC_B36_PROTEOME_50977	cache_directory:peptide_table.parquet	data/derived_cache/proteomics/ecoli/peptide_table.parquet	1382495	f61f245c390869c12da98a2e9e897ef32de599124d7da86eba89d202df6fdd8c	public_processed	PASS
proteomics_cache_registry	EC_B36_PROTEOME_50977	cache_directory:peptide_table.tsv	data/derived_cache/proteomics/ecoli/peptide_table.tsv	2719341	c65f850c9a1cfcd5e868bc14b2effbac725ebf38469cb8bf1d38696187b87ece	public_processed	PASS
proteomics_cache_registry	EC_B36_PROTEOME_50977	cache_directory:processing_status.json	data/derived_cache/proteomics/ecoli/processing_status.json	312	6ba1463da5750156987f4778a59b0f9493d84f729756b986a906cd4d155d907d	public_processed	PASS
proteomics_cache_registry	EC_B36_PROTEOME_50977	cache_directory:protein_abundance.parquet	data/derived_cache/proteomics/ecoli/protein_abundance.parquet	179405	fb20ea1edf9b874be9a1788cd81b45975cbe33029d747d3adeb030680b437009	public_processed	PASS
proteomics_cache_registry	EC_B36_PROTEOME_50977	cache_directory:protein_abundance.tsv	data/derived_cache/proteomics/ecoli/protein_abundance.tsv	425015	56deff0ba31bf280ef327b0daf69e905563455e1d21074551bb6908d3b4e595d	public_processed	PASS
proteomics_cache_registry	EC_B36_PROTEOME_50977	cache_directory:protein_abundance_raw.parquet	data/derived_cache/proteomics/ecoli/protein_abundance_raw.parquet	179405	98dc3a4276ceac6f97e6879bed02cd77f527cbe6105743bbf6a8852f3f4003b9	public_processed	PASS
proteomics_cache_registry	EC_B36_PROTEOME_50977	cache_directory:protein_abundance_raw.tsv	data/derived_cache/proteomics/ecoli/protein_abundance_raw.tsv	424598	f8ae05acf6204ce0ea6ebfed667b060db9374ebe65cd89071f8f0c4656588ad0	public_processed	PASS
proteomics_cache_registry	EC_B36_PROTEOME_50977	cache_directory:protein_feature_dictionary.tsv	data/derived_cache/proteomics/ecoli/protein_feature_dictionary.tsv	721444	bcb8bc21dc35435f6135372fcb98303eba8affacf576589cf9af276da47a9811	public_processed	PASS
proteomics_cache_registry	EC_B36_PROTEOME_50977	cache_directory:protein_group_table.parquet	data/derived_cache/proteomics/ecoli/protein_group_table.parquet	285668	5be640dc01393b58e5b2ca0d448841c424d281013b4a763a28eb23ae7102dcb9	public_processed	PASS
proteomics_cache_registry	EC_B36_PROTEOME_50977	cache_directory:protein_group_table.tsv	data/derived_cache/proteomics/ecoli/protein_group_table.tsv	910678	ae911080fdd32e5387f4bfbdb03c7413616034e621409ec34123633fa1ff73fe	public_processed	PASS
proteomics_cache_registry	EC_B36_PROTEOME_50977	cache_directory:protein_qc_report.html	data/derived_cache/proteomics/ecoli/protein_qc_report.html	1494	9ab6fb4941a7a6a0804a848d427255a937eac27bb62df5f8032bd9788ff30113	public_processed	PASS
proteomics_cache_registry	EC_B36_PROTEOME_50977	cache_directory:proteomics_qc.json	data/derived_cache/proteomics/ecoli/proteomics_qc.json	1473	504d8377143aa708874c95e878eb352cd88cd677d77b385f3c0e519d6e60d0d1	public_processed	PASS
proteomics_cache_registry	EC_B36_PROTEOME_50977	cache_directory:psm_table.parquet	data/derived_cache/proteomics/ecoli/psm_table.parquet	10530537	99ac0b9535cd825401032355c5adeb5f4f30b06e23c4d35c0d4b0d7d5c611ee5	public_processed	PASS
proteomics_cache_registry	EC_B36_PROTEOME_50977	cache_directory:psm_table.tsv.gz	data/derived_cache/proteomics/ecoli/psm_table.tsv.gz	8257050	0b50ca860f09b4982080e97c1b8b6301433602bfcdcee023dd1fa8ada584e647	public_processed	PASS
proteomics_cache_registry	EC_B36_PROTEOME_50977	cache_directory:search_parameters.json	data/derived_cache/proteomics/ecoli/search_parameters.json	5674	8d5b1b54fafbc87e2f0535d90382b2d353d316bb2848429ea2c95ffb12c96714	public_processed	PASS
proteomics_cache_registry	SC_CENPK_PROTEOME_S1	cache_directory:contaminant_audit.tsv	data/derived_cache/proteomics/yeast/contaminant_audit.tsv	71	6c2e89b38545684e38ea03cd7ce05d3138c1a5c81e7748c46d0382fda2ff9528	public_processed	PASS
proteomics_cache_registry	SC_CENPK_PROTEOME_S1	cache_directory:peptide_table.parquet	data/derived_cache/proteomics/yeast/peptide_table.parquet	2468041	414d8eb03f7adb5a561d7013af539cd123127ca7852e10088ecf72f54d458bb9	public_processed	PASS
proteomics_cache_registry	SC_CENPK_PROTEOME_S1	cache_directory:peptide_table.tsv	data/derived_cache/proteomics/yeast/peptide_table.tsv	5600839	36ae26c08159bebe89a1ac8fa5799b7ae5a607a28f04ca8b7f173ee9ff414c64	public_processed	PASS
proteomics_cache_registry	SC_CENPK_PROTEOME_S1	cache_directory:processing_status.json	data/derived_cache/proteomics/yeast/processing_status.json	312	ccfae9ab5be135e085ca65aacd06b439efc34159fed5c09136f77c68eb37376c	public_processed	PASS
proteomics_cache_registry	SC_CENPK_PROTEOME_S1	cache_directory:protein_abundance.parquet	data/derived_cache/proteomics/yeast/protein_abundance.parquet	213617	33f5d0d6ca45c71b48f071684d2dbc5b93aaa9e661d82b9ec09d9e288ecd3b49	public_processed	PASS
proteomics_cache_registry	SC_CENPK_PROTEOME_S1	cache_directory:protein_abundance.tsv	data/derived_cache/proteomics/yeast/protein_abundance.tsv	518878	d0cd98122d1c6fb5c9f90b3b6f0229b302db9b4e07514865c8be706cc580f7ec	public_processed	PASS
proteomics_cache_registry	SC_CENPK_PROTEOME_S1	cache_directory:protein_abundance_raw.parquet	data/derived_cache/proteomics/yeast/protein_abundance_raw.parquet	213617	152e2ee5597be32bea5925c058c9c67a48d63c1d38bdb09f9d2c9467fe8b76db	public_processed	PASS
proteomics_cache_registry	SC_CENPK_PROTEOME_S1	cache_directory:protein_abundance_raw.tsv	data/derived_cache/proteomics/yeast/protein_abundance_raw.tsv	518527	6608b00e5e9b8ce9a1defc9a0582ce0f97054fe264c1c943c3e795a9b1cb56c9	public_processed	PASS
proteomics_cache_registry	SC_CENPK_PROTEOME_S1	cache_directory:protein_feature_dictionary.tsv	data/derived_cache/proteomics/yeast/protein_feature_dictionary.tsv	1033035	fa4af2cce2cc850811c5debcba4aeb0c0060719d766e55df59dee91b8ba15e52	public_processed	PASS
proteomics_cache_registry	SC_CENPK_PROTEOME_S1	cache_directory:protein_group_table.parquet	data/derived_cache/proteomics/yeast/protein_group_table.parquet	425533	4e0f12acac88d21a97eeddca779a036aab9cc00e28d3c045012cef4040be693c	public_processed	PASS
proteomics_cache_registry	SC_CENPK_PROTEOME_S1	cache_directory:protein_group_table.tsv	data/derived_cache/proteomics/yeast/protein_group_table.tsv	1562550	e170849a6b27c9c5e23d89173921a78ea5628f691a94d0d309c533dcee9ff8a5	public_processed	PASS
proteomics_cache_registry	SC_CENPK_PROTEOME_S1	cache_directory:protein_qc_report.html	data/derived_cache/proteomics/yeast/protein_qc_report.html	1759	ae4ecd202e0360340d807f5d23a38d9d90474bb946641720155f53c94590ebb7	public_processed	PASS
proteomics_cache_registry	SC_CENPK_PROTEOME_S1	cache_directory:proteomics_qc.json	data/derived_cache/proteomics/yeast/proteomics_qc.json	1610	5e4f0ec41d46ee2f83afa939c08812b0416f63b5321c100c678d5ab2e5737fe6	public_processed	PASS
proteomics_cache_registry	SC_CENPK_PROTEOME_S1	cache_directory:psm_table.parquet	data/derived_cache/proteomics/yeast/psm_table.parquet	14037516	dbb6495bfa78f23e512d804dab51b48e2f03e38c4b52e6216d483a2b6f242cb0	public_processed	PASS
proteomics_cache_registry	SC_CENPK_PROTEOME_S1	cache_directory:psm_table.tsv.gz	data/derived_cache/proteomics/yeast/psm_table.tsv.gz	10916190	e00532c045da6a1d6dafcd5e6f5497c37b3a2d408e947519e8cf764cb82b7805	public_processed	PASS
proteomics_cache_registry	SC_CENPK_PROTEOME_S1	cache_directory:search_parameters.json	data/derived_cache/proteomics/yeast/search_parameters.json	6073	5507684c6951df9d30fce3f38d534b06b313f5090a127514c856a4d5df387d4c	public_processed	PASS
registry	named_metabolite_registry	registry	config/named_metabolite_registry.tsv	1409	fdeceec2fc4a8e936e8e3af64fffb1f434afa2fb9eb0f61e1fd518f41ac6b38b	model_derived	PASS
named_metabolite_registry	EC_B36_METAB_50913	abundance_path	data/processed_public/named_metabolites/ecoli/reported_metabolite_abundance.tsv	76559	cd8bb946f38787b776b245427fc3c4331f095c0c7c96a772bdd2057aa275c726	public_processed	PASS
named_metabolite_registry	EC_B36_METAB_50913	catalog_path	data/processed_public/named_metabolites/ecoli/reported_metabolite_catalog.tsv	76559	cd8bb946f38787b776b245427fc3c4331f095c0c7c96a772bdd2057aa275c726	public_processed	PASS
named_metabolite_registry	EC_B36_METAB_50913	coverage_path	data/processed_public/named_metabolites/ecoli/reported_annotation_coverage.tsv	186	609ac74e77379e862388c28ea584b0e0a3390bc1c044c256c2d4a3bb6af1657d	public_processed	PASS
named_metabolite_registry	SC_CENPK_METAB_QXA10	abundance_path	data/processed_public/named_metabolites/yeast/reported_metabolite_abundance.tsv	165315	8f11672df2505040b199d442b053647319cf9b9b906184e205457922f6c6855b	public_processed	PASS
named_metabolite_registry	SC_CENPK_METAB_QXA10	catalog_path	data/processed_public/named_metabolites/yeast/reported_metabolite_catalog.tsv	186921	95bfb20dc61cfb0d22dbc7469a84f4f86889cae0708ae22c42cbd5accb809eb2	public_processed	PASS
named_metabolite_registry	SC_CENPK_METAB_QXA10	coverage_path	data/processed_public/named_metabolites/yeast/reported_annotation_coverage.tsv	186	55e606b54f2d671ca01f3e50a097c4e9e6573d8993c2fd93179bb59a4a089e42	public_processed	PASS
named_metabolite_registry	EC_MS14384_METAB_50925	abundance_path	data/processed_public/named_metabolites/ecoli_ms14384/reported_metabolite_abundance.tsv	77245	510f7f5f3935a4295e9d962f020c57b3b8bd770334c5d95d6a3ce48edb44b2b8	public_processed	PASS
named_metabolite_registry	EC_MS14384_METAB_50925	catalog_path	data/processed_public/named_metabolites/ecoli_ms14384/reported_metabolite_catalog.tsv	77245	510f7f5f3935a4295e9d962f020c57b3b8bd770334c5d95d6a3ce48edb44b2b8	public_processed	PASS
named_metabolite_registry	EC_MS14384_METAB_50925	coverage_path	data/processed_public/named_metabolites/ecoli_ms14384/reported_annotation_coverage.tsv	186	609ac74e77379e862388c28ea584b0e0a3390bc1c044c256c2d4a3bb6af1657d	public_processed	PASS
registry	comparison_registry	registry	config/comparison_registry.tsv	2280	9a1dbab9a37fa6b34d90929e79777410bfe8bae77d84b2e858cfcd402af055d3	model_derived	PASS
comparison_registry	EC_B36_vs_MS14384	path	data/processed_public/comparisons/ecoli_dna_conserved_orthologue_mapping.tsv	601193	c89fa8823068f63f9154b2918c54838a7551892db30e8033362af6fcdb064ed7	public_processed	PASS
comparison_registry	EC_B36_vs_MS14384	path	data/processed_public/comparisons/ecoli_rna_B36_vs_MS14384_response.tsv	1617470	b8b79aa79a4ea6d54a3854dec8d404b96e76a25baed471cb535c235c9e004e74	public_processed	PASS
comparison_registry	EC_B36_vs_MS14384	path	data/processed_public/comparisons/ecoli_proteomics_B36_vs_MS14384_response.tsv	1246476	b0403d89ce1db0337a630095e02a44bba082ade7e72b5f1575426d6e81f3a992	public_processed	PASS
comparison_registry	EC_B36_vs_MS14384	path	data/processed_public/comparisons/ecoli_metabolomics_B36_vs_MS14384_response.tsv	65803	db8c2e8d35aea2dca742b28efb0b68574bb247d6a32af07dd1cfbba3c866738e	public_processed	PASS
comparison_registry	SC_YRC_vs_CENPK1137D	path	data/processed_public/comparisons/yeast_dna_YRC_vs_CENPK1137D_burden.tsv	417	a09e46bd1d20cdee01b898c84f04c70897777ab473560acbd95917f0309f7454	public_processed	PASS
comparison_registry	SC_YRC_vs_CENPK1137D	path	data/processed_public/comparisons/yeast_rna_YRC_vs_CENPK1137D_evidence.tsv	1737964	b2989ab3b0b6853624d9f1133791b06c8d51589ba453fc52c53f139d590b9eab	public_processed	PASS
comparison_registry	SC_YRC_vs_CENPK1137D	path	data/processed_public/comparisons/yeast_proteomics_YRC_vs_CENPK1137D_evidence.tsv	772190	e1d9cd2c3d1dda4f5f0db5fff3dfae6d3cb2a7218c71a45e110f66071891c30e	public_processed	PASS
comparison_registry	SC_YRC_vs_CENPK1137D	path	data/processed_public/comparisons/yeast_metabolomics_YRC_vs_CENPK1137D_evidence.tsv	130891	01aee816bef7fcdfec68795f4796413b9fd07de65ffb80df77f60a80f8ed0ad4	public_processed	PASS
registry	auxiliary_asset_registry	registry	config/auxiliary_asset_registry.tsv	1245	b8d75402552b346b8c85b3e7da7896668ffb7b467b411e71d9afd11e5f1284f0	model_derived	PASS
auxiliary_asset	B36_CALLER_REGRESSION	workflow_regression_input:raw_reads/B36_positive_control_R1.fastq.gz	data/controls/example_data/b36_positive_control/raw_reads/B36_positive_control_R1.fastq.gz	47524	4ea603a44fdf0cb4738ebc3d2cd87b3c67e67fdbc2d92933929cbe84e998d244	synthetic_test_fixture	PASS
auxiliary_asset	B36_CALLER_REGRESSION	workflow_regression_input:raw_reads/B36_positive_control_R2.fastq.gz	data/controls/example_data/b36_positive_control/raw_reads/B36_positive_control_R2.fastq.gz	46518	8ac34a7ce7b19e7f372f10d1165e3d5aea0f5c1007c6c0f063a0086a4e28b397	synthetic_test_fixture	PASS
auxiliary_asset	B36_CALLER_REGRESSION	workflow_regression_input:reference/B36_compact_reference.fasta	data/controls/example_data/b36_positive_control/reference/B36_compact_reference.fasta	35530	a8834c3cfb2a16f220a81679a751ad38621dacd1493723ce844616005ec0e731	synthetic_test_fixture	PASS
auxiliary_asset	B36_CALLER_REGRESSION	workflow_regression_input:reference/B36_compact_reference.gff3	data/controls/example_data/b36_positive_control/reference/B36_compact_reference.gff3	20579	2e0f6256bec35d37c1e5f1dbd389ae813bef0bfde68831975df63f6869d8a967	synthetic_test_fixture	PASS
auxiliary_asset	B36_CALLER_REGRESSION	workflow_regression_input:truth/B36_positive_control.truth.vcf	data/controls/example_data/b36_positive_control/truth/B36_positive_control.truth.vcf	1861	0551cce7b57fb475a0b2baa16574c93e8822af59dbef9b0c63c65246b66973a5	synthetic_test_fixture	PASS
auxiliary_asset	B36_CALLER_REGRESSION	workflow_regression_input:truth/B36_positive_control.truth_annotations.tsv	data/controls/example_data/b36_positive_control/truth/B36_positive_control.truth_annotations.tsv	1860	26246bea311dd231237897ea0a9bf7c85a4e92636b9bca1b97cfc97043d12f7f	synthetic_test_fixture	PASS
auxiliary_asset	PUBLIC_CRISPRI	crispr_evidence:crispr_cross_strain_mapping.tsv.gz	data/processed_public/crispr/crispr_cross_strain_mapping.tsv.gz	265164	87d46aa3969454c865b65e892a5e4b4c5023216f8b238063c53e6a52568625c3	public_processed	PASS
auxiliary_asset	PUBLIC_CRISPRI	crispr_evidence:crispr_gene_result.tsv	data/processed_public/crispr/crispr_gene_result.tsv	3249792	d4a5cbbc9589b7dd7e57c83c9ad42f665108128138df424bae8a66eb41e1c350	public_processed	PASS
auxiliary_asset	PUBLIC_CRISPRI	crispr_evidence:crispr_guide_count.tsv.gz	data/processed_public/crispr/crispr_guide_count.tsv.gz	9037767	7b5cc48165cf73ef4cf2d2dbd8954e972a16cbdf1c4975cde021afe0e14d962e	public_processed	PASS
auxiliary_asset	PUBLIC_CRISPRI	crispr_evidence:crispr_guide_result.tsv.gz	data/processed_public/crispr/crispr_guide_result.tsv.gz	3276636	5178655e0f241d56d7abfab4299202d12fe1c1a9c413efc616d9188c627d4771	public_processed	PASS
auxiliary_asset	PUBLIC_CRISPRI	crispr_evidence:crispr_library.tsv.gz	data/processed_public/crispr/crispr_library.tsv.gz	1989978	5577af57610800d1c3f11c0dc45e716e486d45242a635123ec03ffa7c57b17f7	public_processed	PASS
auxiliary_asset	PUBLIC_CRISPRI	crispr_evidence:crispr_sample.tsv	data/processed_public/crispr/crispr_sample.tsv	3770	de7c46ebd341332e344879d3ea815cb8f665c07f972153beb2e1aaa7633d1a29	public_processed	PASS
auxiliary_asset	PUBLIC_CRISPRI	crispr_evidence:qc_summary.json	data/processed_public/crispr/qc_summary.json	961	2c420209ed79a9470c9dd278ce6a0065e6382420b53d4f71e8bb7bdcc6ba6864	public_processed	PASS
auxiliary_asset	PUBLIC_CRISPRI	crispr_evidence:result_manifest.json	data/processed_public/crispr/result_manifest.json	6395	f2630b7d03354fe35e3c6c125e2c1e34a2a4ecca509a67c52af066930e25a15e	public_processed	PASS
auxiliary_asset	SYNTHETIC_FERMENTATION	fermentation_fixture:batch_feature_vector.csv.gz	data/fermentation/platform_fixture/batch_feature_vector.csv.gz	79562	2b6cc8001111796b99a550eadc699ae5f544d732cf0c8d10fccae66be6439151	synthetic_test_fixture	PASS
auxiliary_asset	SYNTHETIC_FERMENTATION	fermentation_fixture:batch_master.csv.gz	data/fermentation/platform_fixture/batch_master.csv.gz	4025	12309fe3c2f792cd0f0549a3838e6c0f01efd2d8a5e5fa62899ab267978eb15f	synthetic_test_fixture	PASS
auxiliary_asset	SYNTHETIC_FERMENTATION	fermentation_fixture:feature_dictionary.csv.gz	data/fermentation/platform_fixture/feature_dictionary.csv.gz	644	f9629c542f58a71857e787ca5d410909a3aa4968fff74ec98f6ed07d7333b3c5	synthetic_test_fixture	PASS
auxiliary_asset	SYNTHETIC_FERMENTATION	fermentation_fixture:medium_component.csv.gz	data/fermentation/platform_fixture/medium_component.csv.gz	669	5f65373ec78bfd6f82e88283a9c3bb6eb038b9c46ecc6ccbaf8db02dcd428fca	synthetic_test_fixture	PASS
auxiliary_asset	SYNTHETIC_FERMENTATION	fermentation_fixture:observation_issues.csv.gz	data/fermentation/platform_fixture/observation_issues.csv.gz	456	7964a74f1cb3c382eaf80f565296eb67653f52dd28371e88c02cd195d31cdb90	synthetic_test_fixture	PASS
auxiliary_asset	SYNTHETIC_FERMENTATION	fermentation_fixture:offline_assay.csv.gz	data/fermentation/platform_fixture/offline_assay.csv.gz	205837	3824884943201186ddc2a15c5373488d46da50b152a52a7c5f17cb82cae64791	synthetic_test_fixture	PASS
auxiliary_asset	SYNTHETIC_FERMENTATION	fermentation_fixture:process_event.csv.gz	data/fermentation/platform_fixture/process_event.csv.gz	10778	efde5470ae2d8cd5c23fa72bcd16a3487af22239cd220896103adbf7424982cf	synthetic_test_fixture	PASS
auxiliary_asset	SYNTHETIC_FERMENTATION	fermentation_fixture:process_time_series_long.csv.gz	data/fermentation/platform_fixture/process_time_series_long.csv.gz	6363424	9d51b4a5dbcb6bd3d1e4400f1d9a0bef9c5779250aac357ede1d18b0899b9cca	synthetic_test_fixture	PASS
auxiliary_asset	SYNTHETIC_FERMENTATION	fermentation_fixture:source_manifest.tsv	data/fermentation/platform_fixture/source_manifest.tsv	981	8ed670d7af8498a029c77c3155159e6785a833486445961e290908115760c99c	synthetic_test_fixture	PASS
auxiliary_asset	SYNTHETIC_FERMENTATION	fermentation_fixture:synthetic_summary.json	data/fermentation/platform_fixture/synthetic_summary.json	2064	45735f8f5809c7d0ceb5ae51d0cc02df74fc9fcb4b423eb990c3f8058a5d2b4b	synthetic_test_fixture	PASS
auxiliary_asset	SYNTHETIC_FERMENTATION	fermentation_fixture:terminal_phenotype.csv.gz	data/fermentation/platform_fixture/terminal_phenotype.csv.gz	20710	72ea509d4488a35ac110ef47422401f3a467bc4de9e6787f0f87cf5d39f4ffb5	synthetic_test_fixture	PASS
auxiliary_asset	SYNTHETIC_FERMENTATION	fermentation_fixture:truth/parameter_truth.csv.gz	data/fermentation/platform_fixture/truth/parameter_truth.csv.gz	1194	f01c81bdd51ac0d17cf10cad24a8601b5a066714b26534cc736ac17180508f8e	synthetic_test_fixture	PASS
auxiliary_asset	SYNTHETIC_MULTIBLOCK	mlp_and_diablo_fixture:SYNTHETIC_SUMMARY.json	data/synthetic_multiomics/hybrid_fixture/SYNTHETIC_SUMMARY.json	458	aa7d9bbed2652c650cf66204d3bbc8beb23f4e468dcb985290100b98a0930aca	synthetic_test_fixture	PASS
auxiliary_asset	SYNTHETIC_MULTIBLOCK	mlp_and_diablo_fixture:batch_feature_vector.csv.gz	data/synthetic_multiomics/hybrid_fixture/batch_feature_vector.csv.gz	305251	933a78db191e9c3d14d02dd3f2918731ed1a7e48bb301fe0b45ddda738bed082	synthetic_test_fixture	PASS
auxiliary_asset	SYNTHETIC_MULTIBLOCK	mlp_and_diablo_fixture:batch_master.csv.gz	data/synthetic_multiomics/hybrid_fixture/batch_master.csv.gz	19062	3e92784fe05652f68aa0240f0f436c98df8f4bfc18fa704c5f3901a063f1501f	synthetic_test_fixture	PASS
auxiliary_asset	SYNTHETIC_MULTIBLOCK	mlp_and_diablo_fixture:gpa_observation_long.csv.gz	data/synthetic_multiomics/hybrid_fixture/gpa_observation_long.csv.gz	4043358	b66a9745c5e31558e4a53710cfda8eb4f13a9f6282c5616e843fb24fed885dc5	synthetic_test_fixture	PASS
auxiliary_asset	SYNTHETIC_MULTIBLOCK	mlp_and_diablo_fixture:medium_component_library.csv.gz	data/synthetic_multiomics/hybrid_fixture/medium_component_library.csv.gz	2596865	4d3b0ab329aecfb7d0e2bf97c4cdd1f6d35f81ee53086637cc79aab52451a181	synthetic_test_fixture	PASS
auxiliary_asset	SYNTHETIC_MULTIBLOCK	mlp_and_diablo_fixture:medium_recipe_summary.csv.gz	data/synthetic_multiomics/hybrid_fixture/medium_recipe_summary.csv.gz	1139414	83d942787fa378f64aa82e9592881b77a6d763960fe3769843b9a990922a3a02	synthetic_test_fixture	PASS
auxiliary_asset	SYNTHETIC_MULTIBLOCK	mlp_and_diablo_fixture:offline_assay.csv.gz	data/synthetic_multiomics/hybrid_fixture/offline_assay.csv.gz	1063470	3556ba3e0db8a376652c6371e37f8ed01189b5e8f2668eb5bf22d764865abda8	synthetic_test_fixture	PASS
auxiliary_asset	SYNTHETIC_MULTIBLOCK	mlp_and_diablo_fixture:process_event.csv.gz	data/synthetic_multiomics/hybrid_fixture/process_event.csv.gz	33661	521c7a500e3718acef03754c1018839c745da7422c85a152ba60c5094e08fbba	synthetic_test_fixture	PASS
auxiliary_asset	SYNTHETIC_MULTIBLOCK	mlp_and_diablo_fixture:process_time_series_long.csv.gz	data/synthetic_multiomics/hybrid_fixture/process_time_series_long.csv.gz	17787055	c2fb4f036065f1e0c5a95823bf2ffec6f97a50314763454b4fa96f7c37a05317	synthetic_test_fixture	PASS
auxiliary_asset	SYNTHETIC_MULTIBLOCK	mlp_and_diablo_fixture:row_counts_intermediate.json	data/synthetic_multiomics/hybrid_fixture/row_counts_intermediate.json	67	7d983f63f8d2707d5c3279e9c4dcb2a23673154008a8f590558b7de448f17e24	synthetic_test_fixture	PASS
auxiliary_asset	SYNTHETIC_MULTIBLOCK	mlp_and_diablo_fixture:strain_master.csv	data/synthetic_multiomics/hybrid_fixture/strain_master.csv	35243	e2134c5748a2a071c0cf21bd1817208204a2f74c4d6c81932dd73c316cb140b6	synthetic_test_fixture	PASS
auxiliary_asset	SYNTHETIC_MULTIBLOCK	mlp_and_diablo_fixture:synthetic_association_truth.csv	data/synthetic_multiomics/hybrid_fixture/synthetic_association_truth.csv	41272	780bb54ff3e8d7693755af1a2691aa35234d3cef449be4314e6ec6012b4b7829	synthetic_test_fixture	PASS
auxiliary_asset	SYNTHETIC_MULTIBLOCK	mlp_and_diablo_fixture:synthetic_flux_matrix.csv.gz	data/synthetic_multiomics/hybrid_fixture/synthetic_flux_matrix.csv.gz	308194	3d899eee9d98361a4ba3fa14d3b5b913ca5c9c6ebd154a5f0b3f2bc52a526f5e	synthetic_test_fixture	PASS
auxiliary_asset	SYNTHETIC_MULTIBLOCK	mlp_and_diablo_fixture:synthetic_genotype_matrix.csv.gz	data/synthetic_multiomics/hybrid_fixture/synthetic_genotype_matrix.csv.gz	57578	8dae54b3a57bfaee26e7ee7de3c2591f14a637bd87403f403cfe85cfc52487e7	synthetic_test_fixture	PASS
auxiliary_asset	SYNTHETIC_MULTIBLOCK	mlp_and_diablo_fixture:synthetic_metabolite_matrix.csv.gz	data/synthetic_multiomics/hybrid_fixture/synthetic_metabolite_matrix.csv.gz	668628	569b0450b6687b5a15fabd969ec99f7a330ce1da7a6e18268667ddf52f46b2bb	synthetic_test_fixture	PASS
auxiliary_asset	SYNTHETIC_MULTIBLOCK	mlp_and_diablo_fixture:synthetic_omics_measurement_long.csv.gz	data/synthetic_multiomics/hybrid_fixture/synthetic_omics_measurement_long.csv.gz	7033977	fef374e1c02d391b0c87b84ca33052db40823116f12c3cb3c77b8a91b36cdba2	synthetic_test_fixture	PASS
auxiliary_asset	SYNTHETIC_MULTIBLOCK	mlp_and_diablo_fixture:synthetic_protein_matrix.csv.gz	data/synthetic_multiomics/hybrid_fixture/synthetic_protein_matrix.csv.gz	754469	9b36b8a3e6dd9d87b33344a78504129eb9c8a2e2378ecd985d32d69f7b1ed416	synthetic_test_fixture	PASS
auxiliary_asset	SYNTHETIC_MULTIBLOCK	mlp_and_diablo_fixture:synthetic_release_manifest.csv	data/synthetic_multiomics/hybrid_fixture/synthetic_release_manifest.csv	3803	80df27eb70653e78578dc48a3d8b7bd0d07248410d6d7fea7aa783e3e64a9616	synthetic_test_fixture	PASS
auxiliary_asset	SYNTHETIC_MULTIBLOCK	mlp_and_diablo_fixture:synthetic_rna_matrix.csv.gz	data/synthetic_multiomics/hybrid_fixture/synthetic_rna_matrix.csv.gz	1125084	e07d84ec79f4c1c6a32b45c52cd84d21cfd4bbb7405eddebb5449a9c89ad4f3b	synthetic_test_fixture	PASS
auxiliary_asset	SYNTHETIC_MULTIBLOCK	mlp_and_diablo_fixture:terminal_phenotype.csv.gz	data/synthetic_multiomics/hybrid_fixture/terminal_phenotype.csv.gz	47886	7e0c4efcffbdd719115ef92460535588ebb6bed48ccb16e21107f0a3c83da479	synthetic_test_fixture	PASS
auxiliary_asset	PUBLIC_GPA	gpa_sources:albert/SI_Data_01_expressionValues.txt	data/gpa/albert/SI_Data_01_expressionValues.txt	97384783	f4b4f7b27011c7e23deb8ff0cdeb08042246096c1e46a8f7e503ac41c543c694	public_raw	PASS
auxiliary_asset	PUBLIC_GPA	gpa_sources:albert/SI_Data_03_genotypes.txt	data/gpa/albert/SI_Data_03_genotypes.txt	106965844	db720ea896016a6a1efca7ed4e5c9f41b75931e381119d4584a3e09f1bccf5bf	public_raw	PASS
auxiliary_asset	PUBLIC_GPA	gpa_sources:albert/chrLoc_ORFs	data/gpa/albert/chrLoc_ORFs	164169	bfff82d1e3258afe14aeba5ffaa209158f1feb4e1d3f2b528d0bff70ccde68c6	public_raw	PASS
auxiliary_asset	PUBLIC_GPA	gpa_sources:bloom/bloom_supplementary_data_5.zip	data/gpa/bloom/bloom_supplementary_data_5.zip	13479206	6eb6e2c2f5ee9aa828e5ca3c3334e8eb28a00db68623fb7cc195ed0000ed54d6	public_raw	PASS
auxiliary_asset	PUBLIC_GPA	gpa_sources:ecoref/SANITIZATION.txt	data/gpa/ecoref/SANITIZATION.txt	312	f2eb9e6cfb698b12c7476791cdfe1d651dde0bffd6994b2d7a091134b4c2c56d	public_raw	PASS
auxiliary_asset	PUBLIC_GPA	gpa_sources:ecoref/assembly_manifest.tsv	data/gpa/ecoref/assembly_manifest.tsv	25499	be5da7612747445d9559adc57ca665348bf741350365781e3ad068627b565b74	public_raw	PASS
auxiliary_asset	PUBLIC_GPA	gpa_sources:ecoref/conditions.tsv	data/gpa/ecoref/conditions.tsv	16883	2778409fdcac022d8bafa2ae1d7a31b1fd0751f2333e4b4ffdc61188900f1dd9	public_raw	PASS
auxiliary_asset	PUBLIC_GPA	gpa_sources:ecoref/ecoref_selected_gff.tar.xz	data/gpa/ecoref/ecoref_selected_gff.tar.xz	163966756	d949265909cadc495b08f1e80c39ba327e2e74a8f827583e9468fc961623fe3d	public_raw	PASS
auxiliary_asset	PUBLIC_GPA	gpa_sources:ecoref/phenotypic_data.tsv	data/gpa/ecoref/phenotypic_data.tsv	6690205	e892a75177bccc796f3682676107ab0b1e3cd15bbb00ee2532f73d359812df6a	public_raw	PASS
auxiliary_asset	PUBLIC_GPA	gpa_sources:ecoref/strains.tsv	data/gpa/ecoref/strains.tsv	119682	6cbcbac7c2b507ec6d652d25c216fd7e693d630d7481606c87e9178d172f3bf5	public_raw	PASS
auxiliary_asset	PUBLIC_GPA	gpa_sources:gem/iML1515.json	data/gpa/gem/iML1515.json	3062491	b0f9199f048779bb08a14dfa6c09ec56d35b8750d2f99681980d0f098355fbf5	public_raw	PASS
auxiliary_asset	PUBLIC_GPA	gpa_sources:gem/yeast-GEM-v9.1.0.xml	data/gpa/gem/yeast-GEM-v9.1.0.xml	11562488	05d33f3e82c2e2d072e229e7588f06d33b7df9daa806288db548c140149fc8bb	public_raw	PASS
auxiliary_asset	PUBLIC_GPA	gpa_sources:pxd044523/data_upload.zip	data/gpa/pxd044523/data_upload.zip	121876158	a44335e5d9174a14bd67687df4f4e86c535d0eb52132b61201b539c0ab6fea38	public_raw	PASS
auxiliary_asset	PUBLIC_GPA	gpa_sources:wine_qtl/genotypesAll2000_final.csv	data/gpa/wine_qtl/genotypesAll2000_final.csv	942814	420c2c8c72d8a94b6cedc1f0d03d94d4291458db319da3fea402a5daf87bd84a	public_raw	PASS
auxiliary_asset	PUBLIC_GPA	gpa_sources:wine_qtl/results4QTLanalysis.csv	data/gpa/wine_qtl/results4QTLanalysis.csv	57926	869469646876f6cd9e68aa5111e39397a46b641834e7b4942d50a9495df4044c	public_raw	PASS
auxiliary_asset	VALIDATION_ANCHORS	validation_outputs:ORGANISM_WORKFLOW_MAP.md	data/validation_anchors/standardized_plan_examples/ORGANISM_WORKFLOW_MAP.md	2597	8b059bbc05fb0b2ce07a86abf8a4ddb91498dc24c8c210ee39200a20fbbc6e22	public_processed	PASS
auxiliary_asset	VALIDATION_ANCHORS	validation_outputs:README.md	data/validation_anchors/standardized_plan_examples/README.md	2678	d6c7c1ec2915b3d80590e8a170eb84c1fc61b15f18ff20000609477dd88368d3	public_processed	PASS
auxiliary_asset	VALIDATION_ANCHORS	validation_outputs:README_CURRENT_BUNDLE.md	data/validation_anchors/standardized_plan_examples/README_CURRENT_BUNDLE.md	945	c661cbd94a983c2ff1933a1a4d6365005daa3e1c71bdda23b077471373ac95d5	public_processed	PASS
auxiliary_asset	VALIDATION_ANCHORS	validation_outputs:RESULT_DIRECTORY_INDEX.tsv	data/validation_anchors/standardized_plan_examples/RESULT_DIRECTORY_INDEX.tsv	2252	0c28531ce6f67ccc940ed381ad5dc8b13336144bad9c40b57e1f3ecc01cc9778	public_processed	PASS
auxiliary_asset	VALIDATION_ANCHORS	validation_outputs:Snakefile	data/validation_anchors/standardized_plan_examples/Snakefile	4950	c5dbf124edeae714f0ab8c1e5ced8cce0d316ed830a69d111c5aa821f66673f5	public_processed	PASS
auxiliary_asset	VALIDATION_ANCHORS	validation_outputs:data/README.md	data/validation_anchors/standardized_plan_examples/data/README.md	373	12a1f58b85c41ff01e863115c8fe68d611854046efc5e6732deb96e1f2ec93df	public_processed	PASS
auxiliary_asset	VALIDATION_ANCHORS	validation_outputs:data/gpa_sources/albert/SI_Data_01_expressionValues.txt	data/validation_anchors/standardized_plan_examples/data/gpa_sources/albert/SI_Data_01_expressionValues.txt	97384783	f4b4f7b27011c7e23deb8ff0cdeb08042246096c1e46a8f7e503ac41c543c694	public_processed	PASS
auxiliary_asset	VALIDATION_ANCHORS	validation_outputs:data/gpa_sources/albert/SI_Data_03_genotypes.txt	data/validation_anchors/standardized_plan_examples/data/gpa_sources/albert/SI_Data_03_genotypes.txt	106965844	db720ea896016a6a1efca7ed4e5c9f41b75931e381119d4584a3e09f1bccf5bf	public_processed	PASS
auxiliary_asset	VALIDATION_ANCHORS	validation_outputs:data/gpa_sources/albert/chrLoc_ORFs	data/validation_anchors/standardized_plan_examples/data/gpa_sources/albert/chrLoc_ORFs	164169	bfff82d1e3258afe14aeba5ffaa209158f1feb4e1d3f2b528d0bff70ccde68c6	public_processed	PASS
auxiliary_asset	VALIDATION_ANCHORS	validation_outputs:data/gpa_sources/bloom/bloom_supplementary_data_5.zip	data/validation_anchors/standardized_plan_examples/data/gpa_sources/bloom/bloom_supplementary_data_5.zip	13479206	6eb6e2c2f5ee9aa828e5ca3c3334e8eb28a00db68623fb7cc195ed0000ed54d6	public_processed	PASS
auxiliary_asset	VALIDATION_ANCHORS	validation_outputs:data/gpa_sources/ecoref/SANITIZATION.txt	data/validation_anchors/standardized_plan_examples/data/gpa_sources/ecoref/SANITIZATION.txt	312	f2eb9e6cfb698b12c7476791cdfe1d651dde0bffd6994b2d7a091134b4c2c56d	public_processed	PASS
auxiliary_asset	VALIDATION_ANCHORS	validation_outputs:data/gpa_sources/ecoref/assembly_manifest.tsv	data/validation_anchors/standardized_plan_examples/data/gpa_sources/ecoref/assembly_manifest.tsv	25499	be5da7612747445d9559adc57ca665348bf741350365781e3ad068627b565b74	public_processed	PASS
auxiliary_asset	VALIDATION_ANCHORS	validation_outputs:data/gpa_sources/ecoref/conditions.tsv	data/validation_anchors/standardized_plan_examples/data/gpa_sources/ecoref/conditions.tsv	16883	2778409fdcac022d8bafa2ae1d7a31b1fd0751f2333e4b4ffdc61188900f1dd9	public_processed	PASS
auxiliary_asset	VALIDATION_ANCHORS	validation_outputs:data/gpa_sources/ecoref/ecoref_selected_gff.tar.xz	data/validation_anchors/standardized_plan_examples/data/gpa_sources/ecoref/ecoref_selected_gff.tar.xz	163966756	d949265909cadc495b08f1e80c39ba327e2e74a8f827583e9468fc961623fe3d	public_processed	PASS
auxiliary_asset	VALIDATION_ANCHORS	validation_outputs:data/gpa_sources/ecoref/phenotypic_data.tsv	data/validation_anchors/standardized_plan_examples/data/gpa_sources/ecoref/phenotypic_data.tsv	6690205	e892a75177bccc796f3682676107ab0b1e3cd15bbb00ee2532f73d359812df6a	public_processed	PASS
auxiliary_asset	VALIDATION_ANCHORS	validation_outputs:data/gpa_sources/ecoref/strains.tsv	data/validation_anchors/standardized_plan_examples/data/gpa_sources/ecoref/strains.tsv	119682	6cbcbac7c2b507ec6d652d25c216fd7e693d630d7481606c87e9178d172f3bf5	public_processed	PASS
auxiliary_asset	VALIDATION_ANCHORS	validation_outputs:data/gpa_sources/gem/iML1515.json	data/validation_anchors/standardized_plan_examples/data/gpa_sources/gem/iML1515.json	3062491	b0f9199f048779bb08a14dfa6c09ec56d35b8750d2f99681980d0f098355fbf5	public_processed	PASS
auxiliary_asset	VALIDATION_ANCHORS	validation_outputs:data/gpa_sources/gem/yeast-GEM-v9.1.0.xml	data/validation_anchors/standardized_plan_examples/data/gpa_sources/gem/yeast-GEM-v9.1.0.xml	11562488	05d33f3e82c2e2d072e229e7588f06d33b7df9daa806288db548c140149fc8bb	public_processed	PASS
auxiliary_asset	VALIDATION_ANCHORS	validation_outputs:data/gpa_sources/pxd044523/data_upload.zip	data/validation_anchors/standardized_plan_examples/data/gpa_sources/pxd044523/data_upload.zip	121876158	a44335e5d9174a14bd67687df4f4e86c535d0eb52132b61201b539c0ab6fea38	public_processed	PASS
auxiliary_asset	VALIDATION_ANCHORS	validation_outputs:data/gpa_sources/wine_qtl/genotypesAll2000_final.csv	data/validation_anchors/standardized_plan_examples/data/gpa_sources/wine_qtl/genotypesAll2000_final.csv	942814	420c2c8c72d8a94b6cedc1f0d03d94d4291458db319da3fea402a5daf87bd84a	public_processed	PASS
auxiliary_asset	VALIDATION_ANCHORS	validation_outputs:data/gpa_sources/wine_qtl/results4QTLanalysis.csv	data/validation_anchors/standardized_plan_examples/data/gpa_sources/wine_qtl/results4QTLanalysis.csv	57926	869469646876f6cd9e68aa5111e39397a46b641834e7b4942d50a9495df4044c	public_processed	PASS
auxiliary_asset	VALIDATION_ANCHORS	validation_outputs:data/synthetic_fermentation_v2/MANIFEST.sha256	data/validation_anchors/standardized_plan_examples/data/synthetic_fermentation_v2/MANIFEST.sha256	2220	b82f62d67d9acf8fab2a16984c15fe80a66edf6255211f0521f42c328d3f4305	public_processed	PASS
auxiliary_asset	VALIDATION_ANCHORS	validation_outputs:data/synthetic_fermentation_v2/example_data/ecoli/batch_feature_vector.csv	data/validation_anchors/standardized_plan_examples/data/synthetic_fermentation_v2/example_data/ecoli/batch_feature_vector.csv	4361	ba7331cb46e7d5515ee5f65b1d9d14eaef3b127a06cc172fb037d19571889817	public_processed	PASS
auxiliary_asset	VALIDATION_ANCHORS	validation_outputs:data/synthetic_fermentation_v2/example_data/ecoli/batch_master.csv	data/validation_anchors/standardized_plan_examples/data/synthetic_fermentation_v2/example_data/ecoli/batch_master.csv	3655	71965a24d593a879b85cf456f6e8ad6d8620c7def1f4d57791d87524f978049a	public_processed	PASS
auxiliary_asset	VALIDATION_ANCHORS	validation_outputs:data/synthetic_fermentation_v2/example_data/ecoli/process_time_series_long.csv	data/validation_anchors/standardized_plan_examples/data/synthetic_fermentation_v2/example_data/ecoli/process_time_series_long.csv	9531021	f965fb6d07fe0486f1d6139fc3297119bb319abc867634f592605b79106a504a	public_processed	PASS
auxiliary_asset	VALIDATION_ANCHORS	validation_outputs:data/synthetic_fermentation_v2/example_data/ecoli/terminal_phenotype.csv	data/validation_anchors/standardized_plan_examples/data/synthetic_fermentation_v2/example_data/ecoli/terminal_phenotype.csv	3409	42191b48a0b7c48f4377d4cb9c9c1aded4644831419cf22fbfb254a15985d6cc	public_processed	PASS
auxiliary_asset	VALIDATION_ANCHORS	validation_outputs:data/synthetic_fermentation_v2/example_data/manifests/batch_feature_vector.csv	data/validation_anchors/standardized_plan_examples/data/synthetic_fermentation_v2/example_data/manifests/batch_feature_vector.csv	8269	be9928e19c9dc4c9ed15a08c5ab564524e59b805586224d13924a535ee0a0387	public_processed	PASS
auxiliary_asset	VALIDATION_ANCHORS	validation_outputs:data/synthetic_fermentation_v2/example_data/manifests/batch_master.csv	data/validation_anchors/standardized_plan_examples/data/synthetic_fermentation_v2/example_data/manifests/batch_master.csv	7306	3760c84253605c82a3cdf05f522ca1dc03b6e380ed55cebf2823abb2f1cafd76	public_processed	PASS
auxiliary_asset	VALIDATION_ANCHORS	validation_outputs:data/synthetic_fermentation_v2/example_data/manifests/medium_component.csv	data/validation_anchors/standardized_plan_examples/data/synthetic_fermentation_v2/example_data/manifests/medium_component.csv	6316	18b3fea2c51621fd67f4962df5ef682b5418347d0debd7f0a91c771d759d4fc6	public_processed	PASS
auxiliary_asset	VALIDATION_ANCHORS	validation_outputs:data/synthetic_fermentation_v2/example_data/manifests/offline_assay.csv	data/validation_anchors/standardized_plan_examples/data/synthetic_fermentation_v2/example_data/manifests/offline_assay.csv	412960	5fcbf8163b1fbcefe35fdccde89fd2de0f0ddef6127210e12af548e8957955a3	public_processed	PASS
auxiliary_asset	VALIDATION_ANCHORS	validation_outputs:data/synthetic_fermentation_v2/example_data/manifests/process_event.csv	data/validation_anchors/standardized_plan_examples/data/synthetic_fermentation_v2/example_data/manifests/process_event.csv	18882	c747236df784be5a2455d90a0ce7968a6e239256f6b116fb76315465a0c0deb0	public_processed	PASS
auxiliary_asset	VALIDATION_ANCHORS	validation_outputs:data/synthetic_fermentation_v2/example_data/manifests/process_time_series_long.csv	data/validation_anchors/standardized_plan_examples/data/synthetic_fermentation_v2/example_data/manifests/process_time_series_long.csv	20456925	e2c0921570add97d819aaa9a576a3acca7777a3501dc2da842396b0742cd8bdc	public_processed	PASS
auxiliary_asset	VALIDATION_ANCHORS	validation_outputs:data/synthetic_fermentation_v2/example_data/manifests/sensor_calibration.csv	data/validation_anchors/standardized_plan_examples/data/synthetic_fermentation_v2/example_data/manifests/sensor_calibration.csv	2404	9e0c96ef0715975c14b051f8d28b5e3914074def6659136743630ac0f1ca7701	public_processed	PASS
auxiliary_asset	VALIDATION_ANCHORS	validation_outputs:data/synthetic_fermentation_v2/example_data/manifests/terminal_phenotype.csv	data/validation_anchors/standardized_plan_examples/data/synthetic_fermentation_v2/example_data/manifests/terminal_phenotype.csv	6238	b097dd12989971243f56060297da5ae4886410efac51c588c99ade858743afc5	public_processed	PASS
auxiliary_asset	VALIDATION_ANCHORS	validation_outputs:data/synthetic_fermentation_v2/example_data/yeast/batch_feature_vector.csv	data/validation_anchors/standardized_plan_examples/data/synthetic_fermentation_v2/example_data/yeast/batch_feature_vector.csv	4608	bf73f8a120b5bc45b61ead0b64137fee0450cb866fbe57e180aa0cd62434c157	public_processed	PASS
auxiliary_asset	VALIDATION_ANCHORS	validation_outputs:data/synthetic_fermentation_v2/example_data/yeast/batch_master.csv	data/validation_anchors/standardized_plan_examples/data/synthetic_fermentation_v2/example_data/yeast/batch_master.csv	3884	3ea3d846e3f727826756326bae0114512a99b0defe95ebf98212ca87500d2537	public_processed	PASS
auxiliary_asset	VALIDATION_ANCHORS	validation_outputs:data/synthetic_fermentation_v2/example_data/yeast/process_time_series_long.csv	data/validation_anchors/standardized_plan_examples/data/synthetic_fermentation_v2/example_data/yeast/process_time_series_long.csv	10926032	a52f53bf221d50b3cbb8c6642cfb4d379f34956244a61b2b2e9eaa8a49a3fd32	public_processed	PASS
auxiliary_asset	VALIDATION_ANCHORS	validation_outputs:data/synthetic_fermentation_v2/example_data/yeast/terminal_phenotype.csv	data/validation_anchors/standardized_plan_examples/data/synthetic_fermentation_v2/example_data/yeast/terminal_phenotype.csv	3280	a3ea59b75d517ab54345d6e3f6d5c1e9eac08947fc0a7660dc8d7a0388a098e6	public_processed	PASS
auxiliary_asset	VALIDATION_ANCHORS	validation_outputs:data/synthetic_fermentation_v2/qc/annotation_qc.tsv	data/validation_anchors/standardized_plan_examples/data/synthetic_fermentation_v2/qc/annotation_qc.tsv	200	d0c5470dd63fb216b4c7561624dab84c84261f72e2be55cc980fb8e582d855cb	public_processed	PASS
auxiliary_asset	VALIDATION_ANCHORS	validation_outputs:data/synthetic_fermentation_v2/qc/fermentation_overview.svg	data/validation_anchors/standardized_plan_examples/data/synthetic_fermentation_v2/qc/fermentation_overview.svg	5779	cc57c49d922792177f310daadbab89379cfc22076279b69d7786ef4001435a40	public_processed	PASS
auxiliary_asset	VALIDATION_ANCHORS	validation_outputs:data/synthetic_fermentation_v2/qc/fermentation_qc_summary.tsv	data/validation_anchors/standardized_plan_examples/data/synthetic_fermentation_v2/qc/fermentation_qc_summary.tsv	2270	bcaf3b2010bd65c1809bd55864acfa421661adaf422415789c29181cb99a4e90	public_processed	PASS
auxiliary_asset	VALIDATION_ANCHORS	validation_outputs:data/synthetic_fermentation_v2/qc/fermentation_validation.json	data/validation_anchors/standardized_plan_examples/data/synthetic_fermentation_v2/qc/fermentation_validation.json	769	00eb294a8fb3c11ee0135020d2cf72fdd070a4467c32e414af0e96c713943ba3	public_processed	PASS
auxiliary_asset	VALIDATION_ANCHORS	validation_outputs:data/synthetic_fermentation_v2/qc/mass_balance_qc.tsv	data/validation_anchors/standardized_plan_examples/data/synthetic_fermentation_v2/qc/mass_balance_qc.tsv	2829	50a5fbb6ae9d58c8a290624559e507e6aed9ac522db938b39a690d22c4924f1d	public_processed	PASS
auxiliary_asset	VALIDATION_ANCHORS	validation_outputs:fermentation_workflow/config/fermentation_extension.json	data/validation_anchors/standardized_plan_examples/fermentation_workflow/config/fermentation_extension.json	1047	fb4c36a1a1c39fd856da8324053956b5ffb5edbb6a9713f2fa7c04d79cc9ed49	public_processed	PASS
auxiliary_asset	VALIDATION_ANCHORS	validation_outputs:fermentation_workflow/config/fermentation_only_synthetic.yaml	data/validation_anchors/standardized_plan_examples/fermentation_workflow/config/fermentation_only_synthetic.yaml	1922	f86ab9274cef7779f214eddbe1411dce3efedc535e22c427c0a44b53cd03f971	public_processed	PASS
auxiliary_asset	VALIDATION_ANCHORS	validation_outputs:fermentation_workflow/config/variant_anchor_selection.tsv	data/validation_anchors/standardized_plan_examples/fermentation_workflow/config/variant_anchor_selection.tsv	843	fb024aa06bcff76b60e90149e8206af1aa3570a7dbb11c5960fc7b61e4350b46	public_processed	PASS
auxiliary_asset	VALIDATION_ANCHORS	validation_outputs:fermentation_workflow/docs/ECOLI_VARIANT_ANCHOR_UPDATE.md	data/validation_anchors/standardized_plan_examples/fermentation_workflow/docs/ECOLI_VARIANT_ANCHOR_UPDATE.md	1482	ddeb6c118fe3f03d008f51c66eae348db299f5d14afe685ccb2300ad780bef8d	public_processed	PASS
auxiliary_asset	VALIDATION_ANCHORS	validation_outputs:fermentation_workflow/docs/FERMENTATION_ONLY_BLUEPRINT.md	data/validation_anchors/standardized_plan_examples/fermentation_workflow/docs/FERMENTATION_ONLY_BLUEPRINT.md	2330	e07eb405d96aca9cb9dfde394d08a86a79c7a44fbfc35ba6fa5fe7295043ce39	public_processed	PASS
auxiliary_asset	VALIDATION_ANCHORS	validation_outputs:fermentation_workflow/docs/REALISM_EVALUATION.md	data/validation_anchors/standardized_plan_examples/fermentation_workflow/docs/REALISM_EVALUATION.md	1503	cebf969a3c8d7fd5f6746ad5332fd97c9b3a04f7a9a975dcc9591a985c26d149	public_processed	PASS
auxiliary_asset	VALIDATION_ANCHORS	validation_outputs:fermentation_workflow/docs/REPOSITORY_LAYOUT.md	data/validation_anchors/standardized_plan_examples/fermentation_workflow/docs/REPOSITORY_LAYOUT.md	1701	8279ddd8db6f8c5a949a07483f9a959fca6174d07d518935c15cb14498873b7e	public_processed	PASS
auxiliary_asset	VALIDATION_ANCHORS	validation_outputs:fermentation_workflow/docs/REQUIREMENT_MAPPING_AND_EXTENSION_PLAN.md	data/validation_anchors/standardized_plan_examples/fermentation_workflow/docs/REQUIREMENT_MAPPING_AND_EXTENSION_PLAN.md	3606	19e5c3810bae2c317a8cf876ad66e9ee2e5544ce194fc4c1fdfbbdbfffdf3272	public_processed	PASS
auxiliary_asset	VALIDATION_ANCHORS	validation_outputs:fermentation_workflow/schemas/batch_feature_vector.schema.json	data/validation_anchors/standardized_plan_examples/fermentation_workflow/schemas/batch_feature_vector.schema.json	750	24a8ea911b43e097d4b6691a38f5cdd3125a4b2c67ee1684d353b56b278c6577	public_processed	PASS
auxiliary_asset	VALIDATION_ANCHORS	validation_outputs:fermentation_workflow/schemas/batch_master.schema.json	data/validation_anchors/standardized_plan_examples/fermentation_workflow/schemas/batch_master.schema.json	721	2e3d256e15143be9d23845e1b8ec857a828db5d75b3021ab864da028a678e336	public_processed	PASS
auxiliary_asset	VALIDATION_ANCHORS	validation_outputs:fermentation_workflow/schemas/medium_component.schema.json	data/validation_anchors/standardized_plan_examples/fermentation_workflow/schemas/medium_component.schema.json	675	41cad0c3bced8267df67df430aca2b569508363fdf4e1eefb906e64a93093a2a	public_processed	PASS
auxiliary_asset	VALIDATION_ANCHORS	validation_outputs:fermentation_workflow/schemas/offline_assay.schema.json	data/validation_anchors/standardized_plan_examples/fermentation_workflow/schemas/offline_assay.schema.json	639	672756cc8507b2e0957ccafc1f09c44d9cce43ef908be2395a9ea112881db570	public_processed	PASS
auxiliary_asset	VALIDATION_ANCHORS	validation_outputs:fermentation_workflow/schemas/process_event.schema.json	data/validation_anchors/standardized_plan_examples/fermentation_workflow/schemas/process_event.schema.json	541	5f932f73729a1793819cece94a45b8d6c52d8fb56e4a6b1191a309c954f4c703	public_processed	PASS
auxiliary_asset	VALIDATION_ANCHORS	validation_outputs:fermentation_workflow/schemas/process_time_series_long.schema.json	data/validation_anchors/standardized_plan_examples/fermentation_workflow/schemas/process_time_series_long.schema.json	583	e6c9c56283982cf7cd07ac871fd548217bbb4159788b22ee99f7da78feef0af4	public_processed	PASS
auxiliary_asset	VALIDATION_ANCHORS	validation_outputs:fermentation_workflow/schemas/sensor_calibration.schema.json	data/validation_anchors/standardized_plan_examples/fermentation_workflow/schemas/sensor_calibration.schema.json	644	767e2a4b46686c6306d53322d48fc8bb45086f1318debd6e44e356c344d9a12f	public_processed	PASS
auxiliary_asset	VALIDATION_ANCHORS	validation_outputs:fermentation_workflow/schemas/terminal_phenotype.schema.json	data/validation_anchors/standardized_plan_examples/fermentation_workflow/schemas/terminal_phenotype.schema.json	698	e80ef11dee2caee104e06f1ae94bb043b2c0919066a65e19243fec08c402d69c	public_processed	PASS
auxiliary_asset	VALIDATION_ANCHORS	validation_outputs:fermentation_workflow/scripts/annotate_b36_positive_control.py	data/validation_anchors/standardized_plan_examples/fermentation_workflow/scripts/annotate_b36_positive_control.py	7312	c2083dfe4883aa2fbd045c639ef56a5621c25e39193c3dda18a8757e94ba9659	public_processed	PASS
auxiliary_asset	VALIDATION_ANCHORS	validation_outputs:fermentation_workflow/scripts/call_b36_positive_control.py	data/validation_anchors/standardized_plan_examples/fermentation_workflow/scripts/call_b36_positive_control.py	7359	0d2d7981947b768e48a52a7cc0d350012d9ad6cb8c8bdba26c18e040b4968bb7	public_processed	PASS
auxiliary_asset	VALIDATION_ANCHORS	validation_outputs:fermentation_workflow/scripts/generate_b36_positive_control.py	data/validation_anchors/standardized_plan_examples/fermentation_workflow/scripts/generate_b36_positive_control.py	10294	819c3e477942a431bceaf0775eca68a14b35f088182735e23532ae4c25e3a77d	public_processed	PASS
auxiliary_asset	VALIDATION_ANCHORS	validation_outputs:fermentation_workflow/scripts/generate_fermentation_synthetic.py	data/validation_anchors/standardized_plan_examples/fermentation_workflow/scripts/generate_fermentation_synthetic.py	40633	0aa5e41459c64f2fe1288bf5737dd0f17a948c1ae31a4fa8268e55635ded97c3	public_processed	PASS
auxiliary_asset	VALIDATION_ANCHORS	validation_outputs:fermentation_workflow/scripts/run_fermentation_extension.py	data/validation_anchors/standardized_plan_examples/fermentation_workflow/scripts/run_fermentation_extension.py	31290	35e7ae595f2037df8bec2d0d9150d5de2aae7017a3a06388a47175fd8b74dc1d	public_processed	PASS
auxiliary_asset	VALIDATION_ANCHORS	validation_outputs:fermentation_workflow/scripts/standardize_showcase_annotation_tables.py	data/validation_anchors/standardized_plan_examples/fermentation_workflow/scripts/standardize_showcase_annotation_tables.py	11374	96b2461560b743d98d32b1f38f0cfce7a8eea8cfa7859a3b12f69f55ceb53e2f	public_processed	PASS
auxiliary_asset	VALIDATION_ANCHORS	validation_outputs:fermentation_workflow/scripts/validate_annotation_table.py	data/validation_anchors/standardized_plan_examples/fermentation_workflow/scripts/validate_annotation_table.py	3917	e1d02ce820ce65bafeb067163d3676611a37b2cab064f9ac4ce35279d2d4bdbd	public_processed	PASS
auxiliary_asset	VALIDATION_ANCHORS	validation_outputs:fermentation_workflow/scripts/validate_fermentation_tables.py	data/validation_anchors/standardized_plan_examples/fermentation_workflow/scripts/validate_fermentation_tables.py	11375	7f815966d0f17d823ab7900e6c0751c424d8ffc90ac748c1596b43cfd579d999	public_processed	PASS
auxiliary_asset	VALIDATION_ANCHORS	validation_outputs:interfaces/cross_omics/feature_dictionary.tsv	data/validation_anchors/standardized_plan_examples/interfaces/cross_omics/feature_dictionary.tsv	12687087	de3381b2663a7830522c041b5285a80955a5e964c620d9eeadec9a3f37ce8097	public_processed	PASS
auxiliary_asset	VALIDATION_ANCHORS	validation_outputs:interfaces/cross_omics/integration_summary.json	data/validation_anchors/standardized_plan_examples/interfaces/cross_omics/integration_summary.json	315	6b7ab9f640ea167dc87cb985c5e0935230e9d7c9917cb1087f19e4e7806c4491	public_processed	PASS
auxiliary_asset	VALIDATION_ANCHORS	validation_outputs:interfaces/cross_omics/raw_anchor_feature_bundle.parquet	data/validation_anchors/standardized_plan_examples/interfaces/cross_omics/raw_anchor_feature_bundle.parquet	935180	d3783573b7448f3cd8509217a8b3b0fd8b557d37fe9b79e4746a441aba08c33f	public_processed	PASS
auxiliary_asset	VALIDATION_ANCHORS	validation_outputs:interfaces/cross_omics/raw_anchor_feature_bundle.tsv.gz	data/validation_anchors/standardized_plan_examples/interfaces/cross_omics/raw_anchor_feature_bundle.tsv.gz	748883	b845040ce2ebd70370e9a235a245b95561bb1b332711d616ba4d0ad17138b206	public_processed	PASS
auxiliary_asset	VALIDATION_ANCHORS	validation_outputs:interfaces/knowledge_graph/GRAPH_CONTRACT.md	data/validation_anchors/standardized_plan_examples/interfaces/knowledge_graph/GRAPH_CONTRACT.md	877	0c951debf346931471f2915c5bcb76d0356268f4899c18f444b81d22f0c36f1d	public_processed	PASS
auxiliary_asset	VALIDATION_ANCHORS	validation_outputs:interfaces/knowledge_graph/edges.tsv	data/validation_anchors/standardized_plan_examples/interfaces/knowledge_graph/edges.tsv	7744346	98f1f94f626010bd42c9a8b952123c25e61dad4e5f17cb71792066ece9f98797	public_processed	PASS
auxiliary_asset	VALIDATION_ANCHORS	validation_outputs:interfaces/knowledge_graph/nodes.tsv	data/validation_anchors/standardized_plan_examples/interfaces/knowledge_graph/nodes.tsv	7980614	1cf6f476a4a6ee8eb4d90b26db2fbd254abe15a0c8a82ac579ec97b0afdbf45c	public_processed	PASS
auxiliary_asset	VALIDATION_ANCHORS	validation_outputs:interfaces/mlp/FEATURE_CONTRACT.md	data/validation_anchors/standardized_plan_examples/interfaces/mlp/FEATURE_CONTRACT.md	1327	547ffd7705e79d8d88b63f8c520268b8fca4470750b3361bf13925e7f8e524dc	public_processed	PASS
auxiliary_asset	VALIDATION_ANCHORS	validation_outputs:interfaces/mlp/feature_dictionary.tsv	data/validation_anchors/standardized_plan_examples/interfaces/mlp/feature_dictionary.tsv	163921	64b129704b259e86f245d5b0895c1392ef2b1ecbca8e84e0c0ee62be065166ea	public_processed	PASS
auxiliary_asset	VALIDATION_ANCHORS	validation_outputs:interfaces/mlp/fermentation_input_features.tsv	data/validation_anchors/standardized_plan_examples/interfaces/mlp/fermentation_input_features.tsv	5661	269feef50c0b1de12b956b7f4e1bbb9badc340e3185aca1ddae31a040c40def1	public_processed	PASS
auxiliary_asset	VALIDATION_ANCHORS	validation_outputs:interfaces/mlp/fermentation_split_manifest.tsv	data/validation_anchors/standardized_plan_examples/interfaces/mlp/fermentation_split_manifest.tsv	5164	393b2a84ae0ada70734fc3f5c3006f037ab19e9e72efa4cc6d4b16bad27375d8	public_processed	PASS
auxiliary_asset	VALIDATION_ANCHORS	validation_outputs:interfaces/mlp/fermentation_targets.tsv	data/validation_anchors/standardized_plan_examples/interfaces/mlp/fermentation_targets.tsv	1901	082023747209faac4e6fd63f395bd65392adf1fae56623acf25d01dd53c7af02	public_processed	PASS
auxiliary_asset	VALIDATION_ANCHORS	validation_outputs:interfaces/mlp/observed_omics_feature_matrix.tsv	data/validation_anchors/standardized_plan_examples/interfaces/mlp/observed_omics_feature_matrix.tsv	103677	31fdca105931636a45d1736a97d91be362ca7da7d60b321487ac66bd7fbade1b	public_processed	PASS
auxiliary_asset	VALIDATION_ANCHORS	validation_outputs:interfaces/mlp/observed_omics_sample_manifest.tsv	data/validation_anchors/standardized_plan_examples/interfaces/mlp/observed_omics_sample_manifest.tsv	318	79fd7a633b8652a084b4c5580d0197e245a8e259aad085a15ecbbe21d22ce68b	public_processed	PASS
auxiliary_asset	VALIDATION_ANCHORS	validation_outputs:requirements/REQUIREMENT_WORKFLOW_CROSSWALK.tsv	data/validation_anchors/standardized_plan_examples/requirements/REQUIREMENT_WORKFLOW_CROSSWALK.tsv	21898	8ea9ca4ac0547ba2a26a59795ce07ef756a32d64b38e32d2bfa356e8d274e8c4	public_processed	PASS
auxiliary_asset	VALIDATION_ANCHORS	validation_outputs:requirements/annotate_requirement_workbook.py	data/validation_anchors/standardized_plan_examples/requirements/annotate_requirement_workbook.py	35730	eda96a0e5142bd54ed3def7ce25afde76fa6b85a7a33db9d0f6f5f2f3405dd53	public_processed	PASS
auxiliary_asset	VALIDATION_ANCHORS	validation_outputs:results/M0_freeze/baseline_status.json	data/validation_anchors/standardized_plan_examples/results/M0_freeze/baseline_status.json	257	d36d89d5077604f07a7d872c146d7c114d41b7db09d95fc26f7487009fde9ea1	public_processed	PASS
auxiliary_asset	VALIDATION_ANCHORS	validation_outputs:results/M0_freeze/micro_pilot_processing_20260730_v1.0.0.sha256.tsv	data/validation_anchors/standardized_plan_examples/results/M0_freeze/micro_pilot_processing_20260730_v1.0.0.sha256.tsv	35777	ce9f5dec9bae443be2d70f73e1289396b70bb3f1a6514d85cdb7424f5f1f81c5	public_processed	PASS
auxiliary_asset	VALIDATION_ANCHORS	validation_outputs:results/M1A_bloom_qtl/association_lmm.tsv.gz	data/validation_anchors/standardized_plan_examples/results/M1A_bloom_qtl/association_lmm.tsv.gz	242815	ea078e4fde537a603041377156c221d26c7fbb6994ca13bd1f4397f83f8d759d	public_processed	PASS
auxiliary_asset	VALIDATION_ANCHORS	validation_outputs:results/M1A_bloom_qtl/association_naive.tsv.gz	data/validation_anchors/standardized_plan_examples/results/M1A_bloom_qtl/association_naive.tsv.gz	166308	ea0260fdaadd74d668a7f17e0aa86ad999e5df2babe7111c4aa3993160d27311	public_processed	PASS
auxiliary_asset	VALIDATION_ANCHORS	validation_outputs:results/M1A_bloom_qtl/manhattan_lmm.png	data/validation_anchors/standardized_plan_examples/results/M1A_bloom_qtl/manhattan_lmm.png	93586	bc88752d196f50f5291513077bc3857a406a79de2dfa7c81a64e10b367f13bcc	public_processed	PASS
auxiliary_asset	VALIDATION_ANCHORS	validation_outputs:results/M1A_bloom_qtl/manhattan_naive.png	data/validation_anchors/standardized_plan_examples/results/M1A_bloom_qtl/manhattan_naive.png	104797	ff3355a630a05be88a6c91e601437c576da4d2b81d5e92495dbc9070461eec79	public_processed	PASS
auxiliary_asset	VALIDATION_ANCHORS	validation_outputs:results/M1A_bloom_qtl/marker_metadata.tsv	data/validation_anchors/standardized_plan_examples/results/M1A_bloom_qtl/marker_metadata.tsv	221853	ce8e630dc15efccbc4f379e81c34fc5903d49c6429223a5fa173197568587fcd	public_processed	PASS
auxiliary_asset	VALIDATION_ANCHORS	validation_outputs:results/M1A_bloom_qtl/pca_eigenvalues.txt	data/validation_anchors/standardized_plan_examples/results/M1A_bloom_qtl/pca_eigenvalues.txt	77	2bb74bd2bd2aeda1828d6ea5e0bc0b14405ac96236eea791a895322e62c0c174	public_processed	PASS
auxiliary_asset	VALIDATION_ANCHORS	validation_outputs:results/M1A_bloom_qtl/pca_scores.tsv	data/validation_anchors/standardized_plan_examples/results/M1A_bloom_qtl/pca_scores.tsv	531451	4767617217678a0a13e0c7e73dbc416ec6d5a91db57076be5f6cfb24209311c6	public_processed	PASS
auxiliary_asset	VALIDATION_ANCHORS	validation_outputs:results/M1A_bloom_qtl/phenotypes.tsv	data/validation_anchors/standardized_plan_examples/results/M1A_bloom_qtl/phenotypes.tsv	139233	a50b07cbf33d76aa3094a7eacc57ffba17d7c685355f915555aa99c3b6c11999	public_processed	PASS
auxiliary_asset	VALIDATION_ANCHORS	validation_outputs:results/M1A_bloom_qtl/qc.tsv	data/validation_anchors/standardized_plan_examples/results/M1A_bloom_qtl/qc.tsv	465	f900a6a31c42ec5a9d336fca0d68ab2d5f59b0f908f027e0c1acebb7c435015e	public_processed	PASS
auxiliary_asset	VALIDATION_ANCHORS	validation_outputs:results/M1A_bloom_qtl/qq_lmm.png	data/validation_anchors/standardized_plan_examples/results/M1A_bloom_qtl/qq_lmm.png	66913	6623f8a801829ba9ce3a2688cb90c145f5ff507ca34309f8a488bdccf2412638	public_processed	PASS
auxiliary_asset	VALIDATION_ANCHORS	validation_outputs:results/M1A_bloom_qtl/qq_naive.png	data/validation_anchors/standardized_plan_examples/results/M1A_bloom_qtl/qq_naive.png	74759	5333fd400be2201e87cc55015e9f4c39de6bd0a4b01e54e7165ad1c40b9838d9	public_processed	PASS
auxiliary_asset	VALIDATION_ANCHORS	validation_outputs:results/M1B_ecoref_gwas/assembly_manifest.tsv	data/validation_anchors/standardized_plan_examples/results/M1B_ecoref_gwas/assembly_manifest.tsv	25499	f8bdf429a77a4d1eb74eadcc8591c2be8a05bcaa978ec3f17aee729146f1d4ed	public_processed	PASS
auxiliary_asset	VALIDATION_ANCHORS	validation_outputs:results/M1B_ecoref_gwas/association_diagnostics.md	data/validation_anchors/standardized_plan_examples/results/M1B_ecoref_gwas/association_diagnostics.md	927	b6055fcbef3ac85c8da02d44344ca5c0cece9a1004d25ac6ccce394f99cac9d5	public_processed	PASS
auxiliary_asset	VALIDATION_ANCHORS	validation_outputs:results/M1B_ecoref_gwas/association_result.parquet	data/validation_anchors/standardized_plan_examples/results/M1B_ecoref_gwas/association_result.parquet	285386	601085181945718b99a8341a01b0ee09eadedba1dc44ff9f0b25c0f7108ccf2e	public_processed	PASS
auxiliary_asset	VALIDATION_ANCHORS	validation_outputs:results/M1B_ecoref_gwas/association_result.tsv.gz	data/validation_anchors/standardized_plan_examples/results/M1B_ecoref_gwas/association_result.tsv.gz	203966	6a67bf14e850ff66bd70d817b4583d30e90a201ed28ab135f5eb931027e9fc27	public_processed	PASS
auxiliary_asset	VALIDATION_ANCHORS	validation_outputs:results/M1B_ecoref_gwas/ecoref_selected_condition.tsv	data/validation_anchors/standardized_plan_examples/results/M1B_ecoref_gwas/ecoref_selected_condition.tsv	204	be37e634acf12a5b55a38e109b47d3e2ea93989067668eeaa1602982292512fe	public_processed	PASS
auxiliary_asset	VALIDATION_ANCHORS	validation_outputs:results/M1B_ecoref_gwas/ecoref_selected_strains.tsv	data/validation_anchors/standardized_plan_examples/results/M1B_ecoref_gwas/ecoref_selected_strains.tsv	3823	5d110bc901f0707223b3a5fa1bdc3268e4ba8c932502c4ab4cbe64ee19f1b7ae	public_processed	PASS
auxiliary_asset	VALIDATION_ANCHORS	validation_outputs:results/M1B_ecoref_gwas/gene_presence_absence.tsv	data/validation_anchors/standardized_plan_examples/results/M1B_ecoref_gwas/gene_presence_absence.tsv	5448439	409a7d57d135f96538405ad57a2d7fcd5310f3d77b85978591ca48af29ecabe8	public_processed	PASS
auxiliary_asset	VALIDATION_ANCHORS	validation_outputs:results/M1B_ecoref_gwas/input_provenance.tsv	data/validation_anchors/standardized_plan_examples/results/M1B_ecoref_gwas/input_provenance.tsv	671	1cb3137a44c1f963720510c9af599b1b0964ec5acb2995531db4d50817aad962	public_processed	PASS
auxiliary_asset	VALIDATION_ANCHORS	validation_outputs:results/M1B_ecoref_gwas/lineage_effects.tsv	data/validation_anchors/standardized_plan_examples/results/M1B_ecoref_gwas/lineage_effects.tsv	239	bd271fb0cb1692fd93229e4ce22981f6e7443ca8192998afae5e5a48ec9260b5	public_processed	PASS
auxiliary_asset	VALIDATION_ANCHORS	validation_outputs:results/M1B_ecoref_gwas/milestone_status.tsv	data/validation_anchors/standardized_plan_examples/results/M1B_ecoref_gwas/milestone_status.tsv	272	23d4c5a8a5e40d381fb1c2eca0f3201856cc10283cba0ded7c20db62d2d10347	public_processed	PASS
auxiliary_asset	VALIDATION_ANCHORS	validation_outputs:results/M1B_ecoref_gwas/panaroo_summary.txt	data/validation_anchors/standardized_plan_examples/results/M1B_ecoref_gwas/panaroo_summary.txt	205	b1f2763669cec90cab95d13d2a8a2ecc4ecc1572e8b9d16eaf84a405ec10567b	public_processed	PASS
auxiliary_asset	VALIDATION_ANCHORS	validation_outputs:results/M1B_ecoref_gwas/population_covariates.tsv	data/validation_anchors/standardized_plan_examples/results/M1B_ecoref_gwas/population_covariates.tsv	16853	64da31cf0b8cf10512fec6262cdd7b6b1208b175d6a544c64ad7891bd08d3d7b	public_processed	PASS
auxiliary_asset	VALIDATION_ANCHORS	validation_outputs:results/M1B_ecoref_gwas/population_distance_matrix.tsv	data/validation_anchors/standardized_plan_examples/results/M1B_ecoref_gwas/population_distance_matrix.tsv	257907	30187ce7cb40ff8be78b7ff363874a70e110b13fb8c2e01d6b1805b02dd9962b	public_processed	PASS
auxiliary_asset	VALIDATION_ANCHORS	validation_outputs:results/M1B_ecoref_gwas/qc.tsv	data/validation_anchors/standardized_plan_examples/results/M1B_ecoref_gwas/qc.tsv	548	0a3f88b82595f7b00fdae2b6be3695d1dbf7051b7d3f5da788272929f53f882f	public_processed	PASS
auxiliary_asset	VALIDATION_ANCHORS	validation_outputs:results/M1B_ecoref_gwas/qq_plot.png	data/validation_anchors/standardized_plan_examples/results/M1B_ecoref_gwas/qq_plot.png	70530	1db5e8a8d77d50c0a5b18338531de5a04546883d7052f91cf3a3ba8a8073db6d	public_processed	PASS
auxiliary_asset	VALIDATION_ANCHORS	validation_outputs:results/M1B_ecoref_gwas/software_versions.tsv	data/validation_anchors/standardized_plan_examples/results/M1B_ecoref_gwas/software_versions.tsv	104	395dffd054affb93a46be5b95151ac24a4c9a5439bb41115aaa3fc1e01320da6	public_processed	PASS
auxiliary_asset	VALIDATION_ANCHORS	validation_outputs:results/M2A_eqtl/cis_eqtl.tsv	data/validation_anchors/standardized_plan_examples/results/M2A_eqtl/cis_eqtl.tsv	140735	07e8eb9cc7fb040c684a54ba40e1de9f5d1bf35b52d46c34cfe78256f82029e2	public_processed	PASS
auxiliary_asset	VALIDATION_ANCHORS	validation_outputs:results/M2A_eqtl/matrixeqtl_summary.tsv	data/validation_anchors/standardized_plan_examples/results/M2A_eqtl/matrixeqtl_summary.tsv	133	e6202d2ea637962eb77aada177ee1a604c81b470b11a04c501efb2c857c743ae	public_processed	PASS
auxiliary_asset	VALIDATION_ANCHORS	validation_outputs:results/M2A_eqtl/trans_eqtl.tsv	data/validation_anchors/standardized_plan_examples/results/M2A_eqtl/trans_eqtl.tsv	1261963	475fb0b42aa6523f8322f4f17e10ef430b2420ebda4562cb307b333dd731c4e8	public_processed	PASS
auxiliary_asset	VALIDATION_ANCHORS	validation_outputs:results/M2B_pqtl/matched_processed_eqtl.tsv	data/validation_anchors/standardized_plan_examples/results/M2B_pqtl/matched_processed_eqtl.tsv	17889	3b5577f57726d752812b0d6b09cfd46518e8fd1f2a32cc414b743360c88060be	public_processed	PASS
auxiliary_asset	VALIDATION_ANCHORS	validation_outputs:results/M2B_pqtl/pqtl_cis_trans.tsv	data/validation_anchors/standardized_plan_examples/results/M2B_pqtl/pqtl_cis_trans.tsv	41097	0271cb8359084ad84271589ea595a5106a19f04c2597566ad51600db9b848210	public_processed	PASS
auxiliary_asset	VALIDATION_ANCHORS	validation_outputs:results/M2B_pqtl/pqtl_eqtl_overlap.tsv	data/validation_anchors/standardized_plan_examples/results/M2B_pqtl/pqtl_eqtl_overlap.tsv	126	cd691f09307d8997c7006e688b132a4496103cc7520666ad560b56b68e282bae	public_processed	PASS
auxiliary_asset	VALIDATION_ANCHORS	validation_outputs:results/M2B_pqtl/qc.tsv	data/validation_anchors/standardized_plan_examples/results/M2B_pqtl/qc.tsv	220	e334b45da53812ee1afdaea40dd80f1dbb1aefeda07beb9a3fe1fd0dfc38fe58	public_processed	PASS
auxiliary_asset	VALIDATION_ANCHORS	validation_outputs:results/M2C_wine_qtl/qc.tsv	data/validation_anchors/standardized_plan_examples/results/M2C_wine_qtl/qc.tsv	209	e14c1e0745eaa277b5b5a6820c4083d32ed8844b9ce693597f51ad0796b8a093	public_processed	PASS
auxiliary_asset	VALIDATION_ANCHORS	validation_outputs:results/M2C_wine_qtl/wine_qtl_associations.tsv	data/validation_anchors/standardized_plan_examples/results/M2C_wine_qtl/wine_qtl_associations.tsv	1541997	5b7f2f4e62bf28dd29f1cde28b3ea13198715d851202f99ad0c7024e91228ba6	public_processed	PASS
auxiliary_asset	VALIDATION_ANCHORS	validation_outputs:results/M2C_wine_qtl/wine_qtl_top_hits.tsv	data/validation_anchors/standardized_plan_examples/results/M2C_wine_qtl/wine_qtl_top_hits.tsv	9322	a8a8bbcc827b5fa805dc95d3701f7da842a7ba990cd16d99c16aa25b725996c6	public_processed	PASS
auxiliary_asset	VALIDATION_ANCHORS	validation_outputs:results/M3A_wgcna/module_assignments.tsv	data/validation_anchors/standardized_plan_examples/results/M3A_wgcna/module_assignments.tsv	9929	5ce7ed392de438ef7d301238bfb9f9e63a3737a6e09c463386964ce719841d97	public_processed	PASS
auxiliary_asset	VALIDATION_ANCHORS	validation_outputs:results/M3A_wgcna/module_eigengenes.tsv	data/validation_anchors/standardized_plan_examples/results/M3A_wgcna/module_eigengenes.tsv	67084	564421d1accafc00e22b03f0cee5c9690d67495c050a37ae0c40d5dda7506102	public_processed	PASS
auxiliary_asset	VALIDATION_ANCHORS	validation_outputs:results/M3A_wgcna/module_trait.tsv	data/validation_anchors/standardized_plan_examples/results/M3A_wgcna/module_trait.tsv	746	d593e591e15573f3160efd52251a066ccad8f4a1b6158a764d2ee6b9e770e6ca	public_processed	PASS
auxiliary_asset	VALIDATION_ANCHORS	validation_outputs:results/M3A_wgcna/qc.tsv	data/validation_anchors/standardized_plan_examples/results/M3A_wgcna/qc.tsv	81	a22e2688ea0772ea3d4fb30c25eea5d33a038ec43bbbbbc5a89b984798195521	public_processed	PASS
auxiliary_asset	VALIDATION_ANCHORS	validation_outputs:results/M3B_mofa/factor_scores.tsv	data/validation_anchors/standardized_plan_examples/results/M3B_mofa/factor_scores.tsv	181399	4e932ee4afc40b2bf3dba5f035d3ab52426e94552057d7ff29b08ca5ca5fe25d	public_processed	PASS
auxiliary_asset	VALIDATION_ANCHORS	validation_outputs:results/M3B_mofa/factor_weights.tsv	data/validation_anchors/standardized_plan_examples/results/M3B_mofa/factor_weights.tsv	49222	2f66f1b392fb478d5dd78de86028cc03bc860373cdbc309bb1451e47bb67223c	public_processed	PASS
auxiliary_asset	VALIDATION_ANCHORS	validation_outputs:results/M3B_mofa/mofa_model.hdf5	data/validation_anchors/standardized_plan_examples/results/M3B_mofa/mofa_model.hdf5	1243289	74f94fd95e65d63c5963043ed70fe4f68239b918c1f500aa4cf5eb4f93c16878	public_processed	PASS
auxiliary_asset	VALIDATION_ANCHORS	validation_outputs:results/M3B_mofa/qc.tsv	data/validation_anchors/standardized_plan_examples/results/M3B_mofa/qc.tsv	239	a28442bce5132fdb0eb82b72144f107fad9609c816ed3df95b0e7f3771f6b462	public_processed	PASS
auxiliary_asset	VALIDATION_ANCHORS	validation_outputs:results/M3B_mofa/variance_explained.tsv	data/validation_anchors/standardized_plan_examples/results/M3B_mofa/variance_explained.tsv	1720	a604e58e4b9f26ee4b4a4b82afbbf42e61a2e48249cfbc51618b1a57d6a02529	public_processed	PASS
auxiliary_asset	VALIDATION_ANCHORS	validation_outputs:results/M3C_diablo/status.json	data/validation_anchors/standardized_plan_examples/results/M3C_diablo/status.json	281	5999c72f1f4db3c0296a46b8abf1a25d341b852cf6b3d1947c8b58332f26face	public_processed	PASS
auxiliary_asset	VALIDATION_ANCHORS	validation_outputs:results/M4A_gem/iML1515_constraints.tsv	data/validation_anchors/standardized_plan_examples/results/M4A_gem/iML1515_constraints.tsv	324	a1748d8e71ef5dcfe12255dae6a8186d5a5001f90dfcfce68a92977fec57a10f	public_processed	PASS
auxiliary_asset	VALIDATION_ANCHORS	validation_outputs:results/M4A_gem/iML1515_for_memote.xml	data/validation_anchors/standardized_plan_examples/results/M4A_gem/iML1515_for_memote.xml	13326274	63f16f851679e1dc0b205b88a9b763c7539cf1ab911ed004250e0ebba1efca74	public_processed	PASS
auxiliary_asset	VALIDATION_ANCHORS	validation_outputs:results/M4A_gem/iML1515_fva.tsv	data/validation_anchors/standardized_plan_examples/results/M4A_gem/iML1515_fva.tsv	1328	6ab1828f35ab86db7cb9972804a4b7bd74b012a520b2fe4c55a1b22d9df96b07	public_processed	PASS
auxiliary_asset	VALIDATION_ANCHORS	validation_outputs:results/M4A_gem/iML1515_memote.html	data/validation_anchors/standardized_plan_examples/results/M4A_gem/iML1515_memote.html	4113715	cd22d1e199411329fc280c7a3688165d253fef5036045f43aefd14c0f0e6708e	public_processed	PASS
auxiliary_asset	VALIDATION_ANCHORS	validation_outputs:results/M4A_gem/iML1515_pfba.tsv	data/validation_anchors/standardized_plan_examples/results/M4A_gem/iML1515_pfba.tsv	214703	49a561be9fb26c8a67cc91946c06a7ee2f858eec4579d341e14fe1629e147970	public_processed	PASS
auxiliary_asset	VALIDATION_ANCHORS	validation_outputs:results/M4A_gem/memote_section_scores.tsv	data/validation_anchors/standardized_plan_examples/results/M4A_gem/memote_section_scores.tsv	888	730b703f48595e8f5821b8257ccb902b883223ef6df2347fedad3c99d57bb28a	public_processed	PASS
auxiliary_asset	VALIDATION_ANCHORS	validation_outputs:results/M4A_gem/memote_summary.tsv	data/validation_anchors/standardized_plan_examples/results/M4A_gem/memote_summary.tsv	517	2e190043c3c0e5815848a03c0bf531aece2e5c095afe6f8b7fa9cae6dd431b17	public_processed	PASS
auxiliary_asset	VALIDATION_ANCHORS	validation_outputs:results/M4A_gem/model_summary.tsv	data/validation_anchors/standardized_plan_examples/results/M4A_gem/model_summary.tsv	608	acefbdfcf678c67b61e20db048716cfb05deda59cab10bd009ecb882af9a51c5	public_processed	PASS
auxiliary_asset	VALIDATION_ANCHORS	validation_outputs:results/M4A_gem/yeast_GEM_v9_1_0_constraints.tsv	data/validation_anchors/standardized_plan_examples/results/M4A_gem/yeast_GEM_v9_1_0_constraints.tsv	336	bcccb54544c73f2e56017c916a932b62c33bf30e39b1a40f40c67bdddb594fd4	public_processed	PASS
auxiliary_asset	VALIDATION_ANCHORS	validation_outputs:results/M4A_gem/yeast_GEM_v9_1_0_for_memote.xml	data/validation_anchors/standardized_plan_examples/results/M4A_gem/yeast_GEM_v9_1_0_for_memote.xml	11426013	2830fba99b43afb1003543c83f67a2b92bd42d30fddcfaed596ee1b15fe45082	public_processed	PASS
auxiliary_asset	VALIDATION_ANCHORS	validation_outputs:results/M4A_gem/yeast_GEM_v9_1_0_fva.tsv	data/validation_anchors/standardized_plan_examples/results/M4A_gem/yeast_GEM_v9_1_0_fva.tsv	1401	5c01ae091bc4c98523c640b4fae36282db05b07205955038dd36e8154d50c6f1	public_processed	PASS
auxiliary_asset	VALIDATION_ANCHORS	validation_outputs:results/M4A_gem/yeast_GEM_v9_1_0_memote.html	data/validation_anchors/standardized_plan_examples/results/M4A_gem/yeast_GEM_v9_1_0_memote.html	4448582	f8560523c8371a7bf8695cb77a49e3f9db59213981b99468c7778ebfe37368f6	public_processed	PASS
auxiliary_asset	VALIDATION_ANCHORS	validation_outputs:results/M4A_gem/yeast_GEM_v9_1_0_pfba.tsv	data/validation_anchors/standardized_plan_examples/results/M4A_gem/yeast_GEM_v9_1_0_pfba.tsv	353465	b673c12ea427f13cf570bc03dd44ae09cfb7a62340e990b1ebaa8410ecd304cb	public_processed	PASS
auxiliary_asset	VALIDATION_ANCHORS	validation_outputs:results/M4B_prediction/cv_metrics.tsv	data/validation_anchors/standardized_plan_examples/results/M4B_prediction/cv_metrics.tsv	2599	7cd6446671e39e487e8ca1590e359c95dba21c86012514ba7856ece631a49e5d	public_processed	PASS
auxiliary_asset	VALIDATION_ANCHORS	validation_outputs:results/M4B_prediction/predictions.tsv	data/validation_anchors/standardized_plan_examples/results/M4B_prediction/predictions.tsv	1154909	960e0f39108eda7d0363a4f4610b9241332b353de40d65bdffc3b9483df8fea5	public_processed	PASS
auxiliary_asset	VALIDATION_ANCHORS	validation_outputs:results/M4B_prediction/qc.tsv	data/validation_anchors/standardized_plan_examples/results/M4B_prediction/qc.tsv	219	ce43ef821f29447417979c6d9c93d4da982583693b8dbb919d754ca874be2d02	public_processed	PASS
auxiliary_asset	VALIDATION_ANCHORS	validation_outputs:results/fermentation_process_titer_model_v2/01_process_trajectories.svg	data/validation_anchors/standardized_plan_examples/results/fermentation_process_titer_model_v2/01_process_trajectories.svg	242984	317aa5655c5f14ed48a415b412bb70edb682c992ee201f52e03194415a9f329f	public_processed	PASS
auxiliary_asset	VALIDATION_ANCHORS	validation_outputs:results/fermentation_process_titer_model_v2/02_condition_performance.svg	data/validation_anchors/standardized_plan_examples/results/fermentation_process_titer_model_v2/02_condition_performance.svg	22466	40743e8c01dd80fddb08e7c4441f926ce55a3b5570bd194f7db0ea4f13a3c1a7	public_processed	PASS
auxiliary_asset	VALIDATION_ANCHORS	validation_outputs:results/fermentation_process_titer_model_v2/03_grouped_cv_predictions.svg	data/validation_anchors/standardized_plan_examples/results/fermentation_process_titer_model_v2/03_grouped_cv_predictions.svg	21777	79b996f8c8c7c0130344f39ea580620252839acf7d14bd3afa8b7da98e9555a4	public_processed	PASS
auxiliary_asset	VALIDATION_ANCHORS	validation_outputs:results/fermentation_process_titer_model_v2/04_process_tradeoffs.svg	data/validation_anchors/standardized_plan_examples/results/fermentation_process_titer_model_v2/04_process_tradeoffs.svg	9789	1f91dcdb8808a88be0edc020270f2fa75cfba98a87823c4123e4284e0dac591a	public_processed	PASS
auxiliary_asset	VALIDATION_ANCHORS	validation_outputs:results/fermentation_process_titer_model_v2/05_feature_heatmap.svg	data/validation_anchors/standardized_plan_examples/results/fermentation_process_titer_model_v2/05_feature_heatmap.svg	33789	7b54feec8b93ec0b7f09c3c182c454eed088c010e5340c4b7587f6ffb0d49c21	public_processed	PASS
auxiliary_asset	VALIDATION_ANCHORS	validation_outputs:results/fermentation_process_titer_model_v2/condition_performance_summary.tsv	data/validation_anchors/standardized_plan_examples/results/fermentation_process_titer_model_v2/condition_performance_summary.tsv	1291	8da059072c38fdb031a334508e2332bfad37b1c6c50c0ea49ce8ffbf9d896640	public_processed	PASS
auxiliary_asset	VALIDATION_ANCHORS	validation_outputs:results/fermentation_process_titer_model_v2/extension_validation.json	data/validation_anchors/standardized_plan_examples/results/fermentation_process_titer_model_v2/extension_validation.json	3414	d8740113ecb0b7a89502202142c9b3ca04588e2797b2b8c22f8845dbf09ed8b5	public_processed	PASS
auxiliary_asset	VALIDATION_ANCHORS	validation_outputs:results/fermentation_process_titer_model_v2/feature_matrix_standardized.tsv	data/validation_anchors/standardized_plan_examples/results/fermentation_process_titer_model_v2/feature_matrix_standardized.tsv	21239	df4698743cbe59c307a06f3d32822ec2a0b1b7329db08a7e3777f8308e075f24	public_processed	PASS
auxiliary_asset	VALIDATION_ANCHORS	validation_outputs:results/fermentation_process_titer_model_v2/grouped_cv_metrics.tsv	data/validation_anchors/standardized_plan_examples/results/fermentation_process_titer_model_v2/grouped_cv_metrics.tsv	1015	be5a0a92aef278883dad6ad1bf05e16d3c882b13cae7ee9868f7f20d0d77fbc2	public_processed	PASS
auxiliary_asset	VALIDATION_ANCHORS	validation_outputs:results/fermentation_process_titer_model_v2/grouped_cv_predictions.tsv	data/validation_anchors/standardized_plan_examples/results/fermentation_process_titer_model_v2/grouped_cv_predictions.tsv	14360	974d1368baf1d58b05111721fefa0187630aaa4a2426773387710fd19d7d3a0e	public_processed	PASS
auxiliary_asset	VALIDATION_ANCHORS	validation_outputs:results/fermentation_process_titer_model_v2/model_configuration_resolved.json	data/validation_anchors/standardized_plan_examples/results/fermentation_process_titer_model_v2/model_configuration_resolved.json	1492	e350a16f4a9fea5fb1217212d63b3b15041ec5ca39e95b2bdc6b7c8eab6ce3c1	public_processed	PASS
auxiliary_asset	VALIDATION_ANCHORS	validation_outputs:results/fermentation_process_titer_model_v2/ridge_coefficients.tsv	data/validation_anchors/standardized_plan_examples/results/fermentation_process_titer_model_v2/ridge_coefficients.tsv	2569	9777214551ac70f597e3d2cb881e78295dd96a7b6dc6c64fcef5ffaa5a776323	public_processed	PASS
auxiliary_asset	VALIDATION_ANCHORS	validation_outputs:results/qualification/FINAL_REPORT.md	data/validation_anchors/standardized_plan_examples/results/qualification/FINAL_REPORT.md	1726	3e360175eac97521397c8b2c4d92f18fe4300b87303c0e1640d5bf9f5b5e6fb0	public_processed	PASS
auxiliary_asset	VALIDATION_ANCHORS	validation_outputs:results/qualification/governance_summary.json	data/validation_anchors/standardized_plan_examples/results/qualification/governance_summary.json	581	43164e1271c975a1534093411abad4d19e3674f0ef1451754a1e5b1c7a5f7fa7	public_processed	PASS
auxiliary_asset	VALIDATION_ANCHORS	validation_outputs:results/qualification/module_status.tsv	data/validation_anchors/standardized_plan_examples/results/qualification/module_status.tsv	394	bf21896bdbbfe3aba043caadebf12e2f22d6819ba8be7d1e916c40df4bcbaaa5	public_processed	PASS
auxiliary_asset	VALIDATION_ANCHORS	validation_outputs:results/qualification/qualification_checks.tsv	data/validation_anchors/standardized_plan_examples/results/qualification/qualification_checks.tsv	7991	c9f3e16fec58c2b7bf41a51c0879c3899d61c930e61bd168f737e3a6688c6322	public_processed	PASS
auxiliary_asset	VALIDATION_ANCHORS	validation_outputs:results/qualification/result_artifact_sha256.tsv	data/validation_anchors/standardized_plan_examples/results/qualification/result_artifact_sha256.tsv	8325	885ce72eb8c985798143958e769908c7405054801a4de801eb7adefc223ddaf6	public_processed	PASS
auxiliary_asset	VALIDATION_ANCHORS	validation_outputs:run_ecoli_extensions.sh	data/validation_anchors/standardized_plan_examples/run_ecoli_extensions.sh	1933	3f09c4557ccc19e67f25c53b84fb8dd4336d1471cc7eb9e6a065b2b344a46a09	public_processed	PASS
auxiliary_asset	VALIDATION_ANCHORS	validation_outputs:run_shared_extensions.sh	data/validation_anchors/standardized_plan_examples/run_shared_extensions.sh	1557	98735620084ac59ba8592c661f4eb719b12b21479849223059d387191861a2f9	public_processed	PASS
auxiliary_asset	VALIDATION_ANCHORS	validation_outputs:run_yeast_extensions.sh	data/validation_anchors/standardized_plan_examples/run_yeast_extensions.sh	1670	6c05ec86a9430154bc03245fdd98896f824369eb71a2078ff4e702b7aac55f82	public_processed	PASS
auxiliary_asset	VALIDATION_ANCHORS	validation_outputs:scripts/build_future_interfaces.py	data/validation_anchors/standardized_plan_examples/scripts/build_future_interfaces.py	12384	0cfa3bc3f16affec5594e224ad6e96509096de0c6da1600893d81fcbf03732ec	public_processed	PASS
auxiliary_asset	VALIDATION_ANCHORS	validation_outputs:scripts/redraw_bloom_diagnostics.py	data/validation_anchors/standardized_plan_examples/scripts/redraw_bloom_diagnostics.py	2342	14be69cf238d81f2b4ee4e4d729b367d7b7c8917200d0dd80ffe34e86222fc64	public_processed	PASS
auxiliary_asset	VALIDATION_ANCHORS	validation_outputs:validation/extensions_complete.json	data/validation_anchors/standardized_plan_examples/validation/extensions_complete.json	4300	513504d802b88c369e8e6562a89310fd3105d8d698fd415f625da9624d226000	public_processed	PASS
auxiliary_asset	VALIDATION_ANCHORS	validation_outputs:validation/future_interfaces.json	data/validation_anchors/standardized_plan_examples/validation/future_interfaces.json	548	13c2dcc5898ccb0741fd146b4572fd41f0c71466b72cab45dfd45949d6a0a151	public_processed	PASS
auxiliary_asset	VALIDATION_ANCHORS	validation_outputs:workflow/README.md	data/validation_anchors/standardized_plan_examples/workflow/README.md	1226	031ef835b924aa3cdd2e5a1f6ac72c506651b043effc9f8b904e03d1f280b9b0	public_processed	PASS
auxiliary_asset	VALIDATION_ANCHORS	validation_outputs:workflow/Snakefile	data/validation_anchors/standardized_plan_examples/workflow/Snakefile	18819	25c9c9f790eae42520e39489b0055a8a2970cb8274de3a5556a531c34cb23739	public_processed	PASS
auxiliary_asset	VALIDATION_ANCHORS	validation_outputs:workflow/THIRD_PARTY_NOTICES.md	data/validation_anchors/standardized_plan_examples/workflow/THIRD_PARTY_NOTICES.md	891	8a96ba385b0b19441dddfe2f0f530868a2cad46e962a27ef2e36b1f1ee98f5de	public_processed	PASS
auxiliary_asset	VALIDATION_ANCHORS	validation_outputs:workflow/config/config.yaml	data/validation_anchors/standardized_plan_examples/workflow/config/config.yaml	364	c99f3447cd75aae45dafd57a92cca9b6e0b6e0a557e0d1c59f8e7d973c30a2e4	public_processed	PASS
auxiliary_asset	VALIDATION_ANCHORS	validation_outputs:workflow/docs/ARCHITECTURE_AND_OFFLINE_POLICY.md	data/validation_anchors/standardized_plan_examples/workflow/docs/ARCHITECTURE_AND_OFFLINE_POLICY.md	2936	c95052304cbe3d98d90778e8336f1e5bec117f890935a6f0149b2e32b29e6885	public_processed	PASS
auxiliary_asset	VALIDATION_ANCHORS	validation_outputs:workflow/docs/PROCESS_SCOPE.md	data/validation_anchors/standardized_plan_examples/workflow/docs/PROCESS_SCOPE.md	1279	608b8670e9e7ae7f1a63b84705a9b47839b22800f80f2c845a8cd697be26b158	public_processed	PASS
auxiliary_asset	VALIDATION_ANCHORS	validation_outputs:workflow/docs/SOURCE_PROVENANCE.md	data/validation_anchors/standardized_plan_examples/workflow/docs/SOURCE_PROVENANCE.md	1747	a437258244aab524da48a5f1328b4a43726fc05afca08b50ca3c1788f01e04ce	public_processed	PASS
auxiliary_asset	VALIDATION_ANCHORS	validation_outputs:workflow/docs/guardrails/ASSOCIATION_EXTENSION_MASTER_GUIDE.md	data/validation_anchors/standardized_plan_examples/workflow/docs/guardrails/ASSOCIATION_EXTENSION_MASTER_GUIDE.md	9019	81a3545ead4ec6c92cc32dd18df5faa7b1732ec36723ba3440b42468eb4bbced	public_processed	PASS
auxiliary_asset	VALIDATION_ANCHORS	validation_outputs:workflow/docs/guardrails/FILE_SHA256SUMS.txt	data/validation_anchors/standardized_plan_examples/workflow/docs/guardrails/FILE_SHA256SUMS.txt	1430	49220f0530fc1b52f5aa4333558e9d2bbe76e00d5220ac5aec1f8388bed4ffda	public_processed	PASS
auxiliary_asset	VALIDATION_ANCHORS	validation_outputs:workflow/docs/guardrails/README.md	data/validation_anchors/standardized_plan_examples/workflow/docs/guardrails/README.md	1628	39c448e85ec7aa616497279ae3f455957061fd7880630f7dc854d97b26fa0207	public_processed	PASS
auxiliary_asset	VALIDATION_ANCHORS	validation_outputs:workflow/docs/guardrails/docs/00_SCOPE_AND_NON_NEGOTIABLES.md	data/validation_anchors/standardized_plan_examples/workflow/docs/guardrails/docs/00_SCOPE_AND_NON_NEGOTIABLES.md	4916	9bbb1f14d0307b927111be770ca8529fb49629943d8de46ea5f5d14fae17fbb3	public_processed	PASS
auxiliary_asset	VALIDATION_ANCHORS	validation_outputs:workflow/docs/guardrails/docs/01_DATASET_AND_TOOL_MATRIX.md	data/validation_anchors/standardized_plan_examples/workflow/docs/guardrails/docs/01_DATASET_AND_TOOL_MATRIX.md	6556	38f2238dacd8f555c432341ddf25d2df6f73fcd7a40beedf02f950c5e2cc8e9c	public_processed	PASS
auxiliary_asset	VALIDATION_ANCHORS	validation_outputs:workflow/docs/guardrails/docs/02_MILESTONE_1_GWAS_QTL.md	data/validation_anchors/standardized_plan_examples/workflow/docs/guardrails/docs/02_MILESTONE_1_GWAS_QTL.md	5962	518a8f6caa38f6b4145bbc6576e9a2e733c36e91ea773a6daa9a63aa95c15f22	public_processed	PASS
auxiliary_asset	VALIDATION_ANCHORS	validation_outputs:workflow/docs/guardrails/docs/03_MILESTONE_2_MOLECULAR_QTL.md	data/validation_anchors/standardized_plan_examples/workflow/docs/guardrails/docs/03_MILESTONE_2_MOLECULAR_QTL.md	7429	286fe0dbec4324e494ec708d135d7a78a4e58e5727e6aa37ebb2922d7683fd0f	public_processed	PASS
auxiliary_asset	VALIDATION_ANCHORS	validation_outputs:workflow/docs/guardrails/docs/04_MILESTONE_3_MODULES_AND_INTEGRATION.md	data/validation_anchors/standardized_plan_examples/workflow/docs/guardrails/docs/04_MILESTONE_3_MODULES_AND_INTEGRATION.md	5942	45c583c0172f2df63354ae9596a829b0198d7054094b19535a3a79cc30d4af67	public_processed	PASS
auxiliary_asset	VALIDATION_ANCHORS	validation_outputs:workflow/docs/guardrails/docs/05_MILESTONE_4_GEM_AND_PREDICTION.md	data/validation_anchors/standardized_plan_examples/workflow/docs/guardrails/docs/05_MILESTONE_4_GEM_AND_PREDICTION.md	5942	a818070e8b8c64bb8ee745bf45e6cb37c3b9813da545981d2116dcc5b0a6106c	public_processed	PASS
auxiliary_asset	VALIDATION_ANCHORS	validation_outputs:workflow/docs/guardrails/docs/06_SNAKEMAKE_EXTENSION_AND_REPOSITORY.md	data/validation_anchors/standardized_plan_examples/workflow/docs/guardrails/docs/06_SNAKEMAKE_EXTENSION_AND_REPOSITORY.md	6529	fb88eb952c71b1237e33348bc280c16698bb05469260916245381a5fb6f855e1	public_processed	PASS
auxiliary_asset	VALIDATION_ANCHORS	validation_outputs:workflow/docs/guardrails/docs/07_ACCEPTANCE_RELEASE_AND_STOP_RULES.md	data/validation_anchors/standardized_plan_examples/workflow/docs/guardrails/docs/07_ACCEPTANCE_RELEASE_AND_STOP_RULES.md	6122	e3a598af56dad2c309a2d3de853bce4b18b29bc8fdc179c61078b4eb2ba4b6d0	public_processed	PASS
auxiliary_asset	VALIDATION_ANCHORS	validation_outputs:workflow/docs/guardrails/docs/08_CODEX_EXECUTION_PROMPT.md	data/validation_anchors/standardized_plan_examples/workflow/docs/guardrails/docs/08_CODEX_EXECUTION_PROMPT.md	6968	cf048b3c78c8da84057f573e012d175e77b227665ea7df3e3daef7b5710601a7	public_processed	PASS
auxiliary_asset	VALIDATION_ANCHORS	validation_outputs:workflow/docs/guardrails/docs/09_PRIMARY_SOURCES.md	data/validation_anchors/standardized_plan_examples/workflow/docs/guardrails/docs/09_PRIMARY_SOURCES.md	5769	561d9690c2ceff11ba8b93fd271d403f7ed405d1c27fac46ced804edab245b7e	public_processed	PASS
auxiliary_asset	VALIDATION_ANCHORS	validation_outputs:workflow/docs/guardrails/docs/10_ONE_PAGE_RUNBOOK.md	data/validation_anchors/standardized_plan_examples/workflow/docs/guardrails/docs/10_ONE_PAGE_RUNBOOK.md	4133	8a9159faf48cd8402d77af0a4a99d06c4229c2232c721fa3a3517f3ead3ec5f1	public_processed	PASS
auxiliary_asset	VALIDATION_ANCHORS	validation_outputs:workflow/scripts/analyze_processed_pqtl.py	data/validation_anchors/standardized_plan_examples/workflow/scripts/analyze_processed_pqtl.py	4171	682de84a225e12f4f4f171ba37b6462431699e157c9a082743c1c6405f19792a	public_processed	PASS
auxiliary_asset	VALIDATION_ANCHORS	validation_outputs:workflow/scripts/extract_ecoref_safe.py	data/validation_anchors/standardized_plan_examples/workflow/scripts/extract_ecoref_safe.py	2885	2322652d75dac0b4b1fd40fbb34cda172c6023a88743fbb2cd52181c68848c70	public_processed	PASS
auxiliary_asset	VALIDATION_ANCHORS	validation_outputs:workflow/scripts/extract_fasta_from_gff.py	data/validation_anchors/standardized_plan_examples/workflow/scripts/extract_fasta_from_gff.py	1294	f772a869bd85f5673950d6544ddc3318eb177fd734ae6f7423dfe677d054f490	public_processed	PASS
auxiliary_asset	VALIDATION_ANCHORS	validation_outputs:workflow/scripts/extract_minimal_sources.py	data/validation_anchors/standardized_plan_examples/workflow/scripts/extract_minimal_sources.py	3243	fd1e057071d3fc5773d6fc752840afb105d8b009a2210295d166b91be46cf4a5	public_processed	PASS
auxiliary_asset	VALIDATION_ANCHORS	validation_outputs:workflow/scripts/mash_to_covariates.py	data/validation_anchors/standardized_plan_examples/workflow/scripts/mash_to_covariates.py	2187	b5c27c831380ca38e301aeb17f9024e25d7360d620d2a57ef356f7aa2c91b6c8	public_processed	PASS
auxiliary_asset	VALIDATION_ANCHORS	validation_outputs:workflow/scripts/prepare_ecoref_selected.py	data/validation_anchors/standardized_plan_examples/workflow/scripts/prepare_ecoref_selected.py	3138	8e23fed4a1a9dd7b489678121429cf23730aaddde2160a0665218a12bb9f3721	public_processed	PASS
auxiliary_asset	VALIDATION_ANCHORS	validation_outputs:workflow/scripts/prepare_multiomics.py	data/validation_anchors/standardized_plan_examples/workflow/scripts/prepare_multiomics.py	3081	6f95765e815508c88827892fc4ec397ca8fe7e46d1d8312ed00efde2629b0d06	public_processed	PASS
auxiliary_asset	VALIDATION_ANCHORS	validation_outputs:workflow/scripts/preprocess_albert.py	data/validation_anchors/standardized_plan_examples/workflow/scripts/preprocess_albert.py	6922	699b9b039acb05fc5fc9aa7ab56a68bf9606fac52ba9d7e786aa6ba12c0ef2f6	public_processed	PASS
auxiliary_asset	VALIDATION_ANCHORS	validation_outputs:workflow/scripts/preprocess_bloom.R	data/validation_anchors/standardized_plan_examples/workflow/scripts/preprocess_bloom.R	3487	14c2f4ac97ffb5a63710ce6ea1f1d17ad61ea9ef6160c06c6fe7305cad287545	public_processed	PASS
auxiliary_asset	VALIDATION_ANCHORS	validation_outputs:workflow/scripts/run_bloom_qtl.sh	data/validation_anchors/standardized_plan_examples/workflow/scripts/run_bloom_qtl.sh	1631	187ccc39f1e53b2565a3e1b7b205aec57b02557694f1acef5d76e1679175d3dd	public_processed	PASS
auxiliary_asset	VALIDATION_ANCHORS	validation_outputs:workflow/scripts/run_gem_models.py	data/validation_anchors/standardized_plan_examples/workflow/scripts/run_gem_models.py	4454	29a750131f9a73c75bdb0647db24268fd17ab5ce914465f68d07c271d3951ae3	public_processed	PASS
auxiliary_asset	VALIDATION_ANCHORS	validation_outputs:workflow/scripts/run_matrixeqtl.R	data/validation_anchors/standardized_plan_examples/workflow/scripts/run_matrixeqtl.R	2240	904b6eab5b0a8b8d382e867800f880c5e808d97fed2ae088f73bfc635cae76ab	public_processed	PASS
auxiliary_asset	VALIDATION_ANCHORS	validation_outputs:workflow/scripts/run_memote.sh	data/validation_anchors/standardized_plan_examples/workflow/scripts/run_memote.sh	663	e90c37d7c4b9b10d5050b9cab8cf6bf5094164a44d712ab09f87131f450eed6e	public_processed	PASS
auxiliary_asset	VALIDATION_ANCHORS	validation_outputs:workflow/scripts/run_mofa.py	data/validation_anchors/standardized_plan_examples/workflow/scripts/run_mofa.py	4671	1f04b2ae6e368e5030b202c78ac17f415cbdbd1708a4c3a19d4b84015ad7046f	public_processed	PASS
auxiliary_asset	VALIDATION_ANCHORS	validation_outputs:workflow/scripts/run_panaroo_safe.sh	data/validation_anchors/standardized_plan_examples/workflow/scripts/run_panaroo_safe.sh	2068	95f46d85b5a65a31df2fe1b9b252191381e8dfd5eda7f7e3259fdeff119a098e	public_processed	PASS
auxiliary_asset	VALIDATION_ANCHORS	validation_outputs:workflow/scripts/run_prediction.py	data/validation_anchors/standardized_plan_examples/workflow/scripts/run_prediction.py	4391	b3e133e315ee29e875ee891a38b1c33fd583894aacb54dfd14990ba300bde8b6	public_processed	PASS
auxiliary_asset	VALIDATION_ANCHORS	validation_outputs:workflow/scripts/run_pyseer_safe.sh	data/validation_anchors/standardized_plan_examples/workflow/scripts/run_pyseer_safe.sh	1109	5478772d4846ceb992ea46a40e228b57e37c6d7d7eccbac21867af7a84eb803e	public_processed	PASS
auxiliary_asset	VALIDATION_ANCHORS	validation_outputs:workflow/scripts/run_wgcna.R	data/validation_anchors/standardized_plan_examples/workflow/scripts/run_wgcna.R	2646	514fdb8c2af4484bc8403c69e4e118ce681c9cc70ded84d5157ec574c8af3205	public_processed	PASS
auxiliary_asset	VALIDATION_ANCHORS	validation_outputs:workflow/scripts/run_wine_qtl.py	data/validation_anchors/standardized_plan_examples/workflow/scripts/run_wine_qtl.py	5012	498e670c48534d63098ae4e6e86e816e2ef3b4519401e0e65951b926bfae387e	public_processed	PASS
auxiliary_asset	VALIDATION_ANCHORS	validation_outputs:workflow/scripts/summarize_bloom.py	data/validation_anchors/standardized_plan_examples/workflow/scripts/summarize_bloom.py	6467	8dfebd85ada3a26338b43c95dd25c232e9660239ac02fd315de40d91f3e3303e	public_processed	PASS
auxiliary_asset	VALIDATION_ANCHORS	validation_outputs:workflow/scripts/summarize_ecoref.py	data/validation_anchors/standardized_plan_examples/workflow/scripts/summarize_ecoref.py	11838	3fd45b117d891c3c4d86267b9d8f73127301459443d32672abcce3d01121ca46	public_processed	PASS
auxiliary_asset	VALIDATION_ANCHORS	validation_outputs:workflow/scripts/summarize_memote.py	data/validation_anchors/standardized_plan_examples/workflow/scripts/summarize_memote.py	2405	33023ae89164481a2062b8af8f2ef9494753b08e9d77c84effacaaa1eed2b133	public_processed	PASS
auxiliary_asset	VALIDATION_ANCHORS	validation_outputs:workflow/scripts/validate_bundle_outputs.py	data/validation_anchors/standardized_plan_examples/workflow/scripts/validate_bundle_outputs.py	19551	eca2371fb0a7912e1391925209c95003763386d2c00d9e0f2c9db71ca6a0aa66	public_processed	PASS
auxiliary_asset	VALIDATION_ANCHORS	validation_outputs:workflow/scripts/verify_upstream_freeze.py	data/validation_anchors/standardized_plan_examples/workflow/scripts/verify_upstream_freeze.py	3187	adc4aacca61a8143e8c3e5b11ca992d47d70ebbebc349bd447f30a9c40b5ec7f	public_processed	PASS
auxiliary_asset	VALIDATION_ANCHORS	validation_outputs:workflow/scripts/write_diablo_status.py	data/validation_anchors/standardized_plan_examples/workflow/scripts/write_diablo_status.py	749	3d902c5537217823e4335fa1390fee377fba2a5d4f0c3b5d76dfc2bff892bf75	public_processed	PASS
auxiliary_asset	GALAXY_REFERENCE	interoperability_reference:EXECUTION_STATUS.tsv	galaxy_compatibility/EXECUTION_STATUS.tsv	1262	e8cf8976bb79b8589de441165396260ca5227130289a919714dba55850525cd9	public_processed	PASS
auxiliary_asset	GALAXY_REFERENCE	interoperability_reference:GALAXY_COMPATIBILITY_AUDIT.md	galaxy_compatibility/GALAXY_COMPATIBILITY_AUDIT.md	4472	879b4e9403a71a4610b463660564dc009d2d38bad5ad182ecf87915132ad962e	public_processed	PASS
auxiliary_asset	GALAXY_REFERENCE	interoperability_reference:NOT_USED_IN_ACTUAL_PROCESSING.md	galaxy_compatibility/NOT_USED_IN_ACTUAL_PROCESSING.md	1164	6b0b6c7bb2937489b9b89a0b204dbff76b23567577aff131884c15b66b79c6cc	public_processed	PASS
auxiliary_asset	GALAXY_REFERENCE	interoperability_reference:PIPELINE_STAGE_CROSSWALK.tsv	galaxy_compatibility/PIPELINE_STAGE_CROSSWALK.tsv	4101	981865f55f85902e3bac9d32010146751ca4ca2b4de48088173f8c63588311fb	public_processed	PASS
auxiliary_asset	GALAXY_REFERENCE	interoperability_reference:TOOL_MAPPING.tsv	galaxy_compatibility/TOOL_MAPPING.tsv	1565	768321978c8e2c871cf6aad3e758c1f563b064d9b10ec92a2ca9da769fea6199	public_processed	PASS
auxiliary_asset	GALAXY_REFERENCE	interoperability_reference:b36_positive_control.gxwf-tests.yml	galaxy_compatibility/b36_positive_control.gxwf-tests.yml	854	13a813ff471bf02aa2a6ccc9896e4a41a1d1a517522698592126368c56da653b	public_processed	PASS
auxiliary_asset	GALAXY_REFERENCE	interoperability_reference:b36_positive_control.gxwf.yml	galaxy_compatibility/b36_positive_control.gxwf.yml	4579	e868417603d6eeee4ec4949ef0e9d525d29baadcf8906de857a7b41575cec3d2	public_processed	PASS
auxiliary_asset	GALAXY_REFERENCE	interoperability_reference:fermentation_qc.gxwf-tests.yml	galaxy_compatibility/fermentation_qc.gxwf-tests.yml	1130	d7d927496f9c2d31721f88932a2bb365240fe67806a146ca2fae01496835d84c	public_processed	PASS
auxiliary_asset	GALAXY_REFERENCE	interoperability_reference:fermentation_qc.gxwf.yml	galaxy_compatibility/fermentation_qc.gxwf.yml	2231	6060543a85bdc191134951d66ecf62bf9b35fd222df4568a0a16c797747b5836	public_processed	PASS
auxiliary_asset	GALAXY_REFERENCE	interoperability_reference:four_omics_annotation_qc.gxwf-tests.yml	galaxy_compatibility/four_omics_annotation_qc.gxwf-tests.yml	840	0ab4daae2cfa547cf172dfdbee34a6ad5c74c4d2264ece65b02f3410c781f7a6	public_processed	PASS
auxiliary_asset	GALAXY_REFERENCE	interoperability_reference:four_omics_annotation_qc.gxwf.yml	galaxy_compatibility/four_omics_annotation_qc.gxwf.yml	4376	6db9a3b4e2d970a5b09403ae1e991cf0daad267f0328ebe347b0562b59e71991	public_processed	PASS
auxiliary_asset	GALAXY_REFERENCE	interoperability_reference:native/b36_positive_control-tests.yml	galaxy_compatibility/native/b36_positive_control-tests.yml	886	838fa49d279f231ba211ac9ad1273a30927294c61fc17e552f35b8a96df139eb	public_processed	PASS
auxiliary_asset	GALAXY_REFERENCE	interoperability_reference:native/b36_positive_control.ga	galaxy_compatibility/native/b36_positive_control.ga	11646	4e2bef07a1d46e8808d60944c0c1d04b524debc06121e3454678b818111d2a24	public_processed	PASS
auxiliary_asset	GALAXY_REFERENCE	interoperability_reference:native/fermentation_qc-tests.yml	galaxy_compatibility/native/fermentation_qc-tests.yml	1182	ceb0a9cd3d5bcc0d8733a7c3d2d0f2ff6538db74e3f4e36651b465a24e77b60d	public_processed	PASS
auxiliary_asset	GALAXY_REFERENCE	interoperability_reference:native/fermentation_qc.ga	galaxy_compatibility/native/fermentation_qc.ga	8696	2350232560dc7be21d0905adcdd7050235e900418da3c76e04ef082293479793	public_processed	PASS
auxiliary_asset	GALAXY_REFERENCE	interoperability_reference:native/four_omics_annotation_qc-tests.yml	galaxy_compatibility/native/four_omics_annotation_qc-tests.yml	855	1a403de6774d9b7bbac40bb1b197a65d172b0a8f517901bfdd637da04e3168bc	public_processed	PASS
auxiliary_asset	GALAXY_REFERENCE	interoperability_reference:native/four_omics_annotation_qc.ga	galaxy_compatibility/native/four_omics_annotation_qc.ga	10176	6e24d636b61651ffb6e46bcf37a23674cadf9c16e11b66e9cdd5663780e5b586	public_processed	PASS
auxiliary_asset	GALAXY_REFERENCE	interoperability_reference:test-data/metabolite_features.tsv	galaxy_compatibility/test-data/metabolite_features.tsv	276	5df8309fbad94fe14bf57818f82be701bff862fd0d62f805683d0ecbad9b8597	public_processed	PASS
auxiliary_asset	GALAXY_REFERENCE	interoperability_reference:test-data/named_metabolites.tsv	galaxy_compatibility/test-data/named_metabolites.tsv	325	e2faca67fd991dedf93b296d03f206387871aca44d21317e74541e5f766bfbb4	public_processed	PASS
auxiliary_asset	GALAXY_REFERENCE	interoperability_reference:test-data/protein_abundance.tsv	galaxy_compatibility/test-data/protein_abundance.tsv	290	cdcc0c96ec15e518af297d9cbbe292d67219cb65f328ef98018fe7e3ca6cbd81	public_processed	PASS
auxiliary_asset	GALAXY_REFERENCE	interoperability_reference:test-data/rna_count_tpm.tsv	galaxy_compatibility/test-data/rna_count_tpm.tsv	287	bcd7235cc3c86ae06109498030351a67e0adbd084e1a536b9b598202a6e0f8cd	public_processed	PASS
auxiliary_asset	GALAXY_REFERENCE	interoperability_reference:tool_requirements.yml	galaxy_compatibility/tool_requirements.yml	660	56e6e139bf0e84260e60582c6269d730cfe45d301ed56c99201fa29810d139d8	public_processed	PASS
auxiliary_asset	GALAXY_REFERENCE	interoperability_reference:tools/b36_annotation_gate.xml	galaxy_compatibility/tools/b36_annotation_gate.xml	2162	9133aad67c87e73d524beb082c0237b9ee312b6d845ec9998886fa9add87235c	public_processed	PASS
auxiliary_asset	GALAXY_REFERENCE	interoperability_reference:tools/fermentation_table_gate.xml	galaxy_compatibility/tools/fermentation_table_gate.xml	3410	903e91dfcc28451bdfae765120daf5833e4a4497a786ab28c2e0a443df2ef1cb	public_processed	PASS
auxiliary_asset	GALAXY_REFERENCE	interoperability_reference:tools/omics_annotation_gate.xml	galaxy_compatibility/tools/omics_annotation_gate.xml	2332	f88ebf4d628485cd603fb13223b7bb2b2a145539057efca1677e8e46cd8987f0	public_processed	PASS
adapter_configuration	EC_B36_PROTEOME_50977	sage_search_config	config/search/ecoli_sage_memory_safe.json	1278	d6a29f72eadf77140d6f3fccfaafbf71da6111762d4ca3c9b3ef0bcc44bf2a23	model_derived	PASS
adapter_configuration	SC_CENPK_PROTEOME_S1	sage_search_config	config/search/yeast_sage_memory_safe.json	1348	7ed29dd174d3e71ff642a102f9ed1d50af4f6c924946d23d233f2f95d8d362ac	model_derived	PASS
